entry,at,order
"""Jonah @ xrBY5OZYCv"" posts a big blind of 20",2026-09-03T02:31:33.291Z,178840269329108
"""arash @ RYnRljE1SO"" posts a small blind of 10",2026-09-03T02:31:33.291Z,178840269329107
"Your hand is 3♥, 7♦",2026-09-03T02:31:33.291Z,178840269329103
"Player stacks: #2 ""Jonah @ xrBY5OZYCv"" (1150) | #3 ""Stevo @ kI2bCqDOyl"" (1869) | #5 ""peelic @ vOeqrOXpLT"" (1990) | #7 ""Spenny @ S8ENkJ8OQS"" (623) | #10 ""arash @ RYnRljE1SO"" (1368)",2026-09-03T02:31:33.291Z,178840269329101
"-- starting hand #113 (id: zjmbjwmeudo6)  No Limit Texas Hold'em (dealer: ""Spenny @ S8ENkJ8OQS"") --",2026-09-03T02:31:33.291Z,178840269329100
"-- ending hand #112 --",2026-09-03T02:31:27.272Z,178840268727203
"""peelic @ vOeqrOXpLT"" collected 200 from pot with Pair, J's (combination: 5♣, 10♠, K♣, J♥, J♣)",2026-09-03T02:31:27.272Z,178840268727202
"""peelic @ vOeqrOXpLT"" shows a K♣, J♥.",2026-09-03T02:31:27.272Z,178840268727201
"""Spenny @ S8ENkJ8OQS"" shows a 5♥, 6♠.",2026-09-03T02:31:27.272Z,178840268727200
"""peelic @ vOeqrOXpLT"" checks",2026-09-03T02:31:26.419Z,178840268641900
"""arash @ RYnRljE1SO"" checks",2026-09-03T02:31:24.029Z,178840268402900
"""Spenny @ S8ENkJ8OQS"" checks",2026-09-03T02:31:20.675Z,178840268067500
"River: 5♣, 10♠, 3♥, 4♠ [J♣]",2026-09-03T02:31:18.853Z,178840267885300
"""peelic @ vOeqrOXpLT"" calls 20",2026-09-03T02:31:17.915Z,178840267791500
"""arash @ RYnRljE1SO"" calls 20",2026-09-03T02:31:12.633Z,178840267263300
"""Spenny @ S8ENkJ8OQS"" bets 20",2026-09-03T02:31:11.024Z,178840267102400
"Turn: 5♣, 10♠, 3♥ [4♠]",2026-09-03T02:31:08.021Z,178840266802100
"""peelic @ vOeqrOXpLT"" calls 20",2026-09-03T02:31:07.130Z,178840266713000
"""Jonah @ xrBY5OZYCv"" folds",2026-09-03T02:31:03.871Z,178840266387100
"""arash @ RYnRljE1SO"" calls 20",2026-09-03T02:31:02.900Z,178840266290000
"""Spenny @ S8ENkJ8OQS"" bets 20",2026-09-03T02:30:53.657Z,178840265365700
"Flop:  [5♣, 10♠, 3♥]",2026-09-03T02:30:50.391Z,178840265039100
"""arash @ RYnRljE1SO"" checks",2026-09-03T02:30:49.552Z,178840264955200
"""Spenny @ S8ENkJ8OQS"" calls 20",2026-09-03T02:30:46.521Z,178840264652100
"""peelic @ vOeqrOXpLT"" calls 20",2026-09-03T02:30:45.626Z,178840264562600
"""Stevo @ kI2bCqDOyl"" folds",2026-09-03T02:30:44.775Z,178840264477500
"""Jonah @ xrBY5OZYCv"" calls 20",2026-09-03T02:30:43.824Z,178840264382400
"""arash @ RYnRljE1SO"" posts a big blind of 20",2026-09-03T02:30:41.588Z,178840264158808
"""Spenny @ S8ENkJ8OQS"" posts a small blind of 10",2026-09-03T02:30:41.588Z,178840264158807
"Your hand is 4♣, 8♣",2026-09-03T02:30:41.588Z,178840264158803
"Player stacks: #2 ""Jonah @ xrBY5OZYCv"" (1170) | #3 ""Stevo @ kI2bCqDOyl"" (1869) | #5 ""peelic @ vOeqrOXpLT"" (1850) | #7 ""Spenny @ S8ENkJ8OQS"" (683) | #10 ""arash @ RYnRljE1SO"" (1428)",2026-09-03T02:30:41.588Z,178840264158801
"-- starting hand #112 (id: agfb6sg3ebtf)  No Limit Texas Hold'em (dealer: ""peelic @ vOeqrOXpLT"") --",2026-09-03T02:30:41.588Z,178840264158800
"""Stevo @ kI2bCqDOyl"" shows a 10♥, 10♣.",2026-09-03T02:30:38.848Z,178840263884800
"-- ending hand #111 --",2026-09-03T02:30:37.958Z,178840263795802
"""Stevo @ kI2bCqDOyl"" collected 400 from pot",2026-09-03T02:30:37.958Z,178840263795801
"Uncalled bet of 80 returned to ""Stevo @ kI2bCqDOyl""",2026-09-03T02:30:37.958Z,178840263795800
"""Spenny @ S8ENkJ8OQS"" folds",2026-09-03T02:30:37.048Z,178840263704800
"""Stevo @ kI2bCqDOyl"" bets 80",2026-09-03T02:30:26.406Z,178840262640600
"""Spenny @ S8ENkJ8OQS"" checks",2026-09-03T02:30:24.101Z,178840262410100
"River: A♦, 3♦, 10♦, 4♥ [8♣]",2026-09-03T02:30:22.140Z,178840262214000
"""Jonah @ xrBY5OZYCv"" folds",2026-09-03T02:30:21.266Z,178840262126600
"""Spenny @ S8ENkJ8OQS"" calls 70",2026-09-03T02:30:20.377Z,178840262037700
"""Stevo @ kI2bCqDOyl"" raises to 70",2026-09-03T02:30:16.584Z,178840261658400
"""Jonah @ xrBY5OZYCv"" calls 20",2026-09-03T02:30:14.705Z,178840261470500
"""Spenny @ S8ENkJ8OQS"" bets 20",2026-09-03T02:30:13.579Z,178840261357900
"Turn: A♦, 3♦, 10♦ [4♥]",2026-09-03T02:30:11.086Z,178840261108600
"""Jonah @ xrBY5OZYCv"" calls 40",2026-09-03T02:30:10.254Z,178840261025400
"""arash @ RYnRljE1SO"" folds",2026-09-03T02:30:09.336Z,178840260933600
"""Spenny @ S8ENkJ8OQS"" calls 40",2026-09-03T02:30:08.390Z,178840260839000
"""peelic @ vOeqrOXpLT"" folds",2026-09-03T02:30:05.437Z,178840260543700
"""Stevo @ kI2bCqDOyl"" raises to 40",2026-09-03T02:30:04.505Z,178840260450500
"""Jonah @ xrBY5OZYCv"" calls 20",2026-09-03T02:30:02.561Z,178840260256100
"""arash @ RYnRljE1SO"" calls 20",2026-09-03T02:30:00.789Z,178840260078900
"""Spenny @ S8ENkJ8OQS"" bets 20",2026-09-03T02:29:56.032Z,178840259603200
"""peelic @ vOeqrOXpLT"" checks",2026-09-03T02:29:53.518Z,178840259351800
"Flop:  [A♦, 3♦, 10♦]",2026-09-03T02:29:51.156Z,178840259115600
"""Spenny @ S8ENkJ8OQS"" checks",2026-09-03T02:29:50.283Z,178840259028300
"""peelic @ vOeqrOXpLT"" calls 20",2026-09-03T02:29:49.391Z,178840258939100
"""Stevo @ kI2bCqDOyl"" calls 20",2026-09-03T02:29:48.501Z,178840258850100
"""Jonah @ xrBY5OZYCv"" calls 20",2026-09-03T02:29:47.534Z,178840258753400
"""arash @ RYnRljE1SO"" calls 20",2026-09-03T02:29:46.674Z,178840258667400
"""Spenny @ S8ENkJ8OQS"" posts a big blind of 20",2026-09-03T02:29:44.999Z,178840258499908
"""peelic @ vOeqrOXpLT"" posts a small blind of 10",2026-09-03T02:29:44.999Z,178840258499907
"Your hand is 10♥, 10♣",2026-09-03T02:29:44.999Z,178840258499903
"Player stacks: #2 ""Jonah @ xrBY5OZYCv"" (1250) | #3 ""Stevo @ kI2bCqDOyl"" (1599) | #5 ""peelic @ vOeqrOXpLT"" (1870) | #7 ""Spenny @ S8ENkJ8OQS"" (813) | #10 ""arash @ RYnRljE1SO"" (1468)",2026-09-03T02:29:44.999Z,178840258499901
"-- starting hand #111 (id: odu82iydg27p)  No Limit Texas Hold'em (dealer: ""Stevo @ kI2bCqDOyl"") --",2026-09-03T02:29:44.999Z,178840258499900
"""Stevo @ kI2bCqDOyl"" shows a K♦, K♥.",2026-09-03T02:29:43.201Z,178840258320100
"-- ending hand #110 --",2026-09-03T02:29:41.395Z,178840258139502
"""peelic @ vOeqrOXpLT"" collected 1500 from pot",2026-09-03T02:29:41.395Z,178840258139501
"Uncalled bet of 370 returned to ""peelic @ vOeqrOXpLT""",2026-09-03T02:29:41.395Z,178840258139500
"""Stevo @ kI2bCqDOyl"" folds",2026-09-03T02:29:40.592Z,178840258059200
"""Jonah @ xrBY5OZYCv"" folds",2026-09-03T02:29:31.557Z,178840257155700
"""peelic @ vOeqrOXpLT"" raises to 770 and go all in",2026-09-03T02:29:30.669Z,178840257066900
"""Stevo @ kI2bCqDOyl"" bets 400",2026-09-03T02:29:24.821Z,178840256482100
"River: 3♥, J♣, J♥, 8♥ [7♥]",2026-09-03T02:29:17.987Z,178840255798700
"""Stevo @ kI2bCqDOyl"" calls 120",2026-09-03T02:29:17.174Z,178840255717400
"""Jonah @ xrBY5OZYCv"" calls 120",2026-09-03T02:29:15.507Z,178840255550700
"""peelic @ vOeqrOXpLT"" raises to 120",2026-09-03T02:29:13.766Z,178840255376600
"""Stevo @ kI2bCqDOyl"" bets 20",2026-09-03T02:29:06.405Z,178840254640500
"Turn: 3♥, J♣, J♥ [8♥]",2026-09-03T02:29:03.666Z,178840254366600
"""Jonah @ xrBY5OZYCv"" calls 60",2026-09-03T02:29:02.840Z,178840254284000
"""arash @ RYnRljE1SO"" folds",2026-09-03T02:29:01.946Z,178840254194600
"""peelic @ vOeqrOXpLT"" calls 60",2026-09-03T02:28:59.794Z,178840253979400
"""Stevo @ kI2bCqDOyl"" bets 60",2026-09-03T02:28:56.688Z,178840253668800
"Flop:  [3♥, J♣, J♥]",2026-09-03T02:28:53.880Z,178840253388000
"""Jonah @ xrBY5OZYCv"" calls 40",2026-09-03T02:28:53.047Z,178840253304700
"""arash @ RYnRljE1SO"" calls 40",2026-09-03T02:28:50.249Z,178840253024900
"""peelic @ vOeqrOXpLT"" calls 40",2026-09-03T02:28:45.075Z,178840252507500
"""Stevo @ kI2bCqDOyl"" raises to 40",2026-09-03T02:28:42.245Z,178840252224500
"""Jonah @ xrBY5OZYCv"" calls 20",2026-09-03T02:28:40.237Z,178840252023700
"""arash @ RYnRljE1SO"" calls 20",2026-09-03T02:28:39.381Z,178840251938100
"""Spenny @ S8ENkJ8OQS"" folds",2026-09-03T02:28:38.442Z,178840251844200
"""peelic @ vOeqrOXpLT"" posts a big blind of 20",2026-09-03T02:28:32.973Z,178840251297308
"""Stevo @ kI2bCqDOyl"" posts a small blind of 10",2026-09-03T02:28:32.973Z,178840251297307
"Your hand is K♦, K♥",2026-09-03T02:28:32.973Z,178840251297303
"Player stacks: #2 ""Jonah @ xrBY5OZYCv"" (1470) | #3 ""Stevo @ kI2bCqDOyl"" (2219) | #5 ""peelic @ vOeqrOXpLT"" (990) | #7 ""Spenny @ S8ENkJ8OQS"" (813) | #10 ""arash @ RYnRljE1SO"" (1508)",2026-09-03T02:28:32.973Z,178840251297301
"-- starting hand #110 (id: ewwb0uqbxwat)  No Limit Texas Hold'em (dealer: ""Jonah @ xrBY5OZYCv"") --",2026-09-03T02:28:32.973Z,178840251297300
"-- ending hand #109 --",2026-09-03T02:28:26.924Z,178840250692402
"""Stevo @ kI2bCqDOyl"" collected 290 from pot with Pair, J's (combination: 8♥, 10♦, Q♣, J♣, J♦)",2026-09-03T02:28:26.924Z,178840250692401
"""Stevo @ kI2bCqDOyl"" shows a J♣, 10♦.",2026-09-03T02:28:26.924Z,178840250692400
"""arash @ RYnRljE1SO"" calls 50",2026-09-03T02:28:26.074Z,178840250607400
"""peelic @ vOeqrOXpLT"" folds",2026-09-03T02:28:25.124Z,178840250512400
"""Stevo @ kI2bCqDOyl"" bets 50",2026-09-03T02:28:14.220Z,178840249422000
"River: J♦, 8♥, Q♣, 7♣ [2♦]",2026-09-03T02:28:11.389Z,178840249138900
"""arash @ RYnRljE1SO"" calls 20",2026-09-03T02:28:10.585Z,178840249058500
"""peelic @ vOeqrOXpLT"" calls 20",2026-09-03T02:28:09.364Z,178840248936400
"""Stevo @ kI2bCqDOyl"" bets 20",2026-09-03T02:27:59.709Z,178840247970900
"Turn: J♦, 8♥, Q♣ [7♣]",2026-09-03T02:27:54.251Z,178840247425100
"""arash @ RYnRljE1SO"" calls 20",2026-09-03T02:27:53.366Z,178840247336600
"""peelic @ vOeqrOXpLT"" calls 20",2026-09-03T02:27:52.355Z,178840247235500
"""Stevo @ kI2bCqDOyl"" bets 20",2026-09-03T02:27:47.528Z,178840246752800
"Flop:  [J♦, 8♥, Q♣]",2026-09-03T02:27:38.883Z,178840245888300
"""Stevo @ kI2bCqDOyl"" checks",2026-09-03T02:27:38.026Z,178840245802600
"""Jonah @ xrBY5OZYCv"" folds",2026-09-03T02:27:37.066Z,178840245706600
"""arash @ RYnRljE1SO"" calls 20",2026-09-03T02:27:36.203Z,178840245620300
"""Spenny @ S8ENkJ8OQS"" folds",2026-09-03T02:27:35.267Z,178840245526700
"""peelic @ vOeqrOXpLT"" calls 20",2026-09-03T02:27:34.296Z,178840245429600
"""Stevo @ kI2bCqDOyl"" posts a big blind of 20",2026-09-03T02:27:28.784Z,178840244878408
"""Jonah @ xrBY5OZYCv"" posts a small blind of 10",2026-09-03T02:27:28.784Z,178840244878407
"Your hand is J♣, 10♦",2026-09-03T02:27:28.784Z,178840244878403
"Player stacks: #2 ""Jonah @ xrBY5OZYCv"" (1480) | #3 ""Stevo @ kI2bCqDOyl"" (2039) | #5 ""peelic @ vOeqrOXpLT"" (1050) | #7 ""Spenny @ S8ENkJ8OQS"" (813) | #10 ""arash @ RYnRljE1SO"" (1618)",2026-09-03T02:27:28.784Z,178840244878401
"-- starting hand #109 (id: ire0zddvkmfe)  No Limit Texas Hold'em (dealer: ""arash @ RYnRljE1SO"") --",2026-09-03T02:27:28.784Z,178840244878400
"""Stevo @ kI2bCqDOyl"" shows a 10♣.",2026-09-03T02:27:23.640Z,178840244364000
"-- ending hand #108 --",2026-09-03T02:27:22.279Z,178840244227902
"""Jonah @ xrBY5OZYCv"" collected 340 from pot with Flush, Q High (combination: 3♣, 4♣, 7♣, 9♣, Q♣)",2026-09-03T02:27:22.279Z,178840244227901
"""Jonah @ xrBY5OZYCv"" shows a 2♣, 7♣.",2026-09-03T02:27:22.279Z,178840244227900
"""peelic @ vOeqrOXpLT"" checks",2026-09-03T02:27:21.467Z,178840244146700
"""Jonah @ xrBY5OZYCv"" checks",2026-09-03T02:27:19.992Z,178840243999200
"River: Q♣, 9♣, 3♣, 5♦ [4♣]",2026-09-03T02:27:17.405Z,178840243740500
"""Jonah @ xrBY5OZYCv"" calls 100",2026-09-03T02:27:16.512Z,178840243651200
"""arash @ RYnRljE1SO"" folds",2026-09-03T02:27:15.609Z,178840243560900
"""peelic @ vOeqrOXpLT"" raises to 100",2026-09-03T02:27:08.673Z,178840242867300
"""Jonah @ xrBY5OZYCv"" bets 40",2026-09-03T02:27:03.071Z,178840242307100
"""arash @ RYnRljE1SO"" checks",2026-09-03T02:26:59.600Z,178840241960000
"Turn: Q♣, 9♣, 3♣ [5♦]",2026-09-03T02:26:55.396Z,178840241539600
"""arash @ RYnRljE1SO"" calls 20",2026-09-03T02:26:54.574Z,178840241457400
"""Spenny @ S8ENkJ8OQS"" folds",2026-09-03T02:26:52.882Z,178840241288200
"""peelic @ vOeqrOXpLT"" calls 20",2026-09-03T02:26:44.823Z,178840240482300
"""Jonah @ xrBY5OZYCv"" bets 20",2026-09-03T02:26:41.302Z,178840240130200
"""arash @ RYnRljE1SO"" checks",2026-09-03T02:26:36.383Z,178840239638300
"Flop:  [Q♣, 9♣, 3♣]",2026-09-03T02:26:34.808Z,178840239480800
"""Jonah @ xrBY5OZYCv"" checks",2026-09-03T02:26:33.993Z,178840239399300
"""arash @ RYnRljE1SO"" calls 20",2026-09-03T02:26:33.052Z,178840239305200
"""Spenny @ S8ENkJ8OQS"" calls 20",2026-09-03T02:26:32.019Z,178840239201900
"""peelic @ vOeqrOXpLT"" calls 20",2026-09-03T02:26:31.018Z,178840239101800
"""Stevo @ kI2bCqDOyl"" folds",2026-09-03T02:26:26.556Z,178840238655600
"""Jonah @ xrBY5OZYCv"" posts a big blind of 20",2026-09-03T02:26:24.341Z,178840238434108
"""arash @ RYnRljE1SO"" posts a small blind of 10",2026-09-03T02:26:24.341Z,178840238434107
"Your hand is 4♦, 10♣",2026-09-03T02:26:24.341Z,178840238434103
"Player stacks: #2 ""Jonah @ xrBY5OZYCv"" (1280) | #3 ""Stevo @ kI2bCqDOyl"" (2039) | #5 ""peelic @ vOeqrOXpLT"" (1190) | #7 ""Spenny @ S8ENkJ8OQS"" (833) | #10 ""arash @ RYnRljE1SO"" (1658)",2026-09-03T02:26:24.341Z,178840238434101
"-- starting hand #108 (id: y3y3fugx0xep)  No Limit Texas Hold'em (dealer: ""Spenny @ S8ENkJ8OQS"") --",2026-09-03T02:26:24.341Z,178840238434100
"""Jonah @ xrBY5OZYCv"" shows a A♣, 9♦.",2026-09-03T02:26:20.609Z,178840238060900
"-- ending hand #107 --",2026-09-03T02:26:17.772Z,178840237777202
"""peelic @ vOeqrOXpLT"" collected 410 from pot with Two Pair, A's & Q's (combination: 9♣, Q♦, Q♣, A♥, A♠)",2026-09-03T02:26:17.772Z,178840237777201
"""peelic @ vOeqrOXpLT"" shows a A♥, Q♦.",2026-09-03T02:26:17.772Z,178840237777200
"""Jonah @ xrBY5OZYCv"" calls 120",2026-09-03T02:26:16.954Z,178840237695400
"""arash @ RYnRljE1SO"" folds",2026-09-03T02:26:12.891Z,178840237289100
"""peelic @ vOeqrOXpLT"" raises to 120",2026-09-03T02:26:11.705Z,178840237170500
"""Jonah @ xrBY5OZYCv"" bets 60",2026-09-03T02:26:06.842Z,178840236684200
"""arash @ RYnRljE1SO"" checks",2026-09-03T02:26:03.035Z,178840236303500
"River: 9♣, A♠, 6♣, 4♥ [Q♣]",2026-09-03T02:26:01.175Z,178840236117500
"""arash @ RYnRljE1SO"" calls 30",2026-09-03T02:26:00.304Z,178840236030400
"""Spenny @ S8ENkJ8OQS"" folds",2026-09-03T02:25:55.081Z,178840235508100
"""peelic @ vOeqrOXpLT"" calls 30",2026-09-03T02:25:48.728Z,178840234872800
"""Jonah @ xrBY5OZYCv"" bets 30",2026-09-03T02:25:44.632Z,178840234463200
"""arash @ RYnRljE1SO"" checks",2026-09-03T02:25:41.544Z,178840234154400
"""Spenny @ S8ENkJ8OQS"" checks",2026-09-03T02:25:35.284Z,178840233528400
"Turn: 9♣, A♠, 6♣ [4♥]",2026-09-03T02:25:33.071Z,178840233307100
"""peelic @ vOeqrOXpLT"" checks",2026-09-03T02:25:32.262Z,178840233226200
"""Jonah @ xrBY5OZYCv"" checks",2026-09-03T02:25:27.574Z,178840232757400
"""arash @ RYnRljE1SO"" checks",2026-09-03T02:25:25.179Z,178840232517900
"""Spenny @ S8ENkJ8OQS"" checks",2026-09-03T02:25:24.257Z,178840232425700
"Flop:  [9♣, A♠, 6♣]",2026-09-03T02:25:22.162Z,178840232216200
"""arash @ RYnRljE1SO"" checks",2026-09-03T02:25:21.272Z,178840232127200
"""Spenny @ S8ENkJ8OQS"" calls 20",2026-09-03T02:25:20.358Z,178840232035800
"""peelic @ vOeqrOXpLT"" calls 20",2026-09-03T02:25:19.469Z,178840231946900
"""Stevo @ kI2bCqDOyl"" folds",2026-09-03T02:25:11.689Z,178840231168900
"""Jonah @ xrBY5OZYCv"" calls 20",2026-09-03T02:25:10.693Z,178840231069300
"""arash @ RYnRljE1SO"" posts a big blind of 20",2026-09-03T02:25:09.824Z,178840230982408
"""Spenny @ S8ENkJ8OQS"" posts a small blind of 10",2026-09-03T02:25:09.824Z,178840230982407
"Your hand is 5♣, 8♠",2026-09-03T02:25:09.824Z,178840230982403
"Player stacks: #2 ""Jonah @ xrBY5OZYCv"" (1450) | #3 ""Stevo @ kI2bCqDOyl"" (2039) | #5 ""peelic @ vOeqrOXpLT"" (950) | #7 ""Spenny @ S8ENkJ8OQS"" (853) | #10 ""arash @ RYnRljE1SO"" (1708)",2026-09-03T02:25:09.824Z,178840230982401
"-- starting hand #107 (id: enbmischctq5)  No Limit Texas Hold'em (dealer: ""peelic @ vOeqrOXpLT"") --",2026-09-03T02:25:09.824Z,178840230982400
"-- ending hand #106 --",2026-09-03T02:25:03.807Z,178840230380704
"""arash @ RYnRljE1SO"" collected 250 from pot with Straight, K High (combination: 9♦, 10♠, J♥, Q♣, K♥)",2026-09-03T02:25:03.807Z,178840230380703
"""peelic @ vOeqrOXpLT"" collected 250 from pot with Straight, K High (combination: 9♦, 10♠, J♣, Q♣, K♥)",2026-09-03T02:25:03.807Z,178840230380702
"""arash @ RYnRljE1SO"" shows a 4♣, J♥.",2026-09-03T02:25:03.807Z,178840230380701
"""peelic @ vOeqrOXpLT"" shows a Q♠, J♣.",2026-09-03T02:25:03.807Z,178840230380700
"""Jonah @ xrBY5OZYCv"" folds",2026-09-03T02:25:02.992Z,178840230299200
"""arash @ RYnRljE1SO"" calls 170",2026-09-03T02:25:02.010Z,178840230201000
"""Spenny @ S8ENkJ8OQS"" folds",2026-09-03T02:24:58.115Z,178840229811500
"""peelic @ vOeqrOXpLT"" bets 170",2026-09-03T02:24:52.853Z,178840229285300
"River: Q♣, K♥, 5♦, 10♠ [9♦]",2026-09-03T02:24:46.293Z,178840228629300
"""Jonah @ xrBY5OZYCv"" checks",2026-09-03T02:24:45.455Z,178840228545500
"""arash @ RYnRljE1SO"" checks",2026-09-03T02:24:44.556Z,178840228455600
"""Spenny @ S8ENkJ8OQS"" checks",2026-09-03T02:24:43.612Z,178840228361200
"""peelic @ vOeqrOXpLT"" checks",2026-09-03T02:24:39.317Z,178840227931700
"Turn: Q♣, K♥, 5♦ [10♠]",2026-09-03T02:24:31.792Z,178840227179200
"""Jonah @ xrBY5OZYCv"" calls 20",2026-09-03T02:24:30.952Z,178840227095200
"""arash @ RYnRljE1SO"" calls 20",2026-09-03T02:24:30.079Z,178840227007900
"""Spenny @ S8ENkJ8OQS"" calls 20",2026-09-03T02:24:23.857Z,178840226385700
"""peelic @ vOeqrOXpLT"" bets 20",2026-09-03T02:24:17.417Z,178840225741700
"Flop:  [Q♣, K♥, 5♦]",2026-09-03T02:24:13.181Z,178840225318100
"""Spenny @ S8ENkJ8OQS"" checks",2026-09-03T02:24:12.306Z,178840225230600
"""peelic @ vOeqrOXpLT"" calls 20",2026-09-03T02:24:11.410Z,178840225141000
"""Stevo @ kI2bCqDOyl"" folds",2026-09-03T02:24:10.519Z,178840225051900
"""Jonah @ xrBY5OZYCv"" calls 20",2026-09-03T02:24:09.515Z,178840224951500
"""arash @ RYnRljE1SO"" calls 20",2026-09-03T02:24:08.638Z,178840224863800
"""Spenny @ S8ENkJ8OQS"" posts a big blind of 20",2026-09-03T02:24:03.228Z,178840224322808
"""peelic @ vOeqrOXpLT"" posts a small blind of 10",2026-09-03T02:24:03.228Z,178840224322807
"Your hand is Q♥, 3♠",2026-09-03T02:24:03.228Z,178840224322803
"Player stacks: #2 ""Jonah @ xrBY5OZYCv"" (1490) | #3 ""Stevo @ kI2bCqDOyl"" (2039) | #5 ""peelic @ vOeqrOXpLT"" (910) | #7 ""Spenny @ S8ENkJ8OQS"" (893) | #10 ""arash @ RYnRljE1SO"" (1668)",2026-09-03T02:24:03.228Z,178840224322801
"-- starting hand #106 (id: uirtauovlsq8)  No Limit Texas Hold'em (dealer: ""Stevo @ kI2bCqDOyl"") --",2026-09-03T02:24:03.228Z,178840224322800
"Undealt cards: 4♦, Q♦, 8♦ [K♥, 7♠]",2026-09-03T02:23:57.847Z,178840223784700
"-- ending hand #105 --",2026-09-03T02:23:57.308Z,178840223730802
"""Spenny @ S8ENkJ8OQS"" collected 80 from pot",2026-09-03T02:23:57.308Z,178840223730801
"Uncalled bet of 40 returned to ""Spenny @ S8ENkJ8OQS""",2026-09-03T02:23:57.308Z,178840223730800
"""peelic @ vOeqrOXpLT"" folds",2026-09-03T02:23:56.493Z,178840223649300
"""Stevo @ kI2bCqDOyl"" folds",2026-09-03T02:23:55.574Z,178840223557400
"""arash @ RYnRljE1SO"" folds",2026-09-03T02:23:53.258Z,178840223325800
"""Spenny @ S8ENkJ8OQS"" bets 40",2026-09-03T02:23:42.434Z,178840222243400
"""peelic @ vOeqrOXpLT"" checks",2026-09-03T02:23:37.686Z,178840221768600
"""Stevo @ kI2bCqDOyl"" checks",2026-09-03T02:23:36.842Z,178840221684200
"Flop:  [4♦, Q♦, 8♦]",2026-09-03T02:23:34.699Z,178840221469900
"""peelic @ vOeqrOXpLT"" checks",2026-09-03T02:23:33.877Z,178840221387700
"""Stevo @ kI2bCqDOyl"" calls 20",2026-09-03T02:23:32.982Z,178840221298200
"""Jonah @ xrBY5OZYCv"" folds",2026-09-03T02:23:31.983Z,178840221198300
"""arash @ RYnRljE1SO"" calls 20",2026-09-03T02:23:31.131Z,178840221113100
"""Spenny @ S8ENkJ8OQS"" calls 20",2026-09-03T02:23:25.725Z,178840220572500
"""peelic @ vOeqrOXpLT"" posts a big blind of 20",2026-09-03T02:23:20.705Z,178840220070508
"""Stevo @ kI2bCqDOyl"" posts a small blind of 10",2026-09-03T02:23:20.705Z,178840220070507
"Your hand is 6♦, A♠",2026-09-03T02:23:20.705Z,178840220070503
"Player stacks: #2 ""Jonah @ xrBY5OZYCv"" (1490) | #3 ""Stevo @ kI2bCqDOyl"" (2059) | #5 ""peelic @ vOeqrOXpLT"" (930) | #7 ""Spenny @ S8ENkJ8OQS"" (833) | #10 ""arash @ RYnRljE1SO"" (1688)",2026-09-03T02:23:20.705Z,178840220070501
"-- starting hand #105 (id: enkrrp9gwdft)  No Limit Texas Hold'em (dealer: ""Jonah @ xrBY5OZYCv"") --",2026-09-03T02:23:20.705Z,178840220070500
"-- ending hand #104 --",2026-09-03T02:23:14.702Z,178840219470204
"""Spenny @ S8ENkJ8OQS"" collected 85 from pot with Two Pair, 10's & 7's (combination: A♦, 7♥, 7♦, 10♥, 10♦)",2026-09-03T02:23:14.702Z,178840219470203
"""Stevo @ kI2bCqDOyl"" collected 85 from pot with Two Pair, 10's & 7's (combination: A♥, 7♣, 7♦, 10♥, 10♦)",2026-09-03T02:23:14.702Z,178840219470202
"""Spenny @ S8ENkJ8OQS"" shows a 7♥, A♦.",2026-09-03T02:23:14.702Z,178840219470201
"""Stevo @ kI2bCqDOyl"" shows a A♥, 7♣.",2026-09-03T02:23:14.702Z,178840219470200
"""arash @ RYnRljE1SO"" folds",2026-09-03T02:23:13.883Z,178840219388300
"""Spenny @ S8ENkJ8OQS"" calls 20",2026-09-03T02:23:11.228Z,178840219122800
"""Stevo @ kI2bCqDOyl"" bets 20",2026-09-03T02:23:07.823Z,178840218782300
"River: 10♥, 4♠, J♦, 10♦ [7♦]",2026-09-03T02:23:06.466Z,178840218646600
"""arash @ RYnRljE1SO"" calls 20",2026-09-03T02:23:05.615Z,178840218561500
"""Spenny @ S8ENkJ8OQS"" calls 20",2026-09-03T02:23:03.851Z,178840218385100
"""Stevo @ kI2bCqDOyl"" bets 20",2026-09-03T02:22:55.673Z,178840217567300
"Turn: 10♥, 4♠, J♦ [10♦]",2026-09-03T02:22:54.967Z,178840217496700
"""arash @ RYnRljE1SO"" checks",2026-09-03T02:22:54.108Z,178840217410800
"""Spenny @ S8ENkJ8OQS"" checks",2026-09-03T02:22:52.483Z,178840217248300
"""Stevo @ kI2bCqDOyl"" checks",2026-09-03T02:22:51.590Z,178840217159000
"Flop:  [10♥, 4♠, J♦]",2026-09-03T02:22:43.360Z,178840216336000
"""Stevo @ kI2bCqDOyl"" checks",2026-09-03T02:22:42.500Z,178840216250000
"""Jonah @ xrBY5OZYCv"" folds",2026-09-03T02:22:41.542Z,178840216154200
"""arash @ RYnRljE1SO"" calls 20",2026-09-03T02:22:40.679Z,178840216067900
"""Spenny @ S8ENkJ8OQS"" calls 20",2026-09-03T02:22:39.734Z,178840215973400
"""peelic @ vOeqrOXpLT"" folds",2026-09-03T02:22:38.206Z,178840215820600
"""Stevo @ kI2bCqDOyl"" posts a big blind of 20",2026-09-03T02:22:36.292Z,178840215629208
"""Jonah @ xrBY5OZYCv"" posts a small blind of 10",2026-09-03T02:22:36.292Z,178840215629207
"Your hand is A♥, 7♣",2026-09-03T02:22:36.292Z,178840215629203
"Player stacks: #2 ""Jonah @ xrBY5OZYCv"" (1500) | #3 ""Stevo @ kI2bCqDOyl"" (2034) | #5 ""peelic @ vOeqrOXpLT"" (930) | #7 ""Spenny @ S8ENkJ8OQS"" (808) | #10 ""arash @ RYnRljE1SO"" (1728)",2026-09-03T02:22:36.292Z,178840215629201
"-- starting hand #104 (id: ufxmifw32tjm)  No Limit Texas Hold'em (dealer: ""arash @ RYnRljE1SO"") --",2026-09-03T02:22:36.292Z,178840215629200
"""Spenny @ S8ENkJ8OQS"" shows a 6♣.",2026-09-03T02:22:32.144Z,178840215214400
"-- ending hand #103 --",2026-09-03T02:22:29.736Z,178840214973602
"""arash @ RYnRljE1SO"" collected 520 from pot with Straight, 8 High (combination: 4♠, 5♠, 6♦, 7♣, 8♣)",2026-09-03T02:22:29.736Z,178840214973601
"""arash @ RYnRljE1SO"" shows a 4♠, 7♣.",2026-09-03T02:22:29.736Z,178840214973600
"""Spenny @ S8ENkJ8OQS"" folds",2026-09-03T02:22:28.850Z,178840214885000
"""Jonah @ xrBY5OZYCv"" calls 120",2026-09-03T02:22:21.290Z,178840214129000
"""arash @ RYnRljE1SO"" raises to 120",2026-09-03T02:22:16.733Z,178840213673300
"""Spenny @ S8ENkJ8OQS"" calls 40",2026-09-03T02:22:09.788Z,178840212978800
"""Jonah @ xrBY5OZYCv"" bets 40",2026-09-03T02:22:04.695Z,178840212469500
"""arash @ RYnRljE1SO"" checks",2026-09-03T02:22:02.191Z,178840212219100
"River: 8♣, 5♠, K♣, A♥ [6♦]",2026-09-03T02:21:59.483Z,178840211948300
"""arash @ RYnRljE1SO"" calls 40",2026-09-03T02:21:58.609Z,178840211860900
"""Spenny @ S8ENkJ8OQS"" calls 40",2026-09-03T02:21:55.523Z,178840211552300
"""Jonah @ xrBY5OZYCv"" bets 40",2026-09-03T02:21:53.054Z,178840211305400
"""arash @ RYnRljE1SO"" checks",2026-09-03T02:21:50.778Z,178840211077800
"Turn: 8♣, 5♠, K♣ [A♥]",2026-09-03T02:21:49.475Z,178840210947500
"""arash @ RYnRljE1SO"" calls 20",2026-09-03T02:21:48.593Z,178840210859300
"""Spenny @ S8ENkJ8OQS"" calls 20",2026-09-03T02:21:46.270Z,178840210627000
"""Jonah @ xrBY5OZYCv"" bets 20",2026-09-03T02:21:44.916Z,178840210491600
"""arash @ RYnRljE1SO"" checks",2026-09-03T02:21:41.901Z,178840210190100
"Flop:  [8♣, 5♠, K♣]",2026-09-03T02:21:38.751Z,178840209875100
"""Jonah @ xrBY5OZYCv"" checks",2026-09-03T02:21:37.925Z,178840209792500
"""arash @ RYnRljE1SO"" calls 20",2026-09-03T02:21:37.044Z,178840209704400
"""Spenny @ S8ENkJ8OQS"" calls 20",2026-09-03T02:21:34.554Z,178840209455400
"""peelic @ vOeqrOXpLT"" folds",2026-09-03T02:21:33.583Z,178840209358300
"""Stevo @ kI2bCqDOyl"" folds",2026-09-03T02:21:32.713Z,178840209271300
"""Jonah @ xrBY5OZYCv"" posts a big blind of 20",2026-09-03T02:21:30.467Z,178840209046708
"""arash @ RYnRljE1SO"" posts a small blind of 10",2026-09-03T02:21:30.467Z,178840209046707
"Your hand is 8♥, 9♣",2026-09-03T02:21:30.467Z,178840209046703
"Player stacks: #2 ""Jonah @ xrBY5OZYCv"" (1700) | #3 ""Stevo @ kI2bCqDOyl"" (2034) | #5 ""peelic @ vOeqrOXpLT"" (930) | #7 ""Spenny @ S8ENkJ8OQS"" (928) | #10 ""arash @ RYnRljE1SO"" (1408)",2026-09-03T02:21:30.467Z,178840209046701
"-- starting hand #103 (id: ij6mbf20u0rg)  No Limit Texas Hold'em (dealer: ""Spenny @ S8ENkJ8OQS"") --",2026-09-03T02:21:30.467Z,178840209046700
"-- ending hand #102 --",2026-09-03T02:21:27.478Z,178840208747802
"""peelic @ vOeqrOXpLT"" collected 280 from pot",2026-09-03T02:21:27.478Z,178840208747801
"Uncalled bet of 100 returned to ""peelic @ vOeqrOXpLT""",2026-09-03T02:21:27.478Z,178840208747800
"""Spenny @ S8ENkJ8OQS"" folds",2026-09-03T02:21:26.659Z,178840208665900
"""peelic @ vOeqrOXpLT"" raises to 120",2026-09-03T02:21:15.800Z,178840207580000
"""arash @ RYnRljE1SO"" folds",2026-09-03T02:21:07.937Z,178840206793700
"""Spenny @ S8ENkJ8OQS"" bets 20",2026-09-03T02:20:59.550Z,178840205955000
"River: A♠, 8♣, 4♣, 5♥ [A♥]",2026-09-03T02:20:56.582Z,178840205658200
"""Spenny @ S8ENkJ8OQS"" calls 60",2026-09-03T02:20:55.745Z,178840205574500
"""peelic @ vOeqrOXpLT"" calls 60",2026-09-03T02:20:46.050Z,178840204605000
"""arash @ RYnRljE1SO"" bets 60",2026-09-03T02:20:43.619Z,178840204361900
"""Spenny @ S8ENkJ8OQS"" checks",2026-09-03T02:20:40.748Z,178840204074800
"Turn: A♠, 8♣, 4♣ [5♥]",2026-09-03T02:20:38.967Z,178840203896700
"""peelic @ vOeqrOXpLT"" checks",2026-09-03T02:20:38.116Z,178840203811600
"""arash @ RYnRljE1SO"" checks",2026-09-03T02:20:34.521Z,178840203452100
"""Spenny @ S8ENkJ8OQS"" checks",2026-09-03T02:20:32.545Z,178840203254500
"Flop:  [A♠, 8♣, 4♣]",2026-09-03T02:20:30.758Z,178840203075800
"""arash @ RYnRljE1SO"" checks",2026-09-03T02:20:29.937Z,178840202993700
"""Spenny @ S8ENkJ8OQS"" calls 20",2026-09-03T02:20:26.067Z,178840202606700
"""peelic @ vOeqrOXpLT"" calls 20",2026-09-03T02:20:25.174Z,178840202517400
"""Stevo @ kI2bCqDOyl"" folds",2026-09-03T02:20:24.256Z,178840202425600
"""Jonah @ xrBY5OZYCv"" folds",2026-09-03T02:20:19.645Z,178840201964500
"""arash @ RYnRljE1SO"" posts a big blind of 20",2026-09-03T02:20:18.346Z,178840201834608
"""Spenny @ S8ENkJ8OQS"" posts a small blind of 10",2026-09-03T02:20:18.346Z,178840201834607
"Your hand is 6♥, 8♠",2026-09-03T02:20:18.346Z,178840201834603
"Player stacks: #2 ""Jonah @ xrBY5OZYCv"" (1700) | #3 ""Stevo @ kI2bCqDOyl"" (2034) | #5 ""peelic @ vOeqrOXpLT"" (750) | #7 ""Spenny @ S8ENkJ8OQS"" (1028) | #10 ""arash @ RYnRljE1SO"" (1488)",2026-09-03T02:20:18.346Z,178840201834601
"-- starting hand #102 (id: d0oaubgauhwf)  No Limit Texas Hold'em (dealer: ""peelic @ vOeqrOXpLT"") --",2026-09-03T02:20:18.346Z,178840201834600
"-- ending hand #101 --",2026-09-03T02:20:15.346Z,178840201534602
"""arash @ RYnRljE1SO"" collected 188 from pot",2026-09-03T02:20:15.346Z,178840201534601
"Uncalled bet of 120 returned to ""arash @ RYnRljE1SO""",2026-09-03T02:20:15.346Z,178840201534600
"""Spenny @ S8ENkJ8OQS"" folds",2026-09-03T02:20:14.433Z,178840201443300
"""arash @ RYnRljE1SO"" bets 120",2026-09-03T02:20:07.960Z,178840200796000
"""Spenny @ S8ENkJ8OQS"" checks",2026-09-03T02:20:04.922Z,178840200492200
"River: 2♥, 9♥, A♥, 4♦ [7♥]",2026-09-03T02:20:02.336Z,178840200233600
"""Spenny @ S8ENkJ8OQS"" calls 64",2026-09-03T02:20:01.275Z,178840200127500
"""peelic @ vOeqrOXpLT"" folds",2026-09-03T02:19:53.466Z,178840199346600
"""arash @ RYnRljE1SO"" bets 64",2026-09-03T02:19:44.205Z,178840198420500
"""Spenny @ S8ENkJ8OQS"" checks",2026-09-03T02:19:40.176Z,178840198017600
"""peelic @ vOeqrOXpLT"" checks",2026-09-03T02:19:37.444Z,178840197744400
"Turn: 2♥, 9♥, A♥ [4♦]",2026-09-03T02:19:35.450Z,178840197545000
"""arash @ RYnRljE1SO"" checks",2026-09-03T02:19:34.600Z,178840197460000
"""Spenny @ S8ENkJ8OQS"" checks",2026-09-03T02:19:31.985Z,178840197198500
"""peelic @ vOeqrOXpLT"" checks",2026-09-03T02:19:31.062Z,178840197106200
"Flop:  [2♥, 9♥, A♥]",2026-09-03T02:19:28.497Z,178840196849700
"""Spenny @ S8ENkJ8OQS"" checks",2026-09-03T02:19:27.648Z,178840196764800
"""peelic @ vOeqrOXpLT"" calls 20",2026-09-03T02:19:26.726Z,178840196672600
"""Stevo @ kI2bCqDOyl"" folds",2026-09-03T02:19:25.890Z,178840196589000
"""Jonah @ xrBY5OZYCv"" folds",2026-09-03T02:19:24.943Z,178840196494300
"""arash @ RYnRljE1SO"" calls 20",2026-09-03T02:19:24.079Z,178840196407900
"""Spenny @ S8ENkJ8OQS"" posts a big blind of 20",2026-09-03T02:19:20.246Z,178840196024608
"""peelic @ vOeqrOXpLT"" posts a small blind of 10",2026-09-03T02:19:20.246Z,178840196024607
"Your hand is 9♦, 7♦",2026-09-03T02:19:20.246Z,178840196024603
"Player stacks: #2 ""Jonah @ xrBY5OZYCv"" (1700) | #3 ""Stevo @ kI2bCqDOyl"" (2034) | #5 ""peelic @ vOeqrOXpLT"" (770) | #7 ""Spenny @ S8ENkJ8OQS"" (1112) | #10 ""arash @ RYnRljE1SO"" (1384)",2026-09-03T02:19:20.246Z,178840196024601
"-- starting hand #101 (id: he7mh16a11d7)  No Limit Texas Hold'em (dealer: ""Stevo @ kI2bCqDOyl"") --",2026-09-03T02:19:20.246Z,178840196024600
"-- ending hand #100 --",2026-09-03T02:19:14.240Z,178840195424002
"""Jonah @ xrBY5OZYCv"" collected 300 from pot with Flush, K High (combination: 3♠, 8♠, 9♠, Q♠, K♠)",2026-09-03T02:19:14.240Z,178840195424001
"""Jonah @ xrBY5OZYCv"" shows a K♠, 3♠.",2026-09-03T02:19:14.240Z,178840195424000
"""Stevo @ kI2bCqDOyl"" calls 90",2026-09-03T02:19:13.389Z,178840195338900
"""Jonah @ xrBY5OZYCv"" raises to 90",2026-09-03T02:19:07.012Z,178840194701200
"""peelic @ vOeqrOXpLT"" folds",2026-09-03T02:19:04.041Z,178840194404100
"""Stevo @ kI2bCqDOyl"" bets 40",2026-09-03T02:18:56.241Z,178840193624100
"River: 5♥, J♥, 8♠, Q♠ [9♠]",2026-09-03T02:18:52.238Z,178840193223800
"""Jonah @ xrBY5OZYCv"" calls 20",2026-09-03T02:18:51.410Z,178840193141000
"""peelic @ vOeqrOXpLT"" calls 20",2026-09-03T02:18:50.548Z,178840193054800
"""Stevo @ kI2bCqDOyl"" bets 20",2026-09-03T02:18:47.189Z,178840192718900
"Turn: 5♥, J♥, 8♠ [Q♠]",2026-09-03T02:18:39.064Z,178840191906400
"""Jonah @ xrBY5OZYCv"" checks",2026-09-03T02:18:38.237Z,178840191823700
"""peelic @ vOeqrOXpLT"" checks",2026-09-03T02:18:37.343Z,178840191734300
"""Stevo @ kI2bCqDOyl"" checks",2026-09-03T02:18:26.513Z,178840190651300
"Flop:  [5♥, J♥, 8♠]",2026-09-03T02:18:25.206Z,178840190520600
"""peelic @ vOeqrOXpLT"" checks",2026-09-03T02:18:24.374Z,178840190437400
"""Stevo @ kI2bCqDOyl"" calls 20",2026-09-03T02:18:23.514Z,178840190351400
"""Jonah @ xrBY5OZYCv"" calls 20",2026-09-03T02:18:20.258Z,178840190025800
"""arash @ RYnRljE1SO"" folds",2026-09-03T02:18:19.389Z,178840189938900
"""Spenny @ S8ENkJ8OQS"" folds",2026-09-03T02:18:17.681Z,178840189768100
"""peelic @ vOeqrOXpLT"" posts a big blind of 20",2026-09-03T02:18:12.452Z,178840189245208
"""Stevo @ kI2bCqDOyl"" posts a small blind of 10",2026-09-03T02:18:12.452Z,178840189245207
"Your hand is A♣, Q♦",2026-09-03T02:18:12.452Z,178840189245203
"Player stacks: #2 ""Jonah @ xrBY5OZYCv"" (1530) | #3 ""Stevo @ kI2bCqDOyl"" (2164) | #5 ""peelic @ vOeqrOXpLT"" (810) | #7 ""Spenny @ S8ENkJ8OQS"" (1112) | #10 ""arash @ RYnRljE1SO"" (1384)",2026-09-03T02:18:12.452Z,178840189245201
"-- starting hand #100 (id: tvmo8udi21pf)  No Limit Texas Hold'em (dealer: ""Jonah @ xrBY5OZYCv"") --",2026-09-03T02:18:12.452Z,178840189245200
"-- ending hand #99 --",2026-09-03T02:18:06.448Z,178840188644803
"""arash @ RYnRljE1SO"" collected 196 from pot with Straight, 7 High (combination: 3♠, 4♣, 5♥, 6♠, 7♣)",2026-09-03T02:18:06.448Z,178840188644802
"""arash @ RYnRljE1SO"" shows a 5♦, 3♠.",2026-09-03T02:18:06.448Z,178840188644801
"""peelic @ vOeqrOXpLT"" shows a 7♠, K♦.",2026-09-03T02:18:06.448Z,178840188644800
"""Stevo @ kI2bCqDOyl"" folds",2026-09-03T02:18:05.584Z,178840188558400
"""arash @ RYnRljE1SO"" calls 28",2026-09-03T02:18:04.598Z,178840188459800
"""peelic @ vOeqrOXpLT"" bets 28",2026-09-03T02:18:02.501Z,178840188250100
"""Stevo @ kI2bCqDOyl"" checks",2026-09-03T02:17:55.135Z,178840187513500
"River: 4♣, 7♣, 5♥, 6♠ [Q♠]",2026-09-03T02:17:53.359Z,178840187335900
"""Jonah @ xrBY5OZYCv"" folds",2026-09-03T02:17:52.484Z,178840187248400
"""arash @ RYnRljE1SO"" calls 20",2026-09-03T02:17:51.597Z,178840187159700
"""peelic @ vOeqrOXpLT"" calls 20",2026-09-03T02:17:50.195Z,178840187019500
"""Stevo @ kI2bCqDOyl"" bets 20",2026-09-03T02:17:42.104Z,178840186210400
"""Jonah @ xrBY5OZYCv"" checks",2026-09-03T02:17:37.546Z,178840185754600
"Turn: 4♣, 7♣, 5♥ [6♠]",2026-09-03T02:17:34.801Z,178840185480100
"""arash @ RYnRljE1SO"" checks",2026-09-03T02:17:33.973Z,178840185397300
"""peelic @ vOeqrOXpLT"" checks",2026-09-03T02:17:33.032Z,178840185303200
"""Stevo @ kI2bCqDOyl"" checks",2026-09-03T02:17:32.154Z,178840185215400
"""Jonah @ xrBY5OZYCv"" checks",2026-09-03T02:17:28.459Z,178840184845900
"Flop:  [4♣, 7♣, 5♥]",2026-09-03T02:17:25.321Z,178840184532100
"""Stevo @ kI2bCqDOyl"" checks",2026-09-03T02:17:24.504Z,178840184450400
"""Jonah @ xrBY5OZYCv"" calls 20",2026-09-03T02:17:21.125Z,178840184112500
"""arash @ RYnRljE1SO"" calls 20",2026-09-03T02:17:20.227Z,178840184022700
"""Spenny @ S8ENkJ8OQS"" folds",2026-09-03T02:17:19.298Z,178840183929800
"""peelic @ vOeqrOXpLT"" calls 20",2026-09-03T02:17:15.156Z,178840183515600
"""Stevo @ kI2bCqDOyl"" posts a big blind of 20",2026-09-03T02:17:12.869Z,178840183286908
"""Jonah @ xrBY5OZYCv"" posts a small blind of 10",2026-09-03T02:17:12.869Z,178840183286907
"Your hand is 9♦, 7♥",2026-09-03T02:17:12.869Z,178840183286903
"Player stacks: #2 ""Jonah @ xrBY5OZYCv"" (1550) | #3 ""Stevo @ kI2bCqDOyl"" (2204) | #5 ""peelic @ vOeqrOXpLT"" (878) | #7 ""Spenny @ S8ENkJ8OQS"" (1112) | #10 ""arash @ RYnRljE1SO"" (1256)",2026-09-03T02:17:12.869Z,178840183286901
"-- starting hand #99 (id: dq1fpxf4wmnu)  No Limit Texas Hold'em (dealer: ""arash @ RYnRljE1SO"") --",2026-09-03T02:17:12.869Z,178840183286900
"""Spenny @ S8ENkJ8OQS"" shows a A♥, 8♠.",2026-09-03T02:17:11.651Z,178840183165100
"-- ending hand #98 --",2026-09-03T02:17:09.264Z,178840182926402
"""Spenny @ S8ENkJ8OQS"" collected 170 from pot",2026-09-03T02:17:09.264Z,178840182926401
"Uncalled bet of 40 returned to ""Spenny @ S8ENkJ8OQS""",2026-09-03T02:17:09.264Z,178840182926400
"""peelic @ vOeqrOXpLT"" folds",2026-09-03T02:17:08.396Z,178840182839600
"""Jonah @ xrBY5OZYCv"" folds",2026-09-03T02:17:07.554Z,178840182755400
"""Spenny @ S8ENkJ8OQS"" bets 40",2026-09-03T02:17:04.706Z,178840182470600
"""peelic @ vOeqrOXpLT"" checks",2026-09-03T02:17:01.583Z,178840182158300
"""Jonah @ xrBY5OZYCv"" checks",2026-09-03T02:16:59.115Z,178840181911500
"River: 9♦, 4♥, J♦, 5♣ [A♠]",2026-09-03T02:16:56.666Z,178840181666600
"""arash @ RYnRljE1SO"" folds",2026-09-03T02:16:55.775Z,178840181577500
"""Spenny @ S8ENkJ8OQS"" calls 30",2026-09-03T02:16:54.791Z,178840181479100
"""peelic @ vOeqrOXpLT"" calls 30",2026-09-03T02:16:46.902Z,178840180690200
"""Jonah @ xrBY5OZYCv"" bets 30",2026-09-03T02:16:42.619Z,178840180261900
"""arash @ RYnRljE1SO"" checks",2026-09-03T02:16:39.464Z,178840179946400
"Turn: 9♦, 4♥, J♦ [5♣]",2026-09-03T02:16:37.150Z,178840179715000
"""Spenny @ S8ENkJ8OQS"" checks",2026-09-03T02:16:36.291Z,178840179629100
"""peelic @ vOeqrOXpLT"" checks",2026-09-03T02:16:35.384Z,178840179538400
"""Jonah @ xrBY5OZYCv"" checks",2026-09-03T02:16:34.513Z,178840179451300
"""arash @ RYnRljE1SO"" checks",2026-09-03T02:16:33.630Z,178840179363000
"Flop:  [9♦, 4♥, J♦]",2026-09-03T02:16:29.614Z,178840178961400
"""Jonah @ xrBY5OZYCv"" checks",2026-09-03T02:16:28.798Z,178840178879800
"""arash @ RYnRljE1SO"" calls 20",2026-09-03T02:16:27.920Z,178840178792000
"""Spenny @ S8ENkJ8OQS"" calls 20",2026-09-03T02:16:26.963Z,178840178696300
"""peelic @ vOeqrOXpLT"" calls 20",2026-09-03T02:16:25.839Z,178840178583900
"""Stevo @ kI2bCqDOyl"" folds",2026-09-03T02:16:17.064Z,178840177706400
"""Jonah @ xrBY5OZYCv"" posts a big blind of 20",2026-09-03T02:16:15.805Z,178840177580508
"""arash @ RYnRljE1SO"" posts a small blind of 10",2026-09-03T02:16:15.805Z,178840177580507
"Your hand is 5♠, 10♦",2026-09-03T02:16:15.805Z,178840177580503
"Player stacks: #2 ""Jonah @ xrBY5OZYCv"" (1600) | #3 ""Stevo @ kI2bCqDOyl"" (2204) | #5 ""peelic @ vOeqrOXpLT"" (928) | #7 ""Spenny @ S8ENkJ8OQS"" (992) | #10 ""arash @ RYnRljE1SO"" (1276)",2026-09-03T02:16:15.805Z,178840177580501
"-- starting hand #98 (id: lp7oc6yjr5k9)  No Limit Texas Hold'em (dealer: ""Spenny @ S8ENkJ8OQS"") --",2026-09-03T02:16:15.805Z,178840177580500
"-- ending hand #97 --",2026-09-03T02:16:09.800Z,178840176980003
"""arash @ RYnRljE1SO"" collected 60 from pot with Two Pair, 6's & 3's (combination: Q♥, 3♠, 3♦, 6♥, 6♣)",2026-09-03T02:16:09.800Z,178840176980002
"""arash @ RYnRljE1SO"" shows a J♦, 3♠.",2026-09-03T02:16:09.800Z,178840176980001
"""Spenny @ S8ENkJ8OQS"" shows a 4♣, J♠.",2026-09-03T02:16:09.800Z,178840176980000
"""Stevo @ kI2bCqDOyl"" checks",2026-09-03T02:16:08.981Z,178840176898100
"""arash @ RYnRljE1SO"" checks",2026-09-03T02:16:05.625Z,178840176562500
"""Spenny @ S8ENkJ8OQS"" checks",2026-09-03T02:16:02.860Z,178840176286000
"River: 6♥, 3♦, 6♣, 7♦ [Q♥]",2026-09-03T02:15:59.370Z,178840175937000
"""Stevo @ kI2bCqDOyl"" checks",2026-09-03T02:15:58.549Z,178840175854900
"""arash @ RYnRljE1SO"" checks",2026-09-03T02:15:57.582Z,178840175758200
"""Spenny @ S8ENkJ8OQS"" checks",2026-09-03T02:15:56.187Z,178840175618700
"Turn: 6♥, 3♦, 6♣ [7♦]",2026-09-03T02:15:54.369Z,178840175436900
"""Stevo @ kI2bCqDOyl"" checks",2026-09-03T02:15:53.550Z,178840175355000
"""arash @ RYnRljE1SO"" checks",2026-09-03T02:15:48.276Z,178840174827600
"""Spenny @ S8ENkJ8OQS"" checks",2026-09-03T02:15:47.352Z,178840174735200
"Flop:  [6♥, 3♦, 6♣]",2026-09-03T02:15:44.893Z,178840174489300
"""arash @ RYnRljE1SO"" checks",2026-09-03T02:15:44.007Z,178840174400700
"""Spenny @ S8ENkJ8OQS"" calls 20",2026-09-03T02:15:41.972Z,178840174197200
"""peelic @ vOeqrOXpLT"" folds",2026-09-03T02:15:41.034Z,178840174103400
"""Stevo @ kI2bCqDOyl"" calls 20",2026-09-03T02:15:40.186Z,178840174018600
"""Jonah @ xrBY5OZYCv"" folds",2026-09-03T02:15:35.430Z,178840173543000
"""arash @ RYnRljE1SO"" posts a big blind of 20",2026-09-03T02:15:34.296Z,178840173429608
"""Spenny @ S8ENkJ8OQS"" posts a small blind of 10",2026-09-03T02:15:34.296Z,178840173429607
"Your hand is 5♥, K♠",2026-09-03T02:15:34.296Z,178840173429603
"Player stacks: #2 ""Jonah @ xrBY5OZYCv"" (1600) | #3 ""Stevo @ kI2bCqDOyl"" (2224) | #5 ""peelic @ vOeqrOXpLT"" (928) | #7 ""Spenny @ S8ENkJ8OQS"" (1012) | #10 ""arash @ RYnRljE1SO"" (1236)",2026-09-03T02:15:34.296Z,178840173429601
"-- starting hand #97 (id: sbygxukpnbgr)  No Limit Texas Hold'em (dealer: ""peelic @ vOeqrOXpLT"") --",2026-09-03T02:15:34.296Z,178840173429600
"-- ending hand #96 --",2026-09-03T02:15:31.371Z,178840173137102
"""arash @ RYnRljE1SO"" collected 140 from pot",2026-09-03T02:15:31.371Z,178840173137101
"Uncalled bet of 100 returned to ""arash @ RYnRljE1SO""",2026-09-03T02:15:31.371Z,178840173137100
"""Spenny @ S8ENkJ8OQS"" folds",2026-09-03T02:15:30.561Z,178840173056100
"""peelic @ vOeqrOXpLT"" folds",2026-09-03T02:15:29.124Z,178840172912400
"""arash @ RYnRljE1SO"" bets 100",2026-09-03T02:15:28.200Z,178840172820000
"""Spenny @ S8ENkJ8OQS"" checks",2026-09-03T02:15:24.204Z,178840172420400
"""peelic @ vOeqrOXpLT"" checks",2026-09-03T02:15:20.808Z,178840172080800
"River: 2♠, J♥, J♣, Q♣ [5♥]",2026-09-03T02:15:19.747Z,178840171974700
"""peelic @ vOeqrOXpLT"" calls 20",2026-09-03T02:15:18.908Z,178840171890800
"""Stevo @ kI2bCqDOyl"" folds",2026-09-03T02:15:16.449Z,178840171644900
"""arash @ RYnRljE1SO"" calls 20",2026-09-03T02:15:15.482Z,178840171548200
"""Spenny @ S8ENkJ8OQS"" bets 20",2026-09-03T02:15:13.098Z,178840171309800
"""peelic @ vOeqrOXpLT"" checks",2026-09-03T02:15:11.383Z,178840171138300
"Turn: 2♠, J♥, J♣ [Q♣]",2026-09-03T02:15:08.876Z,178840170887600
"""Stevo @ kI2bCqDOyl"" checks",2026-09-03T02:15:08.013Z,178840170801300
"""arash @ RYnRljE1SO"" checks",2026-09-03T02:15:06.968Z,178840170696800
"""Spenny @ S8ENkJ8OQS"" checks",2026-09-03T02:15:04.987Z,178840170498700
"""peelic @ vOeqrOXpLT"" checks",2026-09-03T02:15:02.361Z,178840170236100
"Flop:  [2♠, J♥, J♣]",2026-09-03T02:14:58.262Z,178840169826200
"""Spenny @ S8ENkJ8OQS"" checks",2026-09-03T02:14:57.389Z,178840169738900
"""peelic @ vOeqrOXpLT"" calls 20",2026-09-03T02:14:54.092Z,178840169409200
"""Stevo @ kI2bCqDOyl"" calls 20",2026-09-03T02:14:53.232Z,178840169323200
"""Jonah @ xrBY5OZYCv"" folds",2026-09-03T02:14:52.294Z,178840169229400
"""arash @ RYnRljE1SO"" calls 20",2026-09-03T02:14:51.424Z,178840169142400
"""Spenny @ S8ENkJ8OQS"" posts a big blind of 20",2026-09-03T02:14:49.390Z,178840168939008
"""peelic @ vOeqrOXpLT"" posts a small blind of 10",2026-09-03T02:14:49.390Z,178840168939007
"Your hand is 3♦, 3♣",2026-09-03T02:14:49.390Z,178840168939003
"Player stacks: #2 ""Jonah @ xrBY5OZYCv"" (1600) | #3 ""Stevo @ kI2bCqDOyl"" (2244) | #5 ""peelic @ vOeqrOXpLT"" (968) | #7 ""Spenny @ S8ENkJ8OQS"" (1052) | #10 ""arash @ RYnRljE1SO"" (1136)",2026-09-03T02:14:49.390Z,178840168939001
"-- starting hand #96 (id: segrw3pkgrmj)  No Limit Texas Hold'em (dealer: ""Stevo @ kI2bCqDOyl"") --",2026-09-03T02:14:49.390Z,178840168939000
"-- ending hand #95 --",2026-09-03T02:14:43.290Z,178840168329002
"""Stevo @ kI2bCqDOyl"" collected 280 from pot with Two Pair, J's & 2's (combination: Q♣, 2♦, 2♥, J♥, J♠)",2026-09-03T02:14:43.290Z,178840168329001
"""Stevo @ kI2bCqDOyl"" shows a J♥, J♠.",2026-09-03T02:14:43.290Z,178840168329000
"""Jonah @ xrBY5OZYCv"" calls 20",2026-09-03T02:14:42.437Z,178840168243700
"""arash @ RYnRljE1SO"" folds",2026-09-03T02:14:40.600Z,178840168060000
"""Stevo @ kI2bCqDOyl"" bets 20",2026-09-03T02:14:39.655Z,178840167965500
"River: 10♥, Q♣, 2♦, 2♥ [7♣]",2026-09-03T02:14:30.903Z,178840167090300
"""Jonah @ xrBY5OZYCv"" calls 20",2026-09-03T02:14:30.042Z,178840167004200
"""arash @ RYnRljE1SO"" calls 20",2026-09-03T02:14:29.091Z,178840166909100
"""Spenny @ S8ENkJ8OQS"" folds",2026-09-03T02:14:25.060Z,178840166506000
"""Stevo @ kI2bCqDOyl"" bets 20",2026-09-03T02:14:20.902Z,178840166090200
"Turn: 10♥, Q♣, 2♦ [2♥]",2026-09-03T02:14:18.946Z,178840165894600
"""Jonah @ xrBY5OZYCv"" calls 20",2026-09-03T02:14:18.106Z,178840165810600
"""arash @ RYnRljE1SO"" calls 20",2026-09-03T02:14:16.770Z,178840165677000
"""Spenny @ S8ENkJ8OQS"" calls 20",2026-09-03T02:14:14.087Z,178840165408700
"""peelic @ vOeqrOXpLT"" folds",2026-09-03T02:14:07.355Z,178840164735500
"""Stevo @ kI2bCqDOyl"" bets 20",2026-09-03T02:14:03.309Z,178840164330900
"Flop:  [10♥, Q♣, 2♦]",2026-09-03T02:13:55.371Z,178840163537100
"""peelic @ vOeqrOXpLT"" checks",2026-09-03T02:13:54.549Z,178840163454900
"""Stevo @ kI2bCqDOyl"" calls 20",2026-09-03T02:13:53.707Z,178840163370700
"""Jonah @ xrBY5OZYCv"" calls 20",2026-09-03T02:13:52.766Z,178840163276600
"""arash @ RYnRljE1SO"" calls 20",2026-09-03T02:13:51.859Z,178840163185900
"""Spenny @ S8ENkJ8OQS"" calls 20",2026-09-03T02:13:50.918Z,178840163091800
"""peelic @ vOeqrOXpLT"" posts a big blind of 20",2026-09-03T02:13:46.515Z,178840162651508
"""Stevo @ kI2bCqDOyl"" posts a small blind of 10",2026-09-03T02:13:46.515Z,178840162651507
"Your hand is J♥, J♠",2026-09-03T02:13:46.515Z,178840162651503
"Player stacks: #2 ""Jonah @ xrBY5OZYCv"" (1680) | #3 ""Stevo @ kI2bCqDOyl"" (2044) | #5 ""peelic @ vOeqrOXpLT"" (988) | #7 ""Spenny @ S8ENkJ8OQS"" (1092) | #10 ""arash @ RYnRljE1SO"" (1196)",2026-09-03T02:13:46.515Z,178840162651501
"-- starting hand #95 (id: zae5drpimgat)  No Limit Texas Hold'em (dealer: ""Jonah @ xrBY5OZYCv"") --",2026-09-03T02:13:46.515Z,178840162651500
"""Spenny @ S8ENkJ8OQS"" shows a A♥, 5♥.",2026-09-03T02:13:43.387Z,178840162338700
"-- ending hand #94 --",2026-09-03T02:13:39.963Z,178840161996302
"""Jonah @ xrBY5OZYCv"" collected 560 from pot with Pair, Q's (combination: 5♣, 9♥, K♣, Q♣, Q♦)",2026-09-03T02:13:39.963Z,178840161996301
"""Jonah @ xrBY5OZYCv"" shows a Q♣, K♣.",2026-09-03T02:13:39.963Z,178840161996300
"""arash @ RYnRljE1SO"" calls 60",2026-09-03T02:13:39.150Z,178840161915000
"""Spenny @ S8ENkJ8OQS"" calls 60",2026-09-03T02:13:35.505Z,178840161550500
"""Jonah @ xrBY5OZYCv"" bets 60",2026-09-03T02:13:27.122Z,178840160712200
"River: 5♣, Q♦, 4♦, 9♥ [3♠]",2026-09-03T02:13:22.699Z,178840160269900
"""arash @ RYnRljE1SO"" calls 40",2026-09-03T02:13:21.768Z,178840160176800
"""Spenny @ S8ENkJ8OQS"" calls 40",2026-09-03T02:13:20.360Z,178840160036000
"""peelic @ vOeqrOXpLT"" folds",2026-09-03T02:13:11.154Z,178840159115400
"""Jonah @ xrBY5OZYCv"" bets 40",2026-09-03T02:13:06.959Z,178840158695900
"Turn: 5♣, Q♦, 4♦ [9♥]",2026-09-03T02:13:03.820Z,178840158382000
"""peelic @ vOeqrOXpLT"" calls 20",2026-09-03T02:13:02.956Z,178840158295600
"""Jonah @ xrBY5OZYCv"" calls 20",2026-09-03T02:12:57.623Z,178840157762300
"""arash @ RYnRljE1SO"" calls 20",2026-09-03T02:12:53.787Z,178840157378700
"""Spenny @ S8ENkJ8OQS"" bets 20",2026-09-03T02:12:49.967Z,178840156996700
"""peelic @ vOeqrOXpLT"" checks",2026-09-03T02:12:46.191Z,178840156619100
"""Jonah @ xrBY5OZYCv"" checks",2026-09-03T02:12:43.186Z,178840156318600
"Flop:  [5♣, Q♦, 4♦]",2026-09-03T02:12:34.814Z,178840155481400
"""arash @ RYnRljE1SO"" calls 40",2026-09-03T02:12:33.954Z,178840155395400
"""Spenny @ S8ENkJ8OQS"" calls 40",2026-09-03T02:12:25.114Z,178840154511400
"""peelic @ vOeqrOXpLT"" calls 40",2026-09-03T02:12:20.487Z,178840154048700
"""Stevo @ kI2bCqDOyl"" folds",2026-09-03T02:12:17.505Z,178840153750500
"""Jonah @ xrBY5OZYCv"" raises to 40",2026-09-03T02:12:16.561Z,178840153656100
"""arash @ RYnRljE1SO"" calls 20",2026-09-03T02:12:14.717Z,178840153471700
"""Spenny @ S8ENkJ8OQS"" calls 20",2026-09-03T02:12:12.443Z,178840153244300
"""peelic @ vOeqrOXpLT"" calls 20",2026-09-03T02:12:11.559Z,178840153155900
"""Stevo @ kI2bCqDOyl"" posts a big blind of 20",2026-09-03T02:12:09.669Z,178840152966908
"""Jonah @ xrBY5OZYCv"" posts a small blind of 10",2026-09-03T02:12:09.669Z,178840152966907
"Your hand is 4♣, 6♦",2026-09-03T02:12:09.669Z,178840152966903
"Player stacks: #2 ""Jonah @ xrBY5OZYCv"" (1280) | #3 ""Stevo @ kI2bCqDOyl"" (2064) | #5 ""peelic @ vOeqrOXpLT"" (1048) | #7 ""Spenny @ S8ENkJ8OQS"" (1252) | #10 ""arash @ RYnRljE1SO"" (1356)",2026-09-03T02:12:09.669Z,178840152966901
"-- starting hand #94 (id: az9xqu3tj8bk)  No Limit Texas Hold'em (dealer: ""arash @ RYnRljE1SO"") --",2026-09-03T02:12:09.669Z,178840152966900
"-- ending hand #93 --",2026-09-03T02:12:03.664Z,178840152366402
"""peelic @ vOeqrOXpLT"" collected 308 from pot with Flush, A High (combination: 6♦, 9♦, J♦, Q♦, A♦)",2026-09-03T02:12:03.664Z,178840152366401
"""peelic @ vOeqrOXpLT"" shows a A♦, J♦.",2026-09-03T02:12:03.664Z,178840152366400
"""arash @ RYnRljE1SO"" calls 124",2026-09-03T02:12:02.857Z,178840152285700
"""peelic @ vOeqrOXpLT"" raises to 124",2026-09-03T02:11:58.430Z,178840151843000
"""Jonah @ xrBY5OZYCv"" folds",2026-09-03T02:11:50.185Z,178840151018500
"""arash @ RYnRljE1SO"" bets 60",2026-09-03T02:11:48.830Z,178840150883000
"River: J♥, Q♥, Q♦, 6♦ [9♦]",2026-09-03T02:11:44.263Z,178840150426300
"""peelic @ vOeqrOXpLT"" checks",2026-09-03T02:11:43.387Z,178840150338700
"""Jonah @ xrBY5OZYCv"" checks",2026-09-03T02:11:41.220Z,178840150122000
"""arash @ RYnRljE1SO"" checks",2026-09-03T02:11:40.338Z,178840150033800
"Turn: J♥, Q♥, Q♦ [6♦]",2026-09-03T02:11:38.304Z,178840149830400
"""peelic @ vOeqrOXpLT"" checks",2026-09-03T02:11:37.461Z,178840149746100
"""Jonah @ xrBY5OZYCv"" checks",2026-09-03T02:11:27.109Z,178840148710900
"""arash @ RYnRljE1SO"" checks",2026-09-03T02:11:26.148Z,178840148614800
"Flop:  [J♥, Q♥, Q♦]",2026-09-03T02:11:24.273Z,178840148427300
"""Jonah @ xrBY5OZYCv"" checks",2026-09-03T02:11:23.450Z,178840148345000
"""arash @ RYnRljE1SO"" calls 20",2026-09-03T02:11:22.579Z,178840148257900
"""Spenny @ S8ENkJ8OQS"" folds",2026-09-03T02:11:21.627Z,178840148162700
"""peelic @ vOeqrOXpLT"" calls 20",2026-09-03T02:11:20.706Z,178840148070600
"""Stevo @ kI2bCqDOyl"" folds",2026-09-03T02:11:15.746Z,178840147574600
"""Jonah @ xrBY5OZYCv"" posts a big blind of 20",2026-09-03T02:11:08.192Z,178840146819208
"""arash @ RYnRljE1SO"" posts a small blind of 10",2026-09-03T02:11:08.192Z,178840146819207
"Your hand is 9♣, 4♠",2026-09-03T02:11:08.192Z,178840146819203
"Player stacks: #2 ""Jonah @ xrBY5OZYCv"" (1300) | #3 ""Stevo @ kI2bCqDOyl"" (2064) | #5 ""peelic @ vOeqrOXpLT"" (884) | #7 ""Spenny @ S8ENkJ8OQS"" (1252) | #10 ""arash @ RYnRljE1SO"" (1500)",2026-09-03T02:11:08.192Z,178840146819201
"-- starting hand #93 (id: meyasnzjtupq)  No Limit Texas Hold'em (dealer: ""Spenny @ S8ENkJ8OQS"") --",2026-09-03T02:11:08.192Z,178840146819200
"-- ending hand #92 --",2026-09-03T02:11:02.172Z,178840146217202
"""Spenny @ S8ENkJ8OQS"" collected 432 from pot with Two Pair, J's & 3's (combination: A♣, 3♣, 3♦, J♣, J♥)",2026-09-03T02:11:02.172Z,178840146217201
"""Spenny @ S8ENkJ8OQS"" shows a 3♣, J♣.",2026-09-03T02:11:02.172Z,178840146217200
"""Jonah @ xrBY5OZYCv"" checks",2026-09-03T02:11:01.310Z,178840146131000
"""Spenny @ S8ENkJ8OQS"" checks",2026-09-03T02:10:55.682Z,178840145568200
"River: A♣, 8♠, J♥, 3♦ [2♠]",2026-09-03T02:10:52.875Z,178840145287500
"""Spenny @ S8ENkJ8OQS"" calls 80",2026-09-03T02:10:52.047Z,178840145204700
"""Jonah @ xrBY5OZYCv"" raises to 80",2026-09-03T02:10:48.274Z,178840144827400
"""Spenny @ S8ENkJ8OQS"" bets 40",2026-09-03T02:10:45.496Z,178840144549600
"Turn: A♣, 8♠, J♥ [3♦]",2026-09-03T02:10:41.891Z,178840144189100
"""arash @ RYnRljE1SO"" folds",2026-09-03T02:10:41.076Z,178840144107600
"""Spenny @ S8ENkJ8OQS"" calls 46",2026-09-03T02:10:30.180Z,178840143018000
"""peelic @ vOeqrOXpLT"" folds",2026-09-03T02:10:29.250Z,178840142925000
"""Jonah @ xrBY5OZYCv"" raises to 46",2026-09-03T02:10:18.405Z,178840141840500
"""arash @ RYnRljE1SO"" calls 20",2026-09-03T02:10:13.940Z,178840141394000
"""Spenny @ S8ENkJ8OQS"" bets 20",2026-09-03T02:10:12.847Z,178840141284700
"Flop:  [A♣, 8♠, J♥]",2026-09-03T02:10:09.033Z,178840140903300
"""arash @ RYnRljE1SO"" calls 40",2026-09-03T02:10:08.143Z,178840140814300
"""Spenny @ S8ENkJ8OQS"" calls 40",2026-09-03T02:10:07.145Z,178840140714500
"""peelic @ vOeqrOXpLT"" calls 40",2026-09-03T02:10:06.231Z,178840140623100
"""Stevo @ kI2bCqDOyl"" folds",2026-09-03T02:10:00.232Z,178840140023200
"""Jonah @ xrBY5OZYCv"" raises to 40",2026-09-03T02:09:59.220Z,178840139922000
"""arash @ RYnRljE1SO"" posts a big blind of 20",2026-09-03T02:09:56.144Z,178840139614408
"""Spenny @ S8ENkJ8OQS"" posts a small blind of 10",2026-09-03T02:09:56.144Z,178840139614407
"Your hand is 2♦, 9♠",2026-09-03T02:09:56.144Z,178840139614403
"Player stacks: #2 ""Jonah @ xrBY5OZYCv"" (1466) | #3 ""Stevo @ kI2bCqDOyl"" (2064) | #5 ""peelic @ vOeqrOXpLT"" (924) | #7 ""Spenny @ S8ENkJ8OQS"" (986) | #10 ""arash @ RYnRljE1SO"" (1560)",2026-09-03T02:09:56.144Z,178840139614401
"-- starting hand #92 (id: 56hhvqcogo1d)  No Limit Texas Hold'em (dealer: ""peelic @ vOeqrOXpLT"") --",2026-09-03T02:09:56.144Z,178840139614400
"""Spenny @ S8ENkJ8OQS"" shows a 3♣.",2026-09-03T02:09:51.961Z,178840139196100
"-- ending hand #91 --",2026-09-03T02:09:49.636Z,178840138963602
"""peelic @ vOeqrOXpLT"" collected 164 from pot with Pair, Q's (combination: 8♣, 10♦, A♦, Q♦, Q♠)",2026-09-03T02:09:49.636Z,178840138963601
"""peelic @ vOeqrOXpLT"" shows a Q♦, 10♦.",2026-09-03T02:09:49.636Z,178840138963600
"""Jonah @ xrBY5OZYCv"" folds",2026-09-03T02:09:48.791Z,178840138879100
"""arash @ RYnRljE1SO"" folds",2026-09-03T02:09:47.886Z,178840138788600
"""Spenny @ S8ENkJ8OQS"" calls 42",2026-09-03T02:09:38.615Z,178840137861500
"""peelic @ vOeqrOXpLT"" bets 42",2026-09-03T02:09:28.355Z,178840136835500
"River: 8♣, 3♥, 7♥, A♦ [Q♠]",2026-09-03T02:09:23.269Z,178840136326900
"""Jonah @ xrBY5OZYCv"" checks",2026-09-03T02:09:22.446Z,178840136244600
"""arash @ RYnRljE1SO"" checks",2026-09-03T02:09:21.560Z,178840136156000
"""Spenny @ S8ENkJ8OQS"" checks",2026-09-03T02:09:20.519Z,178840136051900
"""peelic @ vOeqrOXpLT"" checks",2026-09-03T02:09:19.480Z,178840135948000
"Turn: 8♣, 3♥, 7♥ [A♦]",2026-09-03T02:09:17.392Z,178840135739200
"""Jonah @ xrBY5OZYCv"" checks",2026-09-03T02:09:16.515Z,178840135651500
"""arash @ RYnRljE1SO"" checks",2026-09-03T02:09:15.629Z,178840135562900
"""Spenny @ S8ENkJ8OQS"" checks",2026-09-03T02:09:10.535Z,178840135053500
"""peelic @ vOeqrOXpLT"" checks",2026-09-03T02:09:06.228Z,178840134622800
"Flop:  [8♣, 3♥, 7♥]",2026-09-03T02:09:02.061Z,178840134206100
"""Spenny @ S8ENkJ8OQS"" checks",2026-09-03T02:09:01.175Z,178840134117500
"""peelic @ vOeqrOXpLT"" calls 20",2026-09-03T02:09:00.281Z,178840134028100
"""Stevo @ kI2bCqDOyl"" folds",2026-09-03T02:08:59.380Z,178840133938000
"""Jonah @ xrBY5OZYCv"" calls 20",2026-09-03T02:08:58.423Z,178840133842300
"""arash @ RYnRljE1SO"" calls 20",2026-09-03T02:08:57.519Z,178840133751900
"""Spenny @ S8ENkJ8OQS"" posts a big blind of 20",2026-09-03T02:08:55.683Z,178840133568308
"""peelic @ vOeqrOXpLT"" posts a small blind of 10",2026-09-03T02:08:55.683Z,178840133568307
"Your hand is 9♥, 8♦",2026-09-03T02:08:55.683Z,178840133568303
"Player stacks: #2 ""Jonah @ xrBY5OZYCv"" (1486) | #3 ""Stevo @ kI2bCqDOyl"" (2064) | #5 ""peelic @ vOeqrOXpLT"" (822) | #7 ""Spenny @ S8ENkJ8OQS"" (1048) | #10 ""arash @ RYnRljE1SO"" (1580)",2026-09-03T02:08:55.683Z,178840133568301
"-- starting hand #91 (id: 5oezolg2viqv)  No Limit Texas Hold'em (dealer: ""Stevo @ kI2bCqDOyl"") --",2026-09-03T02:08:55.683Z,178840133568300
"""Stevo @ kI2bCqDOyl"" shows a J♠, Q♠.",2026-09-03T02:08:50.774Z,178840133077400
"-- ending hand #90 --",2026-09-03T02:08:49.168Z,178840132916802
"""peelic @ vOeqrOXpLT"" collected 422 from pot with Two Pair, J's & 6's (combination: 9♠, 6♦, 6♣, J♥, J♣)",2026-09-03T02:08:49.168Z,178840132916801
"""peelic @ vOeqrOXpLT"" shows a J♥, 6♦.",2026-09-03T02:08:49.168Z,178840132916800
"""Stevo @ kI2bCqDOyl"" calls 131",2026-09-03T02:08:48.299Z,178840132829900
"""arash @ RYnRljE1SO"" folds",2026-09-03T02:08:44.388Z,178840132438800
"""Spenny @ S8ENkJ8OQS"" folds",2026-09-03T02:08:43.464Z,178840132346400
"""peelic @ vOeqrOXpLT"" raises to 131",2026-09-03T02:08:37.995Z,178840131799500
"""Stevo @ kI2bCqDOyl"" bets 20",2026-09-03T02:08:33.042Z,178840131304200
"River: 4♥, 6♣, 9♠, 3♠ [J♣]",2026-09-03T02:08:29.164Z,178840130916400
"""arash @ RYnRljE1SO"" calls 20",2026-09-03T02:08:28.305Z,178840130830500
"""Spenny @ S8ENkJ8OQS"" calls 20",2026-09-03T02:08:27.091Z,178840130709100
"""peelic @ vOeqrOXpLT"" calls 20",2026-09-03T02:08:21.771Z,178840130177100
"""Stevo @ kI2bCqDOyl"" bets 20",2026-09-03T02:08:18.635Z,178840129863500
"Turn: 4♥, 6♣, 9♠ [3♠]",2026-09-03T02:08:17.653Z,178840129765300
"""arash @ RYnRljE1SO"" checks",2026-09-03T02:08:16.804Z,178840129680400
"""Spenny @ S8ENkJ8OQS"" checks",2026-09-03T02:08:14.201Z,178840129420100
"""peelic @ vOeqrOXpLT"" checks",2026-09-03T02:08:13.284Z,178840129328400
"""Stevo @ kI2bCqDOyl"" checks",2026-09-03T02:08:12.413Z,178840129241300
"Flop:  [4♥, 6♣, 9♠]",2026-09-03T02:08:03.916Z,178840128391600
"""peelic @ vOeqrOXpLT"" checks",2026-09-03T02:08:03.072Z,178840128307200
"""Stevo @ kI2bCqDOyl"" calls 20",2026-09-03T02:08:02.197Z,178840128219700
"""Jonah @ xrBY5OZYCv"" folds",2026-09-03T02:07:52.908Z,178840127290800
"""arash @ RYnRljE1SO"" calls 20",2026-09-03T02:07:52.018Z,178840127201800
"""Spenny @ S8ENkJ8OQS"" calls 20",2026-09-03T02:07:46.952Z,178840126695200
"""peelic @ vOeqrOXpLT"" posts a big blind of 20",2026-09-03T02:07:44.875Z,178840126487508
"""Stevo @ kI2bCqDOyl"" posts a small blind of 10",2026-09-03T02:07:44.875Z,178840126487507
"Your hand is J♠, Q♠",2026-09-03T02:07:44.875Z,178840126487503
"Player stacks: #2 ""Jonah @ xrBY5OZYCv"" (1486) | #3 ""Stevo @ kI2bCqDOyl"" (2235) | #5 ""peelic @ vOeqrOXpLT"" (571) | #7 ""Spenny @ S8ENkJ8OQS"" (1088) | #10 ""arash @ RYnRljE1SO"" (1620)",2026-09-03T02:07:44.875Z,178840126487501
"-- starting hand #90 (id: ijkuqvmwdwhy)  No Limit Texas Hold'em (dealer: ""Jonah @ xrBY5OZYCv"") --",2026-09-03T02:07:44.875Z,178840126487500
"-- ending hand #89 --",2026-09-03T02:07:38.850Z,178840125885002
"""Jonah @ xrBY5OZYCv"" collected 386 from pot with Flush, Q High (combination: 4♠, 7♠, 9♠, J♠, Q♠)",2026-09-03T02:07:38.850Z,178840125885001
"""Jonah @ xrBY5OZYCv"" shows a J♠, Q♠.",2026-09-03T02:07:38.850Z,178840125885000
"""peelic @ vOeqrOXpLT"" calls 153",2026-09-03T02:07:38.044Z,178840125804400
"""Jonah @ xrBY5OZYCv"" raises to 153",2026-09-03T02:07:36.405Z,178840125640500
"""arash @ RYnRljE1SO"" folds",2026-09-03T02:07:29.884Z,178840124988400
"""peelic @ vOeqrOXpLT"" raises to 94",2026-09-03T02:07:25.131Z,178840124513100
"""Stevo @ kI2bCqDOyl"" folds",2026-09-03T02:07:19.068Z,178840123906800
"""Jonah @ xrBY5OZYCv"" bets 43",2026-09-03T02:07:14.850Z,178840123485000
"River: 4♠, 7♠, K♦, 9♠ [5♦]",2026-09-03T02:07:08.516Z,178840122851600
"""arash @ RYnRljE1SO"" checks",2026-09-03T02:07:07.711Z,178840122771100
"""peelic @ vOeqrOXpLT"" checks",2026-09-03T02:07:02.756Z,178840122275600
"""Stevo @ kI2bCqDOyl"" checks",2026-09-03T02:07:01.886Z,178840122188600
"""Jonah @ xrBY5OZYCv"" checks",2026-09-03T02:06:58.732Z,178840121873200
"Turn: 4♠, 7♠, K♦ [9♠]",2026-09-03T02:06:56.493Z,178840121649300
"""arash @ RYnRljE1SO"" checks",2026-09-03T02:06:55.688Z,178840121568800
"""peelic @ vOeqrOXpLT"" checks",2026-09-03T02:06:52.805Z,178840121280500
"""Stevo @ kI2bCqDOyl"" checks",2026-09-03T02:06:51.911Z,178840121191100
"""Jonah @ xrBY5OZYCv"" checks",2026-09-03T02:06:50.927Z,178840121092700
"Flop:  [4♠, 7♠, K♦]",2026-09-03T02:06:49.371Z,178840120937100
"""Stevo @ kI2bCqDOyl"" checks",2026-09-03T02:06:48.536Z,178840120853600
"""Jonah @ xrBY5OZYCv"" calls 20",2026-09-03T02:06:47.498Z,178840120749800
"""arash @ RYnRljE1SO"" calls 20",2026-09-03T02:06:46.639Z,178840120663900
"""Spenny @ S8ENkJ8OQS"" folds",2026-09-03T02:06:40.144Z,178840120014400
"""peelic @ vOeqrOXpLT"" calls 20",2026-09-03T02:06:35.961Z,178840119596100
"""Stevo @ kI2bCqDOyl"" posts a big blind of 20",2026-09-03T02:06:35.165Z,178840119516508
"""Jonah @ xrBY5OZYCv"" posts a small blind of 10",2026-09-03T02:06:35.165Z,178840119516507
"Your hand is J♥, A♦",2026-09-03T02:06:35.165Z,178840119516503
"Player stacks: #2 ""Jonah @ xrBY5OZYCv"" (1273) | #3 ""Stevo @ kI2bCqDOyl"" (2255) | #5 ""peelic @ vOeqrOXpLT"" (744) | #7 ""Spenny @ S8ENkJ8OQS"" (1088) | #10 ""arash @ RYnRljE1SO"" (1640)",2026-09-03T02:06:35.165Z,178840119516501
"-- starting hand #89 (id: 68ls2nfrmoqp)  No Limit Texas Hold'em (dealer: ""arash @ RYnRljE1SO"") --",2026-09-03T02:06:35.165Z,178840119516500
"-- ending hand #88 --",2026-09-03T02:06:29.216Z,178840118921602
"""peelic @ vOeqrOXpLT"" collected 60 from pot",2026-09-03T02:06:29.216Z,178840118921601
"Uncalled bet of 54 returned to ""peelic @ vOeqrOXpLT""",2026-09-03T02:06:29.216Z,178840118921600
"""Jonah @ xrBY5OZYCv"" folds",2026-09-03T02:06:28.404Z,178840118840400
"""arash @ RYnRljE1SO"" folds",2026-09-03T02:06:27.538Z,178840118753800
"""peelic @ vOeqrOXpLT"" bets 54",2026-09-03T02:06:21.540Z,178840118154000
"""Jonah @ xrBY5OZYCv"" checks",2026-09-03T02:06:16.344Z,178840117634400
"""arash @ RYnRljE1SO"" checks",2026-09-03T02:06:13.005Z,178840117300500
"Turn: J♦, 4♠, 3♠ [A♠]",2026-09-03T02:06:10.259Z,178840117025900
"""peelic @ vOeqrOXpLT"" checks",2026-09-03T02:06:09.391Z,178840116939100
"""Jonah @ xrBY5OZYCv"" checks",2026-09-03T02:06:03.981Z,178840116398100
"""arash @ RYnRljE1SO"" checks",2026-09-03T02:06:02.991Z,178840116299100
"Flop:  [J♦, 4♠, 3♠]",2026-09-03T02:05:58.465Z,178840115846500
"""Jonah @ xrBY5OZYCv"" checks",2026-09-03T02:05:57.612Z,178840115761200
"""arash @ RYnRljE1SO"" calls 20",2026-09-03T02:05:56.688Z,178840115668800
"""Spenny @ S8ENkJ8OQS"" folds",2026-09-03T02:05:55.748Z,178840115574800
"""peelic @ vOeqrOXpLT"" calls 20",2026-09-03T02:05:53.864Z,178840115386400
"""Stevo @ kI2bCqDOyl"" folds",2026-09-03T02:05:52.386Z,178840115238609
"""Jonah @ xrBY5OZYCv"" posts a big blind of 20",2026-09-03T02:05:52.386Z,178840115238608
"""arash @ RYnRljE1SO"" posts a small blind of 10",2026-09-03T02:05:52.386Z,178840115238607
"Your hand is 3♥, 4♣",2026-09-03T02:05:52.386Z,178840115238603
"Player stacks: #2 ""Jonah @ xrBY5OZYCv"" (1293) | #3 ""Stevo @ kI2bCqDOyl"" (2255) | #5 ""peelic @ vOeqrOXpLT"" (704) | #7 ""Spenny @ S8ENkJ8OQS"" (1088) | #10 ""arash @ RYnRljE1SO"" (1660)",2026-09-03T02:05:52.386Z,178840115238601
"-- starting hand #88 (id: iqe5gm0cro31)  No Limit Texas Hold'em (dealer: ""Spenny @ S8ENkJ8OQS"") --",2026-09-03T02:05:52.386Z,178840115238600
"-- ending hand #87 --",2026-09-03T02:05:46.361Z,178840114636104
"""arash @ RYnRljE1SO"" collected 250 from pot with Straight, 7 High (combination: 3♦, 4♥, 5♣, 6♦, 7♥)",2026-09-03T02:05:46.361Z,178840114636103
"""Jonah @ xrBY5OZYCv"" collected 250 from pot with Straight, 7 High (combination: 3♦, 4♥, 5♣, 6♦, 7♦)",2026-09-03T02:05:46.361Z,178840114636102
"""Jonah @ xrBY5OZYCv"" shows a 6♠, 7♦.",2026-09-03T02:05:46.361Z,178840114636101
"""arash @ RYnRljE1SO"" shows a 6♣, 7♥.",2026-09-03T02:05:46.361Z,178840114636100
"""Jonah @ xrBY5OZYCv"" calls 150",2026-09-03T02:05:45.507Z,178840114550700
"""arash @ RYnRljE1SO"" raises to 150",2026-09-03T02:05:44.626Z,178840114462600
"""Jonah @ xrBY5OZYCv"" bets 23",2026-09-03T02:05:39.059Z,178840113905900
"""arash @ RYnRljE1SO"" checks",2026-09-03T02:05:35.243Z,178840113524300
"River: 3♦, 5♣, A♥, 4♥ [6♦]",2026-09-03T02:05:31.959Z,178840113195900
"""Spenny @ S8ENkJ8OQS"" folds",2026-09-03T02:05:31.135Z,178840113113500
"""peelic @ vOeqrOXpLT"" folds",2026-09-03T02:05:22.866Z,178840112286600
"""Jonah @ xrBY5OZYCv"" calls 60",2026-09-03T02:05:21.999Z,178840112199900
"""arash @ RYnRljE1SO"" bets 60",2026-09-03T02:05:19.493Z,178840111949300
"""Spenny @ S8ENkJ8OQS"" checks",2026-09-03T02:05:15.451Z,178840111545100
"Turn: 3♦, 5♣, A♥ [4♥]",2026-09-03T02:05:13.728Z,178840111372800
"""peelic @ vOeqrOXpLT"" checks",2026-09-03T02:05:12.846Z,178840111284600
"""Jonah @ xrBY5OZYCv"" checks",2026-09-03T02:05:12.006Z,178840111200600
"""arash @ RYnRljE1SO"" checks",2026-09-03T02:05:11.143Z,178840111114300
"""Spenny @ S8ENkJ8OQS"" checks",2026-09-03T02:05:06.193Z,178840110619300
"Flop:  [3♦, 5♣, A♥]",2026-09-03T02:05:03.927Z,178840110392700
"""arash @ RYnRljE1SO"" checks",2026-09-03T02:05:03.083Z,178840110308300
"""Spenny @ S8ENkJ8OQS"" calls 20",2026-09-03T02:05:00.942Z,178840110094200
"""peelic @ vOeqrOXpLT"" calls 20",2026-09-03T02:05:00.056Z,178840110005600
"""Stevo @ kI2bCqDOyl"" folds",2026-09-03T02:04:59.103Z,178840109910300
"""Jonah @ xrBY5OZYCv"" calls 20",2026-09-03T02:04:58.296Z,178840109829600
"""arash @ RYnRljE1SO"" posts a big blind of 20",2026-09-03T02:04:55.503Z,178840109550308
"""Spenny @ S8ENkJ8OQS"" posts a small blind of 10",2026-09-03T02:04:55.503Z,178840109550307
"Your hand is Q♠, 3♠",2026-09-03T02:04:55.503Z,178840109550303
"Player stacks: #2 ""Jonah @ xrBY5OZYCv"" (1273) | #3 ""Stevo @ kI2bCqDOyl"" (2255) | #5 ""peelic @ vOeqrOXpLT"" (724) | #7 ""Spenny @ S8ENkJ8OQS"" (1108) | #10 ""arash @ RYnRljE1SO"" (1640)",2026-09-03T02:04:55.503Z,178840109550301
"-- starting hand #87 (id: pkdox28onmr6)  No Limit Texas Hold'em (dealer: ""peelic @ vOeqrOXpLT"") --",2026-09-03T02:04:55.503Z,178840109550300
"-- ending hand #86 --",2026-09-03T02:04:49.587Z,178840108958702
"""Jonah @ xrBY5OZYCv"" collected 50 from pot",2026-09-03T02:04:49.587Z,178840108958701
"Uncalled bet of 23 returned to ""Jonah @ xrBY5OZYCv""",2026-09-03T02:04:49.587Z,178840108958700
"""Spenny @ S8ENkJ8OQS"" folds",2026-09-03T02:04:48.783Z,178840108878300
"""peelic @ vOeqrOXpLT"" folds",2026-09-03T02:04:44.190Z,178840108419000
"""Stevo @ kI2bCqDOyl"" folds",2026-09-03T02:04:40.739Z,178840108073900
"""Jonah @ xrBY5OZYCv"" raises to 43",2026-09-03T02:04:34.643Z,178840107464300
"""arash @ RYnRljE1SO"" folds",2026-09-03T02:04:31.769Z,178840107176900
"""Spenny @ S8ENkJ8OQS"" posts a big blind of 20",2026-09-03T02:04:29.960Z,178840106996008
"""peelic @ vOeqrOXpLT"" posts a small blind of 10",2026-09-03T02:04:29.960Z,178840106996007
"Your hand is 5♠, 7♥",2026-09-03T02:04:29.960Z,178840106996003
"Player stacks: #2 ""Jonah @ xrBY5OZYCv"" (1243) | #3 ""Stevo @ kI2bCqDOyl"" (2255) | #5 ""peelic @ vOeqrOXpLT"" (734) | #7 ""Spenny @ S8ENkJ8OQS"" (1128) | #10 ""arash @ RYnRljE1SO"" (1640)",2026-09-03T02:04:29.960Z,178840106996001
"-- starting hand #86 (id: vq4aeqgggbi4)  No Limit Texas Hold'em (dealer: ""Stevo @ kI2bCqDOyl"") --",2026-09-03T02:04:29.960Z,178840106996000
"-- ending hand #85 --",2026-09-03T02:04:23.949Z,178840106394902
"""peelic @ vOeqrOXpLT"" collected 244 from pot with A High (combination: 9♦, J♥, Q♥, K♦, A♦)",2026-09-03T02:04:23.949Z,178840106394901
"""peelic @ vOeqrOXpLT"" shows a 9♦, A♦.",2026-09-03T02:04:23.949Z,178840106394900
"""Spenny @ S8ENkJ8OQS"" checks",2026-09-03T02:04:23.139Z,178840106313900
"""peelic @ vOeqrOXpLT"" checks",2026-09-03T02:04:22.209Z,178840106220900
"River: 6♣, J♥, K♦, 2♦ [Q♥]",2026-09-03T02:04:18.947Z,178840105894700
"""Stevo @ kI2bCqDOyl"" folds",2026-09-03T02:04:18.131Z,178840105813100
"""Jonah @ xrBY5OZYCv"" folds",2026-09-03T02:04:17.175Z,178840105717500
"""arash @ RYnRljE1SO"" folds",2026-09-03T02:04:13.745Z,178840105374500
"""Spenny @ S8ENkJ8OQS"" calls 22",2026-09-03T02:04:11.254Z,178840105125400
"""peelic @ vOeqrOXpLT"" bets 22",2026-09-03T02:04:00.925Z,178840104092500
"""Stevo @ kI2bCqDOyl"" checks",2026-09-03T02:03:52.701Z,178840103270100
"Turn: 6♣, J♥, K♦ [2♦]",2026-09-03T02:03:51.382Z,178840103138200
"""Jonah @ xrBY5OZYCv"" calls 20",2026-09-03T02:03:50.567Z,178840103056700
"""arash @ RYnRljE1SO"" calls 20",2026-09-03T02:03:49.357Z,178840102935700
"""Spenny @ S8ENkJ8OQS"" calls 20",2026-09-03T02:03:47.654Z,178840102765400
"""peelic @ vOeqrOXpLT"" calls 20",2026-09-03T02:03:44.058Z,178840102405800
"""Stevo @ kI2bCqDOyl"" bets 20",2026-09-03T02:03:42.364Z,178840102236400
"Flop:  [6♣, J♥, K♦]",2026-09-03T02:03:34.901Z,178840101490100
"""peelic @ vOeqrOXpLT"" checks",2026-09-03T02:03:34.083Z,178840101408300
"""Stevo @ kI2bCqDOyl"" calls 20",2026-09-03T02:03:33.183Z,178840101318300
"""Jonah @ xrBY5OZYCv"" calls 20",2026-09-03T02:03:29.888Z,178840100988800
"""arash @ RYnRljE1SO"" calls 20",2026-09-03T02:03:28.966Z,178840100896600
"""Spenny @ S8ENkJ8OQS"" calls 20",2026-09-03T02:03:27.991Z,178840100799100
"""peelic @ vOeqrOXpLT"" posts a big blind of 20",2026-09-03T02:03:23.656Z,178840100365608
"""Stevo @ kI2bCqDOyl"" posts a small blind of 10",2026-09-03T02:03:23.656Z,178840100365607
"Your hand is J♠, 8♣",2026-09-03T02:03:23.656Z,178840100365603
"Player stacks: #2 ""Jonah @ xrBY5OZYCv"" (1283) | #3 ""Stevo @ kI2bCqDOyl"" (2295) | #5 ""peelic @ vOeqrOXpLT"" (552) | #7 ""Spenny @ S8ENkJ8OQS"" (1190) | #10 ""arash @ RYnRljE1SO"" (1680)",2026-09-03T02:03:23.656Z,178840100365601
"-- starting hand #85 (id: avqcgq6aou6b)  No Limit Texas Hold'em (dealer: ""Jonah @ xrBY5OZYCv"") --",2026-09-03T02:03:23.656Z,178840100365600
"-- ending hand #84 --",2026-09-03T02:03:17.652Z,178840099765204
"""arash @ RYnRljE1SO"" collected 70 from pot with Pair, 5's (combination: 7♥, Q♥, A♠, 5♠, 5♣)",2026-09-03T02:03:17.652Z,178840099765203
"""arash @ RYnRljE1SO"" shows a A♠, 5♠.",2026-09-03T02:03:17.652Z,178840099765202
"""peelic @ vOeqrOXpLT"" shows a K♥, 9♠.",2026-09-03T02:03:17.652Z,178840099765201
"""Stevo @ kI2bCqDOyl"" shows a 10♦, 9♣.",2026-09-03T02:03:17.652Z,178840099765200
"""arash @ RYnRljE1SO"" checks",2026-09-03T02:03:16.821Z,178840099682100
"""peelic @ vOeqrOXpLT"" checks",2026-09-03T02:03:11.409Z,178840099140900
"""Stevo @ kI2bCqDOyl"" checks",2026-09-03T02:03:06.816Z,178840098681600
"River: Q♥, 7♥, 5♣, 4♠ [2♥]",2026-09-03T02:03:06.010Z,178840098601000
"""arash @ RYnRljE1SO"" checks",2026-09-03T02:03:05.192Z,178840098519200
"""peelic @ vOeqrOXpLT"" checks",2026-09-03T02:03:04.265Z,178840098426500
"""Stevo @ kI2bCqDOyl"" checks",2026-09-03T02:03:02.424Z,178840098242400
"Turn: Q♥, 7♥, 5♣ [4♠]",2026-09-03T02:02:53.361Z,178840097336100
"""arash @ RYnRljE1SO"" checks",2026-09-03T02:02:52.480Z,178840097248000
"""peelic @ vOeqrOXpLT"" checks",2026-09-03T02:02:51.474Z,178840097147400
"""Stevo @ kI2bCqDOyl"" checks",2026-09-03T02:02:50.617Z,178840097061700
"Flop:  [Q♥, 7♥, 5♣]",2026-09-03T02:02:42.154Z,178840096215400
"""Stevo @ kI2bCqDOyl"" checks",2026-09-03T02:02:41.349Z,178840096134900
"""Jonah @ xrBY5OZYCv"" folds",2026-09-03T02:02:40.398Z,178840096039800
"""arash @ RYnRljE1SO"" calls 20",2026-09-03T02:02:39.465Z,178840095946500
"""Spenny @ S8ENkJ8OQS"" folds",2026-09-03T02:02:38.459Z,178840095845900
"""peelic @ vOeqrOXpLT"" calls 20",2026-09-03T02:02:32.786Z,178840095278600
"""Stevo @ kI2bCqDOyl"" posts a big blind of 20",2026-09-03T02:02:31.546Z,178840095154608
"""Jonah @ xrBY5OZYCv"" posts a small blind of 10",2026-09-03T02:02:31.546Z,178840095154607
"Your hand is 10♦, 9♣",2026-09-03T02:02:31.546Z,178840095154603
"Player stacks: #2 ""Jonah @ xrBY5OZYCv"" (1293) | #3 ""Stevo @ kI2bCqDOyl"" (2315) | #5 ""peelic @ vOeqrOXpLT"" (572) | #7 ""Spenny @ S8ENkJ8OQS"" (1190) | #10 ""arash @ RYnRljE1SO"" (1630)",2026-09-03T02:02:31.546Z,178840095154601
"-- starting hand #84 (id: 0aa67glaubty)  No Limit Texas Hold'em (dealer: ""arash @ RYnRljE1SO"") --",2026-09-03T02:02:31.546Z,178840095154600
"-- ending hand #83 --",2026-09-03T02:02:28.546Z,178840094854602
"""Jonah @ xrBY5OZYCv"" collected 140 from pot",2026-09-03T02:02:28.546Z,178840094854601
"Uncalled bet of 23 returned to ""Jonah @ xrBY5OZYCv""",2026-09-03T02:02:28.546Z,178840094854600
"""arash @ RYnRljE1SO"" folds",2026-09-03T02:02:27.711Z,178840094771100
"""peelic @ vOeqrOXpLT"" folds",2026-09-03T02:02:20.714Z,178840094071400
"""Jonah @ xrBY5OZYCv"" bets 23",2026-09-03T02:02:13.758Z,178840093375800
"""arash @ RYnRljE1SO"" checks",2026-09-03T02:02:07.415Z,178840092741500
"River: A♥, 9♠, 8♦, J♣ [6♣]",2026-09-03T02:01:59.260Z,178840091926000
"""arash @ RYnRljE1SO"" calls 20",2026-09-03T02:01:58.357Z,178840091835700
"""peelic @ vOeqrOXpLT"" calls 20",2026-09-03T02:01:55.092Z,178840091509200
"""Stevo @ kI2bCqDOyl"" folds",2026-09-03T02:01:51.937Z,178840091193700
"""Jonah @ xrBY5OZYCv"" bets 20",2026-09-03T02:01:48.100Z,178840090810000
"""arash @ RYnRljE1SO"" checks",2026-09-03T02:01:45.856Z,178840090585600
"Turn: A♥, 9♠, 8♦ [J♣]",2026-09-03T02:01:39.105Z,178840089910500
"""peelic @ vOeqrOXpLT"" checks",2026-09-03T02:01:38.290Z,178840089829000
"""Stevo @ kI2bCqDOyl"" checks",2026-09-03T02:01:37.446Z,178840089744600
"""Jonah @ xrBY5OZYCv"" checks",2026-09-03T02:01:36.492Z,178840089649200
"""arash @ RYnRljE1SO"" checks",2026-09-03T02:01:35.531Z,178840089553100
"Flop:  [A♥, 9♠, 8♦]",2026-09-03T02:01:26.885Z,178840088688500
"""Jonah @ xrBY5OZYCv"" checks",2026-09-03T02:01:26.047Z,178840088604700
"""arash @ RYnRljE1SO"" calls 20",2026-09-03T02:01:25.112Z,178840088511200
"""Spenny @ S8ENkJ8OQS"" folds",2026-09-03T02:01:24.170Z,178840088417000
"""peelic @ vOeqrOXpLT"" calls 20",2026-09-03T02:01:23.235Z,178840088323500
"""Stevo @ kI2bCqDOyl"" calls 20",2026-09-03T02:01:22.346Z,178840088234600
"""Jonah @ xrBY5OZYCv"" posts a big blind of 20",2026-09-03T02:01:19.281Z,178840087928108
"""arash @ RYnRljE1SO"" posts a small blind of 10",2026-09-03T02:01:19.281Z,178840087928107
"Your hand is 3♦, 4♦",2026-09-03T02:01:19.281Z,178840087928103
"Player stacks: #2 ""Jonah @ xrBY5OZYCv"" (1193) | #3 ""Stevo @ kI2bCqDOyl"" (2335) | #5 ""peelic @ vOeqrOXpLT"" (612) | #7 ""Spenny @ S8ENkJ8OQS"" (1190) | #10 ""arash @ RYnRljE1SO"" (1670)",2026-09-03T02:01:19.281Z,178840087928101
"-- starting hand #83 (id: 2bauefxv79kx)  No Limit Texas Hold'em (dealer: ""Spenny @ S8ENkJ8OQS"") --",2026-09-03T02:01:19.281Z,178840087928100
"-- ending hand #82 --",2026-09-03T02:01:13.275Z,178840087327504
"""peelic @ vOeqrOXpLT"" collected 192 from pot with Two Pair, K's & 9's (combination: 6♠, 9♥, 9♣, K♣, K♠)",2026-09-03T02:01:13.275Z,178840087327503
"""Jonah @ xrBY5OZYCv"" collected 193 from pot with Two Pair, K's & 9's (combination: 6♠, 9♥, 9♣, K♥, K♠)",2026-09-03T02:01:13.275Z,178840087327502
"""peelic @ vOeqrOXpLT"" shows a 6♣, K♣.",2026-09-03T02:01:13.275Z,178840087327501
"""Jonah @ xrBY5OZYCv"" shows a K♥, 4♦.",2026-09-03T02:01:13.275Z,178840087327500
"""peelic @ vOeqrOXpLT"" calls 80",2026-09-03T02:01:12.463Z,178840087246300
"""Jonah @ xrBY5OZYCv"" bets 80",2026-09-03T02:01:02.682Z,178840086268200
"River: 9♥, 6♠, 9♣, K♠ [4♠]",2026-09-03T02:00:59.351Z,178840085935100
"""arash @ RYnRljE1SO"" folds",2026-09-03T02:00:58.514Z,178840085851400
"""peelic @ vOeqrOXpLT"" calls 40",2026-09-03T02:00:53.571Z,178840085357100
"""Jonah @ xrBY5OZYCv"" bets 40",2026-09-03T02:00:50.055Z,178840085005500
"""arash @ RYnRljE1SO"" checks",2026-09-03T02:00:46.891Z,178840084689100
"Turn: 9♥, 6♠, 9♣ [K♠]",2026-09-03T02:00:43.511Z,178840084351100
"""peelic @ vOeqrOXpLT"" checks",2026-09-03T02:00:42.638Z,178840084263800
"""Jonah @ xrBY5OZYCv"" checks",2026-09-03T02:00:41.495Z,178840084149500
"""arash @ RYnRljE1SO"" checks",2026-09-03T02:00:39.132Z,178840083913200
"Flop:  [9♥, 6♠, 9♣]",2026-09-03T02:00:36.777Z,178840083677700
"""arash @ RYnRljE1SO"" calls 45",2026-09-03T02:00:35.911Z,178840083591100
"""Spenny @ S8ENkJ8OQS"" folds",2026-09-03T02:00:32.961Z,178840083296100
"""peelic @ vOeqrOXpLT"" calls 45",2026-09-03T02:00:26.925Z,178840082692500
"""Stevo @ kI2bCqDOyl"" folds",2026-09-03T02:00:17.933Z,178840081793300
"""Jonah @ xrBY5OZYCv"" raises to 45",2026-09-03T02:00:09.860Z,178840080986000
"""arash @ RYnRljE1SO"" posts a big blind of 20",2026-09-03T02:00:05.876Z,178840080587608
"""Spenny @ S8ENkJ8OQS"" posts a small blind of 10",2026-09-03T02:00:05.876Z,178840080587607
"Your hand is 7♠, J♥",2026-09-03T02:00:05.876Z,178840080587603
"Player stacks: #2 ""Jonah @ xrBY5OZYCv"" (1165) | #3 ""Stevo @ kI2bCqDOyl"" (2335) | #5 ""peelic @ vOeqrOXpLT"" (585) | #7 ""Spenny @ S8ENkJ8OQS"" (1200) | #10 ""arash @ RYnRljE1SO"" (1715)",2026-09-03T02:00:05.876Z,178840080587601
"-- starting hand #82 (id: nfolisqurmqd)  No Limit Texas Hold'em (dealer: ""peelic @ vOeqrOXpLT"") --",2026-09-03T02:00:05.876Z,178840080587600
"-- ending hand #81 --",2026-09-03T01:59:59.778Z,178840079977803
"""Spenny @ S8ENkJ8OQS"" collected 140 from pot with Pair, J's (combination: 6♣, 8♠, Q♣, J♣, J♠)",2026-09-03T01:59:59.778Z,178840079977802
"""Spenny @ S8ENkJ8OQS"" shows a 3♠, J♣.",2026-09-03T01:59:59.778Z,178840079977801
"""peelic @ vOeqrOXpLT"" shows a 5♦, 5♣.",2026-09-03T01:59:59.778Z,178840079977800
"""arash @ RYnRljE1SO"" checks",2026-09-03T01:59:58.971Z,178840079897100
"""Spenny @ S8ENkJ8OQS"" checks",2026-09-03T01:59:58.034Z,178840079803400
"""peelic @ vOeqrOXpLT"" checks",2026-09-03T01:59:51.301Z,178840079130100
"River: 6♣, Q♣, J♠, 4♦ [8♠]",2026-09-03T01:59:49.407Z,178840078940700
"""peelic @ vOeqrOXpLT"" calls 20",2026-09-03T01:59:48.567Z,178840078856700
"""Jonah @ xrBY5OZYCv"" folds",2026-09-03T01:59:44.689Z,178840078468900
"""arash @ RYnRljE1SO"" calls 20",2026-09-03T01:59:43.568Z,178840078356800
"""Spenny @ S8ENkJ8OQS"" bets 20",2026-09-03T01:59:40.602Z,178840078060200
"""peelic @ vOeqrOXpLT"" checks",2026-09-03T01:59:37.842Z,178840077784200
"Turn: 6♣, Q♣, J♠ [4♦]",2026-09-03T01:59:34.048Z,178840077404800
"""Jonah @ xrBY5OZYCv"" checks",2026-09-03T01:59:33.241Z,178840077324100
"""arash @ RYnRljE1SO"" checks",2026-09-03T01:59:32.384Z,178840077238400
"""Spenny @ S8ENkJ8OQS"" checks",2026-09-03T01:59:26.710Z,178840076671000
"""peelic @ vOeqrOXpLT"" checks",2026-09-03T01:59:23.826Z,178840076382600
"Flop:  [6♣, Q♣, J♠]",2026-09-03T01:59:21.395Z,178840076139500
"""Spenny @ S8ENkJ8OQS"" checks",2026-09-03T01:59:20.520Z,178840076052000
"""peelic @ vOeqrOXpLT"" calls 20",2026-09-03T01:59:19.629Z,178840075962900
"""Stevo @ kI2bCqDOyl"" folds",2026-09-03T01:59:18.753Z,178840075875300
"""Jonah @ xrBY5OZYCv"" calls 20",2026-09-03T01:59:09.643Z,178840074964300
"""arash @ RYnRljE1SO"" calls 20",2026-09-03T01:59:08.733Z,178840074873300
"""Spenny @ S8ENkJ8OQS"" posts a big blind of 20",2026-09-03T01:59:06.977Z,178840074697708
"""peelic @ vOeqrOXpLT"" posts a small blind of 10",2026-09-03T01:59:06.977Z,178840074697707
"Your hand is 6♠, 2♣",2026-09-03T01:59:06.977Z,178840074697703
"Player stacks: #2 ""Jonah @ xrBY5OZYCv"" (1185) | #3 ""Stevo @ kI2bCqDOyl"" (2335) | #5 ""peelic @ vOeqrOXpLT"" (625) | #7 ""Spenny @ S8ENkJ8OQS"" (1100) | #10 ""arash @ RYnRljE1SO"" (1755)",2026-09-03T01:59:06.977Z,178840074697701
"-- starting hand #81 (id: buqsnfd0ys26)  No Limit Texas Hold'em (dealer: ""Stevo @ kI2bCqDOyl"") --",2026-09-03T01:59:06.977Z,178840074697700
"-- ending hand #80 --",2026-09-03T01:59:03.980Z,178840074398002
"""arash @ RYnRljE1SO"" collected 70 from pot",2026-09-03T01:59:03.980Z,178840074398001
"Uncalled bet of 80 returned to ""arash @ RYnRljE1SO""",2026-09-03T01:59:03.980Z,178840074398000
"""Spenny @ S8ENkJ8OQS"" folds",2026-09-03T01:59:03.107Z,178840074310700
"""peelic @ vOeqrOXpLT"" folds",2026-09-03T01:58:58.100Z,178840073810000
"""arash @ RYnRljE1SO"" bets 80",2026-09-03T01:58:52.385Z,178840073238500
"""Spenny @ S8ENkJ8OQS"" checks",2026-09-03T01:58:47.143Z,178840072714300
"""peelic @ vOeqrOXpLT"" checks",2026-09-03T01:58:42.287Z,178840072228700
"River: 2♦, 10♣, 3♠, 4♠ [A♠]",2026-09-03T01:58:40.099Z,178840072009900
"""arash @ RYnRljE1SO"" checks",2026-09-03T01:58:39.265Z,178840071926500
"""Spenny @ S8ENkJ8OQS"" checks",2026-09-03T01:58:38.318Z,178840071831800
"""peelic @ vOeqrOXpLT"" checks",2026-09-03T01:58:35.120Z,178840071512000
"Turn: 2♦, 10♣, 3♠ [4♠]",2026-09-03T01:58:33.695Z,178840071369500
"""arash @ RYnRljE1SO"" checks",2026-09-03T01:58:32.808Z,178840071280800
"""Spenny @ S8ENkJ8OQS"" checks",2026-09-03T01:58:31.881Z,178840071188100
"""peelic @ vOeqrOXpLT"" checks",2026-09-03T01:58:27.914Z,178840070791400
"Flop:  [2♦, 10♣, 3♠]",2026-09-03T01:58:23.795Z,178840070379500
"""peelic @ vOeqrOXpLT"" checks",2026-09-03T01:58:22.978Z,178840070297800
"""Stevo @ kI2bCqDOyl"" folds",2026-09-03T01:58:22.099Z,178840070209900
"""Jonah @ xrBY5OZYCv"" folds",2026-09-03T01:58:21.136Z,178840070113600
"""arash @ RYnRljE1SO"" calls 20",2026-09-03T01:58:20.273Z,178840070027300
"""Spenny @ S8ENkJ8OQS"" calls 20",2026-09-03T01:58:19.351Z,178840069935100
"""peelic @ vOeqrOXpLT"" posts a big blind of 20",2026-09-03T01:58:16.316Z,178840069631608
"""Stevo @ kI2bCqDOyl"" posts a small blind of 10",2026-09-03T01:58:16.316Z,178840069631607
"Your hand is Q♥, 3♣",2026-09-03T01:58:16.316Z,178840069631603
"Player stacks: #2 ""Jonah @ xrBY5OZYCv"" (1185) | #3 ""Stevo @ kI2bCqDOyl"" (2345) | #5 ""peelic @ vOeqrOXpLT"" (645) | #7 ""Spenny @ S8ENkJ8OQS"" (1120) | #10 ""arash @ RYnRljE1SO"" (1705)",2026-09-03T01:58:16.316Z,178840069631601
"-- starting hand #80 (id: ewafr53iwwbz)  No Limit Texas Hold'em (dealer: ""Jonah @ xrBY5OZYCv"") --",2026-09-03T01:58:16.316Z,178840069631600
"-- ending hand #79 --",2026-09-03T01:58:10.285Z,178840069028502
"""arash @ RYnRljE1SO"" collected 380 from pot with Flush, A High (combination: 6♣, 8♣, 10♣, K♣, A♣)",2026-09-03T01:58:10.285Z,178840069028501
"""arash @ RYnRljE1SO"" shows a K♣, 10♣.",2026-09-03T01:58:10.285Z,178840069028500
"""peelic @ vOeqrOXpLT"" calls 75",2026-09-03T01:58:09.400Z,178840068940000
"""Stevo @ kI2bCqDOyl"" calls 75",2026-09-03T01:58:01.735Z,178840068173500
"""Jonah @ xrBY5OZYCv"" calls 75",2026-09-03T01:57:54.648Z,178840067464800
"""arash @ RYnRljE1SO"" raises to 75",2026-09-03T01:57:53.077Z,178840067307700
"""peelic @ vOeqrOXpLT"" calls 20",2026-09-03T01:57:48.550Z,178840066855000
"""Stevo @ kI2bCqDOyl"" bets 20",2026-09-03T01:57:41.142Z,178840066114200
"""Jonah @ xrBY5OZYCv"" checks",2026-09-03T01:57:34.247Z,178840065424700
"River: 5♦, 6♣, 5♣, 8♣ [A♣]",2026-09-03T01:57:30.083Z,178840065008300
"""arash @ RYnRljE1SO"" checks",2026-09-03T01:57:29.208Z,178840064920800
"""peelic @ vOeqrOXpLT"" checks",2026-09-03T01:57:28.232Z,178840064823200
"""Stevo @ kI2bCqDOyl"" checks",2026-09-03T01:57:22.856Z,178840064285600
"""Jonah @ xrBY5OZYCv"" checks",2026-09-03T01:57:13.243Z,178840063324300
"Turn: 5♦, 6♣, 5♣ [8♣]",2026-09-03T01:57:09.737Z,178840062973700
"""arash @ RYnRljE1SO"" checks",2026-09-03T01:57:08.888Z,178840062888800
"""peelic @ vOeqrOXpLT"" checks",2026-09-03T01:57:07.967Z,178840062796700
"""Stevo @ kI2bCqDOyl"" checks",2026-09-03T01:56:59.169Z,178840061916900
"""Jonah @ xrBY5OZYCv"" checks",2026-09-03T01:56:49.295Z,178840060929500
"Flop:  [5♦, 6♣, 5♣]",2026-09-03T01:56:47.646Z,178840060764600
"""Stevo @ kI2bCqDOyl"" checks",2026-09-03T01:56:46.768Z,178840060676800
"""Jonah @ xrBY5OZYCv"" calls 20",2026-09-03T01:56:45.782Z,178840060578200
"""arash @ RYnRljE1SO"" calls 20",2026-09-03T01:56:43.927Z,178840060392700
"""Spenny @ S8ENkJ8OQS"" folds",2026-09-03T01:56:42.961Z,178840060296100
"""peelic @ vOeqrOXpLT"" calls 20",2026-09-03T01:56:38.917Z,178840059891700
"""Stevo @ kI2bCqDOyl"" posts a big blind of 20",2026-09-03T01:56:36.608Z,178840059660808
"""Jonah @ xrBY5OZYCv"" posts a small blind of 10",2026-09-03T01:56:36.608Z,178840059660807
"Your hand is 2♦, A♦",2026-09-03T01:56:36.608Z,178840059660803
"Player stacks: #2 ""Jonah @ xrBY5OZYCv"" (1280) | #3 ""Stevo @ kI2bCqDOyl"" (2440) | #5 ""peelic @ vOeqrOXpLT"" (740) | #7 ""Spenny @ S8ENkJ8OQS"" (1120) | #10 ""arash @ RYnRljE1SO"" (1420)",2026-09-03T01:56:36.608Z,178840059660801
"-- starting hand #79 (id: k3errrcmajrr)  No Limit Texas Hold'em (dealer: ""arash @ RYnRljE1SO"") --",2026-09-03T01:56:36.608Z,178840059660800
"""Stevo @ kI2bCqDOyl"" shows a 3♠, 3♣.",2026-09-03T01:56:34.980Z,178840059498000
"-- ending hand #78 --",2026-09-03T01:56:30.017Z,178840059001703
"""peelic @ vOeqrOXpLT"" collected 60 from pot with A High (combination: 7♥, 8♦, 9♦, K♠, A♣)",2026-09-03T01:56:30.017Z,178840059001702
"""peelic @ vOeqrOXpLT"" shows a K♠, 7♥.",2026-09-03T01:56:30.017Z,178840059001701
"""arash @ RYnRljE1SO"" shows a 6♦, K♣.",2026-09-03T01:56:30.017Z,178840059001700
"""peelic @ vOeqrOXpLT"" checks",2026-09-03T01:56:29.155Z,178840058915500
"""Jonah @ xrBY5OZYCv"" checks",2026-09-03T01:56:26.885Z,178840058688500
"""arash @ RYnRljE1SO"" checks",2026-09-03T01:56:25.634Z,178840058563400
"River: 3♥, A♣, 9♦, 8♦ [2♥]",2026-09-03T01:56:17.864Z,178840057786400
"""peelic @ vOeqrOXpLT"" checks",2026-09-03T01:56:17.058Z,178840057705800
"""Jonah @ xrBY5OZYCv"" checks",2026-09-03T01:56:14.617Z,178840057461700
"""arash @ RYnRljE1SO"" checks",2026-09-03T01:56:12.427Z,178840057242700
"Turn: 3♥, A♣, 9♦ [8♦]",2026-09-03T01:56:10.827Z,178840057082700
"""peelic @ vOeqrOXpLT"" checks",2026-09-03T01:56:10.022Z,178840057002200
"""Jonah @ xrBY5OZYCv"" checks",2026-09-03T01:56:06.782Z,178840056678200
"""arash @ RYnRljE1SO"" checks",2026-09-03T01:56:05.513Z,178840056551300
"Flop:  [3♥, A♣, 9♦]",2026-09-03T01:56:03.795Z,178840056379500
"""Jonah @ xrBY5OZYCv"" checks",2026-09-03T01:56:02.875Z,178840056287500
"""arash @ RYnRljE1SO"" calls 20",2026-09-03T01:56:01.824Z,178840056182400
"""Spenny @ S8ENkJ8OQS"" folds",2026-09-03T01:56:00.827Z,178840056082700
"""peelic @ vOeqrOXpLT"" calls 20",2026-09-03T01:55:59.898Z,178840055989800
"""Stevo @ kI2bCqDOyl"" folds",2026-09-03T01:55:50.358Z,178840055035809
"""Jonah @ xrBY5OZYCv"" posts a big blind of 20",2026-09-03T01:55:50.358Z,178840055035808
"""arash @ RYnRljE1SO"" posts a small blind of 10",2026-09-03T01:55:50.358Z,178840055035807
"Your hand is 3♠, 3♣",2026-09-03T01:55:50.358Z,178840055035803
"Player stacks: #2 ""Jonah @ xrBY5OZYCv"" (1300) | #3 ""Stevo @ kI2bCqDOyl"" (2440) | #5 ""peelic @ vOeqrOXpLT"" (700) | #7 ""Spenny @ S8ENkJ8OQS"" (1120) | #10 ""arash @ RYnRljE1SO"" (1440)",2026-09-03T01:55:50.358Z,178840055035801
"-- starting hand #78 (id: bbtw8byapy0q)  No Limit Texas Hold'em (dealer: ""Spenny @ S8ENkJ8OQS"") --",2026-09-03T01:55:50.358Z,178840055035800
"-- ending hand #77 --",2026-09-03T01:55:44.313Z,178840054431302
"""arash @ RYnRljE1SO"" collected 240 from pot with Two Pair, Q's & 4's (combination: K♣, 4♦, 4♥, Q♦, Q♥)",2026-09-03T01:55:44.313Z,178840054431301
"""arash @ RYnRljE1SO"" shows a Q♦, 4♦.",2026-09-03T01:55:44.313Z,178840054431300
"""Spenny @ S8ENkJ8OQS"" folds",2026-09-03T01:55:43.482Z,178840054348200
"""peelic @ vOeqrOXpLT"" folds",2026-09-03T01:55:33.925Z,178840053392500
"""Jonah @ xrBY5OZYCv"" calls 80",2026-09-03T01:55:33.022Z,178840053302200
"""arash @ RYnRljE1SO"" bets 80",2026-09-03T01:55:24.280Z,178840052428000
"""Spenny @ S8ENkJ8OQS"" checks",2026-09-03T01:55:19.569Z,178840051956900
"River: 6♠, 2♠, K♣, Q♥ [4♥]",2026-09-03T01:55:18.922Z,178840051892200
"""peelic @ vOeqrOXpLT"" checks",2026-09-03T01:55:18.011Z,178840051801100
"""Jonah @ xrBY5OZYCv"" checks",2026-09-03T01:55:10.561Z,178840051056100
"""arash @ RYnRljE1SO"" checks",2026-09-03T01:55:09.634Z,178840050963400
"""Spenny @ S8ENkJ8OQS"" checks",2026-09-03T01:55:04.932Z,178840050493200
"Turn: 6♠, 2♠, K♣ [Q♥]",2026-09-03T01:55:03.325Z,178840050332500
"""peelic @ vOeqrOXpLT"" checks",2026-09-03T01:55:02.413Z,178840050241300
"""Jonah @ xrBY5OZYCv"" checks",2026-09-03T01:54:59.511Z,178840049951100
"""arash @ RYnRljE1SO"" checks",2026-09-03T01:54:58.610Z,178840049861000
"""Spenny @ S8ENkJ8OQS"" checks",2026-09-03T01:54:57.496Z,178840049749600
"Flop:  [6♠, 2♠, K♣]",2026-09-03T01:54:54.307Z,178840049430700
"""arash @ RYnRljE1SO"" checks",2026-09-03T01:54:53.470Z,178840049347000
"""Spenny @ S8ENkJ8OQS"" calls 20",2026-09-03T01:54:52.532Z,178840049253200
"""peelic @ vOeqrOXpLT"" calls 20",2026-09-03T01:54:51.594Z,178840049159400
"""Stevo @ kI2bCqDOyl"" folds",2026-09-03T01:54:50.713Z,178840049071300
"""Jonah @ xrBY5OZYCv"" calls 20",2026-09-03T01:54:41.094Z,178840048109400
"""arash @ RYnRljE1SO"" posts a big blind of 20",2026-09-03T01:54:39.354Z,178840047935408
"""Spenny @ S8ENkJ8OQS"" posts a small blind of 10",2026-09-03T01:54:39.354Z,178840047935407
"Your hand is 3♦, 9♥",2026-09-03T01:54:39.354Z,178840047935403
"Player stacks: #2 ""Jonah @ xrBY5OZYCv"" (1400) | #3 ""Stevo @ kI2bCqDOyl"" (2440) | #5 ""peelic @ vOeqrOXpLT"" (720) | #7 ""Spenny @ S8ENkJ8OQS"" (1140) | #10 ""arash @ RYnRljE1SO"" (1300)",2026-09-03T01:54:39.354Z,178840047935401
"-- starting hand #77 (id: 3c9ikktjyekb)  No Limit Texas Hold'em (dealer: ""peelic @ vOeqrOXpLT"") --",2026-09-03T01:54:39.354Z,178840047935400
"-- ending hand #76 --",2026-09-03T01:54:33.348Z,178840047334802
"""Spenny @ S8ENkJ8OQS"" collected 240 from pot with Pair, Q's (combination: 9♦, J♠, A♠, Q♠, Q♥)",2026-09-03T01:54:33.348Z,178840047334801
"""Spenny @ S8ENkJ8OQS"" shows a A♠, Q♠.",2026-09-03T01:54:33.348Z,178840047334800
"""arash @ RYnRljE1SO"" calls 20",2026-09-03T01:54:32.533Z,178840047253300
"""Spenny @ S8ENkJ8OQS"" bets 20",2026-09-03T01:54:31.411Z,178840047141100
"River: 9♦, J♠, 8♠, 5♦ [Q♥]",2026-09-03T01:54:27.346Z,178840046734600
"""peelic @ vOeqrOXpLT"" folds",2026-09-03T01:54:26.526Z,178840046652600
"""arash @ RYnRljE1SO"" calls 40",2026-09-03T01:54:19.623Z,178840045962300
"""Spenny @ S8ENkJ8OQS"" bets 40",2026-09-03T01:54:17.876Z,178840045787600
"""peelic @ vOeqrOXpLT"" checks",2026-09-03T01:54:12.348Z,178840045234800
"Turn: 9♦, J♠, 8♠ [5♦]",2026-09-03T01:54:09.384Z,178840044938400
"""peelic @ vOeqrOXpLT"" calls 20",2026-09-03T01:54:08.572Z,178840044857200
"""arash @ RYnRljE1SO"" calls 20",2026-09-03T01:54:04.461Z,178840044446100
"""Spenny @ S8ENkJ8OQS"" bets 20",2026-09-03T01:54:03.292Z,178840044329200
"""peelic @ vOeqrOXpLT"" checks",2026-09-03T01:54:00.625Z,178840044062500
"Flop:  [9♦, J♠, 8♠]",2026-09-03T01:53:58.684Z,178840043868400
"""Spenny @ S8ENkJ8OQS"" checks",2026-09-03T01:53:57.846Z,178840043784600
"""peelic @ vOeqrOXpLT"" calls 20",2026-09-03T01:53:55.630Z,178840043563000
"""Stevo @ kI2bCqDOyl"" folds",2026-09-03T01:53:54.734Z,178840043473400
"""Jonah @ xrBY5OZYCv"" folds",2026-09-03T01:53:53.746Z,178840043374600
"""arash @ RYnRljE1SO"" calls 20",2026-09-03T01:53:52.896Z,178840043289600
"""Spenny @ S8ENkJ8OQS"" posts a big blind of 20",2026-09-03T01:53:50.798Z,178840043079808
"""peelic @ vOeqrOXpLT"" posts a small blind of 10",2026-09-03T01:53:50.798Z,178840043079807
"Your hand is 4♠, 6♥",2026-09-03T01:53:50.798Z,178840043079803
"Player stacks: #2 ""Jonah @ xrBY5OZYCv"" (1400) | #3 ""Stevo @ kI2bCqDOyl"" (2440) | #5 ""peelic @ vOeqrOXpLT"" (760) | #7 ""Spenny @ S8ENkJ8OQS"" (1000) | #10 ""arash @ RYnRljE1SO"" (1400)",2026-09-03T01:53:50.798Z,178840043079801
"-- starting hand #76 (id: 9m1y2mdnfumd)  No Limit Texas Hold'em (dealer: ""Stevo @ kI2bCqDOyl"") --",2026-09-03T01:53:50.798Z,178840043079800
"-- ending hand #75 --",2026-09-03T01:53:44.874Z,178840042487402
"""Jonah @ xrBY5OZYCv"" collected 60 from pot",2026-09-03T01:53:44.874Z,178840042487401
"Uncalled bet of 40 returned to ""Jonah @ xrBY5OZYCv""",2026-09-03T01:53:44.874Z,178840042487400
"""peelic @ vOeqrOXpLT"" folds",2026-09-03T01:53:44.047Z,178840042404700
"""Stevo @ kI2bCqDOyl"" folds",2026-09-03T01:53:37.789Z,178840041778900
"""Jonah @ xrBY5OZYCv"" bets 40",2026-09-03T01:53:33.124Z,178840041312400
"""peelic @ vOeqrOXpLT"" checks",2026-09-03T01:53:30.102Z,178840041010200
"""Stevo @ kI2bCqDOyl"" checks",2026-09-03T01:53:27.123Z,178840040712300
"Flop:  [A♥, 4♥, 2♥]",2026-09-03T01:53:22.813Z,178840040281300
"""peelic @ vOeqrOXpLT"" checks",2026-09-03T01:53:21.983Z,178840040198300
"""Stevo @ kI2bCqDOyl"" calls 20",2026-09-03T01:53:21.133Z,178840040113300
"""Jonah @ xrBY5OZYCv"" calls 20",2026-09-03T01:53:17.679Z,178840039767900
"""arash @ RYnRljE1SO"" folds",2026-09-03T01:53:16.812Z,178840039681200
"""Spenny @ S8ENkJ8OQS"" folds",2026-09-03T01:53:14.097Z,178840039409700
"""peelic @ vOeqrOXpLT"" posts a big blind of 20",2026-09-03T01:53:11.249Z,178840039124908
"""Stevo @ kI2bCqDOyl"" posts a small blind of 10",2026-09-03T01:53:11.249Z,178840039124907
"Your hand is 6♣, 10♦",2026-09-03T01:53:11.249Z,178840039124903
"Player stacks: #2 ""Jonah @ xrBY5OZYCv"" (1360) | #3 ""Stevo @ kI2bCqDOyl"" (2460) | #5 ""peelic @ vOeqrOXpLT"" (780) | #7 ""Spenny @ S8ENkJ8OQS"" (1000) | #10 ""arash @ RYnRljE1SO"" (1400)",2026-09-03T01:53:11.249Z,178840039124901
"-- starting hand #75 (id: yqipwt6zoiad)  No Limit Texas Hold'em (dealer: ""Jonah @ xrBY5OZYCv"") --",2026-09-03T01:53:11.249Z,178840039124900
"-- ending hand #74 --",2026-09-03T01:53:08.343Z,178840038834302
"""Jonah @ xrBY5OZYCv"" collected 160 from pot",2026-09-03T01:53:08.343Z,178840038834301
"Uncalled bet of 40 returned to ""Jonah @ xrBY5OZYCv""",2026-09-03T01:53:08.343Z,178840038834300
"""peelic @ vOeqrOXpLT"" folds",2026-09-03T01:53:07.512Z,178840038751200
"""Jonah @ xrBY5OZYCv"" bets 40",2026-09-03T01:53:00.405Z,178840038040500
"River: 3♥, 2♦, 7♦, 4♣ [7♣]",2026-09-03T01:52:55.373Z,178840037537300
"""arash @ RYnRljE1SO"" folds",2026-09-03T01:52:54.561Z,178840037456100
"""peelic @ vOeqrOXpLT"" calls 40",2026-09-03T01:52:48.957Z,178840036895700
"""Stevo @ kI2bCqDOyl"" folds",2026-09-03T01:52:39.873Z,178840035987300
"""Jonah @ xrBY5OZYCv"" bets 40",2026-09-03T01:52:36.275Z,178840035627500
"Turn: 3♥, 2♦, 7♦ [4♣]",2026-09-03T01:52:33.220Z,178840035322000
"""arash @ RYnRljE1SO"" checks",2026-09-03T01:52:32.399Z,178840035239900
"""peelic @ vOeqrOXpLT"" checks",2026-09-03T01:52:29.713Z,178840034971300
"""Stevo @ kI2bCqDOyl"" checks",2026-09-03T01:52:28.841Z,178840034884100
"""Jonah @ xrBY5OZYCv"" checks",2026-09-03T01:52:23.816Z,178840034381600
"Flop:  [3♥, 2♦, 7♦]",2026-09-03T01:52:22.736Z,178840034273600
"""Stevo @ kI2bCqDOyl"" checks",2026-09-03T01:52:21.897Z,178840034189700
"""Jonah @ xrBY5OZYCv"" calls 20",2026-09-03T01:52:17.022Z,178840033702200
"""arash @ RYnRljE1SO"" calls 20",2026-09-03T01:52:08.472Z,178840032847200
"""Spenny @ S8ENkJ8OQS"" folds",2026-09-03T01:52:07.532Z,178840032753200
"""peelic @ vOeqrOXpLT"" calls 20",2026-09-03T01:52:06.540Z,178840032654000
"""Stevo @ kI2bCqDOyl"" posts a big blind of 20",2026-09-03T01:51:58.169Z,178840031816909
"""Jonah @ xrBY5OZYCv"" posts a small blind of 10",2026-09-03T01:51:58.169Z,178840031816908
"Your hand is 6♣, 9♥",2026-09-03T01:51:58.169Z,178840031816904
"Player stacks: #2 ""Jonah @ xrBY5OZYCv"" (1260) | #3 ""Stevo @ kI2bCqDOyl"" (2480) | #5 ""peelic @ vOeqrOXpLT"" (840) | #7 ""Spenny @ S8ENkJ8OQS"" (1000) | #10 ""arash @ RYnRljE1SO"" (1420)",2026-09-03T01:51:58.169Z,178840031816902
"-- starting hand #74 (id: xxifjfucb5tu)  No Limit Texas Hold'em (dealer: ""arash @ RYnRljE1SO"") --",2026-09-03T01:51:58.169Z,178840031816901
"The player ""Spenny @ S8ENkJ8OQS"" joined the game with a stack of 1000.",2026-09-03T01:51:58.169Z,178840031816900
"""Stevo @ kI2bCqDOyl"" shows a 6♣, K♥.",2026-09-03T01:51:55.480Z,178840031548000
"-- ending hand #73 --",2026-09-03T01:51:54.501Z,178840031450102
"""Stevo @ kI2bCqDOyl"" collected 140 from pot",2026-09-03T01:51:54.501Z,178840031450101
"Uncalled bet of 60 returned to ""Stevo @ kI2bCqDOyl""",2026-09-03T01:51:54.501Z,178840031450100
"""Jonah @ xrBY5OZYCv"" folds",2026-09-03T01:51:53.697Z,178840031369700
"""peelic @ vOeqrOXpLT"" folds",2026-09-03T01:51:52.764Z,178840031276400
"""Stevo @ kI2bCqDOyl"" bets 60",2026-09-03T01:51:42.395Z,178840030239500
"""Jonah @ xrBY5OZYCv"" checks",2026-09-03T01:51:40.169Z,178840030016900
"River: 9♥, 3♥, 8♥, A♠ [J♥]",2026-09-03T01:51:37.552Z,178840029755200
"""peelic @ vOeqrOXpLT"" checks",2026-09-03T01:51:36.712Z,178840029671200
"""Stevo @ kI2bCqDOyl"" checks",2026-09-03T01:51:27.233Z,178840028723300
"""Jonah @ xrBY5OZYCv"" checks",2026-09-03T01:51:26.219Z,178840028621900
"Turn: 9♥, 3♥, 8♥ [A♠]",2026-09-03T01:51:23.550Z,178840028355000
"""Jonah @ xrBY5OZYCv"" calls 20",2026-09-03T01:51:22.742Z,178840028274200
"""arash @ RYnRljE1SO"" folds",2026-09-03T01:51:21.858Z,178840028185800
"""peelic @ vOeqrOXpLT"" calls 20",2026-09-03T01:51:20.932Z,178840028093200
"""Stevo @ kI2bCqDOyl"" bets 20",2026-09-03T01:51:13.726Z,178840027372600
"""Jonah @ xrBY5OZYCv"" checks",2026-09-03T01:51:07.535Z,178840026753500
"""arash @ RYnRljE1SO"" checks",2026-09-03T01:51:06.609Z,178840026660900
"Flop:  [9♥, 3♥, 8♥]",2026-09-03T01:51:04.554Z,178840026455400
"""Jonah @ xrBY5OZYCv"" checks",2026-09-03T01:51:03.741Z,178840026374100
"""arash @ RYnRljE1SO"" calls 20",2026-09-03T01:51:02.868Z,178840026286800
"""peelic @ vOeqrOXpLT"" calls 20",2026-09-03T01:51:01.929Z,178840026192900
"""Stevo @ kI2bCqDOyl"" calls 20",2026-09-03T01:50:56.506Z,178840025650600
"""Jonah @ xrBY5OZYCv"" posts a big blind of 20",2026-09-03T01:50:55.526Z,178840025552607
"""arash @ RYnRljE1SO"" posts a small blind of 10",2026-09-03T01:50:55.526Z,178840025552606
"Your hand is 6♣, K♥",2026-09-03T01:50:55.526Z,178840025552603
"Player stacks: #2 ""Jonah @ xrBY5OZYCv"" (1300) | #3 ""Stevo @ kI2bCqDOyl"" (2380) | #5 ""peelic @ vOeqrOXpLT"" (880) | #10 ""arash @ RYnRljE1SO"" (1440)",2026-09-03T01:50:55.526Z,178840025552601
"-- starting hand #73 (id: 4yc1tpdv2adv)  No Limit Texas Hold'em (dealer: ""peelic @ vOeqrOXpLT"") --",2026-09-03T01:50:55.526Z,178840025552600
"Undealt cards: 7♦, 4♦, 7♣ [7♠, 3♣]",2026-09-03T01:50:51.730Z,178840025173000
"-- ending hand #72 --",2026-09-03T01:50:49.610Z,178840024961002
"""arash @ RYnRljE1SO"" collected 200 from pot",2026-09-03T01:50:49.610Z,178840024961001
"Uncalled bet of 60 returned to ""arash @ RYnRljE1SO""",2026-09-03T01:50:49.610Z,178840024961000
"""peelic @ vOeqrOXpLT"" folds",2026-09-03T01:50:48.725Z,178840024872500
"""Stevo @ kI2bCqDOyl"" folds",2026-09-03T01:50:43.740Z,178840024374000
"""Jonah @ xrBY5OZYCv"" folds",2026-09-03T01:50:38.155Z,178840023815500
"""arash @ RYnRljE1SO"" bets 60",2026-09-03T01:50:37.260Z,178840023726000
"""peelic @ vOeqrOXpLT"" checks",2026-09-03T01:50:31.189Z,178840023118900
"Flop:  [7♦, 4♦, 7♣]",2026-09-03T01:50:21.685Z,178840022168500
"""peelic @ vOeqrOXpLT"" calls 50",2026-09-03T01:50:20.869Z,178840022086900
"""Stevo @ kI2bCqDOyl"" calls 50",2026-09-03T01:50:20.013Z,178840022001300
"""Jonah @ xrBY5OZYCv"" calls 50",2026-09-03T01:50:14.536Z,178840021453600
"""arash @ RYnRljE1SO"" raises to 50",2026-09-03T01:50:11.280Z,178840021128000
"The admin approved the player ""Spenny @ S8ENkJ8OQS"" participation with a stack of 1000.",2026-09-03T01:50:08.448Z,178840020844800
"The player ""Spenny @ S8ENkJ8OQS"" requested a seat.",2026-09-03T01:50:07.021Z,178840020702100
"""peelic @ vOeqrOXpLT"" calls 20",2026-09-03T01:50:02.900Z,178840020290000
"""Stevo @ kI2bCqDOyl"" calls 20",2026-09-03T01:49:54.207Z,178840019420700
"""Jonah @ xrBY5OZYCv"" calls 20",2026-09-03T01:49:53.262Z,178840019326200
"""arash @ RYnRljE1SO"" posts a big blind of 20",2026-09-03T01:49:52.258Z,178840019225808
"""peelic @ vOeqrOXpLT"" posts a small blind of 10",2026-09-03T01:49:52.258Z,178840019225807
"Your hand is Q♥, 9♣",2026-09-03T01:49:52.258Z,178840019225804
"Player stacks: #2 ""Jonah @ xrBY5OZYCv"" (1350) | #3 ""Stevo @ kI2bCqDOyl"" (2430) | #5 ""peelic @ vOeqrOXpLT"" (930) | #10 ""arash @ RYnRljE1SO"" (1290)",2026-09-03T01:49:52.258Z,178840019225802
"-- starting hand #72 (id: tcbzhni3fk7y)  No Limit Texas Hold'em (dealer: ""Stevo @ kI2bCqDOyl"") --",2026-09-03T01:49:52.258Z,178840019225801
"The player ""Spenny @ S8ENkJ8OQS"" quits the game with a stack of 0.",2026-09-03T01:49:52.258Z,178840019225800
"-- ending hand #71 --",2026-09-03T01:49:46.250Z,178840018625004
"""Spenny @ S8ENkJ8OQS"" shows a J♣, A♦.",2026-09-03T01:49:46.250Z,178840018625003
"""arash @ RYnRljE1SO"" collected 250 from pot with Pair, Q's (combination: 7♣, 9♣, 10♦, Q♥, Q♦)",2026-09-03T01:49:46.250Z,178840018625002
"""arash @ RYnRljE1SO"" shows a 10♦, Q♥.",2026-09-03T01:49:46.250Z,178840018625001
"Uncalled bet of 1040 returned to ""arash @ RYnRljE1SO""",2026-09-03T01:49:46.250Z,178840018625000
"""Spenny @ S8ENkJ8OQS"" calls 35 and go all in",2026-09-03T01:49:45.396Z,178840018539600
"""arash @ RYnRljE1SO"" bets 1075 and go all in",2026-09-03T01:49:39.661Z,178840017966100
"""Spenny @ S8ENkJ8OQS"" checks",2026-09-03T01:49:35.347Z,178840017534700
"River: 6♥, 7♣, Q♦, 9♣ [4♦]",2026-09-03T01:49:33.661Z,178840017366100
"""Spenny @ S8ENkJ8OQS"" calls 50",2026-09-03T01:49:32.825Z,178840017282500
"""peelic @ vOeqrOXpLT"" folds",2026-09-03T01:49:29.570Z,178840016957000
"""Stevo @ kI2bCqDOyl"" folds",2026-09-03T01:49:18.847Z,178840015884700
"""arash @ RYnRljE1SO"" bets 50",2026-09-03T01:49:17.828Z,178840015782800
"""Spenny @ S8ENkJ8OQS"" checks",2026-09-03T01:49:13.116Z,178840015311600
"""peelic @ vOeqrOXpLT"" checks",2026-09-03T01:49:08.880Z,178840014888000
"""Stevo @ kI2bCqDOyl"" checks",2026-09-03T01:48:59.690Z,178840013969000
"Turn: 6♥, 7♣, Q♦ [9♣]",2026-09-03T01:48:50.679Z,178840013067900
"""arash @ RYnRljE1SO"" checks",2026-09-03T01:48:49.872Z,178840012987200
"""Spenny @ S8ENkJ8OQS"" checks",2026-09-03T01:48:48.952Z,178840012895200
"""peelic @ vOeqrOXpLT"" checks",2026-09-03T01:48:45.644Z,178840012564400
"""Stevo @ kI2bCqDOyl"" checks",2026-09-03T01:48:38.424Z,178840011842400
"Flop:  [6♥, 7♣, Q♦]",2026-09-03T01:48:34.302Z,178840011430200
"""peelic @ vOeqrOXpLT"" checks",2026-09-03T01:48:33.497Z,178840011349700
"""Stevo @ kI2bCqDOyl"" calls 20",2026-09-03T01:48:28.044Z,178840010804400
"""Jonah @ xrBY5OZYCv"" folds",2026-09-03T01:48:23.487Z,178840010348700
"""arash @ RYnRljE1SO"" calls 20",2026-09-03T01:48:22.560Z,178840010256000
"""Spenny @ S8ENkJ8OQS"" calls 20",2026-09-03T01:48:20.348Z,178840010034800
"""peelic @ vOeqrOXpLT"" posts a big blind of 20",2026-09-03T01:48:17.250Z,178840009725008
"""Stevo @ kI2bCqDOyl"" posts a small blind of 10",2026-09-03T01:48:17.250Z,178840009725007
"Your hand is A♠, 3♠",2026-09-03T01:48:17.250Z,178840009725003
"Player stacks: #2 ""Jonah @ xrBY5OZYCv"" (1350) | #3 ""Stevo @ kI2bCqDOyl"" (2450) | #5 ""peelic @ vOeqrOXpLT"" (950) | #7 ""Spenny @ S8ENkJ8OQS"" (105) | #10 ""arash @ RYnRljE1SO"" (1145)",2026-09-03T01:48:17.250Z,178840009725001
"-- starting hand #71 (id: qzv0jeexcdos)  No Limit Texas Hold'em (dealer: ""Jonah @ xrBY5OZYCv"") --",2026-09-03T01:48:17.250Z,178840009725000
"-- ending hand #70 --",2026-09-03T01:48:11.294Z,178840009129402
"""arash @ RYnRljE1SO"" collected 170 from pot",2026-09-03T01:48:11.294Z,178840009129401
"Uncalled bet of 80 returned to ""arash @ RYnRljE1SO""",2026-09-03T01:48:11.294Z,178840009129400
"""peelic @ vOeqrOXpLT"" folds",2026-09-03T01:48:10.484Z,178840009048400
"""Jonah @ xrBY5OZYCv"" folds",2026-09-03T01:47:59.960Z,178840007996000
"""arash @ RYnRljE1SO"" bets 80",2026-09-03T01:47:58.914Z,178840007891400
"""peelic @ vOeqrOXpLT"" checks",2026-09-03T01:47:56.011Z,178840007601100
"""Jonah @ xrBY5OZYCv"" checks",2026-09-03T01:47:54.122Z,178840007412200
"Turn: 4♣, 8♥, 5♦ [J♦]",2026-09-03T01:47:52.894Z,178840007289400
"""arash @ RYnRljE1SO"" checks",2026-09-03T01:47:52.048Z,178840007204800
"""peelic @ vOeqrOXpLT"" checks",2026-09-03T01:47:49.680Z,178840006968000
"""Jonah @ xrBY5OZYCv"" checks",2026-09-03T01:47:40.386Z,178840006038600
"Flop:  [4♣, 8♥, 5♦]",2026-09-03T01:47:38.974Z,178840005897400
"""arash @ RYnRljE1SO"" calls 50",2026-09-03T01:47:38.155Z,178840005815500
"""peelic @ vOeqrOXpLT"" calls 50",2026-09-03T01:47:35.514Z,178840005551400
"""Stevo @ kI2bCqDOyl"" folds",2026-09-03T01:47:34.657Z,178840005465700
"""Jonah @ xrBY5OZYCv"" raises to 50",2026-09-03T01:47:29.730Z,178840004973000
"""arash @ RYnRljE1SO"" calls 20",2026-09-03T01:47:26.572Z,178840004657200
"""Spenny @ S8ENkJ8OQS"" folds",2026-09-03T01:47:25.597Z,178840004559700
"""peelic @ vOeqrOXpLT"" calls 20",2026-09-03T01:47:24.042Z,178840004404200
"""Stevo @ kI2bCqDOyl"" posts a big blind of 20",2026-09-03T01:47:22.573Z,178840004257309
"""Jonah @ xrBY5OZYCv"" posts a small blind of 10",2026-09-03T01:47:22.573Z,178840004257308
"Your hand is 2♣, 7♠",2026-09-03T01:47:22.573Z,178840004257304
"Player stacks: #2 ""Jonah @ xrBY5OZYCv"" (1400) | #3 ""Stevo @ kI2bCqDOyl"" (2470) | #5 ""peelic @ vOeqrOXpLT"" (1000) | #7 ""Spenny @ S8ENkJ8OQS"" (105) | #10 ""arash @ RYnRljE1SO"" (1025)",2026-09-03T01:47:22.573Z,178840004257302
"-- starting hand #70 (id: gbuskzvlh355)  No Limit Texas Hold'em (dealer: ""arash @ RYnRljE1SO"") --",2026-09-03T01:47:22.573Z,178840004257301
"The player ""peelic @ vOeqrOXpLT"" joined the game with a stack of 1000.",2026-09-03T01:47:22.573Z,178840004257300
"""Spenny @ S8ENkJ8OQS"" shows a 9♦, 9♣.",2026-09-03T01:47:20.176Z,178840004017600
"-- ending hand #69 --",2026-09-03T01:47:16.051Z,178840003605102
"""Jonah @ xrBY5OZYCv"" collected 400 from pot with Full House, A's over 4's (combination: 4♥, 4♠, A♠, A♥, A♣)",2026-09-03T01:47:16.051Z,178840003605101
"""Jonah @ xrBY5OZYCv"" shows a A♠, 3♠.",2026-09-03T01:47:16.051Z,178840003605100
"""Spenny @ S8ENkJ8OQS"" calls 60",2026-09-03T01:47:15.152Z,178840003515200
"""Jonah @ xrBY5OZYCv"" bets 60",2026-09-03T01:47:09.126Z,178840002912600
"River: 7♠, 4♥, A♥, 4♠ [A♣]",2026-09-03T01:47:05.649Z,178840002564900
"""arash @ RYnRljE1SO"" folds",2026-09-03T01:47:04.843Z,178840002484300
"""Spenny @ S8ENkJ8OQS"" calls 40",2026-09-03T01:47:03.919Z,178840002391900
"""Jonah @ xrBY5OZYCv"" bets 40",2026-09-03T01:46:55.645Z,178840001564500
"""arash @ RYnRljE1SO"" checks",2026-09-03T01:46:51.746Z,178840001174600
"Turn: 7♠, 4♥, A♥ [4♠]",2026-09-03T01:46:48.801Z,178840000880100
"""arash @ RYnRljE1SO"" calls 40",2026-09-03T01:46:47.915Z,178840000791500
"""Spenny @ S8ENkJ8OQS"" calls 40",2026-09-03T01:46:46.921Z,178840000692100
"""Stevo @ kI2bCqDOyl"" folds",2026-09-03T01:46:39.260Z,178839999926000
"""Jonah @ xrBY5OZYCv"" bets 40",2026-09-03T01:46:33.924Z,178839999392400
"""arash @ RYnRljE1SO"" checks",2026-09-03T01:46:29.187Z,178839998918700
"Flop:  [7♠, 4♥, A♥]",2026-09-03T01:46:26.992Z,178839998699200
"""Jonah @ xrBY5OZYCv"" checks",2026-09-03T01:46:26.078Z,178839998607800
"""arash @ RYnRljE1SO"" calls 20",2026-09-03T01:46:24.102Z,178839998410200
"""Spenny @ S8ENkJ8OQS"" calls 20",2026-09-03T01:46:23.149Z,178839998314900
"""Stevo @ kI2bCqDOyl"" calls 20",2026-09-03T01:46:22.263Z,178839998226300
"The admin approved the player ""peelic @ vOeqrOXpLT"" participation with a stack of 1000.",2026-09-03T01:46:21.144Z,178839998114400
"The player ""peelic @ vOeqrOXpLT"" requested a seat.",2026-09-03T01:46:20.141Z,178839998014100
"""Jonah @ xrBY5OZYCv"" posts a big blind of 20",2026-09-03T01:46:15.870Z,178839997587008
"""arash @ RYnRljE1SO"" posts a small blind of 10",2026-09-03T01:46:15.870Z,178839997587007
"Your hand is 9♥, 8♦",2026-09-03T01:46:15.870Z,178839997587004
"Player stacks: #2 ""Jonah @ xrBY5OZYCv"" (1160) | #3 ""Stevo @ kI2bCqDOyl"" (2490) | #7 ""Spenny @ S8ENkJ8OQS"" (265) | #10 ""arash @ RYnRljE1SO"" (1085)",2026-09-03T01:46:15.870Z,178839997587002
"-- starting hand #69 (id: ipqjuga8boro)  No Limit Texas Hold'em (dealer: ""Spenny @ S8ENkJ8OQS"") --",2026-09-03T01:46:15.870Z,178839997587001
"The player ""peelic @ vOeqrOXpLT"" quits the game with a stack of 0.",2026-09-03T01:46:15.870Z,178839997587000
"""Jonah @ xrBY5OZYCv"" shows a 10♥.",2026-09-03T01:46:10.291Z,178839997029100
"-- ending hand #68 --",2026-09-03T01:46:09.349Z,178839996934901
"""arash @ RYnRljE1SO"" collected 700 from pot with Two Pair, A's & 10's (combination: J♦, 10♦, 10♠, A♦, A♣)",2026-09-03T01:46:09.349Z,178839996934900
"River: 2♣, J♦, 2♥, 10♦ [10♠]",2026-09-03T01:46:05.267Z,178839996526700
"""arash @ RYnRljE1SO"" shows a A♦, A♣.",2026-09-03T01:46:01.194Z,178839996119401
"""peelic @ vOeqrOXpLT"" shows a J♣, K♣.",2026-09-03T01:46:01.194Z,178839996119400
"""arash @ RYnRljE1SO"" calls 210",2026-09-03T01:46:00.349Z,178839996034900
"""peelic @ vOeqrOXpLT"" bets 210 and go all in",2026-09-03T01:45:59.234Z,178839995923400
"""arash @ RYnRljE1SO"" checks",2026-09-03T01:45:56.820Z,178839995682000
"Turn: 2♣, J♦, 2♥ [10♦]",2026-09-03T01:45:51.780Z,178839995178000
"""peelic @ vOeqrOXpLT"" calls 100",2026-09-03T01:45:50.941Z,178839995094100
"""Stevo @ kI2bCqDOyl"" folds",2026-09-03T01:45:43.113Z,178839994311300
"""arash @ RYnRljE1SO"" raises to 100",2026-09-03T01:45:42.163Z,178839994216300
"""Spenny @ S8ENkJ8OQS"" folds",2026-09-03T01:45:35.918Z,178839993591800
"""peelic @ vOeqrOXpLT"" bets 50",2026-09-03T01:45:28.554Z,178839992855400
"""Stevo @ kI2bCqDOyl"" checks",2026-09-03T01:45:24.074Z,178839992407400
"""arash @ RYnRljE1SO"" checks",2026-09-03T01:45:23.120Z,178839992312000
"""Spenny @ S8ENkJ8OQS"" checks",2026-09-03T01:45:20.790Z,178839992079000
"Flop:  [2♣, J♦, 2♥]",2026-09-03T01:45:16.056Z,178839991605600
"""arash @ RYnRljE1SO"" checks",2026-09-03T01:45:15.188Z,178839991518800
"""Spenny @ S8ENkJ8OQS"" calls 20",2026-09-03T01:45:12.785Z,178839991278500
"""peelic @ vOeqrOXpLT"" calls 20",2026-09-03T01:45:11.889Z,178839991188900
"""Stevo @ kI2bCqDOyl"" calls 20",2026-09-03T01:45:06.864Z,178839990686400
"""Jonah @ xrBY5OZYCv"" folds",2026-09-03T01:45:05.922Z,178839990592200
"""arash @ RYnRljE1SO"" posts a big blind of 20",2026-09-03T01:45:04.223Z,178839990422308
"""Spenny @ S8ENkJ8OQS"" posts a small blind of 10",2026-09-03T01:45:04.223Z,178839990422307
"Your hand is 6♦, K♥",2026-09-03T01:45:04.223Z,178839990422303
"Player stacks: #2 ""Jonah @ xrBY5OZYCv"" (1160) | #3 ""Stevo @ kI2bCqDOyl"" (2510) | #4 ""peelic @ vOeqrOXpLT"" (330) | #7 ""Spenny @ S8ENkJ8OQS"" (285) | #10 ""arash @ RYnRljE1SO"" (715)",2026-09-03T01:45:04.223Z,178839990422301
"-- starting hand #68 (id: ju8njfsflsw6)  No Limit Texas Hold'em (dealer: ""peelic @ vOeqrOXpLT"") --",2026-09-03T01:45:04.223Z,178839990422300
"""Spenny @ S8ENkJ8OQS"" shows a K♦, 6♣.",2026-09-03T01:44:59.033Z,178839989903300
"-- ending hand #67 --",2026-09-03T01:44:57.670Z,178839989767002
"""arash @ RYnRljE1SO"" collected 400 from pot with Straight, 5 High (combination: A♦, 2♥, 3♦, 4♥, 5♦)",2026-09-03T01:44:57.670Z,178839989767001
"""arash @ RYnRljE1SO"" shows a A♦, 3♦.",2026-09-03T01:44:57.670Z,178839989767000
"""Spenny @ S8ENkJ8OQS"" calls 150",2026-09-03T01:44:56.857Z,178839989685700
"""arash @ RYnRljE1SO"" raises to 150",2026-09-03T01:44:49.454Z,178839988945400
"""Spenny @ S8ENkJ8OQS"" bets 20",2026-09-03T01:44:45.710Z,178839988571000
"River: 8♠, K♠, 2♥, 5♦ [4♥]",2026-09-03T01:44:42.257Z,178839988225700
"""peelic @ vOeqrOXpLT"" folds",2026-09-03T01:44:41.427Z,178839988142700
"""arash @ RYnRljE1SO"" calls 20",2026-09-03T01:44:37.482Z,178839987748200
"""Spenny @ S8ENkJ8OQS"" bets 20",2026-09-03T01:44:35.858Z,178839987585800
"""peelic @ vOeqrOXpLT"" checks",2026-09-03T01:44:31.991Z,178839987199100
"Turn: 8♠, K♠, 2♥ [5♦]",2026-09-03T01:44:28.828Z,178839986882800
"""arash @ RYnRljE1SO"" checks",2026-09-03T01:44:28.012Z,178839986801200
"""Spenny @ S8ENkJ8OQS"" checks",2026-09-03T01:44:27.046Z,178839986704600
"""peelic @ vOeqrOXpLT"" checks",2026-09-03T01:44:24.885Z,178839986488500
"Flop:  [8♠, K♠, 2♥]",2026-09-03T01:44:22.082Z,178839986208200
"""Spenny @ S8ENkJ8OQS"" checks",2026-09-03T01:44:21.233Z,178839986123300
"""peelic @ vOeqrOXpLT"" calls 20",2026-09-03T01:44:20.344Z,178839986034400
"""Stevo @ kI2bCqDOyl"" folds",2026-09-03T01:44:09.748Z,178839984974800
"""Jonah @ xrBY5OZYCv"" folds",2026-09-03T01:44:08.772Z,178839984877200
"""arash @ RYnRljE1SO"" calls 20",2026-09-03T01:44:07.871Z,178839984787100
"""Spenny @ S8ENkJ8OQS"" posts a big blind of 20",2026-09-03T01:44:06.327Z,178839984632708
"""peelic @ vOeqrOXpLT"" posts a small blind of 10",2026-09-03T01:44:06.327Z,178839984632707
"Your hand is 3♥, 7♠",2026-09-03T01:44:06.327Z,178839984632703
"Player stacks: #2 ""Jonah @ xrBY5OZYCv"" (1160) | #3 ""Stevo @ kI2bCqDOyl"" (2510) | #4 ""peelic @ vOeqrOXpLT"" (350) | #7 ""Spenny @ S8ENkJ8OQS"" (475) | #10 ""arash @ RYnRljE1SO"" (505)",2026-09-03T01:44:06.327Z,178839984632701
"-- starting hand #67 (id: ebgbudn1ijzl)  No Limit Texas Hold'em (dealer: ""Stevo @ kI2bCqDOyl"") --",2026-09-03T01:44:06.327Z,178839984632700
"""Stevo @ kI2bCqDOyl"" shows a 6♠.",2026-09-03T01:44:04.322Z,178839984432200
"-- ending hand #66 --",2026-09-03T01:44:02.673Z,178839984267302
"""Stevo @ kI2bCqDOyl"" collected 220 from pot",2026-09-03T01:44:02.673Z,178839984267301
"Uncalled bet of 100 returned to ""Stevo @ kI2bCqDOyl""",2026-09-03T01:44:02.673Z,178839984267300
"""Jonah @ xrBY5OZYCv"" folds",2026-09-03T01:44:01.851Z,178839984185100
"""arash @ RYnRljE1SO"" folds",2026-09-03T01:44:00.816Z,178839984081600
"""Stevo @ kI2bCqDOyl"" bets 100",2026-09-03T01:43:58.447Z,178839983844700
"River: 6♥, 5♠, 10♣, 6♦ [7♦]",2026-09-03T01:43:54.306Z,178839983430600
"""Jonah @ xrBY5OZYCv"" calls 20",2026-09-03T01:43:53.486Z,178839983348600
"""arash @ RYnRljE1SO"" calls 20",2026-09-03T01:43:51.789Z,178839983178900
"""peelic @ vOeqrOXpLT"" folds",2026-09-03T01:43:50.859Z,178839983085900
"""Stevo @ kI2bCqDOyl"" bets 20",2026-09-03T01:43:44.785Z,178839982478500
"Turn: 6♥, 5♠, 10♣ [6♦]",2026-09-03T01:43:40.243Z,178839982024300
"""Jonah @ xrBY5OZYCv"" calls 20",2026-09-03T01:43:39.430Z,178839981943000
"""arash @ RYnRljE1SO"" calls 20",2026-09-03T01:43:33.872Z,178839981387200
"""peelic @ vOeqrOXpLT"" calls 20",2026-09-03T01:43:32.942Z,178839981294200
"""Stevo @ kI2bCqDOyl"" bets 20",2026-09-03T01:43:25.103Z,178839980510300
"Flop:  [6♥, 5♠, 10♣]",2026-09-03T01:43:20.688Z,178839980068800
"""peelic @ vOeqrOXpLT"" checks",2026-09-03T01:43:19.866Z,178839979986600
"""Stevo @ kI2bCqDOyl"" calls 20",2026-09-03T01:43:14.575Z,178839979457500
"""Jonah @ xrBY5OZYCv"" calls 20",2026-09-03T01:43:10.279Z,178839979027900
"""arash @ RYnRljE1SO"" calls 20",2026-09-03T01:43:09.418Z,178839978941800
"""Spenny @ S8ENkJ8OQS"" folds",2026-09-03T01:43:06.826Z,178839978682600
"""peelic @ vOeqrOXpLT"" posts a big blind of 20",2026-09-03T01:43:02.692Z,178839978269208
"""Stevo @ kI2bCqDOyl"" posts a small blind of 10",2026-09-03T01:43:02.692Z,178839978269207
"Your hand is 6♠, Q♦",2026-09-03T01:43:02.692Z,178839978269203
"Player stacks: #2 ""Jonah @ xrBY5OZYCv"" (1220) | #3 ""Stevo @ kI2bCqDOyl"" (2350) | #4 ""peelic @ vOeqrOXpLT"" (390) | #7 ""Spenny @ S8ENkJ8OQS"" (475) | #10 ""arash @ RYnRljE1SO"" (565)",2026-09-03T01:43:02.692Z,178839978269201
"-- starting hand #66 (id: zhpcmopborck)  No Limit Texas Hold'em (dealer: ""Jonah @ xrBY5OZYCv"") --",2026-09-03T01:43:02.692Z,178839978269200
"""arash @ RYnRljE1SO"" shows a 4♦.",2026-09-03T01:43:00.845Z,178839978084500
"""arash @ RYnRljE1SO"" shows a 10♣.",2026-09-03T01:43:00.310Z,178839978031000
"""Stevo @ kI2bCqDOyl"" shows a K♥, 2♦.",2026-09-03T01:42:58.970Z,178839977897000
"""Jonah @ xrBY5OZYCv"" shows a 4♣.",2026-09-03T01:42:58.274Z,178839977827400
"-- ending hand #65 --",2026-09-03T01:42:57.656Z,178839977765602
"""arash @ RYnRljE1SO"" collected 270 from pot",2026-09-03T01:42:57.656Z,178839977765601
"Uncalled bet of 80 returned to ""arash @ RYnRljE1SO""",2026-09-03T01:42:57.656Z,178839977765600
"""Stevo @ kI2bCqDOyl"" folds",2026-09-03T01:42:56.832Z,178839977683200
"""arash @ RYnRljE1SO"" bets 80",2026-09-03T01:42:55.744Z,178839977574400
"""Stevo @ kI2bCqDOyl"" checks",2026-09-03T01:42:52.488Z,178839977248800
"River: A♣, 2♣, 3♣, 3♠ [5♣]",2026-09-03T01:42:49.651Z,178839976965100
"""Stevo @ kI2bCqDOyl"" calls 80",2026-09-03T01:42:48.806Z,178839976880600
"""arash @ RYnRljE1SO"" bets 80",2026-09-03T01:42:45.554Z,178839976555400
"""Stevo @ kI2bCqDOyl"" checks",2026-09-03T01:42:43.017Z,178839976301700
"Turn: A♣, 2♣, 3♣ [3♠]",2026-09-03T01:42:38.486Z,178839975848600
"""arash @ RYnRljE1SO"" calls 20",2026-09-03T01:42:37.668Z,178839975766800
"""peelic @ vOeqrOXpLT"" folds",2026-09-03T01:42:36.705Z,178839975670500
"""Stevo @ kI2bCqDOyl"" bets 20",2026-09-03T01:42:30.930Z,178839975093000
"Flop:  [A♣, 2♣, 3♣]",2026-09-03T01:42:28.789Z,178839974878900
"""Stevo @ kI2bCqDOyl"" checks",2026-09-03T01:42:27.984Z,178839974798400
"""Jonah @ xrBY5OZYCv"" folds",2026-09-03T01:42:24.401Z,178839974440100
"""arash @ RYnRljE1SO"" calls 20",2026-09-03T01:42:23.503Z,178839974350300
"""Spenny @ S8ENkJ8OQS"" folds",2026-09-03T01:42:22.579Z,178839974257900
"""peelic @ vOeqrOXpLT"" calls 20",2026-09-03T01:42:15.850Z,178839973585000
"""Stevo @ kI2bCqDOyl"" posts a big blind of 20",2026-09-03T01:42:13.075Z,178839973307508
"""Jonah @ xrBY5OZYCv"" posts a small blind of 10",2026-09-03T01:42:13.075Z,178839973307507
"Your hand is K♥, 2♦",2026-09-03T01:42:13.075Z,178839973307503
"Player stacks: #2 ""Jonah @ xrBY5OZYCv"" (1230) | #3 ""Stevo @ kI2bCqDOyl"" (2470) | #4 ""peelic @ vOeqrOXpLT"" (410) | #7 ""Spenny @ S8ENkJ8OQS"" (475) | #10 ""arash @ RYnRljE1SO"" (415)",2026-09-03T01:42:13.075Z,178839973307501
"-- starting hand #65 (id: 9uatjeckduok)  No Limit Texas Hold'em (dealer: ""arash @ RYnRljE1SO"") --",2026-09-03T01:42:13.075Z,178839973307500
"""Spenny @ S8ENkJ8OQS"" shows a 5♣, 4♣.",2026-09-03T01:42:11.952Z,178839973195200
"-- ending hand #64 --",2026-09-03T01:42:09.472Z,178839972947202
"""Spenny @ S8ENkJ8OQS"" collected 140 from pot",2026-09-03T01:42:09.472Z,178839972947201
"Uncalled bet of 60 returned to ""Spenny @ S8ENkJ8OQS""",2026-09-03T01:42:09.472Z,178839972947200
"""peelic @ vOeqrOXpLT"" folds",2026-09-03T01:42:08.649Z,178839972864900
"""arash @ RYnRljE1SO"" folds",2026-09-03T01:42:07.784Z,178839972778400
"""Spenny @ S8ENkJ8OQS"" bets 60",2026-09-03T01:42:06.337Z,178839972633700
"""peelic @ vOeqrOXpLT"" checks",2026-09-03T01:42:00.399Z,178839972039900
"""arash @ RYnRljE1SO"" checks",2026-09-03T01:41:53.568Z,178839971356800
"River: 3♣, 8♥, 4♠, A♥ [2♦]",2026-09-03T01:41:49.964Z,178839970996400
"""Spenny @ S8ENkJ8OQS"" checks",2026-09-03T01:41:49.106Z,178839970910600
"""peelic @ vOeqrOXpLT"" checks",2026-09-03T01:41:46.497Z,178839970649700
"""arash @ RYnRljE1SO"" checks",2026-09-03T01:41:40.076Z,178839970007600
"Turn: 3♣, 8♥, 4♠ [A♥]",2026-09-03T01:41:38.407Z,178839969840700
"""peelic @ vOeqrOXpLT"" calls 20",2026-09-03T01:41:37.561Z,178839969756100
"""Jonah @ xrBY5OZYCv"" folds",2026-09-03T01:41:32.366Z,178839969236600
"""arash @ RYnRljE1SO"" calls 20",2026-09-03T01:41:29.217Z,178839968921700
"""Spenny @ S8ENkJ8OQS"" bets 20",2026-09-03T01:41:26.473Z,178839968647300
"""peelic @ vOeqrOXpLT"" checks",2026-09-03T01:41:23.032Z,178839968303200
"""Jonah @ xrBY5OZYCv"" checks",2026-09-03T01:41:12.199Z,178839967219900
"""arash @ RYnRljE1SO"" checks",2026-09-03T01:41:11.344Z,178839967134400
"Flop:  [3♣, 8♥, 4♠]",2026-09-03T01:41:06.124Z,178839966612400
"""Jonah @ xrBY5OZYCv"" checks",2026-09-03T01:41:05.240Z,178839966524000
"""arash @ RYnRljE1SO"" calls 20",2026-09-03T01:41:04.322Z,178839966432200
"""Spenny @ S8ENkJ8OQS"" calls 20",2026-09-03T01:41:03.391Z,178839966339100
"""peelic @ vOeqrOXpLT"" calls 20",2026-09-03T01:41:02.460Z,178839966246000
"""Stevo @ kI2bCqDOyl"" folds",2026-09-03T01:40:54.469Z,178839965446900
"""Jonah @ xrBY5OZYCv"" posts a big blind of 20",2026-09-03T01:40:53.111Z,178839965311108
"""arash @ RYnRljE1SO"" posts a small blind of 10",2026-09-03T01:40:53.111Z,178839965311107
"Your hand is 2♥, 6♣",2026-09-03T01:40:53.111Z,178839965311103
"Player stacks: #2 ""Jonah @ xrBY5OZYCv"" (1250) | #3 ""Stevo @ kI2bCqDOyl"" (2470) | #4 ""peelic @ vOeqrOXpLT"" (450) | #7 ""Spenny @ S8ENkJ8OQS"" (375) | #10 ""arash @ RYnRljE1SO"" (455)",2026-09-03T01:40:53.111Z,178839965311101
"-- starting hand #64 (id: dcmtn0twi8ln)  No Limit Texas Hold'em (dealer: ""Spenny @ S8ENkJ8OQS"") --",2026-09-03T01:40:53.111Z,178839965311100
"""Spenny @ S8ENkJ8OQS"" shows a J♠.",2026-09-03T01:40:51.371Z,178839965137100
"-- ending hand #63 --",2026-09-03T01:40:49.508Z,178839964950802
"""Jonah @ xrBY5OZYCv"" collected 650 from pot",2026-09-03T01:40:49.508Z,178839964950801
"Uncalled bet of 80 returned to ""Jonah @ xrBY5OZYCv""",2026-09-03T01:40:49.508Z,178839964950800
"""arash @ RYnRljE1SO"" folds",2026-09-03T01:40:48.703Z,178839964870300
"""Spenny @ S8ENkJ8OQS"" folds",2026-09-03T01:40:47.784Z,178839964778400
"""peelic @ vOeqrOXpLT"" folds",2026-09-03T01:40:42.174Z,178839964217400
"""Jonah @ xrBY5OZYCv"" bets 80",2026-09-03T01:40:36.743Z,178839963674300
"""arash @ RYnRljE1SO"" checks",2026-09-03T01:40:33.679Z,178839963367900
"""Spenny @ S8ENkJ8OQS"" checks",2026-09-03T01:40:31.660Z,178839963166000
"River: 3♣, A♠, J♣, 8♦ [6♥]",2026-09-03T01:40:30.148Z,178839963014800
"""arash @ RYnRljE1SO"" calls 60",2026-09-03T01:40:29.284Z,178839962928400
"""Spenny @ S8ENkJ8OQS"" calls 60",2026-09-03T01:40:28.355Z,178839962835500
"""peelic @ vOeqrOXpLT"" calls 60",2026-09-03T01:40:22.323Z,178839962232300
"""Jonah @ xrBY5OZYCv"" raises to 60",2026-09-03T01:40:18.374Z,178839961837400
"""arash @ RYnRljE1SO"" calls 20",2026-09-03T01:40:13.887Z,178839961388700
"""Spenny @ S8ENkJ8OQS"" bets 20",2026-09-03T01:40:08.578Z,178839960857800
"Turn: 3♣, A♠, J♣ [8♦]",2026-09-03T01:40:05.160Z,178839960516000
"""peelic @ vOeqrOXpLT"" calls 40",2026-09-03T01:40:04.290Z,178839960429000
"""Stevo @ kI2bCqDOyl"" folds",2026-09-03T01:40:03.449Z,178839960344900
"""Jonah @ xrBY5OZYCv"" calls 40",2026-09-03T01:39:56.013Z,178839959601300
"""arash @ RYnRljE1SO"" calls 40",2026-09-03T01:39:55.135Z,178839959513500
"""Spenny @ S8ENkJ8OQS"" bets 40",2026-09-03T01:39:50.749Z,178839959074900
"Flop:  [3♣, A♠, J♣]",2026-09-03T01:39:46.457Z,178839958645700
"""arash @ RYnRljE1SO"" calls 50",2026-09-03T01:39:45.630Z,178839958563000
"""Spenny @ S8ENkJ8OQS"" calls 50",2026-09-03T01:39:44.663Z,178839958466300
"""peelic @ vOeqrOXpLT"" calls 50",2026-09-03T01:39:43.778Z,178839958377800
"""Stevo @ kI2bCqDOyl"" calls 50",2026-09-03T01:39:37.911Z,178839957791100
"""Jonah @ xrBY5OZYCv"" raises to 50",2026-09-03T01:39:32.506Z,178839957250600
"""arash @ RYnRljE1SO"" posts a big blind of 20",2026-09-03T01:39:28.365Z,178839956836508
"""Spenny @ S8ENkJ8OQS"" posts a small blind of 10",2026-09-03T01:39:28.365Z,178839956836507
"Your hand is Q♥, 6♣",2026-09-03T01:39:28.365Z,178839956836503
"Player stacks: #2 ""Jonah @ xrBY5OZYCv"" (750) | #3 ""Stevo @ kI2bCqDOyl"" (2520) | #4 ""peelic @ vOeqrOXpLT"" (600) | #7 ""Spenny @ S8ENkJ8OQS"" (525) | #10 ""arash @ RYnRljE1SO"" (605)",2026-09-03T01:39:28.365Z,178839956836501
"-- starting hand #63 (id: znejhu3fzvng)  No Limit Texas Hold'em (dealer: ""peelic @ vOeqrOXpLT"") --",2026-09-03T01:39:28.365Z,178839956836500
"-- ending hand #62 --",2026-09-03T01:39:22.360Z,178839956236003
"""Jonah @ xrBY5OZYCv"" collected 240 from pot with Pair, A's (combination: 5♠, 9♣, K♥, A♦, A♥)",2026-09-03T01:39:22.360Z,178839956236002
"""Jonah @ xrBY5OZYCv"" shows a 5♠, A♦.",2026-09-03T01:39:22.360Z,178839956236001
"""peelic @ vOeqrOXpLT"" shows a 7♠, K♠.",2026-09-03T01:39:22.360Z,178839956236000
"""Jonah @ xrBY5OZYCv"" calls 30",2026-09-03T01:39:21.545Z,178839956154500
"""peelic @ vOeqrOXpLT"" bets 30",2026-09-03T01:39:19.914Z,178839955991400
"River: K♥, 2♦, A♥, 9♣ [3♥]",2026-09-03T01:39:14.440Z,178839955444000
"""arash @ RYnRljE1SO"" folds",2026-09-03T01:39:13.553Z,178839955355300
"""Spenny @ S8ENkJ8OQS"" folds",2026-09-03T01:39:07.773Z,178839954777300
"""peelic @ vOeqrOXpLT"" calls 40",2026-09-03T01:38:59.703Z,178839953970300
"""Stevo @ kI2bCqDOyl"" folds",2026-09-03T01:38:53.127Z,178839953312700
"""Jonah @ xrBY5OZYCv"" bets 40",2026-09-03T01:38:50.676Z,178839953067600
"""arash @ RYnRljE1SO"" checks",2026-09-03T01:38:47.298Z,178839952729800
"""Spenny @ S8ENkJ8OQS"" checks",2026-09-03T01:38:45.197Z,178839952519700
"""peelic @ vOeqrOXpLT"" checks",2026-09-03T01:38:42.523Z,178839952252300
"Turn: K♥, 2♦, A♥ [9♣]",2026-09-03T01:38:40.484Z,178839952048400
"""Stevo @ kI2bCqDOyl"" checks",2026-09-03T01:38:39.651Z,178839951965100
"""Jonah @ xrBY5OZYCv"" checks",2026-09-03T01:38:37.431Z,178839951743100
"""arash @ RYnRljE1SO"" checks",2026-09-03T01:38:36.553Z,178839951655300
"""Spenny @ S8ENkJ8OQS"" checks",2026-09-03T01:38:31.471Z,178839951147100
"""peelic @ vOeqrOXpLT"" checks",2026-09-03T01:38:30.527Z,178839951052700
"Flop:  [K♥, 2♦, A♥]",2026-09-03T01:38:22.875Z,178839950287500
"""Spenny @ S8ENkJ8OQS"" checks",2026-09-03T01:38:22.061Z,178839950206100
"""peelic @ vOeqrOXpLT"" calls 20",2026-09-03T01:38:21.133Z,178839950113300
"""Stevo @ kI2bCqDOyl"" calls 20",2026-09-03T01:38:20.254Z,178839950025400
"""Jonah @ xrBY5OZYCv"" calls 20",2026-09-03T01:38:19.266Z,178839949926600
"""arash @ RYnRljE1SO"" calls 20",2026-09-03T01:38:18.383Z,178839949838300
"""Spenny @ S8ENkJ8OQS"" posts a big blind of 20",2026-09-03T01:38:16.410Z,178839949641008
"""peelic @ vOeqrOXpLT"" posts a small blind of 10",2026-09-03T01:38:16.410Z,178839949641007
"Your hand is 10♠, Q♦",2026-09-03T01:38:16.410Z,178839949641003
"Player stacks: #2 ""Jonah @ xrBY5OZYCv"" (600) | #3 ""Stevo @ kI2bCqDOyl"" (2540) | #4 ""peelic @ vOeqrOXpLT"" (690) | #7 ""Spenny @ S8ENkJ8OQS"" (545) | #10 ""arash @ RYnRljE1SO"" (625)",2026-09-03T01:38:16.410Z,178839949641001
"-- starting hand #62 (id: wustnfu6cdvs)  No Limit Texas Hold'em (dealer: ""Stevo @ kI2bCqDOyl"") --",2026-09-03T01:38:16.410Z,178839949641000
"Undealt cards: J♠, 6♥, K♠ [A♠, 4♥]",2026-09-03T01:38:11.994Z,178839949199400
"-- ending hand #61 --",2026-09-03T01:38:10.489Z,178839949048902
"""arash @ RYnRljE1SO"" collected 90 from pot",2026-09-03T01:38:10.489Z,178839949048901
"Uncalled bet of 40 returned to ""arash @ RYnRljE1SO""",2026-09-03T01:38:10.489Z,178839949048900
"""Spenny @ S8ENkJ8OQS"" folds",2026-09-03T01:38:09.622Z,178839948962200
"""peelic @ vOeqrOXpLT"" folds",2026-09-03T01:38:06.971Z,178839948697100
"""Jonah @ xrBY5OZYCv"" folds",2026-09-03T01:38:02.192Z,178839948219200
"""arash @ RYnRljE1SO"" bets 40",2026-09-03T01:37:57.492Z,178839947749200
"""Spenny @ S8ENkJ8OQS"" checks",2026-09-03T01:37:47.933Z,178839946793300
"""peelic @ vOeqrOXpLT"" checks",2026-09-03T01:37:47.040Z,178839946704000
"Flop:  [J♠, 6♥, K♠]",2026-09-03T01:37:43.052Z,178839946305200
"""peelic @ vOeqrOXpLT"" checks",2026-09-03T01:37:42.196Z,178839946219600
"""Stevo @ kI2bCqDOyl"" folds",2026-09-03T01:37:41.350Z,178839946135000
"""Jonah @ xrBY5OZYCv"" calls 20",2026-09-03T01:37:40.363Z,178839946036300
"""arash @ RYnRljE1SO"" calls 20",2026-09-03T01:37:39.497Z,178839945949700
"""Spenny @ S8ENkJ8OQS"" calls 20",2026-09-03T01:37:29.919Z,178839944991900
"""peelic @ vOeqrOXpLT"" posts a big blind of 20",2026-09-03T01:37:21.972Z,178839944197208
"""Stevo @ kI2bCqDOyl"" posts a small blind of 10",2026-09-03T01:37:21.972Z,178839944197207
"Your hand is 6♣, 8♦",2026-09-03T01:37:21.972Z,178839944197203
"Player stacks: #2 ""Jonah @ xrBY5OZYCv"" (620) | #3 ""Stevo @ kI2bCqDOyl"" (2550) | #4 ""peelic @ vOeqrOXpLT"" (710) | #7 ""Spenny @ S8ENkJ8OQS"" (565) | #10 ""arash @ RYnRljE1SO"" (555)",2026-09-03T01:37:21.972Z,178839944197201
"-- starting hand #61 (id: jdqlt6ez94mo)  No Limit Texas Hold'em (dealer: ""Jonah @ xrBY5OZYCv"") --",2026-09-03T01:37:21.972Z,178839944197200
"-- ending hand #60 --",2026-09-03T01:37:19.041Z,178839943904102
"""peelic @ vOeqrOXpLT"" collected 130 from pot",2026-09-03T01:37:19.041Z,178839943904101
"Uncalled bet of 20 returned to ""peelic @ vOeqrOXpLT""",2026-09-03T01:37:19.041Z,178839943904100
"""Spenny @ S8ENkJ8OQS"" folds",2026-09-03T01:37:18.212Z,178839943821200
"""peelic @ vOeqrOXpLT"" bets 20",2026-09-03T01:37:09.966Z,178839942996600
"River: 8♦, K♥, 3♥, 2♦ [A♠]",2026-09-03T01:37:01.119Z,178839942111900
"""Spenny @ S8ENkJ8OQS"" checks",2026-09-03T01:37:00.300Z,178839942030000
"""peelic @ vOeqrOXpLT"" checks",2026-09-03T01:36:56.937Z,178839941693700
"Turn: 8♦, K♥, 3♥ [2♦]",2026-09-03T01:36:47.296Z,178839940729600
"""peelic @ vOeqrOXpLT"" calls 20",2026-09-03T01:36:46.440Z,178839940644000
"""Stevo @ kI2bCqDOyl"" folds",2026-09-03T01:36:42.982Z,178839940298200
"""arash @ RYnRljE1SO"" folds",2026-09-03T01:36:33.120Z,178839939312000
"""Spenny @ S8ENkJ8OQS"" bets 20",2026-09-03T01:36:29.493Z,178839938949300
"""peelic @ vOeqrOXpLT"" checks",2026-09-03T01:36:27.419Z,178839938741900
"""Stevo @ kI2bCqDOyl"" checks",2026-09-03T01:36:26.563Z,178839938656300
"Flop:  [8♦, K♥, 3♥]",2026-09-03T01:36:17.557Z,178839937755700
"""Stevo @ kI2bCqDOyl"" checks",2026-09-03T01:36:16.745Z,178839937674500
"""Jonah @ xrBY5OZYCv"" folds",2026-09-03T01:36:06.913Z,178839936691300
"""arash @ RYnRljE1SO"" calls 20",2026-09-03T01:36:05.977Z,178839936597700
"""Spenny @ S8ENkJ8OQS"" calls 20",2026-09-03T01:36:05.006Z,178839936500600
"""peelic @ vOeqrOXpLT"" calls 20",2026-09-03T01:36:00.110Z,178839936011000
"""Stevo @ kI2bCqDOyl"" posts a big blind of 20",2026-09-03T01:35:58.880Z,178839935888008
"""Jonah @ xrBY5OZYCv"" posts a small blind of 10",2026-09-03T01:35:58.880Z,178839935888007
"Your hand is 7♣, Q♦",2026-09-03T01:35:58.880Z,178839935888003
"Player stacks: #2 ""Jonah @ xrBY5OZYCv"" (630) | #3 ""Stevo @ kI2bCqDOyl"" (2570) | #4 ""peelic @ vOeqrOXpLT"" (620) | #7 ""Spenny @ S8ENkJ8OQS"" (605) | #10 ""arash @ RYnRljE1SO"" (575)",2026-09-03T01:35:58.880Z,178839935888001
"-- starting hand #60 (id: dzkfeuyqltog)  No Limit Texas Hold'em (dealer: ""arash @ RYnRljE1SO"") --",2026-09-03T01:35:58.880Z,178839935888000
"""Spenny @ S8ENkJ8OQS"" shows a K♠, K♥.",2026-09-03T01:35:53.561Z,178839935356100
"-- ending hand #59 --",2026-09-03T01:35:52.277Z,178839935227702
"""Spenny @ S8ENkJ8OQS"" collected 180 from pot",2026-09-03T01:35:52.277Z,178839935227701
"Uncalled bet of 20 returned to ""Spenny @ S8ENkJ8OQS""",2026-09-03T01:35:52.277Z,178839935227700
"""Stevo @ kI2bCqDOyl"" folds",2026-09-03T01:35:51.458Z,178839935145800
"""Spenny @ S8ENkJ8OQS"" bets 20",2026-09-03T01:35:41.523Z,178839934152300
"""Stevo @ kI2bCqDOyl"" checks",2026-09-03T01:35:39.472Z,178839933947200
"Turn: J♠, 10♦, 7♠ [K♣]",2026-09-03T01:35:30.403Z,178839933040300
"""Jonah @ xrBY5OZYCv"" folds",2026-09-03T01:35:29.541Z,178839932954100
"""arash @ RYnRljE1SO"" folds",2026-09-03T01:35:28.683Z,178839932868300
"""Spenny @ S8ENkJ8OQS"" calls 40",2026-09-03T01:35:24.477Z,178839932447700
"""peelic @ vOeqrOXpLT"" folds",2026-09-03T01:35:23.533Z,178839932353300
"""Stevo @ kI2bCqDOyl"" bets 40",2026-09-03T01:35:19.057Z,178839931905700
"""Jonah @ xrBY5OZYCv"" checks",2026-09-03T01:35:16.116Z,178839931611600
"""arash @ RYnRljE1SO"" checks",2026-09-03T01:35:15.250Z,178839931525000
"Flop:  [J♠, 10♦, 7♠]",2026-09-03T01:35:12.998Z,178839931299800
"""Jonah @ xrBY5OZYCv"" checks",2026-09-03T01:35:12.120Z,178839931212000
"""arash @ RYnRljE1SO"" calls 20",2026-09-03T01:35:11.206Z,178839931120600
"""Spenny @ S8ENkJ8OQS"" calls 20",2026-09-03T01:35:10.276Z,178839931027600
"""peelic @ vOeqrOXpLT"" calls 20",2026-09-03T01:35:09.325Z,178839930932500
"""Stevo @ kI2bCqDOyl"" calls 20",2026-09-03T01:35:04.703Z,178839930470300
"""Jonah @ xrBY5OZYCv"" posts a big blind of 20",2026-09-03T01:35:03.196Z,178839930319608
"""arash @ RYnRljE1SO"" posts a small blind of 10",2026-09-03T01:35:03.196Z,178839930319607
"Your hand is 7♥, 10♣",2026-09-03T01:35:03.196Z,178839930319603
"Player stacks: #2 ""Jonah @ xrBY5OZYCv"" (650) | #3 ""Stevo @ kI2bCqDOyl"" (2630) | #4 ""peelic @ vOeqrOXpLT"" (640) | #7 ""Spenny @ S8ENkJ8OQS"" (485) | #10 ""arash @ RYnRljE1SO"" (595)",2026-09-03T01:35:03.196Z,178839930319601
"-- starting hand #59 (id: ilewwfb2pv8z)  No Limit Texas Hold'em (dealer: ""Spenny @ S8ENkJ8OQS"") --",2026-09-03T01:35:03.196Z,178839930319600
"-- ending hand #58 --",2026-09-03T01:35:00.154Z,178839930015402
"""Stevo @ kI2bCqDOyl"" collected 300 from pot",2026-09-03T01:35:00.154Z,178839930015401
"Uncalled bet of 100 returned to ""Stevo @ kI2bCqDOyl""",2026-09-03T01:35:00.154Z,178839930015400
"""Spenny @ S8ENkJ8OQS"" folds",2026-09-03T01:34:59.317Z,178839929931700
"""Stevo @ kI2bCqDOyl"" bets 100",2026-09-03T01:34:53.964Z,178839929396400
"""Spenny @ S8ENkJ8OQS"" checks",2026-09-03T01:34:51.444Z,178839929144400
"River: 2♦, 7♦, K♦, J♣ [8♥]",2026-09-03T01:34:49.267Z,178839928926700
"""Spenny @ S8ENkJ8OQS"" calls 60",2026-09-03T01:34:48.441Z,178839928844100
"""Stevo @ kI2bCqDOyl"" bets 60",2026-09-03T01:34:42.384Z,178839928238400
"""Spenny @ S8ENkJ8OQS"" checks",2026-09-03T01:34:38.359Z,178839927835900
"Turn: 2♦, 7♦, K♦ [J♣]",2026-09-03T01:34:37.459Z,178839927745900
"""peelic @ vOeqrOXpLT"" folds",2026-09-03T01:34:36.600Z,178839927660000
"""Stevo @ kI2bCqDOyl"" calls 40",2026-09-03T01:34:29.977Z,178839926997700
"""Jonah @ xrBY5OZYCv"" folds",2026-09-03T01:34:24.904Z,178839926490400
"""arash @ RYnRljE1SO"" folds",2026-09-03T01:34:23.988Z,178839926398800
"""Spenny @ S8ENkJ8OQS"" bets 40",2026-09-03T01:34:20.619Z,178839926061900
"Flop:  [2♦, 7♦, K♦]",2026-09-03T01:34:14.050Z,178839925405000
"""arash @ RYnRljE1SO"" checks",2026-09-03T01:34:13.209Z,178839925320900
"""Spenny @ S8ENkJ8OQS"" calls 20",2026-09-03T01:34:12.283Z,178839925228300
"""peelic @ vOeqrOXpLT"" calls 20",2026-09-03T01:34:11.333Z,178839925133300
"""Stevo @ kI2bCqDOyl"" calls 20",2026-09-03T01:34:08.179Z,178839924817900
"""Jonah @ xrBY5OZYCv"" calls 20",2026-09-03T01:34:07.244Z,178839924724400
"""arash @ RYnRljE1SO"" posts a big blind of 20",2026-09-03T01:34:05.196Z,178839924519608
"""Spenny @ S8ENkJ8OQS"" posts a small blind of 10",2026-09-03T01:34:05.196Z,178839924519607
"Your hand is K♣, 7♣",2026-09-03T01:34:05.196Z,178839924519603
"Player stacks: #2 ""Jonah @ xrBY5OZYCv"" (670) | #3 ""Stevo @ kI2bCqDOyl"" (2450) | #4 ""peelic @ vOeqrOXpLT"" (660) | #7 ""Spenny @ S8ENkJ8OQS"" (605) | #10 ""arash @ RYnRljE1SO"" (615)",2026-09-03T01:34:05.196Z,178839924519601
"-- starting hand #58 (id: 6buaalquqfqc)  No Limit Texas Hold'em (dealer: ""peelic @ vOeqrOXpLT"") --",2026-09-03T01:34:05.196Z,178839924519600
"-- ending hand #57 --",2026-09-03T01:34:02.205Z,178839924220502
"""arash @ RYnRljE1SO"" collected 60 from pot",2026-09-03T01:34:02.205Z,178839924220501
"Uncalled bet of 60 returned to ""arash @ RYnRljE1SO""",2026-09-03T01:34:02.205Z,178839924220500
"""Spenny @ S8ENkJ8OQS"" folds",2026-09-03T01:34:01.382Z,178839924138200
"""peelic @ vOeqrOXpLT"" folds",2026-09-03T01:33:57.131Z,178839923713100
"""arash @ RYnRljE1SO"" bets 60",2026-09-03T01:33:51.357Z,178839923135700
"""Spenny @ S8ENkJ8OQS"" checks",2026-09-03T01:33:46.449Z,178839922644900
"""peelic @ vOeqrOXpLT"" checks",2026-09-03T01:33:45.502Z,178839922550200
"River: 10♦, 3♠, 2♣, 2♥ [K♣]",2026-09-03T01:33:39.968Z,178839921996800
"""arash @ RYnRljE1SO"" checks",2026-09-03T01:33:39.160Z,178839921916000
"""Spenny @ S8ENkJ8OQS"" checks",2026-09-03T01:33:36.879Z,178839921687900
"""peelic @ vOeqrOXpLT"" checks",2026-09-03T01:33:34.557Z,178839921455700
"Turn: 10♦, 3♠, 2♣ [2♥]",2026-09-03T01:33:25.164Z,178839920516400
"""arash @ RYnRljE1SO"" checks",2026-09-03T01:33:24.275Z,178839920427500
"""Spenny @ S8ENkJ8OQS"" checks",2026-09-03T01:33:23.303Z,178839920330300
"""peelic @ vOeqrOXpLT"" checks",2026-09-03T01:33:21.176Z,178839920117600
"Flop:  [10♦, 3♠, 2♣]",2026-09-03T01:33:16.159Z,178839919615900
"""Spenny @ S8ENkJ8OQS"" checks",2026-09-03T01:33:15.252Z,178839919525200
"""peelic @ vOeqrOXpLT"" calls 20",2026-09-03T01:33:14.235Z,178839919423500
"""Stevo @ kI2bCqDOyl"" folds",2026-09-03T01:33:09.242Z,178839918924200
"""Jonah @ xrBY5OZYCv"" folds",2026-09-03T01:33:06.358Z,178839918635800
"""arash @ RYnRljE1SO"" calls 20",2026-09-03T01:33:05.465Z,178839918546500
"""Spenny @ S8ENkJ8OQS"" posts a big blind of 20",2026-09-03T01:33:04.180Z,178839918418008
"""peelic @ vOeqrOXpLT"" posts a small blind of 10",2026-09-03T01:33:04.180Z,178839918418007
"Your hand is 4♦, 6♠",2026-09-03T01:33:04.180Z,178839918418003
"Player stacks: #2 ""Jonah @ xrBY5OZYCv"" (670) | #3 ""Stevo @ kI2bCqDOyl"" (2450) | #4 ""peelic @ vOeqrOXpLT"" (680) | #7 ""Spenny @ S8ENkJ8OQS"" (625) | #10 ""arash @ RYnRljE1SO"" (575)",2026-09-03T01:33:04.180Z,178839918418001
"-- starting hand #57 (id: 5lvw2jqpltjn)  No Limit Texas Hold'em (dealer: ""Stevo @ kI2bCqDOyl"") --",2026-09-03T01:33:04.180Z,178839918418000
"""Stevo @ kI2bCqDOyl"" shows a 10♠, J♦.",2026-09-03T01:32:59.156Z,178839917915600
"""Spenny @ S8ENkJ8OQS"" shows a K♦, 5♥.",2026-09-03T01:32:58.300Z,178839917830000
"Undealt cards: 10♥, 7♥, 9♥, J♥ [9♣]",2026-09-03T01:32:57.362Z,178839917736200
"-- ending hand #56 --",2026-09-03T01:32:56.838Z,178839917683802
"""Spenny @ S8ENkJ8OQS"" collected 260 from pot",2026-09-03T01:32:56.838Z,178839917683801
"Uncalled bet of 60 returned to ""Spenny @ S8ENkJ8OQS""",2026-09-03T01:32:56.838Z,178839917683800
"""Stevo @ kI2bCqDOyl"" folds",2026-09-03T01:32:55.997Z,178839917599700
"""Jonah @ xrBY5OZYCv"" folds",2026-09-03T01:32:54.994Z,178839917499400
"""arash @ RYnRljE1SO"" folds",2026-09-03T01:32:54.059Z,178839917405900
"""Spenny @ S8ENkJ8OQS"" raises to 100",2026-09-03T01:32:53.050Z,178839917305000
"""Stevo @ kI2bCqDOyl"" bets 40",2026-09-03T01:32:47.693Z,178839916769300
"Turn: 10♥, 7♥, 9♥ [J♥]",2026-09-03T01:32:44.454Z,178839916445400
"""Jonah @ xrBY5OZYCv"" calls 20",2026-09-03T01:32:43.622Z,178839916362200
"""arash @ RYnRljE1SO"" calls 20",2026-09-03T01:32:42.765Z,178839916276500
"""Spenny @ S8ENkJ8OQS"" calls 20",2026-09-03T01:32:41.830Z,178839916183000
"""peelic @ vOeqrOXpLT"" folds",2026-09-03T01:32:40.861Z,178839916086100
"""Stevo @ kI2bCqDOyl"" bets 20",2026-09-03T01:32:33.211Z,178839915321100
"Flop:  [10♥, 7♥, 9♥]",2026-09-03T01:32:31.646Z,178839915164600
"""peelic @ vOeqrOXpLT"" checks",2026-09-03T01:32:30.821Z,178839915082100
"""Stevo @ kI2bCqDOyl"" calls 20",2026-09-03T01:32:25.437Z,178839914543700
"""Jonah @ xrBY5OZYCv"" calls 20",2026-09-03T01:32:24.460Z,178839914446000
"""arash @ RYnRljE1SO"" calls 20",2026-09-03T01:32:21.610Z,178839914161000
"""Spenny @ S8ENkJ8OQS"" calls 20",2026-09-03T01:32:20.604Z,178839914060400
"""peelic @ vOeqrOXpLT"" posts a big blind of 20",2026-09-03T01:32:14.757Z,178839913475708
"""Stevo @ kI2bCqDOyl"" posts a small blind of 10",2026-09-03T01:32:14.757Z,178839913475707
"Your hand is 10♠, J♦",2026-09-03T01:32:14.757Z,178839913475703
"Player stacks: #2 ""Jonah @ xrBY5OZYCv"" (710) | #3 ""Stevo @ kI2bCqDOyl"" (2530) | #4 ""peelic @ vOeqrOXpLT"" (700) | #7 ""Spenny @ S8ENkJ8OQS"" (445) | #10 ""arash @ RYnRljE1SO"" (615)",2026-09-03T01:32:14.757Z,178839913475701
"-- starting hand #56 (id: kzcd4dncqbf5)  No Limit Texas Hold'em (dealer: ""Jonah @ xrBY5OZYCv"") --",2026-09-03T01:32:14.757Z,178839913475700
"""Spenny @ S8ENkJ8OQS"" shows a 7♦, 8♥.",2026-09-03T01:32:12.578Z,178839913257800
"-- ending hand #55 --",2026-09-03T01:32:11.154Z,178839913115402
"""Spenny @ S8ENkJ8OQS"" collected 90 from pot",2026-09-03T01:32:11.154Z,178839913115401
"Uncalled bet of 60 returned to ""Spenny @ S8ENkJ8OQS""",2026-09-03T01:32:11.154Z,178839913115400
"""peelic @ vOeqrOXpLT"" folds",2026-09-03T01:32:10.333Z,178839913033300
"""Stevo @ kI2bCqDOyl"" folds",2026-09-03T01:32:01.529Z,178839912152900
"""arash @ RYnRljE1SO"" folds",2026-09-03T01:31:56.475Z,178839911647500
"""Spenny @ S8ENkJ8OQS"" bets 60",2026-09-03T01:31:52.632Z,178839911263200
"""peelic @ vOeqrOXpLT"" checks",2026-09-03T01:31:48.252Z,178839910825200
"""Stevo @ kI2bCqDOyl"" checks",2026-09-03T01:31:42.585Z,178839910258500
"River: 10♦, 3♠, 9♣, 10♠ [6♠]",2026-09-03T01:31:39.171Z,178839909917100
"""arash @ RYnRljE1SO"" checks",2026-09-03T01:31:38.363Z,178839909836300
"""Spenny @ S8ENkJ8OQS"" checks",2026-09-03T01:31:37.377Z,178839909737700
"""peelic @ vOeqrOXpLT"" checks",2026-09-03T01:31:36.465Z,178839909646500
"""Stevo @ kI2bCqDOyl"" checks",2026-09-03T01:31:30.312Z,178839909031200
"Turn: 10♦, 3♠, 9♣ [10♠]",2026-09-03T01:31:24.890Z,178839908489000
"""arash @ RYnRljE1SO"" checks",2026-09-03T01:31:24.006Z,178839908400600
"""Spenny @ S8ENkJ8OQS"" checks",2026-09-03T01:31:23.082Z,178839908308200
"""peelic @ vOeqrOXpLT"" checks",2026-09-03T01:31:22.165Z,178839908216500
"""Stevo @ kI2bCqDOyl"" checks",2026-09-03T01:31:13.118Z,178839907311800
"Flop:  [10♦, 3♠, 9♣]",2026-09-03T01:31:05.800Z,178839906580000
"""Stevo @ kI2bCqDOyl"" checks",2026-09-03T01:31:04.950Z,178839906495000
"""Jonah @ xrBY5OZYCv"" folds",2026-09-03T01:31:03.982Z,178839906398200
"""arash @ RYnRljE1SO"" calls 20",2026-09-03T01:31:03.120Z,178839906312000
"""Spenny @ S8ENkJ8OQS"" calls 20",2026-09-03T01:31:02.158Z,178839906215800
"""peelic @ vOeqrOXpLT"" calls 20",2026-09-03T01:31:01.221Z,178839906122100
"""Stevo @ kI2bCqDOyl"" posts a big blind of 20",2026-09-03T01:30:54.590Z,178839905459008
"""Jonah @ xrBY5OZYCv"" posts a small blind of 10",2026-09-03T01:30:54.590Z,178839905459007
"Your hand is K♦, 8♦",2026-09-03T01:30:54.590Z,178839905459003
"Player stacks: #2 ""Jonah @ xrBY5OZYCv"" (720) | #3 ""Stevo @ kI2bCqDOyl"" (2550) | #4 ""peelic @ vOeqrOXpLT"" (720) | #7 ""Spenny @ S8ENkJ8OQS"" (375) | #10 ""arash @ RYnRljE1SO"" (635)",2026-09-03T01:30:54.590Z,178839905459001
"-- starting hand #55 (id: v05h7csgv2yu)  No Limit Texas Hold'em (dealer: ""arash @ RYnRljE1SO"") --",2026-09-03T01:30:54.590Z,178839905459000
"Undealt cards: K♣, A♠, J♣, 9♣ [A♣]",2026-09-03T01:30:50.180Z,178839905018000
"-- ending hand #54 --",2026-09-03T01:30:48.581Z,178839904858102
"""peelic @ vOeqrOXpLT"" collected 160 from pot",2026-09-03T01:30:48.581Z,178839904858101
"Uncalled bet of 40 returned to ""peelic @ vOeqrOXpLT""",2026-09-03T01:30:48.581Z,178839904858100
"""arash @ RYnRljE1SO"" folds",2026-09-03T01:30:47.689Z,178839904768900
"""peelic @ vOeqrOXpLT"" bets 40",2026-09-03T01:30:46.683Z,178839904668300
"""arash @ RYnRljE1SO"" checks",2026-09-03T01:30:39.224Z,178839903922400
"Turn: K♣, A♠, J♣ [9♣]",2026-09-03T01:30:36.980Z,178839903698000
"""Stevo @ kI2bCqDOyl"" folds",2026-09-03T01:30:36.123Z,178839903612300
"""Jonah @ xrBY5OZYCv"" folds",2026-09-03T01:30:35.165Z,178839903516500
"""arash @ RYnRljE1SO"" calls 40",2026-09-03T01:30:31.339Z,178839903133900
"""peelic @ vOeqrOXpLT"" bets 40",2026-09-03T01:30:27.139Z,178839902713900
"""Stevo @ kI2bCqDOyl"" checks",2026-09-03T01:30:22.455Z,178839902245500
"""Jonah @ xrBY5OZYCv"" checks",2026-09-03T01:30:20.447Z,178839902044700
"""arash @ RYnRljE1SO"" checks",2026-09-03T01:30:19.591Z,178839901959100
"Flop:  [K♣, A♠, J♣]",2026-09-03T01:30:17.654Z,178839901765400
"""Jonah @ xrBY5OZYCv"" checks",2026-09-03T01:30:16.803Z,178839901680300
"""arash @ RYnRljE1SO"" calls 20",2026-09-03T01:30:15.894Z,178839901589400
"""Spenny @ S8ENkJ8OQS"" folds",2026-09-03T01:30:14.957Z,178839901495700
"""peelic @ vOeqrOXpLT"" calls 20",2026-09-03T01:30:11.774Z,178839901177400
"""Stevo @ kI2bCqDOyl"" calls 20",2026-09-03T01:30:10.379Z,178839901037900
"""Jonah @ xrBY5OZYCv"" posts a big blind of 20",2026-09-03T01:30:08.353Z,178839900835308
"""arash @ RYnRljE1SO"" posts a small blind of 10",2026-09-03T01:30:08.353Z,178839900835307
"Your hand is 3♦, 7♦",2026-09-03T01:30:08.353Z,178839900835303
"Player stacks: #2 ""Jonah @ xrBY5OZYCv"" (740) | #3 ""Stevo @ kI2bCqDOyl"" (2570) | #4 ""peelic @ vOeqrOXpLT"" (620) | #7 ""Spenny @ S8ENkJ8OQS"" (375) | #10 ""arash @ RYnRljE1SO"" (695)",2026-09-03T01:30:08.353Z,178839900835301
"-- starting hand #54 (id: myo4kzsmvmy5)  No Limit Texas Hold'em (dealer: ""Spenny @ S8ENkJ8OQS"") --",2026-09-03T01:30:08.353Z,178839900835300
"-- ending hand #53 --",2026-09-03T01:30:02.335Z,178839900233502
"""Stevo @ kI2bCqDOyl"" collected 280 from pot with Two Pair, J's & 10's (combination: Q♦, 10♣, 10♥, J♣, J♠)",2026-09-03T01:30:02.335Z,178839900233501
"""Stevo @ kI2bCqDOyl"" shows a 10♣, Q♦.",2026-09-03T01:30:02.335Z,178839900233500
"""arash @ RYnRljE1SO"" folds",2026-09-03T01:30:01.444Z,178839900144400
"""peelic @ vOeqrOXpLT"" calls 40",2026-09-03T01:29:50.538Z,178839899053800
"""Stevo @ kI2bCqDOyl"" bets 40",2026-09-03T01:29:47.805Z,178839898780500
"""arash @ RYnRljE1SO"" checks",2026-09-03T01:29:45.067Z,178839898506700
"River: 4♦, J♣, 10♥, 3♥ [J♠]",2026-09-03T01:29:43.315Z,178839898331500
"""arash @ RYnRljE1SO"" calls 20",2026-09-03T01:29:42.477Z,178839898247700
"""peelic @ vOeqrOXpLT"" calls 20",2026-09-03T01:29:35.072Z,178839897507200
"""Stevo @ kI2bCqDOyl"" bets 20",2026-09-03T01:29:24.556Z,178839896455600
"""arash @ RYnRljE1SO"" checks",2026-09-03T01:29:21.498Z,178839896149800
"Turn: 4♦, J♣, 10♥ [3♥]",2026-09-03T01:29:20.187Z,178839896018700
"""arash @ RYnRljE1SO"" calls 20",2026-09-03T01:29:19.353Z,178839895935300
"""Spenny @ S8ENkJ8OQS"" folds",2026-09-03T01:29:16.943Z,178839895694300
"""peelic @ vOeqrOXpLT"" calls 20",2026-09-03T01:29:06.059Z,178839894605900
"""Stevo @ kI2bCqDOyl"" bets 20",2026-09-03T01:28:56.639Z,178839893663900
"""arash @ RYnRljE1SO"" checks",2026-09-03T01:28:55.446Z,178839893544600
"""Spenny @ S8ENkJ8OQS"" checks",2026-09-03T01:28:53.313Z,178839893331300
"Flop:  [4♦, J♣, 10♥]",2026-09-03T01:28:51.061Z,178839893106100
"""arash @ RYnRljE1SO"" checks",2026-09-03T01:28:50.176Z,178839893017600
"""Spenny @ S8ENkJ8OQS"" calls 20",2026-09-03T01:28:49.233Z,178839892923300
"""peelic @ vOeqrOXpLT"" calls 20",2026-09-03T01:28:48.336Z,178839892833600
"""Stevo @ kI2bCqDOyl"" calls 20",2026-09-03T01:28:42.232Z,178839892223200
"""Jonah @ xrBY5OZYCv"" folds",2026-09-03T01:28:41.272Z,178839892127200
"""arash @ RYnRljE1SO"" posts a big blind of 20",2026-09-03T01:28:39.615Z,178839891961508
"""Spenny @ S8ENkJ8OQS"" posts a small blind of 10",2026-09-03T01:28:39.615Z,178839891961507
"Your hand is 10♣, Q♦",2026-09-03T01:28:39.615Z,178839891961503
"Player stacks: #2 ""Jonah @ xrBY5OZYCv"" (740) | #3 ""Stevo @ kI2bCqDOyl"" (2390) | #4 ""peelic @ vOeqrOXpLT"" (720) | #7 ""Spenny @ S8ENkJ8OQS"" (395) | #10 ""arash @ RYnRljE1SO"" (755)",2026-09-03T01:28:39.615Z,178839891961501
"-- starting hand #53 (id: 5gmngzwvvurn)  No Limit Texas Hold'em (dealer: ""peelic @ vOeqrOXpLT"") --",2026-09-03T01:28:39.615Z,178839891961500
"""Stevo @ kI2bCqDOyl"" shows a J♦.",2026-09-03T01:28:36.324Z,178839891632400
"-- ending hand #52 --",2026-09-03T01:28:33.087Z,178839891308702
"""Spenny @ S8ENkJ8OQS"" collected 200 from pot with Pair, 7's (combination: 10♥, J♥, A♣, 7♣, 7♦)",2026-09-03T01:28:33.087Z,178839891308701
"""Spenny @ S8ENkJ8OQS"" shows a 7♣, 10♥.",2026-09-03T01:28:33.087Z,178839891308700
"""peelic @ vOeqrOXpLT"" folds",2026-09-03T01:28:32.278Z,178839891227800
"""Jonah @ xrBY5OZYCv"" folds",2026-09-03T01:28:21.927Z,178839890192700
"""arash @ RYnRljE1SO"" calls 20",2026-09-03T01:28:21.021Z,178839890102100
"""Spenny @ S8ENkJ8OQS"" bets 20",2026-09-03T01:28:18.659Z,178839889865900
"""peelic @ vOeqrOXpLT"" checks",2026-09-03T01:28:15.276Z,178839889527600
"River: J♥, 7♦, 8♣, A♣ [4♦]",2026-09-03T01:28:13.794Z,178839889379400
"""Jonah @ xrBY5OZYCv"" checks",2026-09-03T01:28:12.971Z,178839889297100
"""arash @ RYnRljE1SO"" checks",2026-09-03T01:28:12.091Z,178839889209100
"""Spenny @ S8ENkJ8OQS"" checks",2026-09-03T01:28:11.176Z,178839889117600
"""peelic @ vOeqrOXpLT"" checks",2026-09-03T01:28:06.652Z,178839888665200
"Turn: J♥, 7♦, 8♣ [A♣]",2026-09-03T01:28:01.202Z,178839888120200
"""Jonah @ xrBY5OZYCv"" checks",2026-09-03T01:28:00.365Z,178839888036500
"""arash @ RYnRljE1SO"" checks",2026-09-03T01:27:59.510Z,178839887951000
"""Spenny @ S8ENkJ8OQS"" checks",2026-09-03T01:27:58.527Z,178839887852700
"""peelic @ vOeqrOXpLT"" checks",2026-09-03T01:27:56.402Z,178839887640200
"Flop:  [J♥, 7♦, 8♣]",2026-09-03T01:27:49.256Z,178839886925600
"""arash @ RYnRljE1SO"" calls 40",2026-09-03T01:27:48.439Z,178839886843900
"""Spenny @ S8ENkJ8OQS"" calls 40",2026-09-03T01:27:46.312Z,178839886631200
"""peelic @ vOeqrOXpLT"" calls 40",2026-09-03T01:27:38.016Z,178839885801600
"""Stevo @ kI2bCqDOyl"" folds",2026-09-03T01:27:31.725Z,178839885172500
"""Jonah @ xrBY5OZYCv"" raises to 40",2026-09-03T01:27:30.675Z,178839885067500
"""arash @ RYnRljE1SO"" calls 20",2026-09-03T01:27:25.428Z,178839884542800
"""Spenny @ S8ENkJ8OQS"" posts a big blind of 20",2026-09-03T01:27:23.650Z,178839884365008
"""peelic @ vOeqrOXpLT"" posts a small blind of 10",2026-09-03T01:27:23.650Z,178839884365007
"Your hand is J♦, 2♣",2026-09-03T01:27:23.650Z,178839884365003
"Player stacks: #2 ""Jonah @ xrBY5OZYCv"" (780) | #3 ""Stevo @ kI2bCqDOyl"" (2390) | #4 ""peelic @ vOeqrOXpLT"" (760) | #7 ""Spenny @ S8ENkJ8OQS"" (255) | #10 ""arash @ RYnRljE1SO"" (815)",2026-09-03T01:27:23.650Z,178839884365001
"-- starting hand #52 (id: kkocooe77kkx)  No Limit Texas Hold'em (dealer: ""Stevo @ kI2bCqDOyl"") --",2026-09-03T01:27:23.650Z,178839884365000
"""Spenny @ S8ENkJ8OQS"" shows a 4♣, 3♣.",2026-09-03T01:27:18.319Z,178839883831900
"""Stevo @ kI2bCqDOyl"" shows a 8♠, 5♦.",2026-09-03T01:27:17.984Z,178839883798400
"-- ending hand #51 --",2026-09-03T01:27:16.638Z,178839883663802
"""arash @ RYnRljE1SO"" collected 300 from pot with Pair, K's (combination: 6♥, 7♥, 9♠, K♠, K♥)",2026-09-03T01:27:16.638Z,178839883663801
"""arash @ RYnRljE1SO"" shows a 2♠, K♠.",2026-09-03T01:27:16.638Z,178839883663800
"""Spenny @ S8ENkJ8OQS"" calls 50",2026-09-03T01:27:15.778Z,178839883577800
"""peelic @ vOeqrOXpLT"" folds",2026-09-03T01:27:14.193Z,178839883419300
"""arash @ RYnRljE1SO"" bets 50",2026-09-03T01:27:13.288Z,178839883328800
"""Spenny @ S8ENkJ8OQS"" checks",2026-09-03T01:27:09.601Z,178839882960100
"""peelic @ vOeqrOXpLT"" checks",2026-09-03T01:27:05.967Z,178839882596700
"River: 4♥, 9♠, K♥, 6♥ [7♥]",2026-09-03T01:27:04.465Z,178839882446500
"""peelic @ vOeqrOXpLT"" calls 20",2026-09-03T01:27:03.644Z,178839882364400
"""arash @ RYnRljE1SO"" calls 20",2026-09-03T01:26:57.681Z,178839881768100
"""Spenny @ S8ENkJ8OQS"" bets 20",2026-09-03T01:26:56.297Z,178839881629700
"""peelic @ vOeqrOXpLT"" checks",2026-09-03T01:26:54.572Z,178839881457200
"Turn: 4♥, 9♠, K♥ [6♥]",2026-09-03T01:26:52.712Z,178839881271200
"""peelic @ vOeqrOXpLT"" calls 20",2026-09-03T01:26:51.890Z,178839881189000
"""Stevo @ kI2bCqDOyl"" folds",2026-09-03T01:26:42.741Z,178839880274100
"""arash @ RYnRljE1SO"" calls 20",2026-09-03T01:26:40.834Z,178839880083400
"""Spenny @ S8ENkJ8OQS"" bets 20",2026-09-03T01:26:39.222Z,178839879922200
"""peelic @ vOeqrOXpLT"" checks",2026-09-03T01:26:34.809Z,178839879480900
"""Stevo @ kI2bCqDOyl"" checks",2026-09-03T01:26:28.339Z,178839878833900
"Flop:  [4♥, 9♠, K♥]",2026-09-03T01:26:26.557Z,178839878655700
"""peelic @ vOeqrOXpLT"" checks",2026-09-03T01:26:25.732Z,178839878573200
"""Stevo @ kI2bCqDOyl"" calls 20",2026-09-03T01:26:24.811Z,178839878481100
"""Jonah @ xrBY5OZYCv"" folds",2026-09-03T01:26:18.793Z,178839877879300
"""arash @ RYnRljE1SO"" calls 20",2026-09-03T01:26:17.930Z,178839877793000
"""Spenny @ S8ENkJ8OQS"" calls 20",2026-09-03T01:26:16.885Z,178839877688500
"""peelic @ vOeqrOXpLT"" posts a big blind of 20",2026-09-03T01:26:15.516Z,178839877551608
"""Stevo @ kI2bCqDOyl"" posts a small blind of 10",2026-09-03T01:26:15.516Z,178839877551607
"Your hand is 8♠, 5♦",2026-09-03T01:26:15.516Z,178839877551603
"Player stacks: #2 ""Jonah @ xrBY5OZYCv"" (780) | #3 ""Stevo @ kI2bCqDOyl"" (2410) | #4 ""peelic @ vOeqrOXpLT"" (820) | #7 ""Spenny @ S8ENkJ8OQS"" (365) | #10 ""arash @ RYnRljE1SO"" (625)",2026-09-03T01:26:15.516Z,178839877551601
"-- starting hand #51 (id: 2hjqpnfg2egf)  No Limit Texas Hold'em (dealer: ""Jonah @ xrBY5OZYCv"") --",2026-09-03T01:26:15.516Z,178839877551600
"-- ending hand #50 --",2026-09-03T01:26:09.494Z,178839876949403
"""Stevo @ kI2bCqDOyl"" collected 510 from pot with Two Pair, J's & 8's (combination: Q♣, 8♥, 8♣, J♦, J♣)",2026-09-03T01:26:09.494Z,178839876949402
"""Stevo @ kI2bCqDOyl"" shows a 8♥, 8♣.",2026-09-03T01:26:09.494Z,178839876949401
"""arash @ RYnRljE1SO"" shows a 6♣, 5♠.",2026-09-03T01:26:09.494Z,178839876949400
"""Stevo @ kI2bCqDOyl"" calls 70",2026-09-03T01:26:08.618Z,178839876861800
"""Jonah @ xrBY5OZYCv"" folds",2026-09-03T01:26:07.543Z,178839876754300
"""arash @ RYnRljE1SO"" bets 70",2026-09-03T01:26:06.536Z,178839876653600
"""Stevo @ kI2bCqDOyl"" checks",2026-09-03T01:26:03.519Z,178839876351900
"""Jonah @ xrBY5OZYCv"" checks",2026-09-03T01:26:01.875Z,178839876187500
"River: Q♣, J♦, 7♦, 5♣ [J♣]",2026-09-03T01:25:59.995Z,178839875999500
"""Jonah @ xrBY5OZYCv"" calls 50",2026-09-03T01:25:59.091Z,178839875909100
"""arash @ RYnRljE1SO"" calls 50",2026-09-03T01:25:57.047Z,178839875704700
"""Stevo @ kI2bCqDOyl"" bets 50",2026-09-03T01:25:51.039Z,178839875103900
"""Jonah @ xrBY5OZYCv"" checks",2026-09-03T01:25:48.659Z,178839874865900
"Turn: Q♣, J♦, 7♦ [5♣]",2026-09-03T01:25:46.181Z,178839874618100
"""Jonah @ xrBY5OZYCv"" calls 20",2026-09-03T01:25:45.248Z,178839874524800
"""arash @ RYnRljE1SO"" calls 20",2026-09-03T01:25:44.305Z,178839874430500
"""peelic @ vOeqrOXpLT"" folds",2026-09-03T01:25:38.658Z,178839873865800
"""Stevo @ kI2bCqDOyl"" bets 20",2026-09-03T01:25:33.503Z,178839873350300
"""Jonah @ xrBY5OZYCv"" checks",2026-09-03T01:25:31.599Z,178839873159900
"Flop:  [Q♣, J♦, 7♦]",2026-09-03T01:25:30.020Z,178839873002000
"""Jonah @ xrBY5OZYCv"" calls 40",2026-09-03T01:25:29.193Z,178839872919300
"""arash @ RYnRljE1SO"" calls 40",2026-09-03T01:25:28.324Z,178839872832400
"""peelic @ vOeqrOXpLT"" calls 40",2026-09-03T01:25:27.400Z,178839872740000
"""Stevo @ kI2bCqDOyl"" raises to 40",2026-09-03T01:25:21.160Z,178839872116000
"""Jonah @ xrBY5OZYCv"" calls 20",2026-09-03T01:25:18.288Z,178839871828800
"""arash @ RYnRljE1SO"" calls 20",2026-09-03T01:25:16.513Z,178839871651300
"""Spenny @ S8ENkJ8OQS"" folds",2026-09-03T01:25:15.590Z,178839871559000
"""peelic @ vOeqrOXpLT"" calls 20",2026-09-03T01:25:14.642Z,178839871464200
"""Stevo @ kI2bCqDOyl"" posts a big blind of 20",2026-09-03T01:25:11.910Z,178839871191008
"""Jonah @ xrBY5OZYCv"" posts a small blind of 10",2026-09-03T01:25:11.910Z,178839871191007
"Your hand is 8♥, 8♣",2026-09-03T01:25:11.910Z,178839871191003
"Player stacks: #2 ""Jonah @ xrBY5OZYCv"" (890) | #3 ""Stevo @ kI2bCqDOyl"" (2080) | #4 ""peelic @ vOeqrOXpLT"" (860) | #7 ""Spenny @ S8ENkJ8OQS"" (365) | #10 ""arash @ RYnRljE1SO"" (805)",2026-09-03T01:25:11.910Z,178839871191001
"-- starting hand #50 (id: dkwuzhysz9z9)  No Limit Texas Hold'em (dealer: ""arash @ RYnRljE1SO"") --",2026-09-03T01:25:11.910Z,178839871191000
"""Jonah @ xrBY5OZYCv"" shows a 7♥.",2026-09-03T01:25:08.610Z,178839870861000
"-- ending hand #49 --",2026-09-03T01:25:05.372Z,178839870537203
"""Stevo @ kI2bCqDOyl"" collected 300 from pot with Two Pair, K's & 7's (combination: Q♥, 7♠, 7♣, K♠, K♥)",2026-09-03T01:25:05.372Z,178839870537202
"""Stevo @ kI2bCqDOyl"" shows a K♠, Q♥.",2026-09-03T01:25:05.372Z,178839870537201
"""arash @ RYnRljE1SO"" shows a A♣, Q♣.",2026-09-03T01:25:05.372Z,178839870537200
"""Stevo @ kI2bCqDOyl"" calls 20",2026-09-03T01:25:04.546Z,178839870454600
"""arash @ RYnRljE1SO"" bets 20",2026-09-03T01:25:03.497Z,178839870349700
"River: 3♣, K♥, 7♠, 7♣ [8♦]",2026-09-03T01:25:00.499Z,178839870049900
"""Stevo @ kI2bCqDOyl"" calls 60",2026-09-03T01:24:59.660Z,178839869966000
"""arash @ RYnRljE1SO"" bets 60",2026-09-03T01:24:56.822Z,178839869682200
"Turn: 3♣, K♥, 7♠ [7♣]",2026-09-03T01:24:53.636Z,178839869363600
"""Jonah @ xrBY5OZYCv"" folds",2026-09-03T01:24:52.774Z,178839869277400
"""arash @ RYnRljE1SO"" calls 20",2026-09-03T01:24:51.919Z,178839869191900
"""Spenny @ S8ENkJ8OQS"" folds",2026-09-03T01:24:50.966Z,178839869096600
"""peelic @ vOeqrOXpLT"" folds",2026-09-03T01:24:50.024Z,178839869002400
"""Stevo @ kI2bCqDOyl"" bets 20",2026-09-03T01:24:41.083Z,178839868108300
"""Jonah @ xrBY5OZYCv"" checks",2026-09-03T01:24:34.525Z,178839867452500
"""arash @ RYnRljE1SO"" checks",2026-09-03T01:24:33.636Z,178839867363600
"Flop:  [3♣, K♥, 7♠]",2026-09-03T01:24:31.935Z,178839867193500
"""Jonah @ xrBY5OZYCv"" checks",2026-09-03T01:24:31.130Z,178839867113000
"""arash @ RYnRljE1SO"" calls 20",2026-09-03T01:24:30.229Z,178839867022900
"""Spenny @ S8ENkJ8OQS"" calls 20",2026-09-03T01:24:29.272Z,178839866927200
"""peelic @ vOeqrOXpLT"" calls 20",2026-09-03T01:24:28.355Z,178839866835500
"""Stevo @ kI2bCqDOyl"" calls 20",2026-09-03T01:24:27.522Z,178839866752200
"""Jonah @ xrBY5OZYCv"" posts a big blind of 20",2026-09-03T01:24:19.293Z,178839865929308
"""arash @ RYnRljE1SO"" posts a small blind of 10",2026-09-03T01:24:19.293Z,178839865929307
"Your hand is K♠, Q♥",2026-09-03T01:24:19.293Z,178839865929303
"Player stacks: #2 ""Jonah @ xrBY5OZYCv"" (910) | #3 ""Stevo @ kI2bCqDOyl"" (1900) | #4 ""peelic @ vOeqrOXpLT"" (880) | #7 ""Spenny @ S8ENkJ8OQS"" (385) | #10 ""arash @ RYnRljE1SO"" (925)",2026-09-03T01:24:19.293Z,178839865929301
"-- starting hand #49 (id: lkcxahzfxe6r)  No Limit Texas Hold'em (dealer: ""Spenny @ S8ENkJ8OQS"") --",2026-09-03T01:24:19.293Z,178839865929300
"-- ending hand #48 --",2026-09-03T01:24:16.386Z,178839865638602
"""arash @ RYnRljE1SO"" collected 180 from pot",2026-09-03T01:24:16.386Z,178839865638601
"Uncalled bet of 80 returned to ""arash @ RYnRljE1SO""",2026-09-03T01:24:16.386Z,178839865638600
"""peelic @ vOeqrOXpLT"" folds",2026-09-03T01:24:15.547Z,178839865554700
"""arash @ RYnRljE1SO"" bets 80",2026-09-03T01:24:11.354Z,178839865135400
"River: 7♣, 7♥, 5♠, 10♣ [5♣]",2026-09-03T01:24:06.053Z,178839864605300
"""Spenny @ S8ENkJ8OQS"" folds",2026-09-03T01:24:05.176Z,178839864517600
"""peelic @ vOeqrOXpLT"" calls 40",2026-09-03T01:23:59.537Z,178839863953700
"""Stevo @ kI2bCqDOyl"" folds",2026-09-03T01:23:55.063Z,178839863506300
"""Jonah @ xrBY5OZYCv"" folds",2026-09-03T01:23:51.612Z,178839863161200
"""arash @ RYnRljE1SO"" bets 40",2026-09-03T01:23:50.086Z,178839863008600
"""Spenny @ S8ENkJ8OQS"" checks",2026-09-03T01:23:46.668Z,178839862666800
"Turn: 7♣, 7♥, 5♠ [10♣]",2026-09-03T01:23:44.610Z,178839862461000
"""peelic @ vOeqrOXpLT"" checks",2026-09-03T01:23:43.766Z,178839862376600
"""Stevo @ kI2bCqDOyl"" checks",2026-09-03T01:23:38.572Z,178839861857200
"""Jonah @ xrBY5OZYCv"" checks",2026-09-03T01:23:33.523Z,178839861352300
"""arash @ RYnRljE1SO"" checks",2026-09-03T01:23:32.609Z,178839861260900
"""Spenny @ S8ENkJ8OQS"" checks",2026-09-03T01:23:30.733Z,178839861073300
"Flop:  [7♣, 7♥, 5♠]",2026-09-03T01:23:26.713Z,178839860671300
"""arash @ RYnRljE1SO"" checks",2026-09-03T01:23:25.907Z,178839860590700
"""Spenny @ S8ENkJ8OQS"" calls 20",2026-09-03T01:23:24.940Z,178839860494000
"""peelic @ vOeqrOXpLT"" calls 20",2026-09-03T01:23:24.035Z,178839860403500
"""Stevo @ kI2bCqDOyl"" calls 20",2026-09-03T01:23:23.192Z,178839860319200
"""Jonah @ xrBY5OZYCv"" calls 20",2026-09-03T01:23:17.230Z,178839859723000
"""arash @ RYnRljE1SO"" posts a big blind of 20",2026-09-03T01:23:12.994Z,178839859299408
"""Spenny @ S8ENkJ8OQS"" posts a small blind of 10",2026-09-03T01:23:12.994Z,178839859299407
"Your hand is 6♠, A♠",2026-09-03T01:23:12.994Z,178839859299403
"Player stacks: #2 ""Jonah @ xrBY5OZYCv"" (930) | #3 ""Stevo @ kI2bCqDOyl"" (1920) | #4 ""peelic @ vOeqrOXpLT"" (940) | #7 ""Spenny @ S8ENkJ8OQS"" (405) | #10 ""arash @ RYnRljE1SO"" (805)",2026-09-03T01:23:12.994Z,178839859299401
"-- starting hand #48 (id: bhjubeudkvgp)  No Limit Texas Hold'em (dealer: ""peelic @ vOeqrOXpLT"") --",2026-09-03T01:23:12.994Z,178839859299400
"-- ending hand #47 --",2026-09-03T01:23:09.995Z,178839858999502
"""Jonah @ xrBY5OZYCv"" collected 310 from pot",2026-09-03T01:23:09.995Z,178839858999501
"Uncalled bet of 80 returned to ""Jonah @ xrBY5OZYCv""",2026-09-03T01:23:09.995Z,178839858999500
"""arash @ RYnRljE1SO"" folds",2026-09-03T01:23:09.170Z,178839858917000
"""Spenny @ S8ENkJ8OQS"" folds",2026-09-03T01:23:03.107Z,178839858310700
"""Jonah @ xrBY5OZYCv"" bets 80",2026-09-03T01:22:59.123Z,178839857912300
"""arash @ RYnRljE1SO"" checks",2026-09-03T01:22:55.537Z,178839857553700
"""Spenny @ S8ENkJ8OQS"" checks",2026-09-03T01:22:53.920Z,178839857392000
"River: 4♣, 3♣, 10♦, 6♥ [8♣]",2026-09-03T01:22:52.478Z,178839857247800
"""arash @ RYnRljE1SO"" calls 40",2026-09-03T01:22:51.610Z,178839857161000
"""Spenny @ S8ENkJ8OQS"" calls 40",2026-09-03T01:22:50.194Z,178839857019400
"""Jonah @ xrBY5OZYCv"" raises to 40",2026-09-03T01:22:41.860Z,178839856186000
"""arash @ RYnRljE1SO"" calls 20",2026-09-03T01:22:38.078Z,178839855807800
"""Spenny @ S8ENkJ8OQS"" bets 20",2026-09-03T01:22:36.433Z,178839855643300
"Turn: 4♣, 3♣, 10♦ [6♥]",2026-09-03T01:22:34.305Z,178839855430500
"""Jonah @ xrBY5OZYCv"" calls 20",2026-09-03T01:22:33.479Z,178839855347900
"""arash @ RYnRljE1SO"" calls 20",2026-09-03T01:22:31.179Z,178839855117900
"""Spenny @ S8ENkJ8OQS"" bets 20",2026-09-03T01:22:30.139Z,178839855013900
"Flop:  [4♣, 3♣, 10♦]",2026-09-03T01:22:28.168Z,178839854816800
"""arash @ RYnRljE1SO"" calls 40",2026-09-03T01:22:27.341Z,178839854734100
"""Spenny @ S8ENkJ8OQS"" calls 40",2026-09-03T01:22:26.423Z,178839854642300
"""peelic @ vOeqrOXpLT"" folds",2026-09-03T01:22:20.299Z,178839854029900
"""Stevo @ kI2bCqDOyl"" folds",2026-09-03T01:22:09.421Z,178839852942100
"""Jonah @ xrBY5OZYCv"" raises to 40",2026-09-03T01:22:08.466Z,178839852846600
"""arash @ RYnRljE1SO"" calls 20",2026-09-03T01:22:02.204Z,178839852220400
"""Spenny @ S8ENkJ8OQS"" posts a big blind of 20",2026-09-03T01:21:59.465Z,178839851946508
"""peelic @ vOeqrOXpLT"" posts a small blind of 10",2026-09-03T01:21:59.465Z,178839851946507
"Your hand is 4♥, 8♥",2026-09-03T01:21:59.465Z,178839851946503
"Player stacks: #2 ""Jonah @ xrBY5OZYCv"" (720) | #3 ""Stevo @ kI2bCqDOyl"" (1920) | #4 ""peelic @ vOeqrOXpLT"" (950) | #7 ""Spenny @ S8ENkJ8OQS"" (505) | #10 ""arash @ RYnRljE1SO"" (905)",2026-09-03T01:21:59.465Z,178839851946501
"-- starting hand #47 (id: icmzv3brtlfa)  No Limit Texas Hold'em (dealer: ""Stevo @ kI2bCqDOyl"") --",2026-09-03T01:21:59.465Z,178839851946500
"-- ending hand #46 --",2026-09-03T01:21:53.456Z,178839851345603
"""peelic @ vOeqrOXpLT"" collected 60 from pot with Pair, 2's (combination: 7♦, 10♥, A♠, 2♣, 2♦)",2026-09-03T01:21:53.456Z,178839851345602
"""peelic @ vOeqrOXpLT"" shows a A♠, 2♣.",2026-09-03T01:21:53.456Z,178839851345601
"""Stevo @ kI2bCqDOyl"" shows a Q♥, 8♣.",2026-09-03T01:21:53.456Z,178839851345600
"""arash @ RYnRljE1SO"" checks",2026-09-03T01:21:52.647Z,178839851264700
"""peelic @ vOeqrOXpLT"" checks",2026-09-03T01:21:47.877Z,178839850787700
"""Stevo @ kI2bCqDOyl"" checks",2026-09-03T01:21:42.414Z,178839850241400
"River: 3♠, 4♦, 10♥, 7♦ [2♦]",2026-09-03T01:21:36.338Z,178839849633800
"""arash @ RYnRljE1SO"" checks",2026-09-03T01:21:35.455Z,178839849545500
"""peelic @ vOeqrOXpLT"" checks",2026-09-03T01:21:34.521Z,178839849452100
"""Stevo @ kI2bCqDOyl"" checks",2026-09-03T01:21:27.868Z,178839848786800
"Turn: 3♠, 4♦, 10♥ [7♦]",2026-09-03T01:21:25.642Z,178839848564200
"""arash @ RYnRljE1SO"" checks",2026-09-03T01:21:24.810Z,178839848481000
"""peelic @ vOeqrOXpLT"" checks",2026-09-03T01:21:23.872Z,178839848387200
"""Stevo @ kI2bCqDOyl"" checks",2026-09-03T01:21:18.596Z,178839847859600
"Flop:  [3♠, 4♦, 10♥]",2026-09-03T01:21:16.587Z,178839847658700
"""peelic @ vOeqrOXpLT"" checks",2026-09-03T01:21:15.722Z,178839847572200
"""Stevo @ kI2bCqDOyl"" calls 20",2026-09-03T01:21:14.815Z,178839847481500
"""Jonah @ xrBY5OZYCv"" folds",2026-09-03T01:21:13.835Z,178839847383500
"""arash @ RYnRljE1SO"" calls 20",2026-09-03T01:21:12.897Z,178839847289700
"""Spenny @ S8ENkJ8OQS"" folds",2026-09-03T01:21:11.905Z,178839847190500
"""peelic @ vOeqrOXpLT"" posts a big blind of 20",2026-09-03T01:21:08.873Z,178839846887308
"""Stevo @ kI2bCqDOyl"" posts a small blind of 10",2026-09-03T01:21:08.873Z,178839846887307
"Your hand is Q♥, 8♣",2026-09-03T01:21:08.873Z,178839846887303
"Player stacks: #2 ""Jonah @ xrBY5OZYCv"" (720) | #3 ""Stevo @ kI2bCqDOyl"" (1940) | #4 ""peelic @ vOeqrOXpLT"" (910) | #7 ""Spenny @ S8ENkJ8OQS"" (505) | #10 ""arash @ RYnRljE1SO"" (925)",2026-09-03T01:21:08.873Z,178839846887301
"-- starting hand #46 (id: zmqsgitaqabi)  No Limit Texas Hold'em (dealer: ""Jonah @ xrBY5OZYCv"") --",2026-09-03T01:21:08.873Z,178839846887300
"-- ending hand #45 --",2026-09-03T01:21:02.816Z,178839846281603
"""arash @ RYnRljE1SO"" collected 70 from pot with Pair, 4's (combination: 8♣, 9♠, 10♥, 4♠, 4♥)",2026-09-03T01:21:02.816Z,178839846281602
"""arash @ RYnRljE1SO"" shows a 8♣, 4♠.",2026-09-03T01:21:02.816Z,178839846281601
"""Stevo @ kI2bCqDOyl"" shows a K♠, J♣.",2026-09-03T01:21:02.816Z,178839846281600
"""arash @ RYnRljE1SO"" checks",2026-09-03T01:21:01.886Z,178839846188600
"""peelic @ vOeqrOXpLT"" checks",2026-09-03T01:21:00.822Z,178839846082200
"""Stevo @ kI2bCqDOyl"" checks",2026-09-03T01:20:55.192Z,178839845519200
"River: 10♥, 4♥, 7♥, 9♠ [2♦]",2026-09-03T01:20:53.718Z,178839845371800
"""arash @ RYnRljE1SO"" checks",2026-09-03T01:20:52.854Z,178839845285400
"""peelic @ vOeqrOXpLT"" checks",2026-09-03T01:20:46.587Z,178839844658700
"""Stevo @ kI2bCqDOyl"" checks",2026-09-03T01:20:40.669Z,178839844066900
"Turn: 10♥, 4♥, 7♥ [9♠]",2026-09-03T01:20:39.108Z,178839843910800
"""arash @ RYnRljE1SO"" checks",2026-09-03T01:20:38.270Z,178839843827000
"""peelic @ vOeqrOXpLT"" checks",2026-09-03T01:20:37.342Z,178839843734200
"""Stevo @ kI2bCqDOyl"" checks",2026-09-03T01:20:33.606Z,178839843360600
"Flop:  [10♥, 4♥, 7♥]",2026-09-03T01:20:32.159Z,178839843215900
"""Stevo @ kI2bCqDOyl"" checks",2026-09-03T01:20:31.327Z,178839843132700
"""Jonah @ xrBY5OZYCv"" folds",2026-09-03T01:20:30.357Z,178839843035700
"""arash @ RYnRljE1SO"" calls 20",2026-09-03T01:20:29.466Z,178839842946600
"""Spenny @ S8ENkJ8OQS"" folds",2026-09-03T01:20:28.510Z,178839842851000
"""peelic @ vOeqrOXpLT"" calls 20",2026-09-03T01:20:25.683Z,178839842568300
"""Stevo @ kI2bCqDOyl"" posts a big blind of 20",2026-09-03T01:20:23.155Z,178839842315508
"""Jonah @ xrBY5OZYCv"" posts a small blind of 10",2026-09-03T01:20:23.155Z,178839842315507
"Your hand is K♠, J♣",2026-09-03T01:20:23.155Z,178839842315503
"Player stacks: #2 ""Jonah @ xrBY5OZYCv"" (730) | #3 ""Stevo @ kI2bCqDOyl"" (1960) | #4 ""peelic @ vOeqrOXpLT"" (930) | #7 ""Spenny @ S8ENkJ8OQS"" (505) | #10 ""arash @ RYnRljE1SO"" (875)",2026-09-03T01:20:23.155Z,178839842315501
"-- starting hand #45 (id: wseuypeotnv8)  No Limit Texas Hold'em (dealer: ""arash @ RYnRljE1SO"") --",2026-09-03T01:20:23.155Z,178839842315500
"""Stevo @ kI2bCqDOyl"" shows a 4♣, 5♣.",2026-09-03T01:20:20.226Z,178839842022600
"-- ending hand #44 --",2026-09-03T01:20:19.503Z,178839841950302
"""peelic @ vOeqrOXpLT"" collected 260 from pot",2026-09-03T01:20:19.503Z,178839841950301
"Uncalled bet of 70 returned to ""peelic @ vOeqrOXpLT""",2026-09-03T01:20:19.503Z,178839841950300
"""Stevo @ kI2bCqDOyl"" folds",2026-09-03T01:20:18.649Z,178839841864900
"""arash @ RYnRljE1SO"" folds",2026-09-03T01:20:17.614Z,178839841761400
"""Spenny @ S8ENkJ8OQS"" folds",2026-09-03T01:20:16.607Z,178839841660700
"""peelic @ vOeqrOXpLT"" bets 70",2026-09-03T01:20:13.030Z,178839841303000
"""Stevo @ kI2bCqDOyl"" checks",2026-09-03T01:20:08.024Z,178839840802400
"""arash @ RYnRljE1SO"" checks",2026-09-03T01:20:07.055Z,178839840705500
"River: 9♠, 2♣, 7♠, A♣ [A♦]",2026-09-03T01:20:02.905Z,178839840290500
"""arash @ RYnRljE1SO"" calls 20",2026-09-03T01:20:02.084Z,178839840208400
"""Spenny @ S8ENkJ8OQS"" calls 20",2026-09-03T01:19:56.584Z,178839839658400
"""peelic @ vOeqrOXpLT"" calls 20",2026-09-03T01:19:48.355Z,178839838835500
"""Stevo @ kI2bCqDOyl"" bets 20",2026-09-03T01:19:41.942Z,178839838194200
"""arash @ RYnRljE1SO"" checks",2026-09-03T01:19:40.388Z,178839838038800
"Turn: 9♠, 2♣, 7♠ [A♣]",2026-09-03T01:19:37.889Z,178839837788900
"""Jonah @ xrBY5OZYCv"" folds",2026-09-03T01:19:37.065Z,178839837706500
"""arash @ RYnRljE1SO"" calls 20",2026-09-03T01:19:36.183Z,178839837618300
"""Spenny @ S8ENkJ8OQS"" calls 20",2026-09-03T01:19:30.947Z,178839837094700
"""peelic @ vOeqrOXpLT"" calls 20",2026-09-03T01:19:23.511Z,178839836351100
"""Stevo @ kI2bCqDOyl"" bets 20",2026-09-03T01:19:18.868Z,178839835886800
"""Jonah @ xrBY5OZYCv"" checks",2026-09-03T01:19:14.683Z,178839835468300
"""arash @ RYnRljE1SO"" checks",2026-09-03T01:19:11.995Z,178839835199500
"Flop:  [9♠, 2♣, 7♠]",2026-09-03T01:19:09.962Z,178839834996200
"""Jonah @ xrBY5OZYCv"" checks",2026-09-03T01:19:09.130Z,178839834913000
"""arash @ RYnRljE1SO"" calls 20",2026-09-03T01:19:08.275Z,178839834827500
"""Spenny @ S8ENkJ8OQS"" calls 20",2026-09-03T01:19:07.301Z,178839834730100
"""peelic @ vOeqrOXpLT"" calls 20",2026-09-03T01:19:06.411Z,178839834641100
"""Stevo @ kI2bCqDOyl"" calls 20",2026-09-03T01:19:00.576Z,178839834057600
"""Jonah @ xrBY5OZYCv"" posts a big blind of 20",2026-09-03T01:18:59.588Z,178839833958808
"""arash @ RYnRljE1SO"" posts a small blind of 10",2026-09-03T01:18:59.588Z,178839833958807
"Your hand is 4♣, 5♣",2026-09-03T01:18:59.588Z,178839833958803
"Player stacks: #2 ""Jonah @ xrBY5OZYCv"" (750) | #3 ""Stevo @ kI2bCqDOyl"" (2020) | #4 ""peelic @ vOeqrOXpLT"" (730) | #7 ""Spenny @ S8ENkJ8OQS"" (565) | #10 ""arash @ RYnRljE1SO"" (935)",2026-09-03T01:18:59.588Z,178839833958801
"-- starting hand #44 (id: 0xsajvyoc1wu)  No Limit Texas Hold'em (dealer: ""Spenny @ S8ENkJ8OQS"") --",2026-09-03T01:18:59.588Z,178839833958800
"-- ending hand #43 --",2026-09-03T01:18:56.654Z,178839833665402
"""peelic @ vOeqrOXpLT"" collected 230 from pot",2026-09-03T01:18:56.654Z,178839833665401
"Uncalled bet of 60 returned to ""peelic @ vOeqrOXpLT""",2026-09-03T01:18:56.654Z,178839833665400
"""arash @ RYnRljE1SO"" folds",2026-09-03T01:18:55.821Z,178839833582100
"""Spenny @ S8ENkJ8OQS"" folds",2026-09-03T01:18:49.601Z,178839832960100
"""peelic @ vOeqrOXpLT"" bets 60",2026-09-03T01:18:45.017Z,178839832501700
"""arash @ RYnRljE1SO"" checks",2026-09-03T01:18:36.754Z,178839831675400
"""Spenny @ S8ENkJ8OQS"" checks",2026-09-03T01:18:32.521Z,178839831252100
"River: 4♣, A♥, 2♥, J♠ [Q♠]",2026-09-03T01:18:30.439Z,178839831043900
"""arash @ RYnRljE1SO"" calls 30",2026-09-03T01:18:29.592Z,178839830959200
"""Spenny @ S8ENkJ8OQS"" calls 30",2026-09-03T01:18:27.520Z,178839830752000
"""peelic @ vOeqrOXpLT"" bets 30",2026-09-03T01:18:25.928Z,178839830592800
"""arash @ RYnRljE1SO"" checks",2026-09-03T01:18:21.117Z,178839830111700
"""Spenny @ S8ENkJ8OQS"" checks",2026-09-03T01:18:16.669Z,178839829666900
"Turn: 4♣, A♥, 2♥ [J♠]",2026-09-03T01:18:15.358Z,178839829535800
"""peelic @ vOeqrOXpLT"" calls 20",2026-09-03T01:18:14.493Z,178839829449300
"""Stevo @ kI2bCqDOyl"" folds",2026-09-03T01:18:06.551Z,178839828655100
"""arash @ RYnRljE1SO"" calls 20",2026-09-03T01:18:05.585Z,178839828558500
"""Spenny @ S8ENkJ8OQS"" bets 20",2026-09-03T01:18:04.174Z,178839828417400
"Flop:  [4♣, A♥, 2♥]",2026-09-03T01:18:00.492Z,178839828049200
"""arash @ RYnRljE1SO"" checks",2026-09-03T01:17:59.655Z,178839827965500
"""Spenny @ S8ENkJ8OQS"" calls 20",2026-09-03T01:17:58.745Z,178839827874500
"""peelic @ vOeqrOXpLT"" calls 20",2026-09-03T01:17:55.919Z,178839827591900
"""Stevo @ kI2bCqDOyl"" calls 20",2026-09-03T01:17:55.017Z,178839827501700
"""Jonah @ xrBY5OZYCv"" folds",2026-09-03T01:17:53.996Z,178839827399600
"""arash @ RYnRljE1SO"" posts a big blind of 20",2026-09-03T01:17:52.482Z,178839827248208
"""Spenny @ S8ENkJ8OQS"" posts a small blind of 10",2026-09-03T01:17:52.482Z,178839827248207
"Your hand is 10♦, 6♦",2026-09-03T01:17:52.482Z,178839827248203
"Player stacks: #2 ""Jonah @ xrBY5OZYCv"" (750) | #3 ""Stevo @ kI2bCqDOyl"" (2040) | #4 ""peelic @ vOeqrOXpLT"" (570) | #7 ""Spenny @ S8ENkJ8OQS"" (635) | #10 ""arash @ RYnRljE1SO"" (1005)",2026-09-03T01:17:52.482Z,178839827248201
"-- starting hand #43 (id: zbtuynqrkoso)  No Limit Texas Hold'em (dealer: ""peelic @ vOeqrOXpLT"") --",2026-09-03T01:17:52.482Z,178839827248200
"-- ending hand #42 --",2026-09-03T01:17:46.476Z,178839826647603
"""Spenny @ S8ENkJ8OQS"" collected 100 from pot with Two Pair, A's & 10's (combination: 6♣, 10♥, 10♣, A♥, A♣)",2026-09-03T01:17:46.476Z,178839826647602
"""Spenny @ S8ENkJ8OQS"" shows a 10♥, 10♣.",2026-09-03T01:17:46.476Z,178839826647601
"""peelic @ vOeqrOXpLT"" shows a 3♥, 5♠.",2026-09-03T01:17:46.476Z,178839826647600
"""Stevo @ kI2bCqDOyl"" checks",2026-09-03T01:17:45.607Z,178839826560700
"""Jonah @ xrBY5OZYCv"" checks",2026-09-03T01:17:44.673Z,178839826467300
"""arash @ RYnRljE1SO"" checks",2026-09-03T01:17:42.587Z,178839826258700
"""Spenny @ S8ENkJ8OQS"" checks",2026-09-03T01:17:41.612Z,178839826161200
"""peelic @ vOeqrOXpLT"" checks",2026-09-03T01:17:40.296Z,178839826029600
"River: 6♠, A♥, 3♣, 6♣ [A♣]",2026-09-03T01:17:35.071Z,178839825507100
"""Stevo @ kI2bCqDOyl"" checks",2026-09-03T01:17:34.201Z,178839825420100
"""Jonah @ xrBY5OZYCv"" checks",2026-09-03T01:17:33.183Z,178839825318300
"""arash @ RYnRljE1SO"" checks",2026-09-03T01:17:32.303Z,178839825230300
"""Spenny @ S8ENkJ8OQS"" checks",2026-09-03T01:17:29.614Z,178839824961400
"""peelic @ vOeqrOXpLT"" checks",2026-09-03T01:17:28.710Z,178839824871000
"Turn: 6♠, A♥, 3♣ [6♣]",2026-09-03T01:17:22.871Z,178839824287100
"""Stevo @ kI2bCqDOyl"" checks",2026-09-03T01:17:21.995Z,178839824199500
"""Jonah @ xrBY5OZYCv"" checks",2026-09-03T01:17:20.975Z,178839824097500
"""arash @ RYnRljE1SO"" checks",2026-09-03T01:17:20.077Z,178839824007700
"""Spenny @ S8ENkJ8OQS"" checks",2026-09-03T01:17:17.599Z,178839823759900
"""peelic @ vOeqrOXpLT"" checks",2026-09-03T01:17:16.709Z,178839823670900
"Flop:  [6♠, A♥, 3♣]",2026-09-03T01:17:12.260Z,178839823226000
"""Spenny @ S8ENkJ8OQS"" checks",2026-09-03T01:17:11.411Z,178839823141100
"""peelic @ vOeqrOXpLT"" calls 20",2026-09-03T01:17:07.385Z,178839822738500
"""Stevo @ kI2bCqDOyl"" calls 20",2026-09-03T01:17:03.860Z,178839822386000
"""Jonah @ xrBY5OZYCv"" calls 20",2026-09-03T01:17:02.914Z,178839822291400
"""arash @ RYnRljE1SO"" calls 20",2026-09-03T01:17:01.994Z,178839822199400
"""Spenny @ S8ENkJ8OQS"" posts a big blind of 20",2026-09-03T01:16:59.781Z,178839821978108
"""peelic @ vOeqrOXpLT"" posts a small blind of 10",2026-09-03T01:16:59.781Z,178839821978107
"Your hand is 7♦, Q♥",2026-09-03T01:16:59.781Z,178839821978103
"Player stacks: #2 ""Jonah @ xrBY5OZYCv"" (770) | #3 ""Stevo @ kI2bCqDOyl"" (2060) | #4 ""peelic @ vOeqrOXpLT"" (590) | #7 ""Spenny @ S8ENkJ8OQS"" (555) | #10 ""arash @ RYnRljE1SO"" (1025)",2026-09-03T01:16:59.781Z,178839821978101
"-- starting hand #42 (id: evpzb4lejgmf)  No Limit Texas Hold'em (dealer: ""Stevo @ kI2bCqDOyl"") --",2026-09-03T01:16:59.781Z,178839821978100
"-- ending hand #41 --",2026-09-03T01:16:56.837Z,178839821683702
"""peelic @ vOeqrOXpLT"" collected 90 from pot",2026-09-03T01:16:56.837Z,178839821683701
"Uncalled bet of 100 returned to ""peelic @ vOeqrOXpLT""",2026-09-03T01:16:56.837Z,178839821683700
"""Jonah @ xrBY5OZYCv"" folds",2026-09-03T01:16:56.024Z,178839821602400
"""arash @ RYnRljE1SO"" folds",2026-09-03T01:16:55.089Z,178839821508900
"""Spenny @ S8ENkJ8OQS"" folds",2026-09-03T01:16:54.151Z,178839821415100
"""peelic @ vOeqrOXpLT"" bets 100",2026-09-03T01:16:44.388Z,178839820438800
"River: A♠, 3♦, 8♦, 5♣ [A♥]",2026-09-03T01:16:36.279Z,178839819627900
"""Jonah @ xrBY5OZYCv"" checks",2026-09-03T01:16:35.451Z,178839819545100
"""arash @ RYnRljE1SO"" checks",2026-09-03T01:16:34.587Z,178839819458700
"""Spenny @ S8ENkJ8OQS"" checks",2026-09-03T01:16:31.558Z,178839819155800
"""peelic @ vOeqrOXpLT"" checks",2026-09-03T01:16:30.625Z,178839819062500
"Turn: A♠, 3♦, 8♦ [5♣]",2026-09-03T01:16:25.763Z,178839818576300
"""Jonah @ xrBY5OZYCv"" checks",2026-09-03T01:16:24.934Z,178839818493400
"""arash @ RYnRljE1SO"" checks",2026-09-03T01:16:23.987Z,178839818398700
"""Spenny @ S8ENkJ8OQS"" checks",2026-09-03T01:16:23.039Z,178839818303900
"""peelic @ vOeqrOXpLT"" checks",2026-09-03T01:16:22.141Z,178839818214100
"Flop:  [A♠, 3♦, 8♦]",2026-09-03T01:16:15.079Z,178839817507900
"""peelic @ vOeqrOXpLT"" checks",2026-09-03T01:16:14.188Z,178839817418800
"""Stevo @ kI2bCqDOyl"" folds",2026-09-03T01:16:13.293Z,178839817329300
"""Jonah @ xrBY5OZYCv"" calls 20",2026-09-03T01:16:12.265Z,178839817226500
"""arash @ RYnRljE1SO"" calls 20",2026-09-03T01:16:10.483Z,178839817048300
"""Spenny @ S8ENkJ8OQS"" calls 20",2026-09-03T01:16:08.630Z,178839816863000
"""peelic @ vOeqrOXpLT"" posts a big blind of 20",2026-09-03T01:16:04.773Z,178839816477308
"""Stevo @ kI2bCqDOyl"" posts a small blind of 10",2026-09-03T01:16:04.773Z,178839816477307
"Your hand is 2♦, 7♠",2026-09-03T01:16:04.773Z,178839816477303
"Player stacks: #2 ""Jonah @ xrBY5OZYCv"" (790) | #3 ""Stevo @ kI2bCqDOyl"" (2070) | #4 ""peelic @ vOeqrOXpLT"" (520) | #7 ""Spenny @ S8ENkJ8OQS"" (575) | #10 ""arash @ RYnRljE1SO"" (1045)",2026-09-03T01:16:04.773Z,178839816477301
"-- starting hand #41 (id: fytgzegyfqqp)  No Limit Texas Hold'em (dealer: ""Jonah @ xrBY5OZYCv"") --",2026-09-03T01:16:04.773Z,178839816477300
"""Spenny @ S8ENkJ8OQS"" shows a 10♦, 9♠.",2026-09-03T01:15:59.656Z,178839815965600
"-- ending hand #40 --",2026-09-03T01:15:58.249Z,178839815824902
"""arash @ RYnRljE1SO"" collected 230 from pot with Two Pair, A's & 5's (combination: K♠, 5♦, 5♣, A♥, A♠)",2026-09-03T01:15:58.249Z,178839815824901
"""arash @ RYnRljE1SO"" shows a 5♦, A♥.",2026-09-03T01:15:58.249Z,178839815824900
"""Spenny @ S8ENkJ8OQS"" calls 60",2026-09-03T01:15:57.433Z,178839815743300
"""arash @ RYnRljE1SO"" raises to 60",2026-09-03T01:15:52.720Z,178839815272000
"""Spenny @ S8ENkJ8OQS"" bets 20",2026-09-03T01:15:44.047Z,178839814404700
"River: 9♣, 2♣, K♠, 5♣ [A♠]",2026-09-03T01:15:38.045Z,178839813804500
"""arash @ RYnRljE1SO"" checks",2026-09-03T01:15:37.206Z,178839813720600
"""Spenny @ S8ENkJ8OQS"" checks",2026-09-03T01:15:34.809Z,178839813480900
"Turn: 9♣, 2♣, K♠ [5♣]",2026-09-03T01:15:30.704Z,178839813070400
"""Stevo @ kI2bCqDOyl"" folds",2026-09-03T01:15:29.901Z,178839812990100
"""arash @ RYnRljE1SO"" calls 20",2026-09-03T01:15:28.955Z,178839812895500
"""Spenny @ S8ENkJ8OQS"" bets 20",2026-09-03T01:15:21.274Z,178839812127400
"""Stevo @ kI2bCqDOyl"" checks",2026-09-03T01:15:17.790Z,178839811779000
"Flop:  [9♣, 2♣, K♠]",2026-09-03T01:15:16.451Z,178839811645100
"""Stevo @ kI2bCqDOyl"" checks",2026-09-03T01:15:15.631Z,178839811563100
"""Jonah @ xrBY5OZYCv"" folds",2026-09-03T01:15:14.677Z,178839811467700
"""arash @ RYnRljE1SO"" calls 20",2026-09-03T01:15:13.810Z,178839811381000
"""Spenny @ S8ENkJ8OQS"" calls 20",2026-09-03T01:15:12.889Z,178839811288900
"""peelic @ vOeqrOXpLT"" folds",2026-09-03T01:15:08.364Z,178839810836400
"""Stevo @ kI2bCqDOyl"" posts a big blind of 20",2026-09-03T01:14:58.301Z,178839809830108
"""Jonah @ xrBY5OZYCv"" posts a small blind of 10",2026-09-03T01:14:58.301Z,178839809830107
"Your hand is 5♥, 10♥",2026-09-03T01:14:58.301Z,178839809830103
"Player stacks: #2 ""Jonah @ xrBY5OZYCv"" (800) | #3 ""Stevo @ kI2bCqDOyl"" (2090) | #4 ""peelic @ vOeqrOXpLT"" (520) | #7 ""Spenny @ S8ENkJ8OQS"" (675) | #10 ""arash @ RYnRljE1SO"" (915)",2026-09-03T01:14:58.301Z,178839809830101
"-- starting hand #40 (id: hlc1levp5qs8)  No Limit Texas Hold'em (dealer: ""arash @ RYnRljE1SO"") --",2026-09-03T01:14:58.301Z,178839809830100
"-- ending hand #39 --",2026-09-03T01:14:52.296Z,178839809229603
"""arash @ RYnRljE1SO"" collected 380 from pot with Full House, 2's over J's (combination: J♣, J♠, 2♣, 2♦, 2♥)",2026-09-03T01:14:52.296Z,178839809229602
"""arash @ RYnRljE1SO"" shows a 2♣, 7♣.",2026-09-03T01:14:52.296Z,178839809229601
"""peelic @ vOeqrOXpLT"" shows a 10♣, A♦.",2026-09-03T01:14:52.296Z,178839809229600
"""arash @ RYnRljE1SO"" calls 80",2026-09-03T01:14:51.432Z,178839809143200
"""peelic @ vOeqrOXpLT"" bets 80",2026-09-03T01:14:49.697Z,178839808969700
"""arash @ RYnRljE1SO"" checks",2026-09-03T01:14:41.456Z,178839808145600
"River: A♠, J♣, 2♦, 2♥ [J♠]",2026-09-03T01:14:38.177Z,178839807817700
"""Stevo @ kI2bCqDOyl"" folds",2026-09-03T01:14:37.331Z,178839807733100
"""Jonah @ xrBY5OZYCv"" folds",2026-09-03T01:14:36.331Z,178839807633100
"""arash @ RYnRljE1SO"" calls 60",2026-09-03T01:14:35.441Z,178839807544100
"""Spenny @ S8ENkJ8OQS"" folds",2026-09-03T01:14:34.475Z,178839807447500
"""peelic @ vOeqrOXpLT"" bets 60",2026-09-03T01:14:25.565Z,178839806556500
"""Stevo @ kI2bCqDOyl"" checks",2026-09-03T01:14:23.398Z,178839806339800
"""Jonah @ xrBY5OZYCv"" checks",2026-09-03T01:14:22.416Z,178839806241600
"""arash @ RYnRljE1SO"" checks",2026-09-03T01:14:21.541Z,178839806154100
"Turn: A♠, J♣, 2♦ [2♥]",2026-09-03T01:14:19.395Z,178839805939500
"""Spenny @ S8ENkJ8OQS"" checks",2026-09-03T01:14:18.571Z,178839805857100
"""peelic @ vOeqrOXpLT"" checks",2026-09-03T01:14:17.678Z,178839805767800
"""Stevo @ kI2bCqDOyl"" checks",2026-09-03T01:14:15.103Z,178839805510300
"""Jonah @ xrBY5OZYCv"" checks",2026-09-03T01:14:14.117Z,178839805411700
"""arash @ RYnRljE1SO"" checks",2026-09-03T01:14:13.249Z,178839805324900
"Flop:  [A♠, J♣, 2♦]",2026-09-03T01:14:10.962Z,178839805096200
"""Jonah @ xrBY5OZYCv"" checks",2026-09-03T01:14:10.109Z,178839805010900
"""arash @ RYnRljE1SO"" calls 20",2026-09-03T01:14:09.176Z,178839804917600
"""Spenny @ S8ENkJ8OQS"" calls 20",2026-09-03T01:14:08.238Z,178839804823800
"""peelic @ vOeqrOXpLT"" calls 20",2026-09-03T01:14:07.330Z,178839804733000
"""Stevo @ kI2bCqDOyl"" calls 20",2026-09-03T01:14:03.412Z,178839804341200
"""Jonah @ xrBY5OZYCv"" posts a big blind of 20",2026-09-03T01:14:02.494Z,178839804249408
"""arash @ RYnRljE1SO"" posts a small blind of 10",2026-09-03T01:14:02.494Z,178839804249407
"Your hand is K♥, 5♦",2026-09-03T01:14:02.494Z,178839804249403
"Player stacks: #2 ""Jonah @ xrBY5OZYCv"" (820) | #3 ""Stevo @ kI2bCqDOyl"" (2110) | #4 ""peelic @ vOeqrOXpLT"" (680) | #7 ""Spenny @ S8ENkJ8OQS"" (695) | #10 ""arash @ RYnRljE1SO"" (695)",2026-09-03T01:14:02.494Z,178839804249401
"-- starting hand #39 (id: 9zugx8vxhae3)  No Limit Texas Hold'em (dealer: ""Spenny @ S8ENkJ8OQS"") --",2026-09-03T01:14:02.494Z,178839804249400
"-- ending hand #38 --",2026-09-03T01:13:59.542Z,178839803954202
"""Stevo @ kI2bCqDOyl"" collected 320 from pot",2026-09-03T01:13:59.542Z,178839803954201
"Uncalled bet of 90 returned to ""Stevo @ kI2bCqDOyl""",2026-09-03T01:13:59.542Z,178839803954200
"""Jonah @ xrBY5OZYCv"" folds",2026-09-03T01:13:58.698Z,178839803869800
"""arash @ RYnRljE1SO"" folds",2026-09-03T01:13:54.324Z,178839803432400
"""Spenny @ S8ENkJ8OQS"" folds",2026-09-03T01:13:44.288Z,178839802428800
"""Stevo @ kI2bCqDOyl"" bets 90",2026-09-03T01:13:42.101Z,178839802210100
"""Jonah @ xrBY5OZYCv"" checks",2026-09-03T01:13:39.779Z,178839801977900
"""arash @ RYnRljE1SO"" checks",2026-09-03T01:13:38.834Z,178839801883400
"""Spenny @ S8ENkJ8OQS"" checks",2026-09-03T01:13:36.954Z,178839801695400
"River: 8♦, J♦, Q♥, 9♦ [J♠]",2026-09-03T01:13:35.192Z,178839801519200
"""arash @ RYnRljE1SO"" calls 40",2026-09-03T01:13:34.387Z,178839801438700
"""Spenny @ S8ENkJ8OQS"" calls 40",2026-09-03T01:13:32.245Z,178839801224500
"""Stevo @ kI2bCqDOyl"" calls 40",2026-09-03T01:13:22.886Z,178839800288600
"""Jonah @ xrBY5OZYCv"" bets 40",2026-09-03T01:13:21.843Z,178839800184300
"""arash @ RYnRljE1SO"" checks",2026-09-03T01:13:19.467Z,178839799946700
"""Spenny @ S8ENkJ8OQS"" checks",2026-09-03T01:13:15.199Z,178839799519900
"Turn: 8♦, J♦, Q♥ [9♦]",2026-09-03T01:13:12.986Z,178839799298600
"""arash @ RYnRljE1SO"" calls 20",2026-09-03T01:13:12.135Z,178839799213500
"""Spenny @ S8ENkJ8OQS"" calls 20",2026-09-03T01:13:09.849Z,178839798984900
"""Stevo @ kI2bCqDOyl"" calls 20",2026-09-03T01:13:04.860Z,178839798486000
"""Jonah @ xrBY5OZYCv"" bets 20",2026-09-03T01:13:02.741Z,178839798274100
"""arash @ RYnRljE1SO"" checks",2026-09-03T01:12:59.274Z,178839797927400
"""Spenny @ S8ENkJ8OQS"" checks",2026-09-03T01:12:56.897Z,178839797689700
"Flop:  [8♦, J♦, Q♥]",2026-09-03T01:12:53.452Z,178839797345200
"""arash @ RYnRljE1SO"" checks",2026-09-03T01:12:52.562Z,178839797256200
"""Spenny @ S8ENkJ8OQS"" calls 20",2026-09-03T01:12:51.601Z,178839797160100
"""peelic @ vOeqrOXpLT"" folds",2026-09-03T01:12:43.087Z,178839796308700
"""Stevo @ kI2bCqDOyl"" calls 20",2026-09-03T01:12:42.210Z,178839796221000
"""Jonah @ xrBY5OZYCv"" calls 20",2026-09-03T01:12:41.191Z,178839796119100
"""arash @ RYnRljE1SO"" posts a big blind of 20",2026-09-03T01:12:39.154Z,178839795915408
"""Spenny @ S8ENkJ8OQS"" posts a small blind of 10",2026-09-03T01:12:39.154Z,178839795915407
"Your hand is 7♠, Q♦",2026-09-03T01:12:39.154Z,178839795915403
"Player stacks: #2 ""Jonah @ xrBY5OZYCv"" (900) | #3 ""Stevo @ kI2bCqDOyl"" (1870) | #4 ""peelic @ vOeqrOXpLT"" (680) | #7 ""Spenny @ S8ENkJ8OQS"" (775) | #10 ""arash @ RYnRljE1SO"" (775)",2026-09-03T01:12:39.154Z,178839795915401
"-- starting hand #38 (id: 8ynqlql8m7bb)  No Limit Texas Hold'em (dealer: ""peelic @ vOeqrOXpLT"") --",2026-09-03T01:12:39.154Z,178839795915400
"Undealt cards: 6♣, 5♥, K♦, K♠ [A♣]",2026-09-03T01:12:35.413Z,178839795541300
"-- ending hand #37 --",2026-09-03T01:12:33.247Z,178839795324702
"""peelic @ vOeqrOXpLT"" collected 240 from pot",2026-09-03T01:12:33.247Z,178839795324701
"Uncalled bet of 140 returned to ""peelic @ vOeqrOXpLT""",2026-09-03T01:12:33.247Z,178839795324700
"""arash @ RYnRljE1SO"" folds",2026-09-03T01:12:32.425Z,178839795242500
"""peelic @ vOeqrOXpLT"" bets 140",2026-09-03T01:12:29.453Z,178839794945300
"Turn: 6♣, 5♥, K♦ [K♠]",2026-09-03T01:12:25.648Z,178839794564800
"""Jonah @ xrBY5OZYCv"" folds",2026-09-03T01:12:24.802Z,178839794480200
"""arash @ RYnRljE1SO"" calls 80",2026-09-03T01:12:23.933Z,178839794393300
"""Spenny @ S8ENkJ8OQS"" folds",2026-09-03T01:12:21.246Z,178839794124600
"""peelic @ vOeqrOXpLT"" bets 80",2026-09-03T01:12:11.667Z,178839793166700
"Flop:  [6♣, 5♥, K♦]",2026-09-03T01:12:07.221Z,178839792722100
"""Spenny @ S8ENkJ8OQS"" checks",2026-09-03T01:12:06.304Z,178839792630400
"""peelic @ vOeqrOXpLT"" calls 20",2026-09-03T01:12:05.319Z,178839792531900
"""Stevo @ kI2bCqDOyl"" folds",2026-09-03T01:12:04.427Z,178839792442700
"""Jonah @ xrBY5OZYCv"" calls 20",2026-09-03T01:12:03.472Z,178839792347200
"""arash @ RYnRljE1SO"" calls 20",2026-09-03T01:12:02.521Z,178839792252100
"""Spenny @ S8ENkJ8OQS"" posts a big blind of 20",2026-09-03T01:12:00.106Z,178839792010608
"""peelic @ vOeqrOXpLT"" posts a small blind of 10",2026-09-03T01:12:00.106Z,178839792010607
"Your hand is 5♣, 7♠",2026-09-03T01:12:00.106Z,178839792010603
"Player stacks: #2 ""Jonah @ xrBY5OZYCv"" (920) | #3 ""Stevo @ kI2bCqDOyl"" (1870) | #4 ""peelic @ vOeqrOXpLT"" (540) | #7 ""Spenny @ S8ENkJ8OQS"" (795) | #10 ""arash @ RYnRljE1SO"" (875)",2026-09-03T01:12:00.106Z,178839792010601
"-- starting hand #37 (id: 5anddw0kqdlu)  No Limit Texas Hold'em (dealer: ""Stevo @ kI2bCqDOyl"") --",2026-09-03T01:12:00.106Z,178839792010600
"-- ending hand #36 --",2026-09-03T01:11:57.150Z,178839791715002
"""arash @ RYnRljE1SO"" collected 400 from pot",2026-09-03T01:11:57.150Z,178839791715001
"Uncalled bet of 475 returned to ""arash @ RYnRljE1SO""",2026-09-03T01:11:57.150Z,178839791715000
"""Spenny @ S8ENkJ8OQS"" folds",2026-09-03T01:11:56.320Z,178839791632000
"""arash @ RYnRljE1SO"" bets 475 and go all in",2026-09-03T01:11:54.587Z,178839791458700
"""Spenny @ S8ENkJ8OQS"" checks",2026-09-03T01:11:50.224Z,178839791022400
"River: A♦, 7♠, Q♦, K♥ [9♣]",2026-09-03T01:11:48.476Z,178839790847600
"""Spenny @ S8ENkJ8OQS"" calls 100",2026-09-03T01:11:47.619Z,178839790761900
"""arash @ RYnRljE1SO"" bets 100",2026-09-03T01:11:37.242Z,178839789724200
"""Spenny @ S8ENkJ8OQS"" checks",2026-09-03T01:11:31.361Z,178839789136100
"Turn: A♦, 7♠, Q♦ [K♥]",2026-09-03T01:11:27.658Z,178839788765800
"""Spenny @ S8ENkJ8OQS"" calls 60",2026-09-03T01:11:26.769Z,178839788676900
"""peelic @ vOeqrOXpLT"" folds",2026-09-03T01:11:23.464Z,178839788346400
"""Stevo @ kI2bCqDOyl"" folds",2026-09-03T01:11:20.975Z,178839788097500
"""arash @ RYnRljE1SO"" raises to 60",2026-09-03T01:11:19.383Z,178839787938300
"""Spenny @ S8ENkJ8OQS"" bets 20",2026-09-03T01:11:15.597Z,178839787559700
"""peelic @ vOeqrOXpLT"" checks",2026-09-03T01:11:11.288Z,178839787128800
"""Stevo @ kI2bCqDOyl"" checks",2026-09-03T01:11:10.395Z,178839787039500
"Flop:  [A♦, 7♠, Q♦]",2026-09-03T01:11:09.129Z,178839786912900
"""peelic @ vOeqrOXpLT"" checks",2026-09-03T01:11:08.320Z,178839786832000
"""Stevo @ kI2bCqDOyl"" calls 20",2026-09-03T01:11:07.453Z,178839786745300
"""Jonah @ xrBY5OZYCv"" folds",2026-09-03T01:11:03.531Z,178839786353100
"""arash @ RYnRljE1SO"" calls 20",2026-09-03T01:11:02.657Z,178839786265700
"""Spenny @ S8ENkJ8OQS"" calls 20",2026-09-03T01:11:00.735Z,178839786073500
"""peelic @ vOeqrOXpLT"" posts a big blind of 20",2026-09-03T01:10:58.578Z,178839785857808
"""Stevo @ kI2bCqDOyl"" posts a small blind of 10",2026-09-03T01:10:58.578Z,178839785857807
"Your hand is J♠, 5♣",2026-09-03T01:10:58.578Z,178839785857803
"Player stacks: #2 ""Jonah @ xrBY5OZYCv"" (920) | #3 ""Stevo @ kI2bCqDOyl"" (1890) | #4 ""peelic @ vOeqrOXpLT"" (560) | #7 ""Spenny @ S8ENkJ8OQS"" (975) | #10 ""arash @ RYnRljE1SO"" (655)",2026-09-03T01:10:58.578Z,178839785857801
"-- starting hand #36 (id: nklzxhzrkxyi)  No Limit Texas Hold'em (dealer: ""Jonah @ xrBY5OZYCv"") --",2026-09-03T01:10:58.578Z,178839785857800
"""peelic @ vOeqrOXpLT"" shows a J♥, Q♠.",2026-09-03T01:10:53.416Z,178839785341600
"-- ending hand #35 --",2026-09-03T01:10:52.071Z,178839785207103
"""Stevo @ kI2bCqDOyl"" collected 910 from pot with Two Pair, 10's & 7's (combination: K♦, 7♠, 7♣, 10♦, 10♣)",2026-09-03T01:10:52.071Z,178839785207102
"""Stevo @ kI2bCqDOyl"" shows a 10♦, 7♠.",2026-09-03T01:10:52.071Z,178839785207101
"""arash @ RYnRljE1SO"" shows a J♣, 9♣.",2026-09-03T01:10:52.071Z,178839785207100
"""Stevo @ kI2bCqDOyl"" calls 200",2026-09-03T01:10:51.211Z,178839785121100
"""arash @ RYnRljE1SO"" bets 200",2026-09-03T01:10:44.710Z,178839784471000
"""Stevo @ kI2bCqDOyl"" checks",2026-09-03T01:10:40.160Z,178839784016000
"River: 7♣, 10♣, K♦, 2♦ [9♠]",2026-09-03T01:10:38.466Z,178839783846600
"""peelic @ vOeqrOXpLT"" folds",2026-09-03T01:10:37.605Z,178839783760500
"""Stevo @ kI2bCqDOyl"" calls 150",2026-09-03T01:10:27.093Z,178839782709300
"""Jonah @ xrBY5OZYCv"" folds",2026-09-03T01:10:25.988Z,178839782598800
"""arash @ RYnRljE1SO"" raises to 150",2026-09-03T01:10:15.158Z,178839781515800
"""peelic @ vOeqrOXpLT"" calls 50",2026-09-03T01:10:11.705Z,178839781170500
"""Stevo @ kI2bCqDOyl"" bets 50",2026-09-03T01:10:08.391Z,178839780839100
"""Jonah @ xrBY5OZYCv"" checks",2026-09-03T01:10:05.246Z,178839780524600
"Turn: 7♣, 10♣, K♦ [2♦]",2026-09-03T01:10:03.356Z,178839780335600
"""Jonah @ xrBY5OZYCv"" calls 20",2026-09-03T01:10:02.466Z,178839780246600
"""arash @ RYnRljE1SO"" calls 20",2026-09-03T01:10:01.399Z,178839780139900
"""peelic @ vOeqrOXpLT"" calls 20",2026-09-03T01:09:59.432Z,178839779943200
"""Stevo @ kI2bCqDOyl"" bets 20",2026-09-03T01:09:55.792Z,178839779579200
"""Jonah @ xrBY5OZYCv"" checks",2026-09-03T01:09:54.424Z,178839779442400
"Flop:  [7♣, 10♣, K♦]",2026-09-03T01:09:51.516Z,178839779151600
"""Stevo @ kI2bCqDOyl"" checks",2026-09-03T01:09:50.688Z,178839779068800
"""Jonah @ xrBY5OZYCv"" calls 20",2026-09-03T01:09:49.726Z,178839778972600
"""arash @ RYnRljE1SO"" calls 20",2026-09-03T01:09:48.873Z,178839778887300
"""Spenny @ S8ENkJ8OQS"" folds",2026-09-03T01:09:47.953Z,178839778795300
"""peelic @ vOeqrOXpLT"" calls 20",2026-09-03T01:09:46.984Z,178839778698400
"""Stevo @ kI2bCqDOyl"" posts a big blind of 20",2026-09-03T01:09:45.360Z,178839778536008
"""Jonah @ xrBY5OZYCv"" posts a small blind of 10",2026-09-03T01:09:45.360Z,178839778536007
"Your hand is 10♦, 7♠",2026-09-03T01:09:45.360Z,178839778536003
"Player stacks: #2 ""Jonah @ xrBY5OZYCv"" (960) | #3 ""Stevo @ kI2bCqDOyl"" (1370) | #4 ""peelic @ vOeqrOXpLT"" (650) | #7 ""Spenny @ S8ENkJ8OQS"" (975) | #10 ""arash @ RYnRljE1SO"" (1045)",2026-09-03T01:09:45.360Z,178839778536001
"-- starting hand #35 (id: 9l2lmdwznyww)  No Limit Texas Hold'em (dealer: ""arash @ RYnRljE1SO"") --",2026-09-03T01:09:45.360Z,178839778536000
"""Spenny @ S8ENkJ8OQS"" shows a 10♠, 6♣.",2026-09-03T01:09:40.523Z,178839778052300
"-- ending hand #34 --",2026-09-03T01:09:38.857Z,178839777885703
"""Stevo @ kI2bCqDOyl"" collected 360 from pot with Pair, 8's (combination: 5♠, 9♣, A♠, 8♣, 8♦)",2026-09-03T01:09:38.857Z,178839777885702
"""Stevo @ kI2bCqDOyl"" shows a A♠, 8♣.",2026-09-03T01:09:38.857Z,178839777885701
"""arash @ RYnRljE1SO"" shows a A♥, 7♠.",2026-09-03T01:09:38.857Z,178839777885700
"""Spenny @ S8ENkJ8OQS"" checks",2026-09-03T01:09:37.986Z,178839777798600
"""Stevo @ kI2bCqDOyl"" checks",2026-09-03T01:09:37.087Z,178839777708700
"""Jonah @ xrBY5OZYCv"" checks",2026-09-03T01:09:36.119Z,178839777611900
"""arash @ RYnRljE1SO"" checks",2026-09-03T01:09:35.260Z,178839777526000
"River: 5♠, 2♠, 4♠, 8♦ [9♣]",2026-09-03T01:09:31.548Z,178839777154800
"""Jonah @ xrBY5OZYCv"" calls 50",2026-09-03T01:09:30.719Z,178839777071900
"""arash @ RYnRljE1SO"" calls 50",2026-09-03T01:09:24.854Z,178839776485400
"""Spenny @ S8ENkJ8OQS"" calls 50",2026-09-03T01:09:23.894Z,178839776389400
"""Stevo @ kI2bCqDOyl"" bets 50",2026-09-03T01:09:18.095Z,178839775809500
"""Jonah @ xrBY5OZYCv"" checks",2026-09-03T01:09:15.489Z,178839775548900
"""arash @ RYnRljE1SO"" checks",2026-09-03T01:09:11.271Z,178839775127100
"Turn: 5♠, 2♠, 4♠ [8♦]",2026-09-03T01:09:10.067Z,178839775006700
"""Jonah @ xrBY5OZYCv"" calls 20",2026-09-03T01:09:09.253Z,178839774925300
"""arash @ RYnRljE1SO"" calls 20",2026-09-03T01:09:05.574Z,178839774557400
"""Spenny @ S8ENkJ8OQS"" calls 20",2026-09-03T01:09:04.656Z,178839774465600
"""Stevo @ kI2bCqDOyl"" bets 20",2026-09-03T01:08:57.578Z,178839773757800
"""Jonah @ xrBY5OZYCv"" checks",2026-09-03T01:08:55.066Z,178839773506600
"""arash @ RYnRljE1SO"" checks",2026-09-03T01:08:54.102Z,178839773410200
"Flop:  [5♠, 2♠, 4♠]",2026-09-03T01:08:52.556Z,178839773255600
"""Jonah @ xrBY5OZYCv"" checks",2026-09-03T01:08:51.701Z,178839773170100
"""arash @ RYnRljE1SO"" calls 20",2026-09-03T01:08:50.816Z,178839773081600
"""Spenny @ S8ENkJ8OQS"" calls 20",2026-09-03T01:08:49.890Z,178839772989000
"""peelic @ vOeqrOXpLT"" folds",2026-09-03T01:08:44.997Z,178839772499700
"""Stevo @ kI2bCqDOyl"" calls 20",2026-09-03T01:08:43.797Z,178839772379700
"""Jonah @ xrBY5OZYCv"" posts a big blind of 20",2026-09-03T01:08:42.749Z,178839772274908
"""arash @ RYnRljE1SO"" posts a small blind of 10",2026-09-03T01:08:42.749Z,178839772274907
"Your hand is A♠, 8♣",2026-09-03T01:08:42.749Z,178839772274903
"Player stacks: #2 ""Jonah @ xrBY5OZYCv"" (1050) | #3 ""Stevo @ kI2bCqDOyl"" (1100) | #4 ""peelic @ vOeqrOXpLT"" (650) | #7 ""Spenny @ S8ENkJ8OQS"" (1065) | #10 ""arash @ RYnRljE1SO"" (1135)",2026-09-03T01:08:42.749Z,178839772274901
"-- starting hand #34 (id: xzpvbk0z0kpq)  No Limit Texas Hold'em (dealer: ""Spenny @ S8ENkJ8OQS"") --",2026-09-03T01:08:42.749Z,178839772274900
"-- ending hand #33 --",2026-09-03T01:08:36.691Z,178839771669102
"""Spenny @ S8ENkJ8OQS"" collected 80 from pot with Pair, 4's (combination: 8♠, J♥, Q♦, 4♥, 4♣)",2026-09-03T01:08:36.691Z,178839771669101
"""Spenny @ S8ENkJ8OQS"" shows a J♥, 7♦.",2026-09-03T01:08:36.691Z,178839771669100
"""peelic @ vOeqrOXpLT"" checks",2026-09-03T01:08:35.859Z,178839771585900
"""Stevo @ kI2bCqDOyl"" checks",2026-09-03T01:08:33.184Z,178839771318400
"""arash @ RYnRljE1SO"" checks",2026-09-03T01:08:32.226Z,178839771222600
"""Spenny @ S8ENkJ8OQS"" checks",2026-09-03T01:08:31.288Z,178839771128800
"River: 4♥, Q♦, 8♠, 3♥ [4♣]",2026-09-03T01:08:29.907Z,178839770990700
"""peelic @ vOeqrOXpLT"" checks",2026-09-03T01:08:29.086Z,178839770908600
"""Stevo @ kI2bCqDOyl"" checks",2026-09-03T01:08:24.108Z,178839770410800
"""arash @ RYnRljE1SO"" checks",2026-09-03T01:08:22.990Z,178839770299000
"""Spenny @ S8ENkJ8OQS"" checks",2026-09-03T01:08:21.282Z,178839770128200
"Turn: 4♥, Q♦, 8♠ [3♥]",2026-09-03T01:08:19.685Z,178839769968500
"""peelic @ vOeqrOXpLT"" checks",2026-09-03T01:08:18.879Z,178839769887900
"""Stevo @ kI2bCqDOyl"" checks",2026-09-03T01:08:15.651Z,178839769565100
"""arash @ RYnRljE1SO"" checks",2026-09-03T01:08:14.664Z,178839769466400
"""Spenny @ S8ENkJ8OQS"" checks",2026-09-03T01:08:12.467Z,178839769246700
"Flop:  [4♥, Q♦, 8♠]",2026-09-03T01:08:08.817Z,178839768881700
"""arash @ RYnRljE1SO"" checks",2026-09-03T01:08:07.926Z,178839768792600
"""Spenny @ S8ENkJ8OQS"" calls 20",2026-09-03T01:08:06.953Z,178839768695300
"""peelic @ vOeqrOXpLT"" calls 20",2026-09-03T01:08:06.028Z,178839768602800
"""Stevo @ kI2bCqDOyl"" calls 20",2026-09-03T01:08:02.827Z,178839768282700
"""Jonah @ xrBY5OZYCv"" folds",2026-09-03T01:08:01.853Z,178839768185300
"""arash @ RYnRljE1SO"" posts a big blind of 20",2026-09-03T01:08:00.981Z,178839768098108
"""Spenny @ S8ENkJ8OQS"" posts a small blind of 10",2026-09-03T01:08:00.981Z,178839768098107
"Your hand is 6♥, 5♦",2026-09-03T01:08:00.981Z,178839768098103
"Player stacks: #2 ""Jonah @ xrBY5OZYCv"" (1050) | #3 ""Stevo @ kI2bCqDOyl"" (1120) | #4 ""peelic @ vOeqrOXpLT"" (670) | #7 ""Spenny @ S8ENkJ8OQS"" (1005) | #10 ""arash @ RYnRljE1SO"" (1155)",2026-09-03T01:08:00.981Z,178839768098101
"-- starting hand #33 (id: ehlfx1h5zvl7)  No Limit Texas Hold'em (dealer: ""peelic @ vOeqrOXpLT"") --",2026-09-03T01:08:00.981Z,178839768098100
"""Jonah @ xrBY5OZYCv"" shows a 5♦.",2026-09-03T01:07:58.022Z,178839767802200
"""Jonah @ xrBY5OZYCv"" shows a Q♥.",2026-09-03T01:07:57.756Z,178839767775600
"Undealt cards: 9♦, 3♥, 9♥, Q♦ [A♣]",2026-09-03T01:07:55.973Z,178839767597300
"-- ending hand #32 --",2026-09-03T01:07:54.308Z,178839767430802
"""arash @ RYnRljE1SO"" collected 80 from pot",2026-09-03T01:07:54.308Z,178839767430801
"Uncalled bet of 20 returned to ""arash @ RYnRljE1SO""",2026-09-03T01:07:54.308Z,178839767430800
"""Spenny @ S8ENkJ8OQS"" folds",2026-09-03T01:07:53.471Z,178839767347100
"""peelic @ vOeqrOXpLT"" folds",2026-09-03T01:07:50.373Z,178839767037300
"""Stevo @ kI2bCqDOyl"" folds",2026-09-03T01:07:45.640Z,178839766564000
"""arash @ RYnRljE1SO"" bets 20",2026-09-03T01:07:44.523Z,178839766452300
"""Spenny @ S8ENkJ8OQS"" checks",2026-09-03T01:07:42.415Z,178839766241500
"""peelic @ vOeqrOXpLT"" checks",2026-09-03T01:07:39.917Z,178839765991700
"Turn: 9♦, 3♥, 9♥ [Q♦]",2026-09-03T01:07:38.799Z,178839765879900
"""Stevo @ kI2bCqDOyl"" checks",2026-09-03T01:07:37.986Z,178839765798600
"""arash @ RYnRljE1SO"" checks",2026-09-03T01:07:35.107Z,178839765510700
"""Spenny @ S8ENkJ8OQS"" checks",2026-09-03T01:07:34.175Z,178839765417500
"""peelic @ vOeqrOXpLT"" checks",2026-09-03T01:07:29.452Z,178839764945200
"Flop:  [9♦, 3♥, 9♥]",2026-09-03T01:07:27.694Z,178839764769400
"""Spenny @ S8ENkJ8OQS"" checks",2026-09-03T01:07:26.845Z,178839764684500
"""peelic @ vOeqrOXpLT"" calls 20",2026-09-03T01:07:25.924Z,178839764592400
"""Stevo @ kI2bCqDOyl"" calls 20",2026-09-03T01:07:25.068Z,178839764506800
"""Jonah @ xrBY5OZYCv"" folds",2026-09-03T01:07:24.084Z,178839764408400
"""arash @ RYnRljE1SO"" calls 20",2026-09-03T01:07:23.208Z,178839764320800
"""Spenny @ S8ENkJ8OQS"" posts a big blind of 20",2026-09-03T01:07:19.694Z,178839763969408
"""peelic @ vOeqrOXpLT"" posts a small blind of 10",2026-09-03T01:07:19.694Z,178839763969407
"Your hand is 2♠, K♦",2026-09-03T01:07:19.694Z,178839763969403
"Player stacks: #2 ""Jonah @ xrBY5OZYCv"" (1050) | #3 ""Stevo @ kI2bCqDOyl"" (1140) | #4 ""peelic @ vOeqrOXpLT"" (690) | #7 ""Spenny @ S8ENkJ8OQS"" (1025) | #10 ""arash @ RYnRljE1SO"" (1095)",2026-09-03T01:07:19.694Z,178839763969401
"-- starting hand #32 (id: 5yzgphj8azva)  No Limit Texas Hold'em (dealer: ""Stevo @ kI2bCqDOyl"") --",2026-09-03T01:07:19.694Z,178839763969400
"-- ending hand #31 --",2026-09-03T01:07:16.782Z,178839763678202
"""Stevo @ kI2bCqDOyl"" collected 40 from pot",2026-09-03T01:07:16.782Z,178839763678201
"Uncalled bet of 20 returned to ""Stevo @ kI2bCqDOyl""",2026-09-03T01:07:16.782Z,178839763678200
"""peelic @ vOeqrOXpLT"" folds",2026-09-03T01:07:15.965Z,178839763596500
"""Stevo @ kI2bCqDOyl"" bets 20",2026-09-03T01:07:13.136Z,178839763313600
"River: Q♣, K♥, 8♣, 6♦ [8♦]",2026-09-03T01:07:11.286Z,178839763128600
"""peelic @ vOeqrOXpLT"" checks",2026-09-03T01:07:10.411Z,178839763041100
"""Stevo @ kI2bCqDOyl"" checks",2026-09-03T01:07:07.593Z,178839762759300
"Turn: Q♣, K♥, 8♣ [6♦]",2026-09-03T01:07:06.128Z,178839762612800
"""peelic @ vOeqrOXpLT"" checks",2026-09-03T01:07:05.310Z,178839762531000
"""Stevo @ kI2bCqDOyl"" checks",2026-09-03T01:07:04.457Z,178839762445700
"Flop:  [Q♣, K♥, 8♣]",2026-09-03T01:07:02.678Z,178839762267800
"""peelic @ vOeqrOXpLT"" checks",2026-09-03T01:07:01.857Z,178839762185700
"""Stevo @ kI2bCqDOyl"" calls 20",2026-09-03T01:07:00.920Z,178839762092000
"""Jonah @ xrBY5OZYCv"" folds",2026-09-03T01:06:59.968Z,178839761996800
"""arash @ RYnRljE1SO"" folds",2026-09-03T01:06:59.066Z,178839761906600
"""Spenny @ S8ENkJ8OQS"" folds",2026-09-03T01:06:56.200Z,178839761620000
"""peelic @ vOeqrOXpLT"" posts a big blind of 20",2026-09-03T01:06:53.115Z,178839761311508
"""Stevo @ kI2bCqDOyl"" posts a small blind of 10",2026-09-03T01:06:53.115Z,178839761311507
"Your hand is 9♠, J♠",2026-09-03T01:06:53.115Z,178839761311503
"Player stacks: #2 ""Jonah @ xrBY5OZYCv"" (1050) | #3 ""Stevo @ kI2bCqDOyl"" (1120) | #4 ""peelic @ vOeqrOXpLT"" (710) | #7 ""Spenny @ S8ENkJ8OQS"" (1025) | #10 ""arash @ RYnRljE1SO"" (1095)",2026-09-03T01:06:53.115Z,178839761311501
"-- starting hand #31 (id: m3b3k7yorqbe)  No Limit Texas Hold'em (dealer: ""Jonah @ xrBY5OZYCv"") --",2026-09-03T01:06:53.115Z,178839761311500
"-- ending hand #30 --",2026-09-03T01:06:47.105Z,178839760710502
"""arash @ RYnRljE1SO"" collected 310 from pot with Two Pair, J's & 9's (combination: 10♣, 9♦, 9♣, J♦, J♠)",2026-09-03T01:06:47.105Z,178839760710501
"""arash @ RYnRljE1SO"" shows a J♦, 10♣.",2026-09-03T01:06:47.105Z,178839760710500
"""Stevo @ kI2bCqDOyl"" calls 80",2026-09-03T01:06:46.293Z,178839760629300
"""arash @ RYnRljE1SO"" raises to 80",2026-09-03T01:06:44.525Z,178839760452500
"""peelic @ vOeqrOXpLT"" folds",2026-09-03T01:06:39.128Z,178839759912800
"""Stevo @ kI2bCqDOyl"" bets 20",2026-09-03T01:06:37.603Z,178839759760300
"River: J♠, 9♦, 9♣, 6♠ [4♣]",2026-09-03T01:06:36.356Z,178839759635600
"""arash @ RYnRljE1SO"" calls 20",2026-09-03T01:06:35.538Z,178839759553800
"""Spenny @ S8ENkJ8OQS"" folds",2026-09-03T01:06:34.575Z,178839759457500
"""peelic @ vOeqrOXpLT"" calls 20",2026-09-03T01:06:26.542Z,178839758654200
"""Stevo @ kI2bCqDOyl"" bets 20",2026-09-03T01:06:24.873Z,178839758487300
"Turn: J♠, 9♦, 9♣ [6♠]",2026-09-03T01:06:21.347Z,178839758134700
"""arash @ RYnRljE1SO"" checks",2026-09-03T01:06:20.515Z,178839758051500
"""Spenny @ S8ENkJ8OQS"" checks",2026-09-03T01:06:18.751Z,178839757875100
"""peelic @ vOeqrOXpLT"" checks",2026-09-03T01:06:17.868Z,178839757786800
"""Stevo @ kI2bCqDOyl"" checks",2026-09-03T01:06:15.982Z,178839757598200
"Flop:  [J♠, 9♦, 9♣]",2026-09-03T01:06:14.343Z,178839757434300
"""Stevo @ kI2bCqDOyl"" checks",2026-09-03T01:06:13.497Z,178839757349700
"""Jonah @ xrBY5OZYCv"" folds",2026-09-03T01:06:12.450Z,178839757245000
"""arash @ RYnRljE1SO"" calls 20",2026-09-03T01:06:11.587Z,178839757158700
"""Spenny @ S8ENkJ8OQS"" calls 20",2026-09-03T01:06:10.622Z,178839757062200
"""peelic @ vOeqrOXpLT"" calls 20",2026-09-03T01:06:09.684Z,178839756968400
"""Stevo @ kI2bCqDOyl"" posts a big blind of 20",2026-09-03T01:06:07.338Z,178839756733808
"""Jonah @ xrBY5OZYCv"" posts a small blind of 10",2026-09-03T01:06:07.338Z,178839756733807
"Your hand is 6♦, 3♦",2026-09-03T01:06:07.338Z,178839756733803
"Player stacks: #2 ""Jonah @ xrBY5OZYCv"" (1060) | #3 ""Stevo @ kI2bCqDOyl"" (1240) | #4 ""peelic @ vOeqrOXpLT"" (750) | #7 ""Spenny @ S8ENkJ8OQS"" (1045) | #10 ""arash @ RYnRljE1SO"" (905)",2026-09-03T01:06:07.338Z,178839756733801
"-- starting hand #30 (id: 8o4uhnkyzrxi)  No Limit Texas Hold'em (dealer: ""arash @ RYnRljE1SO"") --",2026-09-03T01:06:07.338Z,178839756733800
"-- ending hand #29 --",2026-09-03T01:06:01.269Z,178839756126904
"""Stevo @ kI2bCqDOyl"" collected 240 from pot with Pair, 6's (combination: 10♣, K♣, A♠, 6♣, 6♥)",2026-09-03T01:06:01.269Z,178839756126903
"""Stevo @ kI2bCqDOyl"" shows a 10♣, 4♣.",2026-09-03T01:06:01.269Z,178839756126902
"""Jonah @ xrBY5OZYCv"" shows a 3♣, 9♣.",2026-09-03T01:06:01.269Z,178839756126901
"""arash @ RYnRljE1SO"" shows a 8♦, 9♥.",2026-09-03T01:06:01.269Z,178839756126900
"""Spenny @ S8ENkJ8OQS"" checks",2026-09-03T01:06:00.416Z,178839756041600
"""Stevo @ kI2bCqDOyl"" checks",2026-09-03T01:05:59.523Z,178839755952300
"""Jonah @ xrBY5OZYCv"" checks",2026-09-03T01:05:58.587Z,178839755858700
"""arash @ RYnRljE1SO"" checks",2026-09-03T01:05:57.158Z,178839755715800
"River: 5♥, K♣, 6♣, A♠ [6♥]",2026-09-03T01:05:55.592Z,178839755559200
"""Jonah @ xrBY5OZYCv"" calls 20",2026-09-03T01:05:54.753Z,178839755475300
"""arash @ RYnRljE1SO"" calls 20",2026-09-03T01:05:53.863Z,178839755386300
"""Spenny @ S8ENkJ8OQS"" calls 20",2026-09-03T01:05:50.804Z,178839755080400
"""Stevo @ kI2bCqDOyl"" bets 20",2026-09-03T01:05:42.822Z,178839754282200
"""Jonah @ xrBY5OZYCv"" checks",2026-09-03T01:05:41.337Z,178839754133700
"""arash @ RYnRljE1SO"" checks",2026-09-03T01:05:40.449Z,178839754044900
"Turn: 5♥, K♣, 6♣ [A♠]",2026-09-03T01:05:33.438Z,178839753343800
"""Jonah @ xrBY5OZYCv"" calls 20",2026-09-03T01:05:32.633Z,178839753263300
"""arash @ RYnRljE1SO"" calls 20",2026-09-03T01:05:31.749Z,178839753174900
"""Spenny @ S8ENkJ8OQS"" calls 20",2026-09-03T01:05:27.990Z,178839752799000
"""Stevo @ kI2bCqDOyl"" bets 20",2026-09-03T01:05:22.485Z,178839752248500
"""Jonah @ xrBY5OZYCv"" checks",2026-09-03T01:05:21.334Z,178839752133400
"""arash @ RYnRljE1SO"" checks",2026-09-03T01:05:20.474Z,178839752047400
"Flop:  [5♥, K♣, 6♣]",2026-09-03T01:05:18.687Z,178839751868700
"""Jonah @ xrBY5OZYCv"" checks",2026-09-03T01:05:17.826Z,178839751782600
"""arash @ RYnRljE1SO"" calls 20",2026-09-03T01:05:16.888Z,178839751688800
"""Spenny @ S8ENkJ8OQS"" calls 20",2026-09-03T01:05:15.954Z,178839751595400
"""peelic @ vOeqrOXpLT"" folds",2026-09-03T01:05:06.082Z,178839750608200
"""Stevo @ kI2bCqDOyl"" calls 20",2026-09-03T01:05:03.996Z,178839750399600
"""Jonah @ xrBY5OZYCv"" posts a big blind of 20",2026-09-03T01:05:02.936Z,178839750293608
"""arash @ RYnRljE1SO"" posts a small blind of 10",2026-09-03T01:05:02.936Z,178839750293607
"Your hand is 10♣, 4♣",2026-09-03T01:05:02.936Z,178839750293603
"Player stacks: #2 ""Jonah @ xrBY5OZYCv"" (1120) | #3 ""Stevo @ kI2bCqDOyl"" (1060) | #4 ""peelic @ vOeqrOXpLT"" (750) | #7 ""Spenny @ S8ENkJ8OQS"" (1105) | #10 ""arash @ RYnRljE1SO"" (965)",2026-09-03T01:05:02.936Z,178839750293601
"-- starting hand #29 (id: h41pqoyrkqq3)  No Limit Texas Hold'em (dealer: ""Spenny @ S8ENkJ8OQS"") --",2026-09-03T01:05:02.936Z,178839750293600
"-- ending hand #28 --",2026-09-03T01:04:56.853Z,178839749685302
"""Spenny @ S8ENkJ8OQS"" collected 400 from pot with Three of a Kind, 7's (combination: 5♥, J♥, 7♦, 7♥, 7♠)",2026-09-03T01:04:56.853Z,178839749685301
"""Spenny @ S8ENkJ8OQS"" shows a 7♦, 2♠.",2026-09-03T01:04:56.853Z,178839749685300
"""peelic @ vOeqrOXpLT"" folds",2026-09-03T01:04:56.020Z,178839749602000
"""arash @ RYnRljE1SO"" calls 40",2026-09-03T01:04:55.092Z,178839749509200
"""Spenny @ S8ENkJ8OQS"" bets 40",2026-09-03T01:04:50.087Z,178839749008700
"River: J♥, 7♥, 7♠, 5♥ [3♦]",2026-09-03T01:04:43.246Z,178839748324600
"""peelic @ vOeqrOXpLT"" calls 40",2026-09-03T01:04:42.392Z,178839748239200
"""arash @ RYnRljE1SO"" calls 40",2026-09-03T01:04:40.893Z,178839748089300
"""Spenny @ S8ENkJ8OQS"" bets 40",2026-09-03T01:04:39.498Z,178839747949800
"Turn: J♥, 7♥, 7♠ [5♥]",2026-09-03T01:04:35.765Z,178839747576500
"""peelic @ vOeqrOXpLT"" calls 40",2026-09-03T01:04:34.936Z,178839747493600
"""Stevo @ kI2bCqDOyl"" folds",2026-09-03T01:04:27.897Z,178839746789700
"""arash @ RYnRljE1SO"" calls 40",2026-09-03T01:04:25.307Z,178839746530700
"""Spenny @ S8ENkJ8OQS"" bets 40",2026-09-03T01:04:20.435Z,178839746043500
"Flop:  [J♥, 7♥, 7♠]",2026-09-03T01:04:15.799Z,178839745579900
"""arash @ RYnRljE1SO"" checks",2026-09-03T01:04:14.947Z,178839745494700
"""Spenny @ S8ENkJ8OQS"" calls 20",2026-09-03T01:04:14.020Z,178839745402000
"""peelic @ vOeqrOXpLT"" calls 20",2026-09-03T01:04:13.084Z,178839745308400
"""Stevo @ kI2bCqDOyl"" calls 20",2026-09-03T01:04:10.118Z,178839745011800
"""Jonah @ xrBY5OZYCv"" folds",2026-09-03T01:04:08.443Z,178839744844300
"""arash @ RYnRljE1SO"" posts a big blind of 20",2026-09-03T01:04:07.141Z,178839744714108
"""Spenny @ S8ENkJ8OQS"" posts a small blind of 10",2026-09-03T01:04:07.141Z,178839744714107
"Your hand is 5♣, K♠",2026-09-03T01:04:07.141Z,178839744714103
"Player stacks: #2 ""Jonah @ xrBY5OZYCv"" (1120) | #3 ""Stevo @ kI2bCqDOyl"" (1080) | #4 ""peelic @ vOeqrOXpLT"" (850) | #7 ""Spenny @ S8ENkJ8OQS"" (845) | #10 ""arash @ RYnRljE1SO"" (1105)",2026-09-03T01:04:07.141Z,178839744714101
"-- starting hand #28 (id: bqz5ict02ije)  No Limit Texas Hold'em (dealer: ""peelic @ vOeqrOXpLT"") --",2026-09-03T01:04:07.141Z,178839744714100
"-- ending hand #27 --",2026-09-03T01:04:04.221Z,178839744422102
"""Jonah @ xrBY5OZYCv"" collected 140 from pot",2026-09-03T01:04:04.221Z,178839744422101
"Uncalled bet of 280 returned to ""Jonah @ xrBY5OZYCv""",2026-09-03T01:04:04.221Z,178839744422100
"""arash @ RYnRljE1SO"" folds",2026-09-03T01:04:03.400Z,178839744340000
"""Spenny @ S8ENkJ8OQS"" folds",2026-09-03T01:03:58.399Z,178839743839900
"""Jonah @ xrBY5OZYCv"" bets 280",2026-09-03T01:03:55.083Z,178839743508300
"""arash @ RYnRljE1SO"" checks",2026-09-03T01:03:51.080Z,178839743108000
"""Spenny @ S8ENkJ8OQS"" checks",2026-09-03T01:03:50.092Z,178839743009200
"River: 6♥, J♣, 8♣, 2♠ [A♦]",2026-09-03T01:03:47.659Z,178839742765900
"""Jonah @ xrBY5OZYCv"" checks",2026-09-03T01:03:46.840Z,178839742684000
"""arash @ RYnRljE1SO"" checks",2026-09-03T01:03:45.973Z,178839742597300
"""Spenny @ S8ENkJ8OQS"" checks",2026-09-03T01:03:45.019Z,178839742501900
"Turn: 6♥, J♣, 8♣ [2♠]",2026-09-03T01:03:40.053Z,178839742005300
"""Jonah @ xrBY5OZYCv"" checks",2026-09-03T01:03:39.214Z,178839741921400
"""arash @ RYnRljE1SO"" checks",2026-09-03T01:03:38.273Z,178839741827300
"""Spenny @ S8ENkJ8OQS"" checks",2026-09-03T01:03:37.302Z,178839741730200
"Flop:  [6♥, J♣, 8♣]",2026-09-03T01:03:31.984Z,178839741198400
"""peelic @ vOeqrOXpLT"" folds",2026-09-03T01:03:31.177Z,178839741117700
"""Jonah @ xrBY5OZYCv"" calls 40",2026-09-03T01:03:28.849Z,178839740884900
"""arash @ RYnRljE1SO"" calls 40",2026-09-03T01:03:26.557Z,178839740655700
"""Spenny @ S8ENkJ8OQS"" raises to 40",2026-09-03T01:03:25.046Z,178839740504600
"""peelic @ vOeqrOXpLT"" calls 20",2026-09-03T01:03:21.191Z,178839740119100
"""Stevo @ kI2bCqDOyl"" folds",2026-09-03T01:03:20.284Z,178839740028400
"""Jonah @ xrBY5OZYCv"" calls 20",2026-09-03T01:03:19.315Z,178839739931500
"""arash @ RYnRljE1SO"" calls 20",2026-09-03T01:03:18.369Z,178839739836900
"""Spenny @ S8ENkJ8OQS"" posts a big blind of 20",2026-09-03T01:03:11.563Z,178839739156308
"""peelic @ vOeqrOXpLT"" posts a small blind of 10",2026-09-03T01:03:11.563Z,178839739156307
"Your hand is 3♠, J♥",2026-09-03T01:03:11.563Z,178839739156303
"Player stacks: #2 ""Jonah @ xrBY5OZYCv"" (1020) | #3 ""Stevo @ kI2bCqDOyl"" (1080) | #4 ""peelic @ vOeqrOXpLT"" (870) | #7 ""Spenny @ S8ENkJ8OQS"" (885) | #10 ""arash @ RYnRljE1SO"" (1145)",2026-09-03T01:03:11.563Z,178839739156301
"-- starting hand #27 (id: jtepld0hefed)  No Limit Texas Hold'em (dealer: ""Stevo @ kI2bCqDOyl"") --",2026-09-03T01:03:11.563Z,178839739156300
"Undealt cards: 3♣, 6♦, 9♥, K♥ [A♦]",2026-09-03T01:03:08.439Z,178839738843900
"-- ending hand #26 --",2026-09-03T01:03:05.640Z,178839738564002
"""arash @ RYnRljE1SO"" collected 90 from pot",2026-09-03T01:03:05.640Z,178839738564001
"Uncalled bet of 60 returned to ""arash @ RYnRljE1SO""",2026-09-03T01:03:05.640Z,178839738564000
"""Spenny @ S8ENkJ8OQS"" folds",2026-09-03T01:03:04.828Z,178839738482800
"""peelic @ vOeqrOXpLT"" folds",2026-09-03T01:02:56.183Z,178839737618300
"""Jonah @ xrBY5OZYCv"" folds",2026-09-03T01:02:46.449Z,178839736644900
"""arash @ RYnRljE1SO"" bets 60",2026-09-03T01:02:41.365Z,178839736136500
"""Spenny @ S8ENkJ8OQS"" checks",2026-09-03T01:02:37.898Z,178839735789800
"""peelic @ vOeqrOXpLT"" checks",2026-09-03T01:02:32.660Z,178839735266000
"Turn: 3♣, 6♦, 9♥ [K♥]",2026-09-03T01:02:30.868Z,178839735086800
"""Jonah @ xrBY5OZYCv"" checks",2026-09-03T01:02:30.016Z,178839735001600
"""arash @ RYnRljE1SO"" checks",2026-09-03T01:02:29.100Z,178839734910000
"""Spenny @ S8ENkJ8OQS"" checks",2026-09-03T01:02:25.944Z,178839734594400
"""peelic @ vOeqrOXpLT"" checks",2026-09-03T01:02:24.966Z,178839734496600
"Flop:  [3♣, 6♦, 9♥]",2026-09-03T01:02:14.959Z,178839733495900
"""peelic @ vOeqrOXpLT"" checks",2026-09-03T01:02:14.114Z,178839733411400
"""Stevo @ kI2bCqDOyl"" folds",2026-09-03T01:02:04.858Z,178839732485800
"""Jonah @ xrBY5OZYCv"" calls 20",2026-09-03T01:01:59.751Z,178839731975100
"""arash @ RYnRljE1SO"" calls 20",2026-09-03T01:01:58.803Z,178839731880300
"""Spenny @ S8ENkJ8OQS"" calls 20",2026-09-03T01:01:56.307Z,178839731630700
"""peelic @ vOeqrOXpLT"" posts a big blind of 20",2026-09-03T01:01:51.505Z,178839731150508
"""Stevo @ kI2bCqDOyl"" posts a small blind of 10",2026-09-03T01:01:51.505Z,178839731150507
"Your hand is 4♥, 8♦",2026-09-03T01:01:51.505Z,178839731150503
"Player stacks: #2 ""Jonah @ xrBY5OZYCv"" (1040) | #3 ""Stevo @ kI2bCqDOyl"" (1090) | #4 ""peelic @ vOeqrOXpLT"" (890) | #7 ""Spenny @ S8ENkJ8OQS"" (905) | #10 ""arash @ RYnRljE1SO"" (1075)",2026-09-03T01:01:51.505Z,178839731150501
"-- starting hand #26 (id: dcq3iah2pjxy)  No Limit Texas Hold'em (dealer: ""Jonah @ xrBY5OZYCv"") --",2026-09-03T01:01:51.505Z,178839731150500
"-- ending hand #25 --",2026-09-03T01:01:48.567Z,178839730856702
"""arash @ RYnRljE1SO"" collected 70 from pot",2026-09-03T01:01:48.567Z,178839730856701
"Uncalled bet of 50 returned to ""arash @ RYnRljE1SO""",2026-09-03T01:01:48.567Z,178839730856700
"""Spenny @ S8ENkJ8OQS"" folds",2026-09-03T01:01:47.734Z,178839730773400
"""Stevo @ kI2bCqDOyl"" folds",2026-09-03T01:01:38.838Z,178839729883800
"""arash @ RYnRljE1SO"" bets 50",2026-09-03T01:01:37.854Z,178839729785400
"""Spenny @ S8ENkJ8OQS"" checks",2026-09-03T01:01:34.282Z,178839729428200
"""Stevo @ kI2bCqDOyl"" checks",2026-09-03T01:01:28.278Z,178839728827800
"River: 9♥, 10♠, 3♠, 6♠ [9♣]",2026-09-03T01:01:26.693Z,178839728669300
"""arash @ RYnRljE1SO"" checks",2026-09-03T01:01:25.871Z,178839728587100
"""Spenny @ S8ENkJ8OQS"" checks",2026-09-03T01:01:23.627Z,178839728362700
"""Stevo @ kI2bCqDOyl"" checks",2026-09-03T01:01:18.624Z,178839727862400
"Turn: 9♥, 10♠, 3♠ [6♠]",2026-09-03T01:01:17.481Z,178839727748100
"""arash @ RYnRljE1SO"" checks",2026-09-03T01:01:16.628Z,178839727662800
"""Spenny @ S8ENkJ8OQS"" checks",2026-09-03T01:01:14.331Z,178839727433100
"""Stevo @ kI2bCqDOyl"" checks",2026-09-03T01:01:11.665Z,178839727166500
"Flop:  [9♥, 10♠, 3♠]",2026-09-03T01:01:10.331Z,178839727033100
"""Stevo @ kI2bCqDOyl"" checks",2026-09-03T01:01:09.477Z,178839726947700
"""Jonah @ xrBY5OZYCv"" folds",2026-09-03T01:01:08.533Z,178839726853300
"""arash @ RYnRljE1SO"" calls 20",2026-09-03T01:01:07.660Z,178839726766000
"""Spenny @ S8ENkJ8OQS"" calls 20",2026-09-03T01:01:02.351Z,178839726235100
"""peelic @ vOeqrOXpLT"" folds",2026-09-03T01:01:01.383Z,178839726138300
"""Stevo @ kI2bCqDOyl"" posts a big blind of 20",2026-09-03T01:00:58.759Z,178839725875908
"""Jonah @ xrBY5OZYCv"" posts a small blind of 10",2026-09-03T01:00:58.759Z,178839725875907
"Your hand is 4♥, 8♣",2026-09-03T01:00:58.759Z,178839725875903
"Player stacks: #2 ""Jonah @ xrBY5OZYCv"" (1050) | #3 ""Stevo @ kI2bCqDOyl"" (1110) | #4 ""peelic @ vOeqrOXpLT"" (890) | #7 ""Spenny @ S8ENkJ8OQS"" (925) | #10 ""arash @ RYnRljE1SO"" (1025)",2026-09-03T01:00:58.759Z,178839725875901
"-- starting hand #25 (id: p7l98ekzmmh3)  No Limit Texas Hold'em (dealer: ""arash @ RYnRljE1SO"") --",2026-09-03T01:00:58.759Z,178839725875900
"Undealt cards: 2♥, K♦, 7♥ [10♣, 2♠]",2026-09-03T01:00:54.808Z,178839725480800
"-- ending hand #24 --",2026-09-03T01:00:52.788Z,178839725278802
"""Stevo @ kI2bCqDOyl"" collected 60 from pot",2026-09-03T01:00:52.788Z,178839725278801
"Uncalled bet of 20 returned to ""Stevo @ kI2bCqDOyl""",2026-09-03T01:00:52.788Z,178839725278800
"""Jonah @ xrBY5OZYCv"" folds",2026-09-03T01:00:51.973Z,178839725197300
"""arash @ RYnRljE1SO"" folds",2026-09-03T01:00:49.377Z,178839724937700
"""Stevo @ kI2bCqDOyl"" bets 20",2026-09-03T01:00:45.956Z,178839724595600
"""Jonah @ xrBY5OZYCv"" checks",2026-09-03T01:00:44.599Z,178839724459900
"""arash @ RYnRljE1SO"" checks",2026-09-03T01:00:43.652Z,178839724365200
"Flop:  [2♥, K♦, 7♥]",2026-09-03T01:00:38.444Z,178839723844400
"""Jonah @ xrBY5OZYCv"" checks",2026-09-03T01:00:37.601Z,178839723760100
"""arash @ RYnRljE1SO"" calls 20",2026-09-03T01:00:36.671Z,178839723667100
"""Spenny @ S8ENkJ8OQS"" folds",2026-09-03T01:00:35.720Z,178839723572000
"""peelic @ vOeqrOXpLT"" folds",2026-09-03T01:00:26.633Z,178839722663300
"""Stevo @ kI2bCqDOyl"" calls 20",2026-09-03T01:00:25.254Z,178839722525400
"""Jonah @ xrBY5OZYCv"" posts a big blind of 20",2026-09-03T01:00:24.161Z,178839722416108
"""arash @ RYnRljE1SO"" posts a small blind of 10",2026-09-03T01:00:24.161Z,178839722416107
"Your hand is A♣, K♥",2026-09-03T01:00:24.161Z,178839722416103
"Player stacks: #2 ""Jonah @ xrBY5OZYCv"" (1070) | #3 ""Stevo @ kI2bCqDOyl"" (1070) | #4 ""peelic @ vOeqrOXpLT"" (890) | #7 ""Spenny @ S8ENkJ8OQS"" (925) | #10 ""arash @ RYnRljE1SO"" (1045)",2026-09-03T01:00:24.161Z,178839722416101
"-- starting hand #24 (id: 2ntm8evmcfki)  No Limit Texas Hold'em (dealer: ""Spenny @ S8ENkJ8OQS"") --",2026-09-03T01:00:24.161Z,178839722416100
"-- ending hand #23 --",2026-09-03T01:00:18.119Z,178839721811902
"""Spenny @ S8ENkJ8OQS"" collected 220 from pot with Two Pair, J's & 7's (combination: 5♦, 7♠, 7♥, J♥, J♣)",2026-09-03T01:00:18.119Z,178839721811901
"""Spenny @ S8ENkJ8OQS"" shows a 2♣, J♥.",2026-09-03T01:00:18.119Z,178839721811900
"""peelic @ vOeqrOXpLT"" calls 20",2026-09-03T01:00:17.274Z,178839721727400
"""Spenny @ S8ENkJ8OQS"" bets 20",2026-09-03T01:00:15.531Z,178839721553100
"River: 7♠, 7♥, J♣, 5♦ [3♠]",2026-09-03T01:00:09.890Z,178839720989000
"""peelic @ vOeqrOXpLT"" calls 20",2026-09-03T01:00:09.030Z,178839720903000
"""Spenny @ S8ENkJ8OQS"" bets 20",2026-09-03T00:59:59.938Z,178839719993800
"Turn: 7♠, 7♥, J♣ [5♦]",2026-09-03T00:59:57.969Z,178839719796900
"""peelic @ vOeqrOXpLT"" calls 20",2026-09-03T00:59:57.142Z,178839719714200
"""Stevo @ kI2bCqDOyl"" folds",2026-09-03T00:59:50.487Z,178839719048700
"""Jonah @ xrBY5OZYCv"" folds",2026-09-03T00:59:45.342Z,178839718534200
"""arash @ RYnRljE1SO"" folds",2026-09-03T00:59:36.402Z,178839717640200
"""Spenny @ S8ENkJ8OQS"" bets 20",2026-09-03T00:59:33.415Z,178839717341500
"Flop:  [7♠, 7♥, J♣]",2026-09-03T00:59:29.855Z,178839716985500
"""arash @ RYnRljE1SO"" checks",2026-09-03T00:59:29.028Z,178839716902800
"""Spenny @ S8ENkJ8OQS"" calls 20",2026-09-03T00:59:26.317Z,178839716631700
"""peelic @ vOeqrOXpLT"" calls 20",2026-09-03T00:59:17.280Z,178839715728000
"""Stevo @ kI2bCqDOyl"" calls 20",2026-09-03T00:59:16.389Z,178839715638900
"""Jonah @ xrBY5OZYCv"" calls 20",2026-09-03T00:59:15.381Z,178839715538100
"""arash @ RYnRljE1SO"" posts a big blind of 20",2026-09-03T00:59:14.549Z,178839715454908
"""Spenny @ S8ENkJ8OQS"" posts a small blind of 10",2026-09-03T00:59:14.549Z,178839715454907
"Your hand is A♣, K♦",2026-09-03T00:59:14.549Z,178839715454903
"Player stacks: #2 ""Jonah @ xrBY5OZYCv"" (1090) | #3 ""Stevo @ kI2bCqDOyl"" (1090) | #4 ""peelic @ vOeqrOXpLT"" (970) | #7 ""Spenny @ S8ENkJ8OQS"" (785) | #10 ""arash @ RYnRljE1SO"" (1065)",2026-09-03T00:59:14.549Z,178839715454901
"-- starting hand #23 (id: 9xa9u50udrdj)  No Limit Texas Hold'em (dealer: ""peelic @ vOeqrOXpLT"") --",2026-09-03T00:59:14.549Z,178839715454900
"-- ending hand #22 --",2026-09-03T00:59:11.645Z,178839715164502
"""Jonah @ xrBY5OZYCv"" collected 120 from pot",2026-09-03T00:59:11.645Z,178839715164501
"Uncalled bet of 70 returned to ""Jonah @ xrBY5OZYCv""",2026-09-03T00:59:11.645Z,178839715164500
"""Spenny @ S8ENkJ8OQS"" folds",2026-09-03T00:59:10.779Z,178839715077900
"""peelic @ vOeqrOXpLT"" folds",2026-09-03T00:59:03.495Z,178839714349500
"""Jonah @ xrBY5OZYCv"" bets 70",2026-09-03T00:58:56.587Z,178839713658700
"""Spenny @ S8ENkJ8OQS"" checks",2026-09-03T00:58:54.246Z,178839713424600
"""peelic @ vOeqrOXpLT"" checks",2026-09-03T00:58:48.183Z,178839712818300
"River: J♦, 5♣, 9♦, 4♦ [J♠]",2026-09-03T00:58:40.963Z,178839712096300
"""Jonah @ xrBY5OZYCv"" checks",2026-09-03T00:58:40.110Z,178839712011000
"""Spenny @ S8ENkJ8OQS"" checks",2026-09-03T00:58:39.226Z,178839711922600
"""peelic @ vOeqrOXpLT"" checks",2026-09-03T00:58:32.388Z,178839711238800
"Turn: J♦, 5♣, 9♦ [4♦]",2026-09-03T00:58:30.552Z,178839711055200
"""peelic @ vOeqrOXpLT"" calls 20",2026-09-03T00:58:29.682Z,178839710968200
"""Jonah @ xrBY5OZYCv"" calls 20",2026-09-03T00:58:24.413Z,178839710441300
"""Spenny @ S8ENkJ8OQS"" bets 20",2026-09-03T00:58:22.844Z,178839710284400
"""peelic @ vOeqrOXpLT"" checks",2026-09-03T00:58:19.923Z,178839709992300
"Flop:  [J♦, 5♣, 9♦]",2026-09-03T00:58:17.459Z,178839709745900
"""Spenny @ S8ENkJ8OQS"" checks",2026-09-03T00:58:16.640Z,178839709664000
"""peelic @ vOeqrOXpLT"" calls 20",2026-09-03T00:58:13.074Z,178839709307400
"""Stevo @ kI2bCqDOyl"" folds",2026-09-03T00:58:12.191Z,178839709219100
"""Jonah @ xrBY5OZYCv"" calls 20",2026-09-03T00:58:11.179Z,178839709117900
"""arash @ RYnRljE1SO"" folds",2026-09-03T00:58:10.316Z,178839709031600
"""Spenny @ S8ENkJ8OQS"" posts a big blind of 20",2026-09-03T00:58:03.216Z,178839708321608
"""peelic @ vOeqrOXpLT"" posts a small blind of 10",2026-09-03T00:58:03.216Z,178839708321607
"Your hand is 2♣, 9♣",2026-09-03T00:58:03.216Z,178839708321603
"Player stacks: #2 ""Jonah @ xrBY5OZYCv"" (1010) | #3 ""Stevo @ kI2bCqDOyl"" (1090) | #4 ""peelic @ vOeqrOXpLT"" (1010) | #7 ""Spenny @ S8ENkJ8OQS"" (825) | #10 ""arash @ RYnRljE1SO"" (1065)",2026-09-03T00:58:03.216Z,178839708321601
"-- starting hand #22 (id: yxlxfzourkfb)  No Limit Texas Hold'em (dealer: ""Stevo @ kI2bCqDOyl"") --",2026-09-03T00:58:03.216Z,178839708321600
"-- ending hand #21 --",2026-09-03T00:57:57.169Z,178839707716902
"""Stevo @ kI2bCqDOyl"" collected 300 from pot with Two Pair, 10's & 3's (combination: A♦, 3♠, 3♣, 10♠, 10♥)",2026-09-03T00:57:57.169Z,178839707716901
"""Stevo @ kI2bCqDOyl"" shows a 3♠, 10♠.",2026-09-03T00:57:57.169Z,178839707716900
"""arash @ RYnRljE1SO"" calls 20",2026-09-03T00:57:56.346Z,178839707634600
"""Stevo @ kI2bCqDOyl"" bets 20",2026-09-03T00:57:53.430Z,178839707343000
"River: 10♥, 3♣, 2♦, A♦ [7♣]",2026-09-03T00:57:51.410Z,178839707141000
"""Jonah @ xrBY5OZYCv"" folds",2026-09-03T00:57:50.572Z,178839707057200
"""arash @ RYnRljE1SO"" calls 50",2026-09-03T00:57:42.279Z,178839706227900
"""peelic @ vOeqrOXpLT"" folds",2026-09-03T00:57:41.317Z,178839706131700
"""Stevo @ kI2bCqDOyl"" bets 50",2026-09-03T00:57:31.850Z,178839705185000
"Turn: 10♥, 3♣, 2♦ [A♦]",2026-09-03T00:57:28.448Z,178839704844800
"""Jonah @ xrBY5OZYCv"" calls 20",2026-09-03T00:57:27.589Z,178839704758900
"""arash @ RYnRljE1SO"" calls 20",2026-09-03T00:57:26.645Z,178839704664500
"""peelic @ vOeqrOXpLT"" calls 20",2026-09-03T00:57:19.197Z,178839703919700
"""Stevo @ kI2bCqDOyl"" bets 20",2026-09-03T00:57:11.894Z,178839703189400
"Flop:  [10♥, 3♣, 2♦]",2026-09-03T00:57:10.842Z,178839703084200
"""peelic @ vOeqrOXpLT"" checks",2026-09-03T00:57:09.958Z,178839702995800
"""Stevo @ kI2bCqDOyl"" calls 20",2026-09-03T00:57:09.086Z,178839702908600
"""Jonah @ xrBY5OZYCv"" calls 20",2026-09-03T00:57:08.118Z,178839702811800
"""arash @ RYnRljE1SO"" calls 20",2026-09-03T00:57:02.702Z,178839702270200
"""Spenny @ S8ENkJ8OQS"" folds",2026-09-03T00:57:01.709Z,178839702170900
"""peelic @ vOeqrOXpLT"" posts a big blind of 20",2026-09-03T00:56:53.307Z,178839701330708
"""Stevo @ kI2bCqDOyl"" posts a small blind of 10",2026-09-03T00:56:53.307Z,178839701330707
"Your hand is 3♠, 10♠",2026-09-03T00:56:53.307Z,178839701330703
"Player stacks: #2 ""Jonah @ xrBY5OZYCv"" (1050) | #3 ""Stevo @ kI2bCqDOyl"" (900) | #4 ""peelic @ vOeqrOXpLT"" (1050) | #7 ""Spenny @ S8ENkJ8OQS"" (825) | #10 ""arash @ RYnRljE1SO"" (1175)",2026-09-03T00:56:53.307Z,178839701330701
"-- starting hand #21 (id: ls4z2j2bfoos)  No Limit Texas Hold'em (dealer: ""Jonah @ xrBY5OZYCv"") --",2026-09-03T00:56:53.307Z,178839701330700
"-- ending hand #20 --",2026-09-03T00:56:47.300Z,178839700730002
"""Jonah @ xrBY5OZYCv"" collected 310 from pot with Flush, J High (combination: 5♦, 6♦, 7♦, 9♦, J♦)",2026-09-03T00:56:47.300Z,178839700730001
"""Jonah @ xrBY5OZYCv"" shows a 6♦, 7♦.",2026-09-03T00:56:47.300Z,178839700730000
"""arash @ RYnRljE1SO"" calls 40",2026-09-03T00:56:46.479Z,178839700647900
"""Spenny @ S8ENkJ8OQS"" calls 40",2026-09-03T00:56:39.394Z,178839699939400
"""Jonah @ xrBY5OZYCv"" bets 40",2026-09-03T00:56:36.782Z,178839699678200
"River: 9♦, A♥, 5♦, J♦ [8♣]",2026-09-03T00:56:32.237Z,178839699223700
"""arash @ RYnRljE1SO"" calls 30",2026-09-03T00:56:31.405Z,178839699140500
"""Spenny @ S8ENkJ8OQS"" calls 30",2026-09-03T00:56:29.699Z,178839698969900
"""peelic @ vOeqrOXpLT"" folds",2026-09-03T00:56:28.779Z,178839698877900
"""Stevo @ kI2bCqDOyl"" folds",2026-09-03T00:56:24.580Z,178839698458000
"""Jonah @ xrBY5OZYCv"" bets 30",2026-09-03T00:56:21.396Z,178839698139600
"Turn: 9♦, A♥, 5♦ [J♦]",2026-09-03T00:56:16.811Z,178839697681100
"""arash @ RYnRljE1SO"" checks",2026-09-03T00:56:15.995Z,178839697599500
"""Spenny @ S8ENkJ8OQS"" checks",2026-09-03T00:56:15.029Z,178839697502900
"""peelic @ vOeqrOXpLT"" checks",2026-09-03T00:56:10.754Z,178839697075400
"""Stevo @ kI2bCqDOyl"" checks",2026-09-03T00:56:05.460Z,178839696546000
"""Jonah @ xrBY5OZYCv"" checks",2026-09-03T00:56:04.463Z,178839696446300
"Flop:  [9♦, A♥, 5♦]",2026-09-03T00:56:02.715Z,178839696271500
"""Stevo @ kI2bCqDOyl"" checks",2026-09-03T00:56:01.807Z,178839696180700
"""Jonah @ xrBY5OZYCv"" calls 20",2026-09-03T00:56:00.825Z,178839696082500
"""arash @ RYnRljE1SO"" calls 20",2026-09-03T00:55:59.898Z,178839695989800
"""Spenny @ S8ENkJ8OQS"" calls 20",2026-09-03T00:55:56.470Z,178839695647000
"""peelic @ vOeqrOXpLT"" calls 20",2026-09-03T00:55:52.339Z,178839695233900
"""Stevo @ kI2bCqDOyl"" posts a big blind of 20",2026-09-03T00:55:50.813Z,178839695081308
"""Jonah @ xrBY5OZYCv"" posts a small blind of 10",2026-09-03T00:55:50.813Z,178839695081307
"Your hand is 9♣, K♥",2026-09-03T00:55:50.813Z,178839695081303
"Player stacks: #2 ""Jonah @ xrBY5OZYCv"" (830) | #3 ""Stevo @ kI2bCqDOyl"" (920) | #4 ""peelic @ vOeqrOXpLT"" (1070) | #7 ""Spenny @ S8ENkJ8OQS"" (915) | #10 ""arash @ RYnRljE1SO"" (1265)",2026-09-03T00:55:50.813Z,178839695081301
"-- starting hand #20 (id: ifkgyjj4qapf)  No Limit Texas Hold'em (dealer: ""arash @ RYnRljE1SO"") --",2026-09-03T00:55:50.813Z,178839695081300
"-- ending hand #19 --",2026-09-03T00:55:44.771Z,178839694477103
"""Jonah @ xrBY5OZYCv"" collected 60 from pot with A High (combination: 4♣, 7♠, 9♠, K♦, A♦)",2026-09-03T00:55:44.771Z,178839694477102
"""Jonah @ xrBY5OZYCv"" shows a 2♠, A♦.",2026-09-03T00:55:44.771Z,178839694477101
"""arash @ RYnRljE1SO"" shows a 10♣, 2♣.",2026-09-03T00:55:44.771Z,178839694477100
"""peelic @ vOeqrOXpLT"" checks",2026-09-03T00:55:43.958Z,178839694395800
"""Jonah @ xrBY5OZYCv"" checks",2026-09-03T00:55:38.847Z,178839693884700
"""arash @ RYnRljE1SO"" checks",2026-09-03T00:55:37.971Z,178839693797100
"River: 9♠, K♦, 7♠, 3♠ [4♣]",2026-09-03T00:55:35.178Z,178839693517800
"""peelic @ vOeqrOXpLT"" checks",2026-09-03T00:55:34.357Z,178839693435700
"""Jonah @ xrBY5OZYCv"" checks",2026-09-03T00:55:27.729Z,178839692772900
"""arash @ RYnRljE1SO"" checks",2026-09-03T00:55:26.254Z,178839692625400
"Turn: 9♠, K♦, 7♠ [3♠]",2026-09-03T00:55:24.456Z,178839692445600
"""peelic @ vOeqrOXpLT"" checks",2026-09-03T00:55:23.637Z,178839692363700
"""Jonah @ xrBY5OZYCv"" checks",2026-09-03T00:55:21.218Z,178839692121800
"""arash @ RYnRljE1SO"" checks",2026-09-03T00:55:20.252Z,178839692025200
"Flop:  [9♠, K♦, 7♠]",2026-09-03T00:55:10.227Z,178839691022700
"""Jonah @ xrBY5OZYCv"" checks",2026-09-03T00:55:09.408Z,178839690940800
"""arash @ RYnRljE1SO"" calls 20",2026-09-03T00:55:08.468Z,178839690846800
"""Spenny @ S8ENkJ8OQS"" folds",2026-09-03T00:55:07.434Z,178839690743400
"""peelic @ vOeqrOXpLT"" calls 20",2026-09-03T00:55:06.433Z,178839690643300
"""Stevo @ kI2bCqDOyl"" folds",2026-09-03T00:55:02.125Z,178839690212500
"""Jonah @ xrBY5OZYCv"" posts a big blind of 20",2026-09-03T00:54:59.104Z,178839689910408
"""arash @ RYnRljE1SO"" posts a small blind of 10",2026-09-03T00:54:59.104Z,178839689910407
"Your hand is 3♥, J♣",2026-09-03T00:54:59.104Z,178839689910403
"Player stacks: #2 ""Jonah @ xrBY5OZYCv"" (790) | #3 ""Stevo @ kI2bCqDOyl"" (920) | #4 ""peelic @ vOeqrOXpLT"" (1090) | #7 ""Spenny @ S8ENkJ8OQS"" (915) | #10 ""arash @ RYnRljE1SO"" (1285)",2026-09-03T00:54:59.104Z,178839689910401
"-- starting hand #19 (id: lqqzr28mfs4e)  No Limit Texas Hold'em (dealer: ""Spenny @ S8ENkJ8OQS"") --",2026-09-03T00:54:59.104Z,178839689910400
"""Stevo @ kI2bCqDOyl"" shows a A♠, A♦.",2026-09-03T00:54:53.692Z,178839689369200
"-- ending hand #18 --",2026-09-03T00:54:52.572Z,178839689257202
"""Spenny @ S8ENkJ8OQS"" collected 260 from pot with Three of a Kind, 3's (combination: 8♦, 9♣, 3♦, 3♠, 3♣)",2026-09-03T00:54:52.572Z,178839689257201
"""Spenny @ S8ENkJ8OQS"" shows a 3♦, 8♦.",2026-09-03T00:54:52.572Z,178839689257200
"""Stevo @ kI2bCqDOyl"" calls 40",2026-09-03T00:54:51.767Z,178839689176700
"""Spenny @ S8ENkJ8OQS"" bets 40",2026-09-03T00:54:50.662Z,178839689066200
"River: 4♣, 3♠, 9♣, 3♣ [5♥]",2026-09-03T00:54:45.453Z,178839688545300
"""Stevo @ kI2bCqDOyl"" calls 40",2026-09-03T00:54:44.627Z,178839688462700
"""Spenny @ S8ENkJ8OQS"" bets 40",2026-09-03T00:54:43.665Z,178839688366500
"Turn: 4♣, 3♠, 9♣ [3♣]",2026-09-03T00:54:38.251Z,178839687825100
"""arash @ RYnRljE1SO"" folds",2026-09-03T00:54:37.381Z,178839687738100
"""Spenny @ S8ENkJ8OQS"" calls 20",2026-09-03T00:54:34.158Z,178839687415800
"""Stevo @ kI2bCqDOyl"" bets 20",2026-09-03T00:54:28.126Z,178839686812600
"""arash @ RYnRljE1SO"" checks",2026-09-03T00:54:26.484Z,178839686648400
"""Spenny @ S8ENkJ8OQS"" checks",2026-09-03T00:54:24.084Z,178839686408400
"Flop:  [4♣, 3♠, 9♣]",2026-09-03T00:54:22.522Z,178839686252200
"""arash @ RYnRljE1SO"" checks",2026-09-03T00:54:21.694Z,178839686169400
"""Spenny @ S8ENkJ8OQS"" calls 20",2026-09-03T00:54:17.558Z,178839685755800
"""peelic @ vOeqrOXpLT"" folds",2026-09-03T00:54:16.647Z,178839685664700
"""Stevo @ kI2bCqDOyl"" calls 20",2026-09-03T00:54:05.787Z,178839684578700
"""Jonah @ xrBY5OZYCv"" folds",2026-09-03T00:54:04.800Z,178839684480000
"""arash @ RYnRljE1SO"" posts a big blind of 20",2026-09-03T00:54:03.591Z,178839684359108
"""Spenny @ S8ENkJ8OQS"" posts a small blind of 10",2026-09-03T00:54:03.591Z,178839684359107
"Your hand is A♠, A♦",2026-09-03T00:54:03.591Z,178839684359103
"Player stacks: #2 ""Jonah @ xrBY5OZYCv"" (790) | #3 ""Stevo @ kI2bCqDOyl"" (1040) | #4 ""peelic @ vOeqrOXpLT"" (1090) | #7 ""Spenny @ S8ENkJ8OQS"" (775) | #10 ""arash @ RYnRljE1SO"" (1305)",2026-09-03T00:54:03.591Z,178839684359101
"-- starting hand #18 (id: snvy2zvgvtlj)  No Limit Texas Hold'em (dealer: ""peelic @ vOeqrOXpLT"") --",2026-09-03T00:54:03.591Z,178839684359100
"""Jonah @ xrBY5OZYCv"" shows a K♦, 9♦.",2026-09-03T00:54:00.876Z,178839684087600
"-- ending hand #17 --",2026-09-03T00:53:59.966Z,178839683996602
"""Jonah @ xrBY5OZYCv"" collected 120 from pot",2026-09-03T00:53:59.966Z,178839683996601
"Uncalled bet of 50 returned to ""Jonah @ xrBY5OZYCv""",2026-09-03T00:53:59.966Z,178839683996600
"""Spenny @ S8ENkJ8OQS"" folds",2026-09-03T00:53:59.132Z,178839683913200
"""peelic @ vOeqrOXpLT"" folds",2026-09-03T00:53:58.212Z,178839683821200
"""Jonah @ xrBY5OZYCv"" bets 50",2026-09-03T00:53:48.626Z,178839682862600
"""Spenny @ S8ENkJ8OQS"" checks",2026-09-03T00:53:42.162Z,178839682216200
"""peelic @ vOeqrOXpLT"" checks",2026-09-03T00:53:39.286Z,178839681928600
"River: 5♠, 5♥, 10♦, J♦ [Q♦]",2026-09-03T00:53:36.752Z,178839681675200
"""Spenny @ S8ENkJ8OQS"" calls 20",2026-09-03T00:53:35.940Z,178839681594000
"""peelic @ vOeqrOXpLT"" calls 20",2026-09-03T00:53:30.768Z,178839681076800
"""Jonah @ xrBY5OZYCv"" bets 20",2026-09-03T00:53:20.975Z,178839680097500
"""Spenny @ S8ENkJ8OQS"" checks",2026-09-03T00:53:19.202Z,178839679920200
"""peelic @ vOeqrOXpLT"" checks",2026-09-03T00:53:15.947Z,178839679594700
"Turn: 5♠, 5♥, 10♦ [J♦]",2026-09-03T00:53:11.138Z,178839679113800
"""Jonah @ xrBY5OZYCv"" checks",2026-09-03T00:53:10.189Z,178839679018900
"""Spenny @ S8ENkJ8OQS"" checks",2026-09-03T00:53:09.236Z,178839678923600
"""peelic @ vOeqrOXpLT"" checks",2026-09-03T00:53:05.402Z,178839678540200
"Flop:  [5♠, 5♥, 10♦]",2026-09-03T00:53:01.705Z,178839678170500
"""Spenny @ S8ENkJ8OQS"" checks",2026-09-03T00:53:00.766Z,178839678076600
"""peelic @ vOeqrOXpLT"" calls 20",2026-09-03T00:52:58.453Z,178839677845300
"""Stevo @ kI2bCqDOyl"" folds",2026-09-03T00:52:52.421Z,178839677242100
"""Jonah @ xrBY5OZYCv"" calls 20",2026-09-03T00:52:51.123Z,178839677112300
"""arash @ RYnRljE1SO"" folds",2026-09-03T00:52:50.214Z,178839677021400
"""Spenny @ S8ENkJ8OQS"" posts a big blind of 20",2026-09-03T00:52:48.304Z,178839676830408
"""peelic @ vOeqrOXpLT"" posts a small blind of 10",2026-09-03T00:52:48.304Z,178839676830407
"Your hand is 6♥, 7♦",2026-09-03T00:52:48.304Z,178839676830403
"Player stacks: #2 ""Jonah @ xrBY5OZYCv"" (710) | #3 ""Stevo @ kI2bCqDOyl"" (1040) | #4 ""peelic @ vOeqrOXpLT"" (1130) | #7 ""Spenny @ S8ENkJ8OQS"" (815) | #10 ""arash @ RYnRljE1SO"" (1305)",2026-09-03T00:52:48.304Z,178839676830401
"-- starting hand #17 (id: twmem6fb27ky)  No Limit Texas Hold'em (dealer: ""Stevo @ kI2bCqDOyl"") --",2026-09-03T00:52:48.304Z,178839676830400
"-- ending hand #16 --",2026-09-03T00:52:42.269Z,178839676226903
"""peelic @ vOeqrOXpLT"" collected 60 from pot with A High (combination: 8♥, 10♦, J♦, Q♣, A♠)",2026-09-03T00:52:42.269Z,178839676226902
"""peelic @ vOeqrOXpLT"" shows a 8♥, J♦.",2026-09-03T00:52:42.269Z,178839676226901
"""Stevo @ kI2bCqDOyl"" shows a 3♠, J♥.",2026-09-03T00:52:42.269Z,178839676226900
"""arash @ RYnRljE1SO"" checks",2026-09-03T00:52:41.435Z,178839676143500
"""peelic @ vOeqrOXpLT"" checks",2026-09-03T00:52:40.495Z,178839676049500
"""Stevo @ kI2bCqDOyl"" checks",2026-09-03T00:52:35.640Z,178839675564000
"River: Q♣, 4♠, 10♦, A♠ [7♥]",2026-09-03T00:52:34.664Z,178839675466400
"""arash @ RYnRljE1SO"" checks",2026-09-03T00:52:33.792Z,178839675379200
"""peelic @ vOeqrOXpLT"" checks",2026-09-03T00:52:31.049Z,178839675104900
"""Stevo @ kI2bCqDOyl"" checks",2026-09-03T00:52:28.060Z,178839674806000
"Turn: Q♣, 4♠, 10♦ [A♠]",2026-09-03T00:52:26.663Z,178839674666300
"""arash @ RYnRljE1SO"" checks",2026-09-03T00:52:25.766Z,178839674576600
"""peelic @ vOeqrOXpLT"" checks",2026-09-03T00:52:24.744Z,178839674474400
"""Stevo @ kI2bCqDOyl"" checks",2026-09-03T00:52:17.668Z,178839673766800
"Flop:  [Q♣, 4♠, 10♦]",2026-09-03T00:52:15.795Z,178839673579500
"""peelic @ vOeqrOXpLT"" checks",2026-09-03T00:52:14.967Z,178839673496700
"""Stevo @ kI2bCqDOyl"" calls 20",2026-09-03T00:52:06.762Z,178839672676200
"""Jonah @ xrBY5OZYCv"" folds",2026-09-03T00:52:05.678Z,178839672567800
"""arash @ RYnRljE1SO"" calls 20",2026-09-03T00:52:04.826Z,178839672482600
"""Spenny @ S8ENkJ8OQS"" folds",2026-09-03T00:52:02.404Z,178839672240400
"""peelic @ vOeqrOXpLT"" posts a big blind of 20",2026-09-03T00:51:56.773Z,178839671677308
"""Stevo @ kI2bCqDOyl"" posts a small blind of 10",2026-09-03T00:51:56.773Z,178839671677307
"Your hand is 3♠, J♥",2026-09-03T00:51:56.773Z,178839671677303
"Player stacks: #2 ""Jonah @ xrBY5OZYCv"" (710) | #3 ""Stevo @ kI2bCqDOyl"" (1060) | #4 ""peelic @ vOeqrOXpLT"" (1090) | #7 ""Spenny @ S8ENkJ8OQS"" (815) | #10 ""arash @ RYnRljE1SO"" (1325)",2026-09-03T00:51:56.773Z,178839671677301
"-- starting hand #16 (id: hfv59lqnkllg)  No Limit Texas Hold'em (dealer: ""Jonah @ xrBY5OZYCv"") --",2026-09-03T00:51:56.773Z,178839671677300
"""Jonah @ xrBY5OZYCv"" shows a J♦, 3♠.",2026-09-03T00:51:53.614Z,178839671361400
"-- ending hand #15 --",2026-09-03T00:51:50.194Z,178839671019404
"""arash @ RYnRljE1SO"" collected 130 from pot with Pair, 6's (combination: 5♦, 8♣, J♣, 6♥, 6♠)",2026-09-03T00:51:50.194Z,178839671019403
"""arash @ RYnRljE1SO"" shows a 5♦, 6♥.",2026-09-03T00:51:50.194Z,178839671019402
"""peelic @ vOeqrOXpLT"" shows a A♣, 9♥.",2026-09-03T00:51:50.194Z,178839671019401
"""Stevo @ kI2bCqDOyl"" shows a A♠, 7♠.",2026-09-03T00:51:50.194Z,178839671019400
"""arash @ RYnRljE1SO"" checks",2026-09-03T00:51:49.373Z,178839670937300
"""peelic @ vOeqrOXpLT"" checks",2026-09-03T00:51:47.317Z,178839670731700
"""Stevo @ kI2bCqDOyl"" checks",2026-09-03T00:51:42.676Z,178839670267600
"River: J♣, 6♠, 3♦, 2♦ [8♣]",2026-09-03T00:51:41.363Z,178839670136300
"""arash @ RYnRljE1SO"" checks",2026-09-03T00:51:40.556Z,178839670055600
"""peelic @ vOeqrOXpLT"" checks",2026-09-03T00:51:32.008Z,178839669200800
"""Stevo @ kI2bCqDOyl"" checks",2026-09-03T00:51:28.811Z,178839668881100
"Turn: J♣, 6♠, 3♦ [2♦]",2026-09-03T00:51:26.954Z,178839668695400
"""arash @ RYnRljE1SO"" calls 20",2026-09-03T00:51:26.085Z,178839668608500
"""peelic @ vOeqrOXpLT"" calls 20",2026-09-03T00:51:25.152Z,178839668515200
"""Stevo @ kI2bCqDOyl"" bets 20",2026-09-03T00:51:20.997Z,178839668099700
"Flop:  [J♣, 6♠, 3♦]",2026-09-03T00:51:18.150Z,178839667815000
"""Stevo @ kI2bCqDOyl"" checks",2026-09-03T00:51:17.285Z,178839667728500
"""Jonah @ xrBY5OZYCv"" folds",2026-09-03T00:51:16.297Z,178839667629700
"""arash @ RYnRljE1SO"" calls 20",2026-09-03T00:51:15.373Z,178839667537300
"""Spenny @ S8ENkJ8OQS"" folds",2026-09-03T00:51:14.369Z,178839667436900
"""peelic @ vOeqrOXpLT"" calls 20",2026-09-03T00:51:09.684Z,178839666968400
"""Stevo @ kI2bCqDOyl"" posts a big blind of 20",2026-09-03T00:51:08.350Z,178839666835008
"""Jonah @ xrBY5OZYCv"" posts a small blind of 10",2026-09-03T00:51:08.350Z,178839666835007
"Your hand is A♠, 7♠",2026-09-03T00:51:08.350Z,178839666835003
"Player stacks: #2 ""Jonah @ xrBY5OZYCv"" (720) | #3 ""Stevo @ kI2bCqDOyl"" (1100) | #4 ""peelic @ vOeqrOXpLT"" (1130) | #7 ""Spenny @ S8ENkJ8OQS"" (815) | #10 ""arash @ RYnRljE1SO"" (1235)",2026-09-03T00:51:08.350Z,178839666835001
"-- starting hand #15 (id: 75v9u4yrmoib)  No Limit Texas Hold'em (dealer: ""arash @ RYnRljE1SO"") --",2026-09-03T00:51:08.350Z,178839666835000
"Undealt cards: 3♥, A♦, 10♦ [5♦, K♣]",2026-09-03T00:51:04.083Z,178839666408300
"-- ending hand #14 --",2026-09-03T00:51:02.442Z,178839666244202
"""peelic @ vOeqrOXpLT"" collected 60 from pot",2026-09-03T00:51:02.442Z,178839666244201
"Uncalled bet of 70 returned to ""peelic @ vOeqrOXpLT""",2026-09-03T00:51:02.442Z,178839666244200
"""Jonah @ xrBY5OZYCv"" folds",2026-09-03T00:51:01.574Z,178839666157400
"""arash @ RYnRljE1SO"" folds",2026-09-03T00:51:00.681Z,178839666068100
"""peelic @ vOeqrOXpLT"" bets 70",2026-09-03T00:50:57.922Z,178839665792200
"""Jonah @ xrBY5OZYCv"" checks",2026-09-03T00:50:50.644Z,178839665064400
"""arash @ RYnRljE1SO"" checks",2026-09-03T00:50:49.698Z,178839664969800
"Flop:  [3♥, A♦, 10♦]",2026-09-03T00:50:46.982Z,178839664698200
"""Jonah @ xrBY5OZYCv"" checks",2026-09-03T00:50:46.108Z,178839664610800
"""arash @ RYnRljE1SO"" calls 20",2026-09-03T00:50:45.216Z,178839664521600
"""Spenny @ S8ENkJ8OQS"" folds",2026-09-03T00:50:44.262Z,178839664426200
"""peelic @ vOeqrOXpLT"" calls 20",2026-09-03T00:50:43.289Z,178839664328900
"""Stevo @ kI2bCqDOyl"" folds",2026-09-03T00:50:42.423Z,178839664242300
"""Jonah @ xrBY5OZYCv"" posts a big blind of 20",2026-09-03T00:50:40.781Z,178839664078108
"""arash @ RYnRljE1SO"" posts a small blind of 10",2026-09-03T00:50:40.781Z,178839664078107
"Your hand is 6♦, 9♣",2026-09-03T00:50:40.781Z,178839664078103
"Player stacks: #2 ""Jonah @ xrBY5OZYCv"" (740) | #3 ""Stevo @ kI2bCqDOyl"" (1100) | #4 ""peelic @ vOeqrOXpLT"" (1090) | #7 ""Spenny @ S8ENkJ8OQS"" (815) | #10 ""arash @ RYnRljE1SO"" (1255)",2026-09-03T00:50:40.781Z,178839664078101
"-- starting hand #14 (id: acw2jmqj10hr)  No Limit Texas Hold'em (dealer: ""Spenny @ S8ENkJ8OQS"") --",2026-09-03T00:50:40.781Z,178839664078100
"-- ending hand #13 --",2026-09-03T00:50:37.823Z,178839663782302
"""Stevo @ kI2bCqDOyl"" collected 140 from pot",2026-09-03T00:50:37.823Z,178839663782301
"Uncalled bet of 20 returned to ""Stevo @ kI2bCqDOyl""",2026-09-03T00:50:37.823Z,178839663782300
"""Spenny @ S8ENkJ8OQS"" folds",2026-09-03T00:50:37.008Z,178839663700800
"""Stevo @ kI2bCqDOyl"" bets 20",2026-09-03T00:50:27.226Z,178839662722600
"""Spenny @ S8ENkJ8OQS"" checks",2026-09-03T00:50:19.942Z,178839661994200
"River: J♠, 10♣, 3♠, J♦ [4♥]",2026-09-03T00:50:18.374Z,178839661837400
"""Jonah @ xrBY5OZYCv"" folds",2026-09-03T00:50:17.522Z,178839661752200
"""arash @ RYnRljE1SO"" folds",2026-09-03T00:50:16.625Z,178839661662500
"""Spenny @ S8ENkJ8OQS"" calls 20",2026-09-03T00:50:12.042Z,178839661204200
"""peelic @ vOeqrOXpLT"" folds",2026-09-03T00:50:06.150Z,178839660615000
"""Stevo @ kI2bCqDOyl"" bets 20",2026-09-03T00:49:58.644Z,178839659864400
"""Jonah @ xrBY5OZYCv"" checks",2026-09-03T00:49:57.396Z,178839659739600
"""arash @ RYnRljE1SO"" checks",2026-09-03T00:49:56.448Z,178839659644800
"""Spenny @ S8ENkJ8OQS"" checks",2026-09-03T00:49:54.089Z,178839659408900
"Turn: J♠, 10♣, 3♠ [J♦]",2026-09-03T00:49:49.687Z,178839658968700
"""peelic @ vOeqrOXpLT"" checks",2026-09-03T00:49:48.837Z,178839658883700
"""Stevo @ kI2bCqDOyl"" checks",2026-09-03T00:49:47.939Z,178839658793900
"""Jonah @ xrBY5OZYCv"" checks",2026-09-03T00:49:46.939Z,178839658693900
"""arash @ RYnRljE1SO"" checks",2026-09-03T00:49:45.999Z,178839658599900
"""Spenny @ S8ENkJ8OQS"" checks",2026-09-03T00:49:45.054Z,178839658505400
"Flop:  [J♠, 10♣, 3♠]",2026-09-03T00:49:37.281Z,178839657728100
"""arash @ RYnRljE1SO"" checks",2026-09-03T00:49:36.400Z,178839657640000
"""Spenny @ S8ENkJ8OQS"" calls 20",2026-09-03T00:49:35.456Z,178839657545600
"""peelic @ vOeqrOXpLT"" calls 20",2026-09-03T00:49:34.548Z,178839657454800
"""Stevo @ kI2bCqDOyl"" calls 20",2026-09-03T00:49:33.711Z,178839657371100
"""Jonah @ xrBY5OZYCv"" calls 20",2026-09-03T00:49:25.363Z,178839656536300
"""arash @ RYnRljE1SO"" posts a big blind of 20",2026-09-03T00:49:24.374Z,178839656437408
"""Spenny @ S8ENkJ8OQS"" posts a small blind of 10",2026-09-03T00:49:24.374Z,178839656437407
"Your hand is 7♣, 7♦",2026-09-03T00:49:24.374Z,178839656437403
"Player stacks: #2 ""Jonah @ xrBY5OZYCv"" (760) | #3 ""Stevo @ kI2bCqDOyl"" (1000) | #4 ""peelic @ vOeqrOXpLT"" (1110) | #7 ""Spenny @ S8ENkJ8OQS"" (855) | #10 ""arash @ RYnRljE1SO"" (1275)",2026-09-03T00:49:24.374Z,178839656437401
"-- starting hand #13 (id: bvn26pc0xxor)  No Limit Texas Hold'em (dealer: ""peelic @ vOeqrOXpLT"") --",2026-09-03T00:49:24.374Z,178839656437400
"-- ending hand #12 --",2026-09-03T00:49:18.464Z,178839655846402
"""peelic @ vOeqrOXpLT"" collected 100 from pot",2026-09-03T00:49:18.464Z,178839655846401
"Uncalled bet of 50 returned to ""peelic @ vOeqrOXpLT""",2026-09-03T00:49:18.464Z,178839655846400
"""Stevo @ kI2bCqDOyl"" folds",2026-09-03T00:49:17.610Z,178839655761000
"""Jonah @ xrBY5OZYCv"" folds",2026-09-03T00:49:16.600Z,178839655660000
"""arash @ RYnRljE1SO"" folds",2026-09-03T00:49:15.683Z,178839655568300
"""Spenny @ S8ENkJ8OQS"" folds",2026-09-03T00:49:11.184Z,178839655118400
"""peelic @ vOeqrOXpLT"" bets 50",2026-09-03T00:49:03.276Z,178839654327600
"Flop:  [Q♦, A♣, A♠]",2026-09-03T00:48:57.737Z,178839653773700
"""Spenny @ S8ENkJ8OQS"" checks",2026-09-03T00:48:56.867Z,178839653686700
"""peelic @ vOeqrOXpLT"" calls 20",2026-09-03T00:48:55.947Z,178839653594700
"""Stevo @ kI2bCqDOyl"" calls 20",2026-09-03T00:48:54.479Z,178839653447900
"""Jonah @ xrBY5OZYCv"" calls 20",2026-09-03T00:48:53.160Z,178839653316000
"""arash @ RYnRljE1SO"" calls 20",2026-09-03T00:48:52.233Z,178839653223300
"""Spenny @ S8ENkJ8OQS"" posts a big blind of 20",2026-09-03T00:48:50.387Z,178839653038708
"""peelic @ vOeqrOXpLT"" posts a small blind of 10",2026-09-03T00:48:50.387Z,178839653038707
"Your hand is J♣, 9♦",2026-09-03T00:48:50.387Z,178839653038703
"Player stacks: #2 ""Jonah @ xrBY5OZYCv"" (780) | #3 ""Stevo @ kI2bCqDOyl"" (1020) | #4 ""peelic @ vOeqrOXpLT"" (1030) | #7 ""Spenny @ S8ENkJ8OQS"" (875) | #10 ""arash @ RYnRljE1SO"" (1295)",2026-09-03T00:48:50.387Z,178839653038701
"-- starting hand #12 (id: kemv8zrhhftb)  No Limit Texas Hold'em (dealer: ""Stevo @ kI2bCqDOyl"") --",2026-09-03T00:48:50.387Z,178839653038700
"-- ending hand #11 --",2026-09-03T00:48:44.357Z,178839652435704
"""Jonah @ xrBY5OZYCv"" collected 90 from pot with A High (combination: 7♥, 9♠, Q♠, K♣, A♦)",2026-09-03T00:48:44.357Z,178839652435703
"""Jonah @ xrBY5OZYCv"" shows a K♣, 2♣.",2026-09-03T00:48:44.357Z,178839652435702
"""Spenny @ S8ENkJ8OQS"" shows a 10♣, 8♠.",2026-09-03T00:48:44.357Z,178839652435701
"""peelic @ vOeqrOXpLT"" shows a 3♠, 8♦.",2026-09-03T00:48:44.357Z,178839652435700
"""Jonah @ xrBY5OZYCv"" checks",2026-09-03T00:48:43.539Z,178839652353900
"""arash @ RYnRljE1SO"" checks",2026-09-03T00:48:42.674Z,178839652267400
"""Spenny @ S8ENkJ8OQS"" checks",2026-09-03T00:48:39.623Z,178839651962300
"""peelic @ vOeqrOXpLT"" checks",2026-09-03T00:48:34.487Z,178839651448700
"River: A♦, 7♥, Q♠, 4♠ [9♠]",2026-09-03T00:48:28.264Z,178839650826400
"""Jonah @ xrBY5OZYCv"" checks",2026-09-03T00:48:27.399Z,178839650739900
"""arash @ RYnRljE1SO"" checks",2026-09-03T00:48:26.489Z,178839650648900
"""Spenny @ S8ENkJ8OQS"" checks",2026-09-03T00:48:25.552Z,178839650555200
"""peelic @ vOeqrOXpLT"" checks",2026-09-03T00:48:21.363Z,178839650136300
"Turn: A♦, 7♥, Q♠ [4♠]",2026-09-03T00:48:15.338Z,178839649533800
"""Jonah @ xrBY5OZYCv"" checks",2026-09-03T00:48:14.513Z,178839649451300
"""arash @ RYnRljE1SO"" checks",2026-09-03T00:48:13.567Z,178839649356700
"""Spenny @ S8ENkJ8OQS"" checks",2026-09-03T00:48:12.611Z,178839649261100
"""peelic @ vOeqrOXpLT"" checks",2026-09-03T00:48:08.092Z,178839648809200
"Flop:  [A♦, 7♥, Q♠]",2026-09-03T00:48:06.019Z,178839648601900
"""peelic @ vOeqrOXpLT"" checks",2026-09-03T00:48:05.170Z,178839648517000
"""Stevo @ kI2bCqDOyl"" folds",2026-09-03T00:48:00.356Z,178839648035600
"""Jonah @ xrBY5OZYCv"" calls 20",2026-09-03T00:47:59.361Z,178839647936100
"""arash @ RYnRljE1SO"" calls 20",2026-09-03T00:47:58.488Z,178839647848800
"""Spenny @ S8ENkJ8OQS"" calls 20",2026-09-03T00:47:57.550Z,178839647755000
"""peelic @ vOeqrOXpLT"" posts a big blind of 20",2026-09-03T00:47:52.478Z,178839647247808
"""Stevo @ kI2bCqDOyl"" posts a small blind of 10",2026-09-03T00:47:52.478Z,178839647247807
"Your hand is 6♦, 9♥",2026-09-03T00:47:52.478Z,178839647247803
"Player stacks: #2 ""Jonah @ xrBY5OZYCv"" (710) | #3 ""Stevo @ kI2bCqDOyl"" (1030) | #4 ""peelic @ vOeqrOXpLT"" (1050) | #7 ""Spenny @ S8ENkJ8OQS"" (895) | #10 ""arash @ RYnRljE1SO"" (1315)",2026-09-03T00:47:52.478Z,178839647247801
"-- starting hand #11 (id: ytabsgisnboz)  No Limit Texas Hold'em (dealer: ""Jonah @ xrBY5OZYCv"") --",2026-09-03T00:47:52.478Z,178839647247800
"-- ending hand #10 --",2026-09-03T00:47:46.458Z,178839646645802
"""arash @ RYnRljE1SO"" collected 380 from pot with Straight, 5 High (combination: A♦, 2♣, 3♥, 4♣, 5♥)",2026-09-03T00:47:46.458Z,178839646645801
"""arash @ RYnRljE1SO"" shows a K♣, 5♥.",2026-09-03T00:47:46.458Z,178839646645800
"""Jonah @ xrBY5OZYCv"" calls 150",2026-09-03T00:47:45.582Z,178839646558200
"""arash @ RYnRljE1SO"" raises to 150",2026-09-03T00:47:39.903Z,178839645990300
"""peelic @ vOeqrOXpLT"" folds",2026-09-03T00:47:36.475Z,178839645647500
"""Stevo @ kI2bCqDOyl"" folds",2026-09-03T00:47:33.487Z,178839645348700
"""Jonah @ xrBY5OZYCv"" bets 60",2026-09-03T00:47:32.516Z,178839645251600
"River: A♦, 4♣, 2♣, 3♥ [10♥]",2026-09-03T00:47:29.358Z,178839644935800
"""arash @ RYnRljE1SO"" checks",2026-09-03T00:47:28.458Z,178839644845800
"""peelic @ vOeqrOXpLT"" checks",2026-09-03T00:47:20.305Z,178839644030500
"""Stevo @ kI2bCqDOyl"" checks",2026-09-03T00:47:18.737Z,178839643873700
"""Jonah @ xrBY5OZYCv"" checks",2026-09-03T00:47:16.768Z,178839643676800
"Turn: A♦, 4♣, 2♣ [3♥]",2026-09-03T00:47:14.939Z,178839643493900
"""arash @ RYnRljE1SO"" checks",2026-09-03T00:47:14.085Z,178839643408500
"""peelic @ vOeqrOXpLT"" checks",2026-09-03T00:47:07.556Z,178839642755600
"""Stevo @ kI2bCqDOyl"" checks",2026-09-03T00:47:05.826Z,178839642582600
"""Jonah @ xrBY5OZYCv"" checks",2026-09-03T00:47:04.867Z,178839642486700
"Flop:  [A♦, 4♣, 2♣]",2026-09-03T00:47:01.577Z,178839642157700
"""Stevo @ kI2bCqDOyl"" checks",2026-09-03T00:47:00.680Z,178839642068000
"""Jonah @ xrBY5OZYCv"" calls 20",2026-09-03T00:46:59.633Z,178839641963300
"""arash @ RYnRljE1SO"" calls 20",2026-09-03T00:46:58.361Z,178839641836100
"""Spenny @ S8ENkJ8OQS"" folds",2026-09-03T00:46:56.082Z,178839641608200
"""peelic @ vOeqrOXpLT"" calls 20",2026-09-03T00:46:51.228Z,178839641122800
"""Stevo @ kI2bCqDOyl"" posts a big blind of 20",2026-09-03T00:46:49.746Z,178839640974608
"""Jonah @ xrBY5OZYCv"" posts a small blind of 10",2026-09-03T00:46:49.746Z,178839640974607
"Your hand is J♠, 3♣",2026-09-03T00:46:49.746Z,178839640974603
"Player stacks: #2 ""Jonah @ xrBY5OZYCv"" (880) | #3 ""Stevo @ kI2bCqDOyl"" (1050) | #4 ""peelic @ vOeqrOXpLT"" (1070) | #7 ""Spenny @ S8ENkJ8OQS"" (895) | #10 ""arash @ RYnRljE1SO"" (1105)",2026-09-03T00:46:49.746Z,178839640974601
"-- starting hand #10 (id: alkhty7vqard)  No Limit Texas Hold'em (dealer: ""arash @ RYnRljE1SO"") --",2026-09-03T00:46:49.746Z,178839640974600
"""Stevo @ kI2bCqDOyl"" shows a K♦, K♠.",2026-09-03T00:46:44.951Z,178839640495100
"-- ending hand #9 --",2026-09-03T00:46:43.147Z,178839640314704
"""arash @ RYnRljE1SO"" collected 315 from pot with Straight, J High (combination: 7♣, 8♠, 9♣, 10♠, J♦)",2026-09-03T00:46:43.147Z,178839640314703
"""Spenny @ S8ENkJ8OQS"" collected 315 from pot with Straight, J High (combination: 7♣, 8♠, 9♣, 10♥, J♦)",2026-09-03T00:46:43.147Z,178839640314702
"""Spenny @ S8ENkJ8OQS"" shows a 10♥, A♠.",2026-09-03T00:46:43.147Z,178839640314701
"""arash @ RYnRljE1SO"" shows a 10♠, 3♦.",2026-09-03T00:46:43.147Z,178839640314700
"""Spenny @ S8ENkJ8OQS"" calls 120",2026-09-03T00:46:42.206Z,178839640220600
"""Stevo @ kI2bCqDOyl"" folds",2026-09-03T00:46:36.570Z,178839639657000
"""arash @ RYnRljE1SO"" raises to 120",2026-09-03T00:46:35.471Z,178839639547100
"""Spenny @ S8ENkJ8OQS"" calls 50",2026-09-03T00:46:32.223Z,178839639222300
"""peelic @ vOeqrOXpLT"" folds",2026-09-03T00:46:31.259Z,178839639125900
"""Stevo @ kI2bCqDOyl"" bets 50",2026-09-03T00:46:22.285Z,178839638228500
"""arash @ RYnRljE1SO"" checks",2026-09-03T00:46:19.511Z,178839637951100
"River: 8♠, J♦, 3♠, 9♣ [7♣]",2026-09-03T00:46:16.092Z,178839637609200
"""arash @ RYnRljE1SO"" calls 40",2026-09-03T00:46:15.203Z,178839637520300
"""Spenny @ S8ENkJ8OQS"" calls 40",2026-09-03T00:46:14.165Z,178839637416500
"""peelic @ vOeqrOXpLT"" calls 40",2026-09-03T00:46:06.330Z,178839636633000
"""Stevo @ kI2bCqDOyl"" bets 40",2026-09-03T00:46:02.767Z,178839636276700
"""arash @ RYnRljE1SO"" checks",2026-09-03T00:45:59.295Z,178839635929500
"Turn: 8♠, J♦, 3♠ [9♣]",2026-09-03T00:45:51.483Z,178839635148300
"""Jonah @ xrBY5OZYCv"" folds",2026-09-03T00:45:50.655Z,178839635065500
"""arash @ RYnRljE1SO"" calls 20",2026-09-03T00:45:49.688Z,178839634968800
"""Spenny @ S8ENkJ8OQS"" calls 20",2026-09-03T00:45:44.309Z,178839634430900
"""peelic @ vOeqrOXpLT"" calls 20",2026-09-03T00:45:38.156Z,178839633815600
"""Stevo @ kI2bCqDOyl"" bets 20",2026-09-03T00:45:34.940Z,178839633494000
"""Jonah @ xrBY5OZYCv"" checks",2026-09-03T00:45:31.535Z,178839633153500
"""arash @ RYnRljE1SO"" checks",2026-09-03T00:45:30.644Z,178839633064400
"Flop:  [8♠, J♦, 3♠]",2026-09-03T00:45:21.112Z,178839632111200
"""Jonah @ xrBY5OZYCv"" checks",2026-09-03T00:45:20.270Z,178839632027000
"""arash @ RYnRljE1SO"" calls 20",2026-09-03T00:45:19.401Z,178839631940100
"""Spenny @ S8ENkJ8OQS"" calls 20",2026-09-03T00:45:12.273Z,178839631227300
"""peelic @ vOeqrOXpLT"" calls 20",2026-09-03T00:45:11.335Z,178839631133500
"""Stevo @ kI2bCqDOyl"" calls 20",2026-09-03T00:45:09.462Z,178839630946200
"""Jonah @ xrBY5OZYCv"" posts a big blind of 20",2026-09-03T00:45:08.013Z,178839630801308
"""arash @ RYnRljE1SO"" posts a small blind of 10",2026-09-03T00:45:08.013Z,178839630801307
"Your hand is K♦, K♠",2026-09-03T00:45:08.013Z,178839630801303
"Player stacks: #2 ""Jonah @ xrBY5OZYCv"" (900) | #3 ""Stevo @ kI2bCqDOyl"" (1180) | #4 ""peelic @ vOeqrOXpLT"" (1150) | #7 ""Spenny @ S8ENkJ8OQS"" (780) | #10 ""arash @ RYnRljE1SO"" (990)",2026-09-03T00:45:08.013Z,178839630801301
"-- starting hand #9 (id: mwxogkdvqese)  No Limit Texas Hold'em (dealer: ""Spenny @ S8ENkJ8OQS"") --",2026-09-03T00:45:08.013Z,178839630801300
"""Spenny @ S8ENkJ8OQS"" shows a 10♥, 5♠.",2026-09-03T00:45:03.120Z,178839630312000
"-- ending hand #8 --",2026-09-03T00:45:01.490Z,178839630149002
"""arash @ RYnRljE1SO"" collected 180 from pot with Straight, 9 High (combination: 5♣, 6♥, 7♦, 8♣, 9♣)",2026-09-03T00:45:01.490Z,178839630149001
"""arash @ RYnRljE1SO"" shows a 8♣, 9♣.",2026-09-03T00:45:01.490Z,178839630149000
"""Spenny @ S8ENkJ8OQS"" calls 60",2026-09-03T00:45:00.584Z,178839630058400
"""Jonah @ xrBY5OZYCv"" folds",2026-09-03T00:44:50.639Z,178839629063900
"""arash @ RYnRljE1SO"" bets 60",2026-09-03T00:44:46.128Z,178839628612800
"""Spenny @ S8ENkJ8OQS"" checks",2026-09-03T00:44:42.431Z,178839628243100
"River: A♠, 6♣, 6♥, 7♦ [5♣]",2026-09-03T00:44:38.858Z,178839627885800
"""Jonah @ xrBY5OZYCv"" checks",2026-09-03T00:44:38.004Z,178839627800400
"""arash @ RYnRljE1SO"" checks",2026-09-03T00:44:37.060Z,178839627706000
"""Spenny @ S8ENkJ8OQS"" checks",2026-09-03T00:44:26.188Z,178839626618800
"Turn: A♠, 6♣, 6♥ [7♦]",2026-09-03T00:44:20.453Z,178839626045300
"""Jonah @ xrBY5OZYCv"" checks",2026-09-03T00:44:19.636Z,178839625963600
"""arash @ RYnRljE1SO"" checks",2026-09-03T00:44:18.739Z,178839625873900
"""Spenny @ S8ENkJ8OQS"" checks",2026-09-03T00:44:13.565Z,178839625356500
"Flop:  [A♠, 6♣, 6♥]",2026-09-03T00:44:09.697Z,178839624969700
"""arash @ RYnRljE1SO"" checks",2026-09-03T00:44:08.895Z,178839624889500
"""Spenny @ S8ENkJ8OQS"" calls 20",2026-09-03T00:44:07.975Z,178839624797500
"""peelic @ vOeqrOXpLT"" folds",2026-09-03T00:44:07.019Z,178839624701900
"""Stevo @ kI2bCqDOyl"" folds",2026-09-03T00:44:06.132Z,178839624613200
"""Jonah @ xrBY5OZYCv"" calls 20",2026-09-03T00:44:02.805Z,178839624280500
"""arash @ RYnRljE1SO"" posts a big blind of 20",2026-09-03T00:43:59.489Z,178839623948908
"""Spenny @ S8ENkJ8OQS"" posts a small blind of 10",2026-09-03T00:43:59.489Z,178839623948907
"Your hand is 10♠, 5♥",2026-09-03T00:43:59.489Z,178839623948903
"Player stacks: #2 ""Jonah @ xrBY5OZYCv"" (920) | #3 ""Stevo @ kI2bCqDOyl"" (1180) | #4 ""peelic @ vOeqrOXpLT"" (1150) | #7 ""Spenny @ S8ENkJ8OQS"" (860) | #10 ""arash @ RYnRljE1SO"" (890)",2026-09-03T00:43:59.489Z,178839623948901
"-- starting hand #8 (id: 4cjc5suemrvl)  No Limit Texas Hold'em (dealer: ""peelic @ vOeqrOXpLT"") --",2026-09-03T00:43:59.489Z,178839623948900
"""Spenny @ S8ENkJ8OQS"" shows a 10♠.",2026-09-03T00:43:55.663Z,178839623566300
"""Spenny @ S8ENkJ8OQS"" shows a 7♠.",2026-09-03T00:43:55.032Z,178839623503200
"-- ending hand #7 --",2026-09-03T00:43:52.976Z,178839623297602
"""peelic @ vOeqrOXpLT"" collected 280 from pot with Pair, 10's (combination: 9♦, J♣, A♥, 10♥, 10♣)",2026-09-03T00:43:52.976Z,178839623297601
"""peelic @ vOeqrOXpLT"" shows a 10♥, 10♣.",2026-09-03T00:43:52.976Z,178839623297600
"""Spenny @ S8ENkJ8OQS"" calls 60",2026-09-03T00:43:52.146Z,178839623214600
"""peelic @ vOeqrOXpLT"" bets 60",2026-09-03T00:43:46.177Z,178839622617700
"River: 9♦, J♣, 7♦, A♥ [3♦]",2026-09-03T00:43:37.275Z,178839621727500
"""peelic @ vOeqrOXpLT"" calls 20",2026-09-03T00:43:36.391Z,178839621639100
"""Spenny @ S8ENkJ8OQS"" bets 20",2026-09-03T00:43:31.769Z,178839621176900
"""peelic @ vOeqrOXpLT"" checks",2026-09-03T00:43:23.753Z,178839620375300
"Turn: 9♦, J♣, 7♦ [A♥]",2026-09-03T00:43:15.227Z,178839619522700
"""peelic @ vOeqrOXpLT"" calls 20",2026-09-03T00:43:14.418Z,178839619441800
"""Jonah @ xrBY5OZYCv"" folds",2026-09-03T00:43:06.594Z,178839618659400
"""arash @ RYnRljE1SO"" folds",2026-09-03T00:43:05.681Z,178839618568100
"""Spenny @ S8ENkJ8OQS"" bets 20",2026-09-03T00:42:56.046Z,178839617604600
"""peelic @ vOeqrOXpLT"" checks",2026-09-03T00:42:49.287Z,178839616928700
"Flop:  [9♦, J♣, 7♦]",2026-09-03T00:42:44.717Z,178839616471700
"""Spenny @ S8ENkJ8OQS"" checks",2026-09-03T00:42:43.885Z,178839616388500
"""peelic @ vOeqrOXpLT"" calls 20",2026-09-03T00:42:42.961Z,178839616296100
"""Stevo @ kI2bCqDOyl"" folds",2026-09-03T00:42:32.645Z,178839615264500
"""Jonah @ xrBY5OZYCv"" calls 20",2026-09-03T00:42:29.024Z,178839614902400
"""arash @ RYnRljE1SO"" calls 20",2026-09-03T00:42:28.140Z,178839614814000
"""Spenny @ S8ENkJ8OQS"" posts a big blind of 20",2026-09-03T00:42:26.705Z,178839614670508
"""peelic @ vOeqrOXpLT"" posts a small blind of 10",2026-09-03T00:42:26.705Z,178839614670507
"Your hand is 8♥, 2♦",2026-09-03T00:42:26.705Z,178839614670503
"Player stacks: #2 ""Jonah @ xrBY5OZYCv"" (940) | #3 ""Stevo @ kI2bCqDOyl"" (1180) | #4 ""peelic @ vOeqrOXpLT"" (990) | #7 ""Spenny @ S8ENkJ8OQS"" (980) | #10 ""arash @ RYnRljE1SO"" (910)",2026-09-03T00:42:26.705Z,178839614670501
"-- starting hand #7 (id: x7h09f8fso6m)  No Limit Texas Hold'em (dealer: ""Stevo @ kI2bCqDOyl"") --",2026-09-03T00:42:26.705Z,178839614670500
"""Stevo @ kI2bCqDOyl"" shows a Q♥, 6♥.",2026-09-03T00:42:24.942Z,178839614494200
"-- ending hand #6 --",2026-09-03T00:42:23.099Z,178839614309902
"""Stevo @ kI2bCqDOyl"" collected 260 from pot",2026-09-03T00:42:23.099Z,178839614309901
"Uncalled bet of 120 returned to ""Stevo @ kI2bCqDOyl""",2026-09-03T00:42:23.099Z,178839614309900
"""arash @ RYnRljE1SO"" folds",2026-09-03T00:42:22.216Z,178839614221600
"""Stevo @ kI2bCqDOyl"" bets 120",2026-09-03T00:42:17.047Z,178839613704700
"River: 2♥, 10♣, Q♠, 4♥ [7♥]",2026-09-03T00:42:13.556Z,178839613355600
"""arash @ RYnRljE1SO"" calls 50",2026-09-03T00:42:12.725Z,178839613272500
"""Spenny @ S8ENkJ8OQS"" folds",2026-09-03T00:42:10.505Z,178839613050500
"""peelic @ vOeqrOXpLT"" folds",2026-09-03T00:41:59.647Z,178839611964700
"""Stevo @ kI2bCqDOyl"" bets 50",2026-09-03T00:41:52.564Z,178839611256400
"Turn: 2♥, 10♣, Q♠ [4♥]",2026-09-03T00:41:48.948Z,178839610894800
"""arash @ RYnRljE1SO"" calls 20",2026-09-03T00:41:48.132Z,178839610813200
"""Spenny @ S8ENkJ8OQS"" calls 20",2026-09-03T00:41:44.721Z,178839610472100
"""peelic @ vOeqrOXpLT"" calls 20",2026-09-03T00:41:38.318Z,178839609831800
"""Stevo @ kI2bCqDOyl"" bets 20",2026-09-03T00:41:32.761Z,178839609276100
"Flop:  [2♥, 10♣, Q♠]",2026-09-03T00:41:25.242Z,178839608524200
"""peelic @ vOeqrOXpLT"" checks",2026-09-03T00:41:24.372Z,178839608437200
"""Stevo @ kI2bCqDOyl"" calls 20",2026-09-03T00:41:15.694Z,178839607569400
"""Jonah @ xrBY5OZYCv"" folds",2026-09-03T00:41:13.147Z,178839607314700
"""arash @ RYnRljE1SO"" calls 20",2026-09-03T00:41:12.266Z,178839607226600
"""Spenny @ S8ENkJ8OQS"" calls 20",2026-09-03T00:41:10.596Z,178839607059600
"""peelic @ vOeqrOXpLT"" posts a big blind of 20",2026-09-03T00:41:08.489Z,178839606848908
"""Stevo @ kI2bCqDOyl"" posts a small blind of 10",2026-09-03T00:41:08.489Z,178839606848907
"Your hand is Q♥, 6♥",2026-09-03T00:41:08.489Z,178839606848903
"Player stacks: #2 ""Jonah @ xrBY5OZYCv"" (940) | #3 ""Stevo @ kI2bCqDOyl"" (1010) | #4 ""peelic @ vOeqrOXpLT"" (1030) | #7 ""Spenny @ S8ENkJ8OQS"" (1020) | #10 ""arash @ RYnRljE1SO"" (1000)",2026-09-03T00:41:08.489Z,178839606848901
"-- starting hand #6 (id: 5rqspu7nkryb)  No Limit Texas Hold'em (dealer: ""Jonah @ xrBY5OZYCv"") --",2026-09-03T00:41:08.489Z,178839606848900
"-- ending hand #5 --",2026-09-03T00:41:02.450Z,178839606245003
"""Stevo @ kI2bCqDOyl"" collected 80 from pot with Two Pair, 10's & 2's (combination: J♥, 2♠, 2♥, 10♠, 10♣)",2026-09-03T00:41:02.450Z,178839606245002
"""Stevo @ kI2bCqDOyl"" shows a 10♠, 7♠.",2026-09-03T00:41:02.450Z,178839606245001
"""Jonah @ xrBY5OZYCv"" shows a Q♣, 4♠.",2026-09-03T00:41:02.450Z,178839606245000
"""arash @ RYnRljE1SO"" checks",2026-09-03T00:41:01.607Z,178839606160700
"""Spenny @ S8ENkJ8OQS"" checks",2026-09-03T00:40:59.748Z,178839605974800
"""Stevo @ kI2bCqDOyl"" checks",2026-09-03T00:40:58.803Z,178839605880300
"""Jonah @ xrBY5OZYCv"" checks",2026-09-03T00:40:55.710Z,178839605571000
"River: 2♠, 2♥, 9♣, J♥ [10♣]",2026-09-03T00:40:53.554Z,178839605355400
"""arash @ RYnRljE1SO"" checks",2026-09-03T00:40:52.666Z,178839605266600
"""Spenny @ S8ENkJ8OQS"" checks",2026-09-03T00:40:47.522Z,178839604752200
"""Stevo @ kI2bCqDOyl"" checks",2026-09-03T00:40:45.326Z,178839604532600
"""Jonah @ xrBY5OZYCv"" checks",2026-09-03T00:40:43.576Z,178839604357600
"Turn: 2♠, 2♥, 9♣ [J♥]",2026-09-03T00:40:42.052Z,178839604205200
"""arash @ RYnRljE1SO"" checks",2026-09-03T00:40:41.192Z,178839604119200
"""Spenny @ S8ENkJ8OQS"" checks",2026-09-03T00:40:39.024Z,178839603902400
"""Stevo @ kI2bCqDOyl"" checks",2026-09-03T00:40:38.074Z,178839603807400
"""Jonah @ xrBY5OZYCv"" checks",2026-09-03T00:40:37.058Z,178839603705800
"Flop:  [2♠, 2♥, 9♣]",2026-09-03T00:40:32.647Z,178839603264700
"""Stevo @ kI2bCqDOyl"" checks",2026-09-03T00:40:31.842Z,178839603184200
"""Jonah @ xrBY5OZYCv"" calls 20",2026-09-03T00:40:29.426Z,178839602942600
"""arash @ RYnRljE1SO"" calls 20",2026-09-03T00:40:28.559Z,178839602855900
"""Spenny @ S8ENkJ8OQS"" calls 20",2026-09-03T00:40:27.597Z,178839602759700
"""peelic @ vOeqrOXpLT"" folds",2026-09-03T00:40:26.660Z,178839602666000
"""Stevo @ kI2bCqDOyl"" posts a big blind of 20",2026-09-03T00:40:20.518Z,178839602051808
"""Jonah @ xrBY5OZYCv"" posts a small blind of 10",2026-09-03T00:40:20.518Z,178839602051807
"Your hand is 10♠, 7♠",2026-09-03T00:40:20.518Z,178839602051803
"Player stacks: #2 ""Jonah @ xrBY5OZYCv"" (960) | #3 ""Stevo @ kI2bCqDOyl"" (950) | #4 ""peelic @ vOeqrOXpLT"" (1030) | #7 ""Spenny @ S8ENkJ8OQS"" (1040) | #10 ""arash @ RYnRljE1SO"" (1020)",2026-09-03T00:40:20.518Z,178839602051801
"-- starting hand #5 (id: k6jowk1nxmcl)  No Limit Texas Hold'em (dealer: ""arash @ RYnRljE1SO"") --",2026-09-03T00:40:20.518Z,178839602051800
"""Spenny @ S8ENkJ8OQS"" shows a 8♣, 2♥.",2026-09-03T00:40:14.888Z,178839601488800
"-- ending hand #4 --",2026-09-03T00:40:13.949Z,178839601394908
"""arash @ RYnRljE1SO"" collected 20 from pot with Two Pair, K's & 8's (combination: A♣, 8♠, 8♥, K♣, K♥)",2026-09-03T00:40:13.949Z,178839601394907
"""peelic @ vOeqrOXpLT"" collected 20 from pot with Two Pair, K's & 8's (combination: A♣, 8♠, 8♥, K♣, K♥)",2026-09-03T00:40:13.949Z,178839601394906
"""Stevo @ kI2bCqDOyl"" collected 20 from pot with Two Pair, K's & 8's (combination: A♣, 8♠, 8♥, K♣, K♥)",2026-09-03T00:40:13.949Z,178839601394905
"""Jonah @ xrBY5OZYCv"" collected 20 from pot with Two Pair, K's & 8's (combination: A♣, 8♠, 8♥, K♣, K♥)",2026-09-03T00:40:13.949Z,178839601394904
"""peelic @ vOeqrOXpLT"" shows a 4♣, Q♥.",2026-09-03T00:40:13.949Z,178839601394903
"""Stevo @ kI2bCqDOyl"" shows a J♠, 10♣.",2026-09-03T00:40:13.949Z,178839601394902
"""Jonah @ xrBY5OZYCv"" shows a 6♣, 3♦.",2026-09-03T00:40:13.949Z,178839601394901
"""arash @ RYnRljE1SO"" shows a Q♦, J♥.",2026-09-03T00:40:13.949Z,178839601394900
"""peelic @ vOeqrOXpLT"" checks",2026-09-03T00:40:13.140Z,178839601314000
"""Stevo @ kI2bCqDOyl"" checks",2026-09-03T00:40:12.238Z,178839601223800
"""Jonah @ xrBY5OZYCv"" checks",2026-09-03T00:40:11.251Z,178839601125100
"""arash @ RYnRljE1SO"" checks",2026-09-03T00:40:08.908Z,178839600890800
"River: 8♠, K♣, 8♥, A♣ [K♥]",2026-09-03T00:40:00.248Z,178839600024800
"""peelic @ vOeqrOXpLT"" checks",2026-09-03T00:39:59.417Z,178839599941700
"""Stevo @ kI2bCqDOyl"" checks",2026-09-03T00:39:58.506Z,178839599850600
"""Jonah @ xrBY5OZYCv"" checks",2026-09-03T00:39:55.106Z,178839599510600
"""arash @ RYnRljE1SO"" checks",2026-09-03T00:39:53.692Z,178839599369200
"Turn: 8♠, K♣, 8♥ [A♣]",2026-09-03T00:39:51.869Z,178839599186900
"""peelic @ vOeqrOXpLT"" checks",2026-09-03T00:39:51.047Z,178839599104700
"""Stevo @ kI2bCqDOyl"" checks",2026-09-03T00:39:42.789Z,178839598278900
"""Jonah @ xrBY5OZYCv"" checks",2026-09-03T00:39:41.710Z,178839598171000
"""arash @ RYnRljE1SO"" checks",2026-09-03T00:39:38.942Z,178839597894200
"Flop:  [8♠, K♣, 8♥]",2026-09-03T00:39:37.462Z,178839597746200
"""Jonah @ xrBY5OZYCv"" checks",2026-09-03T00:39:36.614Z,178839597661400
"""arash @ RYnRljE1SO"" calls 20",2026-09-03T00:39:35.679Z,178839597567900
"""Spenny @ S8ENkJ8OQS"" folds",2026-09-03T00:39:34.718Z,178839597471800
"""peelic @ vOeqrOXpLT"" calls 20",2026-09-03T00:39:31.696Z,178839597169600
"""Stevo @ kI2bCqDOyl"" calls 20",2026-09-03T00:39:29.662Z,178839596966200
"""Jonah @ xrBY5OZYCv"" posts a big blind of 20",2026-09-03T00:39:27.978Z,178839596797808
"""arash @ RYnRljE1SO"" posts a small blind of 10",2026-09-03T00:39:27.978Z,178839596797807
"Your hand is J♠, 10♣",2026-09-03T00:39:27.978Z,178839596797803
"Player stacks: #2 ""Jonah @ xrBY5OZYCv"" (960) | #3 ""Stevo @ kI2bCqDOyl"" (950) | #4 ""peelic @ vOeqrOXpLT"" (1030) | #7 ""Spenny @ S8ENkJ8OQS"" (1040) | #10 ""arash @ RYnRljE1SO"" (1020)",2026-09-03T00:39:27.978Z,178839596797801
"-- starting hand #4 (id: ywho9arvrjaf)  No Limit Texas Hold'em (dealer: ""Spenny @ S8ENkJ8OQS"") --",2026-09-03T00:39:27.978Z,178839596797800
"""arash @ RYnRljE1SO"" shows a K♣, K♦.",2026-09-03T00:39:25.684Z,178839596568400
"-- ending hand #3 --",2026-09-03T00:39:24.341Z,178839596434102
"""arash @ RYnRljE1SO"" collected 120 from pot",2026-09-03T00:39:24.341Z,178839596434101
"Uncalled bet of 80 returned to ""arash @ RYnRljE1SO""",2026-09-03T00:39:24.341Z,178839596434100
"""Spenny @ S8ENkJ8OQS"" folds",2026-09-03T00:39:23.505Z,178839596350500
"""Jonah @ xrBY5OZYCv"" folds",2026-09-03T00:39:17.096Z,178839595709600
"""arash @ RYnRljE1SO"" bets 80",2026-09-03T00:39:15.840Z,178839595584000
"""Spenny @ S8ENkJ8OQS"" checks",2026-09-03T00:39:12.186Z,178839595218600
"River: 9♠, J♠, K♥, J♥ [4♦]",2026-09-03T00:39:09.106Z,178839594910600
"""Jonah @ xrBY5OZYCv"" checks",2026-09-03T00:39:08.297Z,178839594829700
"""arash @ RYnRljE1SO"" checks",2026-09-03T00:39:07.402Z,178839594740200
"""Spenny @ S8ENkJ8OQS"" checks",2026-09-03T00:39:05.868Z,178839594586800
"Turn: 9♠, J♠, K♥ [J♥]",2026-09-03T00:39:03.172Z,178839594317200
"""Jonah @ xrBY5OZYCv"" calls 20",2026-09-03T00:39:02.324Z,178839594232400
"""arash @ RYnRljE1SO"" calls 20",2026-09-03T00:38:58.171Z,178839593817100
"""Spenny @ S8ENkJ8OQS"" bets 20",2026-09-03T00:38:55.431Z,178839593543100
"Flop:  [9♠, J♠, K♥]",2026-09-03T00:38:50.076Z,178839593007600
"""arash @ RYnRljE1SO"" checks",2026-09-03T00:38:49.185Z,178839592918500
"""Spenny @ S8ENkJ8OQS"" calls 20",2026-09-03T00:38:48.203Z,178839592820300
"""peelic @ vOeqrOXpLT"" folds",2026-09-03T00:38:47.310Z,178839592731000
"""Stevo @ kI2bCqDOyl"" folds",2026-09-03T00:38:46.408Z,178839592640800
"""Jonah @ xrBY5OZYCv"" calls 20",2026-09-03T00:38:45.450Z,178839592545000
"""arash @ RYnRljE1SO"" posts a big blind of 20",2026-09-03T00:38:44.117Z,178839592411708
"""Spenny @ S8ENkJ8OQS"" posts a small blind of 10",2026-09-03T00:38:44.117Z,178839592411707
"Your hand is 8♥, 9♣",2026-09-03T00:38:44.117Z,178839592411703
"Player stacks: #2 ""Jonah @ xrBY5OZYCv"" (1000) | #3 ""Stevo @ kI2bCqDOyl"" (950) | #4 ""peelic @ vOeqrOXpLT"" (1030) | #7 ""Spenny @ S8ENkJ8OQS"" (1080) | #10 ""arash @ RYnRljE1SO"" (940)",2026-09-03T00:38:44.117Z,178839592411701
"-- starting hand #3 (id: 3d1y9u4ppkdv)  No Limit Texas Hold'em (dealer: ""peelic @ vOeqrOXpLT"") --",2026-09-03T00:38:44.117Z,178839592411700
"""Spenny @ S8ENkJ8OQS"" shows a K♥, J♥.",2026-09-03T00:38:39.355Z,178839591935500
"-- ending hand #2 --",2026-09-03T00:38:37.513Z,178839591751302
"""Spenny @ S8ENkJ8OQS"" collected 140 from pot",2026-09-03T00:38:37.513Z,178839591751301
"Uncalled bet of 40 returned to ""Spenny @ S8ENkJ8OQS""",2026-09-03T00:38:37.513Z,178839591751300
"""peelic @ vOeqrOXpLT"" folds",2026-09-03T00:38:36.703Z,178839591670300
"""Stevo @ kI2bCqDOyl"" folds",2026-09-03T00:38:29.087Z,178839590908700
"""Spenny @ S8ENkJ8OQS"" bets 40",2026-09-03T00:38:28.018Z,178839590801800
"""peelic @ vOeqrOXpLT"" checks",2026-09-03T00:38:21.879Z,178839590187900
"Turn: J♣, 8♥, J♠ [4♦]",2026-09-03T00:38:19.232Z,178839589923200
"""peelic @ vOeqrOXpLT"" calls 20",2026-09-03T00:38:18.336Z,178839589833600
"""Stevo @ kI2bCqDOyl"" calls 20",2026-09-03T00:38:13.665Z,178839589366500
"""arash @ RYnRljE1SO"" folds",2026-09-03T00:38:12.343Z,178839589234300
"""Spenny @ S8ENkJ8OQS"" bets 20",2026-09-03T00:38:09.850Z,178839588985000
"""peelic @ vOeqrOXpLT"" checks",2026-09-03T00:38:06.221Z,178839588622100
"Flop:  [J♣, 8♥, J♠]",2026-09-03T00:38:03.022Z,178839588302200
"""Spenny @ S8ENkJ8OQS"" checks",2026-09-03T00:38:02.164Z,178839588216400
"""peelic @ vOeqrOXpLT"" calls 20",2026-09-03T00:38:01.103Z,178839588110300
"""Stevo @ kI2bCqDOyl"" calls 20",2026-09-03T00:38:00.237Z,178839588023700
"""Jonah @ xrBY5OZYCv"" folds",2026-09-03T00:37:59.238Z,178839587923800
"""arash @ RYnRljE1SO"" calls 20",2026-09-03T00:37:58.331Z,178839587833100
"""Spenny @ S8ENkJ8OQS"" posts a big blind of 20",2026-09-03T00:37:56.251Z,178839587625108
"""peelic @ vOeqrOXpLT"" posts a small blind of 10",2026-09-03T00:37:56.251Z,178839587625107
"Your hand is Q♠, 9♠",2026-09-03T00:37:56.251Z,178839587625103
"Player stacks: #2 ""Jonah @ xrBY5OZYCv"" (1000) | #3 ""Stevo @ kI2bCqDOyl"" (990) | #4 ""peelic @ vOeqrOXpLT"" (1070) | #7 ""Spenny @ S8ENkJ8OQS"" (980) | #10 ""arash @ RYnRljE1SO"" (960)",2026-09-03T00:37:56.251Z,178839587625101
"-- starting hand #2 (id: yhuzfk4cp16i)  No Limit Texas Hold'em (dealer: ""Stevo @ kI2bCqDOyl"") --",2026-09-03T00:37:56.251Z,178839587625100
"""Jonah @ xrBY5OZYCv"" shows a 5♠.",2026-09-03T00:37:55.079Z,178839587507900
"""Stevo @ kI2bCqDOyl"" shows a 4♠, 3♥.",2026-09-03T00:37:49.828Z,178839586982800
"-- ending hand #1 --",2026-09-03T00:37:49.188Z,178839586918802
"""peelic @ vOeqrOXpLT"" collected 110 from pot with A High (combination: 7♣, 9♠, 10♦, J♣, A♣)",2026-09-03T00:37:49.188Z,178839586918801
"""peelic @ vOeqrOXpLT"" shows a J♣, 7♣.",2026-09-03T00:37:49.188Z,178839586918800
"""arash @ RYnRljE1SO"" checks",2026-09-03T00:37:48.362Z,178839586836200
"""peelic @ vOeqrOXpLT"" checks",2026-09-03T00:37:47.409Z,178839586740900
"River: A♣, 10♦, 9♠, 5♣ [2♦]",2026-09-03T00:37:45.386Z,178839586538600
"""arash @ RYnRljE1SO"" calls 20",2026-09-03T00:37:44.562Z,178839586456200
"""Spenny @ S8ENkJ8OQS"" folds",2026-09-03T00:37:43.582Z,178839586358200
"""peelic @ vOeqrOXpLT"" bets 20",2026-09-03T00:37:32.662Z,178839585266200
"Turn: A♣, 10♦, 9♠ [5♣]",2026-09-03T00:37:28.374Z,178839584837400
"""arash @ RYnRljE1SO"" checks",2026-09-03T00:37:27.472Z,178839584747200
"""Spenny @ S8ENkJ8OQS"" checks",2026-09-03T00:37:24.837Z,178839584483700
"""peelic @ vOeqrOXpLT"" checks",2026-09-03T00:37:20.950Z,178839584095000
"Flop:  [A♣, 10♦, 9♠]",2026-09-03T00:37:18.614Z,178839583861400
"""peelic @ vOeqrOXpLT"" checks",2026-09-03T00:37:17.778Z,178839583777800
"""Stevo @ kI2bCqDOyl"" folds",2026-09-03T00:37:16.880Z,178839583688000
"""Jonah @ xrBY5OZYCv"" folds",2026-09-03T00:37:14.789Z,178839583478900
"""arash @ RYnRljE1SO"" calls 20",2026-09-03T00:37:13.847Z,178839583384700
"""Spenny @ S8ENkJ8OQS"" calls 20",2026-09-03T00:37:12.869Z,178839583286900
"""peelic @ vOeqrOXpLT"" posts a big blind of 20",2026-09-03T00:37:09.047Z,178839582904713
"""Stevo @ kI2bCqDOyl"" posts a small blind of 10",2026-09-03T00:37:09.047Z,178839582904712
"Your hand is 4♠, 3♥",2026-09-03T00:37:09.047Z,178839582904708
"Player stacks: #2 ""Jonah @ xrBY5OZYCv"" (1000) | #3 ""Stevo @ kI2bCqDOyl"" (1000) | #4 ""peelic @ vOeqrOXpLT"" (1000) | #7 ""Spenny @ S8ENkJ8OQS"" (1000) | #10 ""arash @ RYnRljE1SO"" (1000)",2026-09-03T00:37:09.047Z,178839582904706
"The player ""arash @ RYnRljE1SO"" joined the game with a stack of 1000.",2026-09-03T00:37:09.047Z,178839582904705
"The player ""Spenny @ S8ENkJ8OQS"" joined the game with a stack of 1000.",2026-09-03T00:37:09.047Z,178839582904704
"The player ""peelic @ vOeqrOXpLT"" joined the game with a stack of 1000.",2026-09-03T00:37:09.047Z,178839582904703
"The player ""Stevo @ kI2bCqDOyl"" joined the game with a stack of 1000.",2026-09-03T00:37:09.047Z,178839582904702
"The player ""Jonah @ xrBY5OZYCv"" joined the game with a stack of 1000.",2026-09-03T00:37:09.047Z,178839582904701
"-- starting hand #1 (id: ljjcz18xyfox)  No Limit Texas Hold'em (dealer: ""Jonah @ xrBY5OZYCv"") --",2026-09-03T00:37:09.047Z,178839582904700
"The admin approved the player ""peelic @ vOeqrOXpLT"" participation with a stack of 1000.",2026-09-03T00:37:01.162Z,178839582116200
"The player ""peelic @ vOeqrOXpLT"" requested a seat.",2026-09-03T00:36:58.726Z,178839581872600
"The admin approved the player ""arash @ RYnRljE1SO"" participation with a stack of 1000.",2026-09-03T00:36:39.765Z,178839579976500
"The player ""arash @ RYnRljE1SO"" requested a seat.",2026-09-03T00:36:38.034Z,178839579803400
"The admin approved the player ""Jonah @ xrBY5OZYCv"" participation with a stack of 1000.",2026-09-03T00:36:30.584Z,178839579058400
"The player ""Jonah @ xrBY5OZYCv"" requested a seat.",2026-09-03T00:36:27.048Z,178839578704800
"The admin approved the player ""Spenny @ S8ENkJ8OQS"" participation with a stack of 1000.",2026-09-03T00:36:10.201Z,178839577020100
"The player ""Spenny @ S8ENkJ8OQS"" requested a seat.",2026-09-03T00:35:56.577Z,178839575657700
"Game Config Changes
* Allow Straddle: off » on
* Nit Minimum Players: off » 3
* Allow Rebuy: off » off
* Decision Limit Time: 20s » 9s
* Deal Cards to Away Players: off » on
* Rabbit Hunt: off » on
* Max Time Bank: 10s » 1s
* Hands to Full Refill Time Bank: 10 » 2",2026-09-03T00:32:41.801Z,178839556180100
"The admin approved the player ""Stevo @ kI2bCqDOyl"" participation with a stack of 1000.",2026-09-03T00:32:33.485Z,178839555348501
"The player ""Stevo @ kI2bCqDOyl"" requested a seat.",2026-09-03T00:32:33.485Z,178839555348500
