entry,at,order
"""georgoeo @ _sqcLETZ0C"" posts a big blind of 20",2026-08-06T02:31:02.973Z,178598346297307
"""arash @ RYnRljE1SO"" posts a small blind of 10",2026-08-06T02:31:02.973Z,178598346297306
"Your hand is 4♥, 3♣",2026-08-06T02:31:02.973Z,178598346297303
"Player stacks: #3 ""Jonah @ xrBY5OZYCv"" (780) | #7 ""arash @ RYnRljE1SO"" (4430) | #9 ""georgoeo @ _sqcLETZ0C"" (2490) | #10 ""Stevo @ kI2bCqDOyl"" (2300)",2026-08-06T02:31:02.973Z,178598346297301
"-- starting hand #113 (id: vlcoy5exnsl5)  No Limit Texas Hold'em (dealer: ""Jonah @ xrBY5OZYCv"") --",2026-08-06T02:31:02.973Z,178598346297300
"""Stevo @ kI2bCqDOyl"" shows a 5♠, A♦.",2026-08-06T02:30:58.107Z,178598345810700
"-- ending hand #112 --",2026-08-06T02:30:56.456Z,178598345645603
"""arash @ RYnRljE1SO"" collected 630 from pot with Pair, A's (combination: 6♠, 7♥, K♦, A♥, A♠)",2026-08-06T02:30:56.456Z,178598345645602
"""arash @ RYnRljE1SO"" shows a A♥, 6♠.",2026-08-06T02:30:56.456Z,178598345645601
"""Jonah @ xrBY5OZYCv"" shows a J♥, J♣.",2026-08-06T02:30:56.456Z,178598345645600
"""Stevo @ kI2bCqDOyl"" checks",2026-08-06T02:30:55.618Z,178598345561800
"""arash @ RYnRljE1SO"" checks",2026-08-06T02:30:54.456Z,178598345445600
"""Jonah @ xrBY5OZYCv"" checks",2026-08-06T02:30:53.101Z,178598345310100
"River: K♦, 7♥, A♠, 4♣ [3♥]",2026-08-06T02:30:50.961Z,178598345096100
"""arash @ RYnRljE1SO"" calls 50",2026-08-06T02:30:50.102Z,178598345010200
"""Jonah @ xrBY5OZYCv"" calls 50",2026-08-06T02:30:49.195Z,178598344919500
"""Stevo @ kI2bCqDOyl"" bets 50",2026-08-06T02:30:48.105Z,178598344810500
"""arash @ RYnRljE1SO"" checks",2026-08-06T02:30:45.856Z,178598344585600
"""Jonah @ xrBY5OZYCv"" checks",2026-08-06T02:30:44.604Z,178598344460400
"Turn: K♦, 7♥, A♠ [4♣]",2026-08-06T02:30:43.161Z,178598344316100
"""arash @ RYnRljE1SO"" calls 80",2026-08-06T02:30:42.333Z,178598344233300
"""Jonah @ xrBY5OZYCv"" calls 80",2026-08-06T02:30:41.291Z,178598344129100
"""Stevo @ kI2bCqDOyl"" raises to 80",2026-08-06T02:30:39.951Z,178598343995100
"""georgoeo @ _sqcLETZ0C"" folds",2026-08-06T02:30:37.959Z,178598343795900
"""arash @ RYnRljE1SO"" calls 40",2026-08-06T02:30:36.500Z,178598343650000
"""Jonah @ xrBY5OZYCv"" bets 40",2026-08-06T02:30:35.285Z,178598343528500
"Flop:  [K♦, 7♥, A♠]",2026-08-06T02:30:32.493Z,178598343249300
"""Stevo @ kI2bCqDOyl"" calls 60",2026-08-06T02:30:31.664Z,178598343166400
"""georgoeo @ _sqcLETZ0C"" calls 60",2026-08-06T02:30:30.650Z,178598343065000
"""arash @ RYnRljE1SO"" calls 60",2026-08-06T02:30:29.475Z,178598342947500
"""Jonah @ xrBY5OZYCv"" raises to 60",2026-08-06T02:30:28.038Z,178598342803800
"""Stevo @ kI2bCqDOyl"" calls 20",2026-08-06T02:30:24.746Z,178598342474600
"""georgoeo @ _sqcLETZ0C"" calls 20",2026-08-06T02:30:23.772Z,178598342377200
"""arash @ RYnRljE1SO"" posts a big blind of 20",2026-08-06T02:30:22.996Z,178598342299607
"""Jonah @ xrBY5OZYCv"" posts a small blind of 10",2026-08-06T02:30:22.996Z,178598342299606
"Your hand is A♥, 6♠",2026-08-06T02:30:22.996Z,178598342299603
"Player stacks: #3 ""Jonah @ xrBY5OZYCv"" (970) | #7 ""arash @ RYnRljE1SO"" (3990) | #9 ""georgoeo @ _sqcLETZ0C"" (2550) | #10 ""Stevo @ kI2bCqDOyl"" (2490)",2026-08-06T02:30:22.996Z,178598342299601
"-- starting hand #112 (id: 4clerqbpbcsm)  No Limit Texas Hold'em (dealer: ""Stevo @ kI2bCqDOyl"") --",2026-08-06T02:30:22.996Z,178598342299600
"Undealt cards: Q♠, 5♠, A♦, 10♣ [J♣]",2026-08-06T02:30:19.282Z,178598341928200
"""Stevo @ kI2bCqDOyl"" shows a K♥, 10♥.",2026-08-06T02:30:17.159Z,178598341715900
"""georgoeo @ _sqcLETZ0C"" shows a 5♣.",2026-08-06T02:30:16.688Z,178598341668800
"""georgoeo @ _sqcLETZ0C"" shows a 5♦.",2026-08-06T02:30:16.170Z,178598341617000
"-- ending hand #111 --",2026-08-06T02:30:15.668Z,178598341566802
"""Stevo @ kI2bCqDOyl"" collected 280 from pot",2026-08-06T02:30:15.668Z,178598341566801
"Uncalled bet of 100 returned to ""Stevo @ kI2bCqDOyl""",2026-08-06T02:30:15.668Z,178598341566800
"""Jonah @ xrBY5OZYCv"" folds",2026-08-06T02:30:14.804Z,178598341480400
"""Stevo @ kI2bCqDOyl"" bets 100",2026-08-06T02:30:12.823Z,178598341282300
"Turn: Q♠, 5♠, A♦ [10♣]",2026-08-06T02:30:09.865Z,178598340986500
"""Jonah @ xrBY5OZYCv"" calls 20",2026-08-06T02:30:09.022Z,178598340902200
"""Stevo @ kI2bCqDOyl"" bets 20",2026-08-06T02:30:07.544Z,178598340754400
"Flop:  [Q♠, 5♠, A♦]",2026-08-06T02:30:06.066Z,178598340606600
"""Jonah @ xrBY5OZYCv"" calls 100",2026-08-06T02:30:05.217Z,178598340521700
"""Stevo @ kI2bCqDOyl"" raises to 100",2026-08-06T02:30:02.616Z,178598340261600
"""georgoeo @ _sqcLETZ0C"" folds",2026-08-06T02:30:00.661Z,178598340066100
"""arash @ RYnRljE1SO"" folds",2026-08-06T02:29:59.798Z,178598339979800
"""Jonah @ xrBY5OZYCv"" raises to 70",2026-08-06T02:29:57.614Z,178598339761400
"""Stevo @ kI2bCqDOyl"" raises to 40",2026-08-06T02:29:54.762Z,178598339476200
"""georgoeo @ _sqcLETZ0C"" calls 20",2026-08-06T02:29:53.038Z,178598339303800
"""arash @ RYnRljE1SO"" calls 20",2026-08-06T02:29:52.184Z,178598339218400
"""Jonah @ xrBY5OZYCv"" posts a big blind of 20",2026-08-06T02:29:48.671Z,178598338867107
"""Stevo @ kI2bCqDOyl"" posts a small blind of 10",2026-08-06T02:29:48.671Z,178598338867106
"Your hand is 6♣, 2♠",2026-08-06T02:29:48.671Z,178598338867103
"Player stacks: #3 ""Jonah @ xrBY5OZYCv"" (1090) | #7 ""arash @ RYnRljE1SO"" (4010) | #9 ""georgoeo @ _sqcLETZ0C"" (2570) | #10 ""Stevo @ kI2bCqDOyl"" (2330)",2026-08-06T02:29:48.671Z,178598338867101
"-- starting hand #111 (id: hnomkpeca5iu)  No Limit Texas Hold'em (dealer: ""georgoeo @ _sqcLETZ0C"") --",2026-08-06T02:29:48.671Z,178598338867100
"Undealt cards: Q♥, 3♣, 2♦ [7♥, 10♥]",2026-08-06T02:29:44.192Z,178598338419200
"""Stevo @ kI2bCqDOyl"" shows a A♣, 10♠.",2026-08-06T02:29:43.911Z,178598338391100
"""georgoeo @ _sqcLETZ0C"" shows a A♥, Q♠.",2026-08-06T02:29:41.851Z,178598338185100
"-- ending hand #110 --",2026-08-06T02:29:41.316Z,178598338131602
"""georgoeo @ _sqcLETZ0C"" collected 120 from pot",2026-08-06T02:29:41.316Z,178598338131601
"Uncalled bet of 60 returned to ""georgoeo @ _sqcLETZ0C""",2026-08-06T02:29:41.316Z,178598338131600
"""arash @ RYnRljE1SO"" folds",2026-08-06T02:29:40.467Z,178598338046700
"""Stevo @ kI2bCqDOyl"" folds",2026-08-06T02:29:39.509Z,178598337950900
"""georgoeo @ _sqcLETZ0C"" bets 60",2026-08-06T02:29:38.441Z,178598337844100
"Flop:  [Q♥, 3♣, 2♦]",2026-08-06T02:29:34.651Z,178598337465100
"""georgoeo @ _sqcLETZ0C"" calls 40",2026-08-06T02:29:33.814Z,178598337381400
"""arash @ RYnRljE1SO"" calls 40",2026-08-06T02:29:32.979Z,178598337297900
"""Stevo @ kI2bCqDOyl"" raises to 40",2026-08-06T02:29:31.396Z,178598337139600
"""georgoeo @ _sqcLETZ0C"" calls 20",2026-08-06T02:29:29.386Z,178598336938600
"""arash @ RYnRljE1SO"" calls 20",2026-08-06T02:29:27.050Z,178598336705000
"""Jonah @ xrBY5OZYCv"" folds",2026-08-06T02:29:25.538Z,178598336553800
"""Stevo @ kI2bCqDOyl"" posts a big blind of 20",2026-08-06T02:29:24.644Z,178598336464407
"""georgoeo @ _sqcLETZ0C"" posts a small blind of 10",2026-08-06T02:29:24.644Z,178598336464406
"Your hand is 7♣, 4♠",2026-08-06T02:29:24.644Z,178598336464403
"Player stacks: #3 ""Jonah @ xrBY5OZYCv"" (1090) | #7 ""arash @ RYnRljE1SO"" (4050) | #9 ""georgoeo @ _sqcLETZ0C"" (2490) | #10 ""Stevo @ kI2bCqDOyl"" (2370)",2026-08-06T02:29:24.644Z,178598336464401
"-- starting hand #110 (id: wuqi0wodqzqf)  No Limit Texas Hold'em (dealer: ""arash @ RYnRljE1SO"") --",2026-08-06T02:29:24.644Z,178598336464400
"""georgoeo @ _sqcLETZ0C"" shows a Q♦, 7♠.",2026-08-06T02:29:22.222Z,178598336222200
"-- ending hand #109 --",2026-08-06T02:29:21.029Z,178598336102902
"""arash @ RYnRljE1SO"" collected 180 from pot",2026-08-06T02:29:21.029Z,178598336102901
"Uncalled bet of 100 returned to ""arash @ RYnRljE1SO""",2026-08-06T02:29:21.029Z,178598336102900
"""georgoeo @ _sqcLETZ0C"" folds",2026-08-06T02:29:20.217Z,178598336021700
"""arash @ RYnRljE1SO"" raises to 120",2026-08-06T02:29:18.227Z,178598335822700
"""Stevo @ kI2bCqDOyl"" folds",2026-08-06T02:29:13.216Z,178598335321600
"""georgoeo @ _sqcLETZ0C"" bets 20",2026-08-06T02:29:12.108Z,178598335210800
"""arash @ RYnRljE1SO"" checks",2026-08-06T02:29:10.916Z,178598335091600
"River: 5♥, 7♦, 10♦, 9♣ [J♣]",2026-08-06T02:29:09.180Z,178598334918000
"""Stevo @ kI2bCqDOyl"" checks",2026-08-06T02:29:08.357Z,178598334835700
"""georgoeo @ _sqcLETZ0C"" checks",2026-08-06T02:29:07.397Z,178598334739700
"""arash @ RYnRljE1SO"" checks",2026-08-06T02:29:06.525Z,178598334652500
"Turn: 5♥, 7♦, 10♦ [9♣]",2026-08-06T02:29:05.303Z,178598334530300
"""arash @ RYnRljE1SO"" calls 20",2026-08-06T02:29:04.457Z,178598334445700
"""Jonah @ xrBY5OZYCv"" folds",2026-08-06T02:29:02.498Z,178598334249800
"""Stevo @ kI2bCqDOyl"" calls 20",2026-08-06T02:29:01.404Z,178598334140400
"""georgoeo @ _sqcLETZ0C"" bets 20",2026-08-06T02:28:59.292Z,178598333929200
"""arash @ RYnRljE1SO"" checks",2026-08-06T02:28:57.241Z,178598333724100
"Flop:  [5♥, 7♦, 10♦]",2026-08-06T02:28:56.210Z,178598333621000
"""georgoeo @ _sqcLETZ0C"" checks",2026-08-06T02:28:55.404Z,178598333540400
"""arash @ RYnRljE1SO"" calls 20",2026-08-06T02:28:54.568Z,178598333456800
"""Jonah @ xrBY5OZYCv"" calls 20",2026-08-06T02:28:53.635Z,178598333363500
"""Stevo @ kI2bCqDOyl"" calls 20",2026-08-06T02:28:52.777Z,178598333277700
"""georgoeo @ _sqcLETZ0C"" posts a big blind of 20",2026-08-06T02:28:51.665Z,178598333166508
"""arash @ RYnRljE1SO"" posts a small blind of 10",2026-08-06T02:28:51.665Z,178598333166507
"Your hand is J♥, 2♦",2026-08-06T02:28:51.665Z,178598333166504
"Player stacks: #3 ""Jonah @ xrBY5OZYCv"" (1110) | #7 ""arash @ RYnRljE1SO"" (3930) | #9 ""georgoeo @ _sqcLETZ0C"" (2550) | #10 ""Stevo @ kI2bCqDOyl"" (2410)",2026-08-06T02:28:51.665Z,178598333166502
"-- starting hand #109 (id: 4ypoqhvsrt02)  No Limit Texas Hold'em (dealer: ""Jonah @ xrBY5OZYCv"") --",2026-08-06T02:28:51.665Z,178598333166501
"The player ""Spenny @ S8ENkJ8OQS"" quits the game with a stack of 0.",2026-08-06T02:28:51.665Z,178598333166500
"Asking to busted players the rebuy decision.",2026-08-06T02:28:49.007Z,178598332900700
"-- ending hand #108 --",2026-08-06T02:28:43.003Z,178598332300301
"""arash @ RYnRljE1SO"" collected 590 from pot with Two Pair, K's & 2's (combination: 8♠, 2♠, 2♣, K♠, K♦)",2026-08-06T02:28:43.003Z,178598332300300
"River: K♦, 2♠, 5♣, 8♠ [2♣]",2026-08-06T02:28:38.980Z,178598331898000
"Turn: K♦, 2♠, 5♣ [8♠]",2026-08-06T02:28:34.974Z,178598331497400
"Flop:  [K♦, 2♠, 5♣]",2026-08-06T02:28:30.913Z,178598331091300
"""arash @ RYnRljE1SO"" shows a 3♣, K♠.",2026-08-06T02:28:26.909Z,178598330690901
"""Spenny @ S8ENkJ8OQS"" shows a A♥, 3♥.",2026-08-06T02:28:26.909Z,178598330690900
"""Stevo @ kI2bCqDOyl"" folds",2026-08-06T02:28:26.007Z,178598330600700
"""arash @ RYnRljE1SO"" calls 280",2026-08-06T02:28:24.618Z,178598330461800
"""Jonah @ xrBY5OZYCv"" folds",2026-08-06T02:28:20.410Z,178598330041000
"""Spenny @ S8ENkJ8OQS"" raises to 280 and go all in",2026-08-06T02:28:19.512Z,178598329951200
"""Stevo @ kI2bCqDOyl"" calls 20",2026-08-06T02:28:17.124Z,178598329712400
"""georgoeo @ _sqcLETZ0C"" folds",2026-08-06T02:28:16.178Z,178598329617800
"""arash @ RYnRljE1SO"" posts a big blind of 20",2026-08-06T02:28:14.788Z,178598329478808
"""Jonah @ xrBY5OZYCv"" posts a small blind of 10",2026-08-06T02:28:14.788Z,178598329478807
"Your hand is 3♣, K♠",2026-08-06T02:28:14.788Z,178598329478804
"Player stacks: #1 ""Spenny @ S8ENkJ8OQS"" (280) | #3 ""Jonah @ xrBY5OZYCv"" (1120) | #7 ""arash @ RYnRljE1SO"" (3620) | #9 ""georgoeo @ _sqcLETZ0C"" (2550) | #10 ""Stevo @ kI2bCqDOyl"" (2430)",2026-08-06T02:28:14.788Z,178598329478801
"-- starting hand #108 (id: qvos19hjt5pt)  No Limit Texas Hold'em (dealer: ""Spenny @ S8ENkJ8OQS"") --",2026-08-06T02:28:14.788Z,178598329478800
"""Stevo @ kI2bCqDOyl"" shows a A♣, J♥.",2026-08-06T02:28:12.156Z,178598329215600
"-- ending hand #107 --",2026-08-06T02:28:11.141Z,178598329114102
"""Stevo @ kI2bCqDOyl"" collected 520 from pot",2026-08-06T02:28:11.141Z,178598329114101
"Uncalled bet of 200 returned to ""Stevo @ kI2bCqDOyl""",2026-08-06T02:28:11.141Z,178598329114100
"""arash @ RYnRljE1SO"" folds",2026-08-06T02:28:10.303Z,178598329030300
"""Stevo @ kI2bCqDOyl"" bets 200",2026-08-06T02:28:09.091Z,178598328909100
"""arash @ RYnRljE1SO"" checks",2026-08-06T02:28:06.793Z,178598328679300
"River: 8♥, A♠, 9♥, J♣ [A♦]",2026-08-06T02:28:04.510Z,178598328451000
"""arash @ RYnRljE1SO"" calls 160",2026-08-06T02:28:03.691Z,178598328369100
"""Jonah @ xrBY5OZYCv"" folds",2026-08-06T02:28:02.750Z,178598328275000
"""Stevo @ kI2bCqDOyl"" raises to 160",2026-08-06T02:27:59.866Z,178598327986600
"""arash @ RYnRljE1SO"" bets 80",2026-08-06T02:27:58.028Z,178598327802800
"""Jonah @ xrBY5OZYCv"" checks",2026-08-06T02:27:53.008Z,178598327300800
"Turn: 8♥, A♠, 9♥ [J♣]",2026-08-06T02:27:51.489Z,178598327148900
"""arash @ RYnRljE1SO"" calls 40",2026-08-06T02:27:50.685Z,178598327068500
"""Jonah @ xrBY5OZYCv"" calls 40",2026-08-06T02:27:49.721Z,178598326972100
"""Spenny @ S8ENkJ8OQS"" folds",2026-08-06T02:27:45.559Z,178598326555900
"""Stevo @ kI2bCqDOyl"" bets 40",2026-08-06T02:27:44.625Z,178598326462500
"""arash @ RYnRljE1SO"" checks",2026-08-06T02:27:42.264Z,178598326226400
"""Jonah @ xrBY5OZYCv"" checks",2026-08-06T02:27:41.348Z,178598326134800
"""Spenny @ S8ENkJ8OQS"" checks",2026-08-06T02:27:40.315Z,178598326031500
"Flop:  [8♥, A♠, 9♥]",2026-08-06T02:27:38.869Z,178598325886900
"""Jonah @ xrBY5OZYCv"" checks",2026-08-06T02:27:38.014Z,178598325801400
"""Spenny @ S8ENkJ8OQS"" calls 20",2026-08-06T02:27:37.160Z,178598325716000
"""Stevo @ kI2bCqDOyl"" calls 20",2026-08-06T02:27:36.257Z,178598325625700
"""georgoeo @ _sqcLETZ0C"" folds",2026-08-06T02:27:35.126Z,178598325512600
"""arash @ RYnRljE1SO"" calls 20",2026-08-06T02:27:34.241Z,178598325424100
"""Jonah @ xrBY5OZYCv"" posts a big blind of 20",2026-08-06T02:27:31.636Z,178598325163608
"""Spenny @ S8ENkJ8OQS"" posts a small blind of 10",2026-08-06T02:27:31.636Z,178598325163607
"Your hand is 6♠, 10♥",2026-08-06T02:27:31.636Z,178598325163604
"Player stacks: #1 ""Spenny @ S8ENkJ8OQS"" (300) | #3 ""Jonah @ xrBY5OZYCv"" (1180) | #7 ""arash @ RYnRljE1SO"" (3840) | #9 ""georgoeo @ _sqcLETZ0C"" (2550) | #10 ""Stevo @ kI2bCqDOyl"" (2130)",2026-08-06T02:27:31.636Z,178598325163601
"-- starting hand #107 (id: hyaioa3jqqtx)  No Limit Texas Hold'em (dealer: ""Stevo @ kI2bCqDOyl"") --",2026-08-06T02:27:31.636Z,178598325163600
"-- ending hand #106 --",2026-08-06T02:27:25.627Z,178598324562704
"""georgoeo @ _sqcLETZ0C"" collected 100 from pot with Two Pair, J's & 7's (combination: A♣, 7♠, 7♣, J♣, J♦)",2026-08-06T02:27:25.627Z,178598324562703
"""georgoeo @ _sqcLETZ0C"" shows a 7♠, 7♣.",2026-08-06T02:27:25.627Z,178598324562702
"""Spenny @ S8ENkJ8OQS"" shows a 10♥, 5♠.",2026-08-06T02:27:25.627Z,178598324562701
"""Stevo @ kI2bCqDOyl"" shows a 10♦, 7♥.",2026-08-06T02:27:25.627Z,178598324562700
"""georgoeo @ _sqcLETZ0C"" checks",2026-08-06T02:27:24.819Z,178598324481900
"""arash @ RYnRljE1SO"" checks",2026-08-06T02:27:23.968Z,178598324396800
"""Jonah @ xrBY5OZYCv"" checks",2026-08-06T02:27:21.202Z,178598324120200
"""Spenny @ S8ENkJ8OQS"" checks",2026-08-06T02:27:19.881Z,178598323988100
"""Stevo @ kI2bCqDOyl"" checks",2026-08-06T02:27:17.174Z,178598323717400
"River: J♣, A♣, 2♥, Q♣ [J♦]",2026-08-06T02:27:14.622Z,178598323462200
"""georgoeo @ _sqcLETZ0C"" checks",2026-08-06T02:27:13.811Z,178598323381100
"""arash @ RYnRljE1SO"" checks",2026-08-06T02:27:12.934Z,178598323293400
"""Jonah @ xrBY5OZYCv"" checks",2026-08-06T02:27:11.391Z,178598323139100
"""Spenny @ S8ENkJ8OQS"" checks",2026-08-06T02:27:09.079Z,178598322907900
"""Stevo @ kI2bCqDOyl"" checks",2026-08-06T02:27:07.167Z,178598322716700
"Turn: J♣, A♣, 2♥ [Q♣]",2026-08-06T02:26:59.170Z,178598321917000
"""georgoeo @ _sqcLETZ0C"" checks",2026-08-06T02:26:58.293Z,178598321829300
"""arash @ RYnRljE1SO"" checks",2026-08-06T02:26:57.417Z,178598321741700
"""Jonah @ xrBY5OZYCv"" checks",2026-08-06T02:26:55.023Z,178598321502300
"""Spenny @ S8ENkJ8OQS"" checks",2026-08-06T02:26:54.131Z,178598321413100
"""Stevo @ kI2bCqDOyl"" checks",2026-08-06T02:26:51.745Z,178598321174500
"Flop:  [J♣, A♣, 2♥]",2026-08-06T02:26:48.767Z,178598320876700
"""Spenny @ S8ENkJ8OQS"" checks",2026-08-06T02:26:47.947Z,178598320794700
"""Stevo @ kI2bCqDOyl"" calls 20",2026-08-06T02:26:47.025Z,178598320702500
"""georgoeo @ _sqcLETZ0C"" calls 20",2026-08-06T02:26:43.986Z,178598320398600
"""arash @ RYnRljE1SO"" calls 20",2026-08-06T02:26:43.118Z,178598320311800
"""Jonah @ xrBY5OZYCv"" calls 20",2026-08-06T02:26:40.954Z,178598320095400
"""Spenny @ S8ENkJ8OQS"" posts a big blind of 20",2026-08-06T02:26:39.769Z,178598319976908
"""Stevo @ kI2bCqDOyl"" posts a small blind of 10",2026-08-06T02:26:39.769Z,178598319976907
"Your hand is 3♠, 9♠",2026-08-06T02:26:39.769Z,178598319976904
"Player stacks: #1 ""Spenny @ S8ENkJ8OQS"" (320) | #3 ""Jonah @ xrBY5OZYCv"" (1200) | #7 ""arash @ RYnRljE1SO"" (3860) | #9 ""georgoeo @ _sqcLETZ0C"" (2470) | #10 ""Stevo @ kI2bCqDOyl"" (2150)",2026-08-06T02:26:39.769Z,178598319976901
"-- starting hand #106 (id: pkbsbzpg5s9y)  No Limit Texas Hold'em (dealer: ""georgoeo @ _sqcLETZ0C"") --",2026-08-06T02:26:39.769Z,178598319976900
"""georgoeo @ _sqcLETZ0C"" shows a 2♠, 9♥.",2026-08-06T02:26:36.452Z,178598319645200
"-- ending hand #105 --",2026-08-06T02:26:33.190Z,178598319319003
"""Spenny @ S8ENkJ8OQS"" collected 250 from pot with Pair, 10's (combination: 8♠, J♦, K♦, 10♣, 10♥)",2026-08-06T02:26:33.190Z,178598319319002
"""Spenny @ S8ENkJ8OQS"" shows a K♦, 10♣.",2026-08-06T02:26:33.190Z,178598319319001
"""Stevo @ kI2bCqDOyl"" shows a 10♠, 7♦.",2026-08-06T02:26:33.190Z,178598319319000
"""Spenny @ S8ENkJ8OQS"" calls 40",2026-08-06T02:26:32.307Z,178598319230700
"""Stevo @ kI2bCqDOyl"" bets 40",2026-08-06T02:26:26.131Z,178598318613100
"River: 10♥, 6♠, 5♠, J♦ [8♠]",2026-08-06T02:26:22.457Z,178598318245700
"""Spenny @ S8ENkJ8OQS"" calls 40",2026-08-06T02:26:21.599Z,178598318159900
"""Stevo @ kI2bCqDOyl"" bets 40",2026-08-06T02:26:20.504Z,178598318050400
"Turn: 10♥, 6♠, 5♠ [J♦]",2026-08-06T02:26:17.581Z,178598317758100
"""Spenny @ S8ENkJ8OQS"" calls 20",2026-08-06T02:26:16.771Z,178598317677100
"""Stevo @ kI2bCqDOyl"" bets 20",2026-08-06T02:26:15.295Z,178598317529500
"Flop:  [10♥, 6♠, 5♠]",2026-08-06T02:26:07.179Z,178598316717900
"""Stevo @ kI2bCqDOyl"" checks",2026-08-06T02:26:06.339Z,178598316633900
"""georgoeo @ _sqcLETZ0C"" folds",2026-08-06T02:26:05.265Z,178598316526500
"""arash @ RYnRljE1SO"" folds",2026-08-06T02:26:04.384Z,178598316438400
"""Jonah @ xrBY5OZYCv"" folds",2026-08-06T02:26:03.430Z,178598316343000
"""Spenny @ S8ENkJ8OQS"" calls 20",2026-08-06T02:26:02.535Z,178598316253500
"""Stevo @ kI2bCqDOyl"" posts a big blind of 20",2026-08-06T02:25:59.163Z,178598315916308
"""georgoeo @ _sqcLETZ0C"" posts a small blind of 10",2026-08-06T02:25:59.163Z,178598315916307
"Your hand is 8♦, 2♥",2026-08-06T02:25:59.163Z,178598315916304
"Player stacks: #1 ""Spenny @ S8ENkJ8OQS"" (190) | #3 ""Jonah @ xrBY5OZYCv"" (1200) | #7 ""arash @ RYnRljE1SO"" (3860) | #9 ""georgoeo @ _sqcLETZ0C"" (2480) | #10 ""Stevo @ kI2bCqDOyl"" (2270)",2026-08-06T02:25:59.163Z,178598315916301
"-- starting hand #105 (id: jppr3diswtcq)  No Limit Texas Hold'em (dealer: ""arash @ RYnRljE1SO"") --",2026-08-06T02:25:59.163Z,178598315916300
"-- ending hand #104 --",2026-08-06T02:25:53.158Z,178598315315803
"""Jonah @ xrBY5OZYCv"" collected 300 from pot with Two Pair, A's & 7's (combination: 8♣, 7♥, 7♠, A♣, A♠)",2026-08-06T02:25:53.158Z,178598315315802
"""Jonah @ xrBY5OZYCv"" shows a A♣, 3♣.",2026-08-06T02:25:53.158Z,178598315315801
"""Spenny @ S8ENkJ8OQS"" shows a 10♦, 6♦.",2026-08-06T02:25:53.158Z,178598315315800
"""Jonah @ xrBY5OZYCv"" checks",2026-08-06T02:25:52.255Z,178598315225500
"""Spenny @ S8ENkJ8OQS"" checks",2026-08-06T02:25:51.389Z,178598315138900
"River: 7♥, A♠, 8♣, 7♠ [6♣]",2026-08-06T02:25:48.159Z,178598314815900
"""arash @ RYnRljE1SO"" folds",2026-08-06T02:25:47.278Z,178598314727800
"""Jonah @ xrBY5OZYCv"" calls 40",2026-08-06T02:25:38.751Z,178598313875100
"""Spenny @ S8ENkJ8OQS"" bets 40",2026-08-06T02:25:36.441Z,178598313644100
"""arash @ RYnRljE1SO"" checks",2026-08-06T02:25:33.178Z,178598313317800
"Turn: 7♥, A♠, 8♣ [7♠]",2026-08-06T02:25:31.759Z,178598313175900
"""Stevo @ kI2bCqDOyl"" folds",2026-08-06T02:25:30.912Z,178598313091200
"""georgoeo @ _sqcLETZ0C"" folds",2026-08-06T02:25:29.933Z,178598312993300
"""arash @ RYnRljE1SO"" calls 40",2026-08-06T02:25:29.063Z,178598312906300
"""Jonah @ xrBY5OZYCv"" calls 40",2026-08-06T02:25:25.260Z,178598312526000
"""Spenny @ S8ENkJ8OQS"" bets 40",2026-08-06T02:25:24.048Z,178598312404800
"""Stevo @ kI2bCqDOyl"" checks",2026-08-06T02:25:21.688Z,178598312168800
"""georgoeo @ _sqcLETZ0C"" checks",2026-08-06T02:25:20.730Z,178598312073000
"""arash @ RYnRljE1SO"" checks",2026-08-06T02:25:19.819Z,178598311981900
"Flop:  [7♥, A♠, 8♣]",2026-08-06T02:25:16.351Z,178598311635100
"""georgoeo @ _sqcLETZ0C"" checks",2026-08-06T02:25:15.532Z,178598311553200
"""arash @ RYnRljE1SO"" calls 20",2026-08-06T02:25:14.635Z,178598311463500
"""Jonah @ xrBY5OZYCv"" calls 20",2026-08-06T02:25:13.615Z,178598311361500
"""Spenny @ S8ENkJ8OQS"" calls 20",2026-08-06T02:25:12.758Z,178598311275800
"""Stevo @ kI2bCqDOyl"" calls 20",2026-08-06T02:25:07.364Z,178598310736400
"""georgoeo @ _sqcLETZ0C"" posts a big blind of 20",2026-08-06T02:25:05.591Z,178598310559108
"""arash @ RYnRljE1SO"" posts a small blind of 10",2026-08-06T02:25:05.591Z,178598310559107
"Your hand is 10♥, 5♣",2026-08-06T02:25:05.591Z,178598310559104
"Player stacks: #1 ""Spenny @ S8ENkJ8OQS"" (290) | #3 ""Jonah @ xrBY5OZYCv"" (1000) | #7 ""arash @ RYnRljE1SO"" (3920) | #9 ""georgoeo @ _sqcLETZ0C"" (2500) | #10 ""Stevo @ kI2bCqDOyl"" (2290)",2026-08-06T02:25:05.591Z,178598310559101
"-- starting hand #104 (id: zvl6y6obcbl6)  No Limit Texas Hold'em (dealer: ""Jonah @ xrBY5OZYCv"") --",2026-08-06T02:25:05.591Z,178598310559100
"""georgoeo @ _sqcLETZ0C"" shows a A♠, 5♠.",2026-08-06T02:25:00.163Z,178598310016300
"-- ending hand #103 --",2026-08-06T02:24:59.069Z,178598309906902
"""Stevo @ kI2bCqDOyl"" collected 1670 from pot with Straight, J High (combination: 7♦, 8♠, 9♣, 10♣, J♦)",2026-08-06T02:24:59.069Z,178598309906901
"""Stevo @ kI2bCqDOyl"" shows a 10♣, 9♣.",2026-08-06T02:24:59.069Z,178598309906900
"""georgoeo @ _sqcLETZ0C"" calls 400",2026-08-06T02:24:58.259Z,178598309825900
"""Stevo @ kI2bCqDOyl"" raises to 400",2026-08-06T02:24:57.360Z,178598309736000
"""georgoeo @ _sqcLETZ0C"" bets 100",2026-08-06T02:24:53.241Z,178598309324100
"River: 6♣, 8♠, 7♦, J♦ [4♣]",2026-08-06T02:24:50.073Z,178598309007300
"""georgoeo @ _sqcLETZ0C"" calls 200",2026-08-06T02:24:49.238Z,178598308923800
"""Jonah @ xrBY5OZYCv"" folds",2026-08-06T02:24:43.555Z,178598308355500
"""Stevo @ kI2bCqDOyl"" bets 200",2026-08-06T02:24:42.677Z,178598308267700
"""georgoeo @ _sqcLETZ0C"" checks",2026-08-06T02:24:40.431Z,178598308043100
"""Jonah @ xrBY5OZYCv"" checks",2026-08-06T02:24:39.528Z,178598307952800
"Turn: 6♣, 8♠, 7♦ [J♦]",2026-08-06T02:24:38.107Z,178598307810700
"""Stevo @ kI2bCqDOyl"" calls 90",2026-08-06T02:24:37.284Z,178598307728400
"""georgoeo @ _sqcLETZ0C"" calls 90",2026-08-06T02:24:35.998Z,178598307599800
"""Jonah @ xrBY5OZYCv"" bets 90",2026-08-06T02:24:35.120Z,178598307512000
"Flop:  [6♣, 8♠, 7♦]",2026-08-06T02:24:32.661Z,178598307266100
"""Stevo @ kI2bCqDOyl"" calls 60",2026-08-06T02:24:31.843Z,178598307184300
"""georgoeo @ _sqcLETZ0C"" calls 60",2026-08-06T02:24:30.795Z,178598307079500
"""arash @ RYnRljE1SO"" folds",2026-08-06T02:24:29.953Z,178598306995300
"""Jonah @ xrBY5OZYCv"" raises to 60",2026-08-06T02:24:27.968Z,178598306796800
"""Spenny @ S8ENkJ8OQS"" folds",2026-08-06T02:24:25.350Z,178598306535000
"""Stevo @ kI2bCqDOyl"" calls 20",2026-08-06T02:24:24.344Z,178598306434400
"""georgoeo @ _sqcLETZ0C"" calls 20",2026-08-06T02:24:23.263Z,178598306326300
"""arash @ RYnRljE1SO"" posts a big blind of 20",2026-08-06T02:24:21.771Z,178598306177108
"""Jonah @ xrBY5OZYCv"" posts a small blind of 10",2026-08-06T02:24:21.771Z,178598306177107
"Your hand is 6♥, 9♠",2026-08-06T02:24:21.771Z,178598306177104
"Player stacks: #1 ""Spenny @ S8ENkJ8OQS"" (290) | #3 ""Jonah @ xrBY5OZYCv"" (1150) | #7 ""arash @ RYnRljE1SO"" (3940) | #9 ""georgoeo @ _sqcLETZ0C"" (3250) | #10 ""Stevo @ kI2bCqDOyl"" (1370)",2026-08-06T02:24:21.771Z,178598306177101
"-- starting hand #103 (id: bh4d7q8deupf)  No Limit Texas Hold'em (dealer: ""Spenny @ S8ENkJ8OQS"") --",2026-08-06T02:24:21.771Z,178598306177100
"""arash @ RYnRljE1SO"" shows a 4♦, J♣.",2026-08-06T02:24:18.343Z,178598305834300
"""Stevo @ kI2bCqDOyl"" shows a Q♥, 2♦.",2026-08-06T02:24:15.548Z,178598305554800
"-- ending hand #102 --",2026-08-06T02:24:14.676Z,178598305467602
"""Jonah @ xrBY5OZYCv"" collected 290 from pot with Pair, 7's (combination: 4♠, K♣, A♦, 7♦, 7♠)",2026-08-06T02:24:14.676Z,178598305467601
"""Spenny @ S8ENkJ8OQS"" collected 290 from pot with Pair, 7's (combination: 4♠, K♣, A♥, 7♣, 7♠)",2026-08-06T02:24:14.676Z,178598305467600
"River: 4♠, K♣, 2♣, 3♦ [7♠]",2026-08-06T02:24:10.653Z,178598305065300
"Turn: 4♠, K♣, 2♣ [3♦]",2026-08-06T02:24:06.620Z,178598304662000
"Flop:  [4♠, K♣, 2♣]",2026-08-06T02:24:02.609Z,178598304260900
"""Jonah @ xrBY5OZYCv"" shows a 7♦, A♦.",2026-08-06T02:23:58.579Z,178598303857901
"""Spenny @ S8ENkJ8OQS"" shows a A♥, 7♣.",2026-08-06T02:23:58.579Z,178598303857900
"""Stevo @ kI2bCqDOyl"" folds",2026-08-06T02:23:57.740Z,178598303774000
"""georgoeo @ _sqcLETZ0C"" folds",2026-08-06T02:23:50.799Z,178598303079900
"""arash @ RYnRljE1SO"" folds",2026-08-06T02:23:46.791Z,178598302679100
"""Jonah @ xrBY5OZYCv"" calls 260",2026-08-06T02:23:45.869Z,178598302586900
"""Spenny @ S8ENkJ8OQS"" raises to 260 and go all in",2026-08-06T02:23:43.474Z,178598302347400
"""Stevo @ kI2bCqDOyl"" calls 20",2026-08-06T02:23:40.823Z,178598302082300
"""georgoeo @ _sqcLETZ0C"" calls 20",2026-08-06T02:23:39.671Z,178598301967100
"""arash @ RYnRljE1SO"" calls 20",2026-08-06T02:23:38.808Z,178598301880800
"""Jonah @ xrBY5OZYCv"" posts a big blind of 20",2026-08-06T02:23:36.598Z,178598301659808
"""Spenny @ S8ENkJ8OQS"" posts a small blind of 10",2026-08-06T02:23:36.598Z,178598301659807
"Your hand is 4♦, J♣",2026-08-06T02:23:36.598Z,178598301659804
"Player stacks: #1 ""Spenny @ S8ENkJ8OQS"" (260) | #3 ""Jonah @ xrBY5OZYCv"" (1120) | #7 ""arash @ RYnRljE1SO"" (3960) | #9 ""georgoeo @ _sqcLETZ0C"" (3270) | #10 ""Stevo @ kI2bCqDOyl"" (1390)",2026-08-06T02:23:36.598Z,178598301659801
"-- starting hand #102 (id: juorcpqqe2fz)  No Limit Texas Hold'em (dealer: ""Stevo @ kI2bCqDOyl"") --",2026-08-06T02:23:36.598Z,178598301659800
"-- ending hand #101 --",2026-08-06T02:23:30.570Z,178598301057001
"""Spenny @ S8ENkJ8OQS"" collected 260 from pot with Two Pair, J's & 4's (combination: Q♥, 4♦, 4♣, J♠, J♦)",2026-08-06T02:23:30.570Z,178598301057000
"River: 4♦, Q♥, J♦, 6♣ [4♣]",2026-08-06T02:23:26.564Z,178598300656400
"Turn: 4♦, Q♥, J♦ [6♣]",2026-08-06T02:23:22.562Z,178598300256200
"Flop:  [4♦, Q♥, J♦]",2026-08-06T02:23:18.478Z,178598299847800
"""georgoeo @ _sqcLETZ0C"" shows a 9♠, 8♠.",2026-08-06T02:23:14.473Z,178598299447301
"""Spenny @ S8ENkJ8OQS"" shows a J♠, 5♠.",2026-08-06T02:23:14.473Z,178598299447300
"""Stevo @ kI2bCqDOyl"" folds",2026-08-06T02:23:13.588Z,178598299358800
"""georgoeo @ _sqcLETZ0C"" calls 120",2026-08-06T02:23:12.523Z,178598299252300
"""Spenny @ S8ENkJ8OQS"" raises to 120 and go all in",2026-08-06T02:23:11.415Z,178598299141500
"""Stevo @ kI2bCqDOyl"" calls 20",2026-08-06T02:23:04.653Z,178598298465300
"""georgoeo @ _sqcLETZ0C"" calls 20",2026-08-06T02:23:03.692Z,178598298369200
"""arash @ RYnRljE1SO"" folds",2026-08-06T02:23:02.863Z,178598298286300
"""Jonah @ xrBY5OZYCv"" folds",2026-08-06T02:23:00.862Z,178598298086200
"""Spenny @ S8ENkJ8OQS"" posts a big blind of 20",2026-08-06T02:22:59.465Z,178598297946508
"""Stevo @ kI2bCqDOyl"" posts a small blind of 10",2026-08-06T02:22:59.465Z,178598297946507
"Your hand is 2♠, J♣",2026-08-06T02:22:59.465Z,178598297946504
"Player stacks: #1 ""Spenny @ S8ENkJ8OQS"" (120) | #3 ""Jonah @ xrBY5OZYCv"" (1120) | #7 ""arash @ RYnRljE1SO"" (3960) | #9 ""georgoeo @ _sqcLETZ0C"" (3390) | #10 ""Stevo @ kI2bCqDOyl"" (1410)",2026-08-06T02:22:59.465Z,178598297946501
"-- starting hand #101 (id: eq0fwova8jlv)  No Limit Texas Hold'em (dealer: ""georgoeo @ _sqcLETZ0C"") --",2026-08-06T02:22:59.465Z,178598297946500
"""arash @ RYnRljE1SO"" shows a 4♥, 7♥.",2026-08-06T02:22:56.628Z,178598297662800
"""Jonah @ xrBY5OZYCv"" shows a J♥, 10♠.",2026-08-06T02:22:54.203Z,178598297420300
"-- ending hand #100 --",2026-08-06T02:22:52.463Z,178598297246302
"""georgoeo @ _sqcLETZ0C"" collected 200 from pot with Straight, Q High (combination: 8♣, 9♠, 10♦, J♣, Q♠)",2026-08-06T02:22:52.463Z,178598297246301
"""georgoeo @ _sqcLETZ0C"" shows a Q♠, 5♦.",2026-08-06T02:22:52.463Z,178598297246300
"""arash @ RYnRljE1SO"" folds",2026-08-06T02:22:51.552Z,178598297155200
"""Jonah @ xrBY5OZYCv"" calls 60",2026-08-06T02:22:50.573Z,178598297057300
"""Stevo @ kI2bCqDOyl"" folds",2026-08-06T02:22:47.375Z,178598296737500
"""georgoeo @ _sqcLETZ0C"" bets 60",2026-08-06T02:22:46.163Z,178598296616300
"River: 7♠, 9♠, 8♣, J♣ [10♦]",2026-08-06T02:22:43.861Z,178598296386100
"""arash @ RYnRljE1SO"" checks",2026-08-06T02:22:43.029Z,178598296302900
"""Jonah @ xrBY5OZYCv"" checks",2026-08-06T02:22:41.098Z,178598296109800
"""Stevo @ kI2bCqDOyl"" checks",2026-08-06T02:22:39.552Z,178598295955200
"""georgoeo @ _sqcLETZ0C"" checks",2026-08-06T02:22:38.523Z,178598295852300
"Turn: 7♠, 9♠, 8♣ [J♣]",2026-08-06T02:22:37.208Z,178598295720800
"""arash @ RYnRljE1SO"" checks",2026-08-06T02:22:36.394Z,178598295639400
"""Jonah @ xrBY5OZYCv"" checks",2026-08-06T02:22:35.493Z,178598295549300
"""Stevo @ kI2bCqDOyl"" checks",2026-08-06T02:22:30.144Z,178598295014400
"""georgoeo @ _sqcLETZ0C"" checks",2026-08-06T02:22:29.110Z,178598294911000
"Flop:  [7♠, 9♠, 8♣]",2026-08-06T02:22:26.796Z,178598294679600
"""Stevo @ kI2bCqDOyl"" checks",2026-08-06T02:22:25.876Z,178598294587600
"""georgoeo @ _sqcLETZ0C"" calls 20",2026-08-06T02:22:24.823Z,178598294482300
"""arash @ RYnRljE1SO"" calls 20",2026-08-06T02:22:23.966Z,178598294396600
"""Jonah @ xrBY5OZYCv"" calls 20",2026-08-06T02:22:23.054Z,178598294305400
"""Spenny @ S8ENkJ8OQS"" folds",2026-08-06T02:22:22.145Z,178598294214500
"""Stevo @ kI2bCqDOyl"" posts a big blind of 20",2026-08-06T02:22:20.398Z,178598294039808
"""georgoeo @ _sqcLETZ0C"" posts a small blind of 10",2026-08-06T02:22:20.398Z,178598294039807
"Your hand is 4♥, 7♥",2026-08-06T02:22:20.398Z,178598294039804
"Player stacks: #1 ""Spenny @ S8ENkJ8OQS"" (120) | #3 ""Jonah @ xrBY5OZYCv"" (1200) | #7 ""arash @ RYnRljE1SO"" (3980) | #9 ""georgoeo @ _sqcLETZ0C"" (3270) | #10 ""Stevo @ kI2bCqDOyl"" (1430)",2026-08-06T02:22:20.398Z,178598294039801
"-- starting hand #100 (id: ehwmpvjf5838)  No Limit Texas Hold'em (dealer: ""arash @ RYnRljE1SO"") --",2026-08-06T02:22:20.398Z,178598294039800
"""Stevo @ kI2bCqDOyl"" shows a K♣, 10♥.",2026-08-06T02:22:15.942Z,178598293594200
"-- ending hand #99 --",2026-08-06T02:22:13.798Z,178598293379802
"""georgoeo @ _sqcLETZ0C"" collected 460 from pot with Straight, 5 High (combination: A♣, 2♦, 3♥, 4♥, 5♣)",2026-08-06T02:22:13.798Z,178598293379801
"""georgoeo @ _sqcLETZ0C"" shows a 5♣, 2♦.",2026-08-06T02:22:13.798Z,178598293379800
"""Jonah @ xrBY5OZYCv"" folds",2026-08-06T02:22:12.912Z,178598293291200
"""Stevo @ kI2bCqDOyl"" calls 80",2026-08-06T02:22:12.019Z,178598293201900
"""georgoeo @ _sqcLETZ0C"" bets 80",2026-08-06T02:22:09.294Z,178598292929400
"River: 3♣, 10♠, 4♥, 3♥ [A♣]",2026-08-06T02:22:06.578Z,178598292657800
"""georgoeo @ _sqcLETZ0C"" calls 40",2026-08-06T02:22:05.678Z,178598292567800
"""arash @ RYnRljE1SO"" folds",2026-08-06T02:22:04.789Z,178598292478900
"""Jonah @ xrBY5OZYCv"" calls 40",2026-08-06T02:22:03.821Z,178598292382100
"""Stevo @ kI2bCqDOyl"" bets 40",2026-08-06T02:21:59.232Z,178598291923200
"""georgoeo @ _sqcLETZ0C"" checks",2026-08-06T02:21:56.875Z,178598291687500
"""arash @ RYnRljE1SO"" checks",2026-08-06T02:21:54.238Z,178598291423800
"Turn: 3♣, 10♠, 4♥ [3♥]",2026-08-06T02:21:52.168Z,178598291216800
"""georgoeo @ _sqcLETZ0C"" calls 20",2026-08-06T02:21:51.302Z,178598291130200
"""arash @ RYnRljE1SO"" calls 20",2026-08-06T02:21:45.162Z,178598290516200
"""Jonah @ xrBY5OZYCv"" calls 20",2026-08-06T02:21:42.254Z,178598290225400
"""Spenny @ S8ENkJ8OQS"" folds",2026-08-06T02:21:41.374Z,178598290137400
"""Stevo @ kI2bCqDOyl"" bets 20",2026-08-06T02:21:37.445Z,178598289744500
"""georgoeo @ _sqcLETZ0C"" checks",2026-08-06T02:21:35.884Z,178598289588400
"""arash @ RYnRljE1SO"" checks",2026-08-06T02:21:32.087Z,178598289208700
"Flop:  [3♣, 10♠, 4♥]",2026-08-06T02:21:29.817Z,178598288981700
"""georgoeo @ _sqcLETZ0C"" checks",2026-08-06T02:21:28.983Z,178598288898300
"""arash @ RYnRljE1SO"" calls 20",2026-08-06T02:21:28.117Z,178598288811700
"""Jonah @ xrBY5OZYCv"" calls 20",2026-08-06T02:21:27.207Z,178598288720700
"""Spenny @ S8ENkJ8OQS"" calls 20",2026-08-06T02:21:26.233Z,178598288623300
"""Stevo @ kI2bCqDOyl"" calls 20",2026-08-06T02:21:25.216Z,178598288521600
"""georgoeo @ _sqcLETZ0C"" posts a big blind of 20",2026-08-06T02:21:24.156Z,178598288415608
"""arash @ RYnRljE1SO"" posts a small blind of 10",2026-08-06T02:21:24.156Z,178598288415607
"Your hand is 7♠, 2♥",2026-08-06T02:21:24.156Z,178598288415604
"Player stacks: #1 ""Spenny @ S8ENkJ8OQS"" (140) | #3 ""Jonah @ xrBY5OZYCv"" (1280) | #7 ""arash @ RYnRljE1SO"" (4020) | #9 ""georgoeo @ _sqcLETZ0C"" (2970) | #10 ""Stevo @ kI2bCqDOyl"" (1590)",2026-08-06T02:21:24.156Z,178598288415601
"-- starting hand #99 (id: huyf0nspj1su)  No Limit Texas Hold'em (dealer: ""Jonah @ xrBY5OZYCv"") --",2026-08-06T02:21:24.156Z,178598288415600
"""Spenny @ S8ENkJ8OQS"" shows a K♠, 6♦.",2026-08-06T02:21:21.490Z,178598288149000
"""georgoeo @ _sqcLETZ0C"" shows a 8♥, J♥.",2026-08-06T02:21:20.363Z,178598288036300
"-- ending hand #98 --",2026-08-06T02:21:19.754Z,178598287975402
"""georgoeo @ _sqcLETZ0C"" collected 180 from pot",2026-08-06T02:21:19.754Z,178598287975401
"Uncalled bet of 80 returned to ""georgoeo @ _sqcLETZ0C""",2026-08-06T02:21:19.754Z,178598287975400
"""arash @ RYnRljE1SO"" folds",2026-08-06T02:21:18.919Z,178598287891900
"""georgoeo @ _sqcLETZ0C"" bets 80",2026-08-06T02:21:17.641Z,178598287764100
"""arash @ RYnRljE1SO"" checks",2026-08-06T02:21:13.620Z,178598287362000
"River: 6♣, 6♥, 3♥, 8♣ [8♦]",2026-08-06T02:21:09.409Z,178598286940900
"""Jonah @ xrBY5OZYCv"" folds",2026-08-06T02:21:08.592Z,178598286859200
"""Stevo @ kI2bCqDOyl"" folds",2026-08-06T02:21:04.772Z,178598286477200
"""georgoeo @ _sqcLETZ0C"" calls 50",2026-08-06T02:21:03.794Z,178598286379400
"""arash @ RYnRljE1SO"" bets 50",2026-08-06T02:20:57.005Z,178598285700500
"""Jonah @ xrBY5OZYCv"" checks",2026-08-06T02:20:53.894Z,178598285389400
"Turn: 6♣, 6♥, 3♥ [8♣]",2026-08-06T02:20:52.579Z,178598285257900
"""Stevo @ kI2bCqDOyl"" checks",2026-08-06T02:20:51.769Z,178598285176900
"""georgoeo @ _sqcLETZ0C"" checks",2026-08-06T02:20:50.721Z,178598285072100
"""arash @ RYnRljE1SO"" checks",2026-08-06T02:20:48.797Z,178598284879700
"""Jonah @ xrBY5OZYCv"" checks",2026-08-06T02:20:44.035Z,178598284403500
"Flop:  [6♣, 6♥, 3♥]",2026-08-06T02:20:42.290Z,178598284229000
"""arash @ RYnRljE1SO"" checks",2026-08-06T02:20:41.411Z,178598284141100
"""Jonah @ xrBY5OZYCv"" calls 20",2026-08-06T02:20:38.329Z,178598283832900
"""Spenny @ S8ENkJ8OQS"" folds",2026-08-06T02:20:37.405Z,178598283740500
"""Stevo @ kI2bCqDOyl"" calls 20",2026-08-06T02:20:36.513Z,178598283651300
"""georgoeo @ _sqcLETZ0C"" calls 20",2026-08-06T02:20:35.390Z,178598283539000
"""arash @ RYnRljE1SO"" posts a big blind of 20",2026-08-06T02:20:33.880Z,178598283388008
"""Jonah @ xrBY5OZYCv"" posts a small blind of 10",2026-08-06T02:20:33.880Z,178598283388007
"Your hand is 3♣, 5♣",2026-08-06T02:20:33.880Z,178598283388004
"Player stacks: #1 ""Spenny @ S8ENkJ8OQS"" (140) | #3 ""Jonah @ xrBY5OZYCv"" (1300) | #7 ""arash @ RYnRljE1SO"" (4090) | #9 ""georgoeo @ _sqcLETZ0C"" (2860) | #10 ""Stevo @ kI2bCqDOyl"" (1610)",2026-08-06T02:20:33.880Z,178598283388001
"-- starting hand #98 (id: qru39uagswjl)  No Limit Texas Hold'em (dealer: ""Spenny @ S8ENkJ8OQS"") --",2026-08-06T02:20:33.880Z,178598283388000
"-- ending hand #97 --",2026-08-06T02:20:27.876Z,178598282787602
"""Stevo @ kI2bCqDOyl"" collected 60 from pot",2026-08-06T02:20:27.876Z,178598282787601
"Uncalled bet of 20 returned to ""Stevo @ kI2bCqDOyl""",2026-08-06T02:20:27.876Z,178598282787600
"""Jonah @ xrBY5OZYCv"" folds",2026-08-06T02:20:26.964Z,178598282696400
"""Spenny @ S8ENkJ8OQS"" folds",2026-08-06T02:20:26.082Z,178598282608200
"""Stevo @ kI2bCqDOyl"" bets 20",2026-08-06T02:20:22.765Z,178598282276500
"""Jonah @ xrBY5OZYCv"" checks",2026-08-06T02:20:21.603Z,178598282160300
"""Spenny @ S8ENkJ8OQS"" checks",2026-08-06T02:20:20.739Z,178598282073900
"Turn: 3♣, 5♦, K♠ [9♦]",2026-08-06T02:20:18.676Z,178598281867600
"""Stevo @ kI2bCqDOyl"" checks",2026-08-06T02:20:17.771Z,178598281777100
"""Jonah @ xrBY5OZYCv"" checks",2026-08-06T02:20:16.726Z,178598281672600
"""Spenny @ S8ENkJ8OQS"" checks",2026-08-06T02:20:15.828Z,178598281582800
"Flop:  [3♣, 5♦, K♠]",2026-08-06T02:20:14.140Z,178598281414000
"""Jonah @ xrBY5OZYCv"" checks",2026-08-06T02:20:13.322Z,178598281332200
"""Spenny @ S8ENkJ8OQS"" calls 20",2026-08-06T02:20:12.350Z,178598281235000
"""Stevo @ kI2bCqDOyl"" calls 20",2026-08-06T02:20:11.418Z,178598281141800
"""georgoeo @ _sqcLETZ0C"" folds",2026-08-06T02:20:10.378Z,178598281037800
"""arash @ RYnRljE1SO"" folds",2026-08-06T02:20:09.288Z,178598280928800
"""Jonah @ xrBY5OZYCv"" posts a big blind of 20",2026-08-06T02:20:07.703Z,178598280770308
"""Spenny @ S8ENkJ8OQS"" posts a small blind of 10",2026-08-06T02:20:07.703Z,178598280770307
"Your hand is 8♣, 2♠",2026-08-06T02:20:07.703Z,178598280770304
"Player stacks: #1 ""Spenny @ S8ENkJ8OQS"" (160) | #3 ""Jonah @ xrBY5OZYCv"" (1320) | #7 ""arash @ RYnRljE1SO"" (4090) | #9 ""georgoeo @ _sqcLETZ0C"" (2860) | #10 ""Stevo @ kI2bCqDOyl"" (1570)",2026-08-06T02:20:07.703Z,178598280770301
"-- starting hand #97 (id: kaopd6zpil1m)  No Limit Texas Hold'em (dealer: ""Stevo @ kI2bCqDOyl"") --",2026-08-06T02:20:07.703Z,178598280770300
"""georgoeo @ _sqcLETZ0C"" shows a 9♥, 7♦.",2026-08-06T02:20:04.344Z,178598280434400
"""Stevo @ kI2bCqDOyl"" shows a A♥, 8♦.",2026-08-06T02:20:01.953Z,178598280195300
"-- ending hand #96 --",2026-08-06T02:20:00.667Z,178598280066703
"""arash @ RYnRljE1SO"" collected 220 from pot with Pair, Q's (combination: 9♦, K♦, A♣, Q♣, Q♦)",2026-08-06T02:20:00.667Z,178598280066702
"""arash @ RYnRljE1SO"" shows a Q♣, 9♦.",2026-08-06T02:20:00.667Z,178598280066701
"""Spenny @ S8ENkJ8OQS"" shows a Q♠, 2♥.",2026-08-06T02:20:00.667Z,178598280066700
"""georgoeo @ _sqcLETZ0C"" checks",2026-08-06T02:19:59.815Z,178598279981500
"""arash @ RYnRljE1SO"" checks",2026-08-06T02:19:58.944Z,178598279894400
"""Spenny @ S8ENkJ8OQS"" checks",2026-08-06T02:19:57.054Z,178598279705400
"River: K♦, Q♦, 5♠, 6♣ [A♣]",2026-08-06T02:19:55.669Z,178598279566900
"""Jonah @ xrBY5OZYCv"" folds",2026-08-06T02:19:54.851Z,178598279485100
"""Spenny @ S8ENkJ8OQS"" calls 40",2026-08-06T02:19:53.988Z,178598279398800
"""Stevo @ kI2bCqDOyl"" folds",2026-08-06T02:19:50.227Z,178598279022700
"""georgoeo @ _sqcLETZ0C"" calls 40",2026-08-06T02:19:49.250Z,178598278925000
"""arash @ RYnRljE1SO"" bets 40",2026-08-06T02:19:47.805Z,178598278780500
"""Jonah @ xrBY5OZYCv"" checks",2026-08-06T02:19:43.734Z,178598278373400
"""Spenny @ S8ENkJ8OQS"" checks",2026-08-06T02:19:42.865Z,178598278286500
"""Stevo @ kI2bCqDOyl"" checks",2026-08-06T02:19:41.917Z,178598278191700
"Turn: K♦, Q♦, 5♠ [6♣]",2026-08-06T02:19:40.860Z,178598278086000
"""georgoeo @ _sqcLETZ0C"" checks",2026-08-06T02:19:40.013Z,178598278001300
"""arash @ RYnRljE1SO"" checks",2026-08-06T02:19:39.175Z,178598277917500
"""Jonah @ xrBY5OZYCv"" checks",2026-08-06T02:19:38.234Z,178598277823400
"""Spenny @ S8ENkJ8OQS"" checks",2026-08-06T02:19:37.346Z,178598277734600
"""Stevo @ kI2bCqDOyl"" checks",2026-08-06T02:19:35.463Z,178598277546300
"Flop:  [K♦, Q♦, 5♠]",2026-08-06T02:19:33.875Z,178598277387500
"""Spenny @ S8ENkJ8OQS"" checks",2026-08-06T02:19:33.065Z,178598277306500
"""Stevo @ kI2bCqDOyl"" calls 20",2026-08-06T02:19:32.097Z,178598277209700
"""georgoeo @ _sqcLETZ0C"" calls 20",2026-08-06T02:19:31.035Z,178598277103500
"""arash @ RYnRljE1SO"" calls 20",2026-08-06T02:19:30.200Z,178598277020000
"""Jonah @ xrBY5OZYCv"" calls 20",2026-08-06T02:19:28.663Z,178598276866300
"""Spenny @ S8ENkJ8OQS"" posts a big blind of 20",2026-08-06T02:19:23.582Z,178598276358208
"""Stevo @ kI2bCqDOyl"" posts a small blind of 10",2026-08-06T02:19:23.582Z,178598276358207
"Your hand is Q♣, 9♦",2026-08-06T02:19:23.582Z,178598276358204
"Player stacks: #1 ""Spenny @ S8ENkJ8OQS"" (220) | #3 ""Jonah @ xrBY5OZYCv"" (1340) | #7 ""arash @ RYnRljE1SO"" (3930) | #9 ""georgoeo @ _sqcLETZ0C"" (2920) | #10 ""Stevo @ kI2bCqDOyl"" (1590)",2026-08-06T02:19:23.582Z,178598276358201
"-- starting hand #96 (id: whdawc0mufli)  No Limit Texas Hold'em (dealer: ""georgoeo @ _sqcLETZ0C"") --",2026-08-06T02:19:23.582Z,178598276358200
"Undealt cards: 8♥, 6♣, 7♥ [2♣, 2♦]",2026-08-06T02:19:18.115Z,178598275811500
"-- ending hand #95 --",2026-08-06T02:19:17.560Z,178598275756002
"""Stevo @ kI2bCqDOyl"" collected 160 from pot",2026-08-06T02:19:17.560Z,178598275756001
"Uncalled bet of 80 returned to ""Stevo @ kI2bCqDOyl""",2026-08-06T02:19:17.560Z,178598275756000
"""georgoeo @ _sqcLETZ0C"" folds",2026-08-06T02:19:16.740Z,178598275674000
"""Stevo @ kI2bCqDOyl"" bets 80",2026-08-06T02:19:10.810Z,178598275081000
"""georgoeo @ _sqcLETZ0C"" checks",2026-08-06T02:19:08.399Z,178598274839900
"Flop:  [8♥, 6♣, 7♥]",2026-08-06T02:19:06.833Z,178598274683300
"""georgoeo @ _sqcLETZ0C"" calls 60",2026-08-06T02:19:06.002Z,178598274600200
"""arash @ RYnRljE1SO"" folds",2026-08-06T02:19:05.155Z,178598274515500
"""Jonah @ xrBY5OZYCv"" folds",2026-08-06T02:19:01.559Z,178598274155900
"""Stevo @ kI2bCqDOyl"" raises to 60",2026-08-06T02:18:57.941Z,178598273794100
"""georgoeo @ _sqcLETZ0C"" calls 20",2026-08-06T02:18:55.799Z,178598273579900
"""arash @ RYnRljE1SO"" calls 20",2026-08-06T02:18:54.876Z,178598273487600
"""Jonah @ xrBY5OZYCv"" calls 20",2026-08-06T02:18:53.920Z,178598273392000
"""Spenny @ S8ENkJ8OQS"" folds",2026-08-06T02:18:51.258Z,178598273125800
"""Stevo @ kI2bCqDOyl"" posts a big blind of 20",2026-08-06T02:18:49.580Z,178598272958008
"""georgoeo @ _sqcLETZ0C"" posts a small blind of 10",2026-08-06T02:18:49.580Z,178598272958007
"Your hand is 4♥, 10♣",2026-08-06T02:18:49.580Z,178598272958004
"Player stacks: #1 ""Spenny @ S8ENkJ8OQS"" (220) | #3 ""Jonah @ xrBY5OZYCv"" (1360) | #7 ""arash @ RYnRljE1SO"" (3950) | #9 ""georgoeo @ _sqcLETZ0C"" (2980) | #10 ""Stevo @ kI2bCqDOyl"" (1490)",2026-08-06T02:18:49.580Z,178598272958001
"-- starting hand #95 (id: secxwmmj8kcn)  No Limit Texas Hold'em (dead button) --",2026-08-06T02:18:49.580Z,178598272958000
"""georgoeo @ _sqcLETZ0C"" shows a 4♠.",2026-08-06T02:18:46.693Z,178598272669300
"""georgoeo @ _sqcLETZ0C"" shows a 5♥.",2026-08-06T02:18:46.291Z,178598272629100
"-- ending hand #94 --",2026-08-06T02:18:45.969Z,178598272596902
"""georgoeo @ _sqcLETZ0C"" collected 160 from pot",2026-08-06T02:18:45.969Z,178598272596901
"Uncalled bet of 60 returned to ""georgoeo @ _sqcLETZ0C""",2026-08-06T02:18:45.969Z,178598272596900
"""arash @ RYnRljE1SO"" folds",2026-08-06T02:18:45.140Z,178598272514000
"""georgoeo @ _sqcLETZ0C"" bets 60",2026-08-06T02:18:42.295Z,178598272229500
"River: 5♦, 5♠, Q♠, 4♦ [K♥]",2026-08-06T02:18:40.047Z,178598272004700
"""arash @ RYnRljE1SO"" calls 40",2026-08-06T02:18:39.171Z,178598271917100
"""georgoeo @ _sqcLETZ0C"" bets 40",2026-08-06T02:18:34.526Z,178598271452600
"Turn: 5♦, 5♠, Q♠ [4♦]",2026-08-06T02:18:32.759Z,178598271275900
"""arash @ RYnRljE1SO"" calls 20",2026-08-06T02:18:31.870Z,178598271187000
"""georgoeo @ _sqcLETZ0C"" bets 20",2026-08-06T02:18:29.108Z,178598270910800
"Flop:  [5♦, 5♠, Q♠]",2026-08-06T02:18:27.608Z,178598270760800
"""georgoeo @ _sqcLETZ0C"" checks",2026-08-06T02:18:26.781Z,178598270678100
"""arash @ RYnRljE1SO"" calls 20",2026-08-06T02:18:25.842Z,178598270584200
"""Jonah @ xrBY5OZYCv"" folds",2026-08-06T02:18:22.405Z,178598270240500
"""Spenny @ S8ENkJ8OQS"" folds",2026-08-06T02:18:21.472Z,178598270147200
"""Stevo @ kI2bCqDOyl"" folds",2026-08-06T02:18:20.574Z,178598270057400
"""georgoeo @ _sqcLETZ0C"" posts a big blind of 20",2026-08-06T02:18:18.088Z,178598269808809
"Dead Small Blind",2026-08-06T02:18:18.088Z,178598269808808
"Your hand is 6♥, 6♠",2026-08-06T02:18:18.088Z,178598269808805
"Player stacks: #1 ""Spenny @ S8ENkJ8OQS"" (220) | #3 ""Jonah @ xrBY5OZYCv"" (1360) | #7 ""arash @ RYnRljE1SO"" (4030) | #9 ""georgoeo @ _sqcLETZ0C"" (2900) | #10 ""Stevo @ kI2bCqDOyl"" (1490)",2026-08-06T02:18:18.088Z,178598269808802
"-- starting hand #94 (id: wmtk0wycgsil)  No Limit Texas Hold'em (dealer: ""arash @ RYnRljE1SO"") --",2026-08-06T02:18:18.088Z,178598269808801
"The player ""peelic @ vOeqrOXpLT"" quits the game with a stack of 0.",2026-08-06T02:18:18.088Z,178598269808800
"Asking to busted players the rebuy decision.",2026-08-06T02:18:17.393Z,178598269739300
"-- ending hand #93 --",2026-08-06T02:18:11.371Z,178598269137101
"""arash @ RYnRljE1SO"" collected 940 from pot with Flush, A High (combination: 4♣, 5♣, 10♣, Q♣, A♣)",2026-08-06T02:18:11.371Z,178598269137100
"River: 4♣, 10♣, 5♣, J♠ [A♣]",2026-08-06T02:18:07.351Z,178598268735100
"Turn: 4♣, 10♣, 5♣ [J♠]",2026-08-06T02:18:03.201Z,178598268320100
"""peelic @ vOeqrOXpLT"" shows a J♣, 10♦.",2026-08-06T02:17:59.148Z,178598267914801
"""arash @ RYnRljE1SO"" shows a Q♣, 6♥.",2026-08-06T02:17:59.148Z,178598267914800
"""arash @ RYnRljE1SO"" calls 410",2026-08-06T02:17:58.339Z,178598267833900
"""Jonah @ xrBY5OZYCv"" folds",2026-08-06T02:17:56.751Z,178598267675100
"""Spenny @ S8ENkJ8OQS"" folds",2026-08-06T02:17:55.778Z,178598267577800
"""Stevo @ kI2bCqDOyl"" folds",2026-08-06T02:17:50.633Z,178598267063300
"""georgoeo @ _sqcLETZ0C"" folds",2026-08-06T02:17:49.419Z,178598266941900
"""peelic @ vOeqrOXpLT"" bets 410 and go all in",2026-08-06T02:17:47.444Z,178598266744400
"""arash @ RYnRljE1SO"" checks",2026-08-06T02:17:45.654Z,178598266565400
"Flop:  [4♣, 10♣, 5♣]",2026-08-06T02:17:43.940Z,178598266394000
"""peelic @ vOeqrOXpLT"" checks",2026-08-06T02:17:43.125Z,178598266312500
"""arash @ RYnRljE1SO"" calls 20",2026-08-06T02:17:41.785Z,178598266178500
"""Jonah @ xrBY5OZYCv"" calls 20",2026-08-06T02:17:40.737Z,178598266073700
"""Spenny @ S8ENkJ8OQS"" calls 20",2026-08-06T02:17:39.764Z,178598265976400
"""Stevo @ kI2bCqDOyl"" calls 20",2026-08-06T02:17:38.854Z,178598265885400
"""georgoeo @ _sqcLETZ0C"" calls 20",2026-08-06T02:17:37.786Z,178598265778600
"""peelic @ vOeqrOXpLT"" posts a big blind of 20",2026-08-06T02:17:31.682Z,178598265168209
"""arash @ RYnRljE1SO"" posts a small blind of 10",2026-08-06T02:17:31.682Z,178598265168208
"Your hand is Q♣, 6♥",2026-08-06T02:17:31.682Z,178598265168204
"Player stacks: #1 ""Spenny @ S8ENkJ8OQS"" (240) | #3 ""Jonah @ xrBY5OZYCv"" (1380) | #7 ""arash @ RYnRljE1SO"" (3520) | #8 ""peelic @ vOeqrOXpLT"" (430) | #9 ""georgoeo @ _sqcLETZ0C"" (2920) | #10 ""Stevo @ kI2bCqDOyl"" (1510)",2026-08-06T02:17:31.682Z,178598265168201
"-- starting hand #93 (id: 3xgeyed4utks)  No Limit Texas Hold'em (dealer: ""Jonah @ xrBY5OZYCv"") --",2026-08-06T02:17:31.682Z,178598265168200
"""Spenny @ S8ENkJ8OQS"" shows a 8♠, 3♦.",2026-08-06T02:17:27.199Z,178598264719900
"Undealt cards: 2♣, 10♥, 5♦ [J♥, 6♦]",2026-08-06T02:17:25.656Z,178598264565600
"-- ending hand #92 --",2026-08-06T02:17:25.062Z,178598264506202
"""peelic @ vOeqrOXpLT"" collected 80 from pot",2026-08-06T02:17:25.062Z,178598264506201
"Uncalled bet of 100 returned to ""peelic @ vOeqrOXpLT""",2026-08-06T02:17:25.062Z,178598264506200
"""arash @ RYnRljE1SO"" folds",2026-08-06T02:17:24.141Z,178598264414100
"""Jonah @ xrBY5OZYCv"" folds",2026-08-06T02:17:20.680Z,178598264068000
"""Stevo @ kI2bCqDOyl"" folds",2026-08-06T02:17:18.905Z,178598263890500
"""peelic @ vOeqrOXpLT"" bets 100",2026-08-06T02:17:17.735Z,178598263773500
"""arash @ RYnRljE1SO"" checks",2026-08-06T02:17:14.904Z,178598263490400
"""Jonah @ xrBY5OZYCv"" checks",2026-08-06T02:17:13.686Z,178598263368600
"Flop:  [2♣, 10♥, 5♦]",2026-08-06T02:17:11.853Z,178598263185300
"""arash @ RYnRljE1SO"" checks",2026-08-06T02:17:10.923Z,178598263092300
"""Jonah @ xrBY5OZYCv"" calls 20",2026-08-06T02:17:08.306Z,178598262830600
"""Spenny @ S8ENkJ8OQS"" folds",2026-08-06T02:17:07.329Z,178598262732900
"""Stevo @ kI2bCqDOyl"" calls 20",2026-08-06T02:17:06.286Z,178598262628600
"""georgoeo @ _sqcLETZ0C"" folds",2026-08-06T02:17:05.095Z,178598262509500
"""peelic @ vOeqrOXpLT"" calls 20",2026-08-06T02:16:58.860Z,178598261886000
"""arash @ RYnRljE1SO"" posts a big blind of 20",2026-08-06T02:16:57.207Z,178598261720709
"""Jonah @ xrBY5OZYCv"" posts a small blind of 10",2026-08-06T02:16:57.207Z,178598261720708
"Your hand is K♦, 9♦",2026-08-06T02:16:57.207Z,178598261720704
"Player stacks: #1 ""Spenny @ S8ENkJ8OQS"" (240) | #3 ""Jonah @ xrBY5OZYCv"" (1400) | #7 ""arash @ RYnRljE1SO"" (3540) | #8 ""peelic @ vOeqrOXpLT"" (370) | #9 ""georgoeo @ _sqcLETZ0C"" (2920) | #10 ""Stevo @ kI2bCqDOyl"" (1530)",2026-08-06T02:16:57.207Z,178598261720701
"-- starting hand #92 (id: pcpiubqajdvq)  No Limit Texas Hold'em (dealer: ""Spenny @ S8ENkJ8OQS"") --",2026-08-06T02:16:57.207Z,178598261720700
"""georgoeo @ _sqcLETZ0C"" shows a 9♠, 10♣.",2026-08-06T02:16:53.862Z,178598261386200
"Undealt cards: K♠, 6♦, J♥ [7♣, 9♦]",2026-08-06T02:16:51.466Z,178598261146600
"-- ending hand #91 --",2026-08-06T02:16:50.598Z,178598261059802
"""peelic @ vOeqrOXpLT"" collected 120 from pot",2026-08-06T02:16:50.598Z,178598261059801
"Uncalled bet of 250 returned to ""peelic @ vOeqrOXpLT""",2026-08-06T02:16:50.598Z,178598261059800
"""arash @ RYnRljE1SO"" folds",2026-08-06T02:16:49.650Z,178598260965000
"""Jonah @ xrBY5OZYCv"" folds",2026-08-06T02:16:40.823Z,178598260082300
"""Spenny @ S8ENkJ8OQS"" folds",2026-08-06T02:16:39.276Z,178598259927600
"""Stevo @ kI2bCqDOyl"" folds",2026-08-06T02:16:38.332Z,178598259833200
"""georgoeo @ _sqcLETZ0C"" folds",2026-08-06T02:16:37.256Z,178598259725600
"""peelic @ vOeqrOXpLT"" bets 250 and go all in",2026-08-06T02:16:31.844Z,178598259184400
"""arash @ RYnRljE1SO"" checks",2026-08-06T02:16:27.471Z,178598258747100
"""Jonah @ xrBY5OZYCv"" checks",2026-08-06T02:16:26.427Z,178598258642700
"""Spenny @ S8ENkJ8OQS"" checks",2026-08-06T02:16:25.521Z,178598258552100
"Flop:  [K♠, 6♦, J♥]",2026-08-06T02:16:23.173Z,178598258317300
"""Jonah @ xrBY5OZYCv"" checks",2026-08-06T02:16:22.355Z,178598258235500
"""Spenny @ S8ENkJ8OQS"" calls 20",2026-08-06T02:16:21.468Z,178598258146800
"""Stevo @ kI2bCqDOyl"" calls 20",2026-08-06T02:16:20.521Z,178598258052100
"""georgoeo @ _sqcLETZ0C"" calls 20",2026-08-06T02:16:19.327Z,178598257932700
"""peelic @ vOeqrOXpLT"" calls 20",2026-08-06T02:16:18.478Z,178598257847800
"""arash @ RYnRljE1SO"" calls 20",2026-08-06T02:16:16.151Z,178598257615100
"""Jonah @ xrBY5OZYCv"" posts a big blind of 20",2026-08-06T02:16:14.299Z,178598257429909
"""Spenny @ S8ENkJ8OQS"" posts a small blind of 10",2026-08-06T02:16:14.299Z,178598257429908
"Your hand is 8♦, 3♠",2026-08-06T02:16:14.299Z,178598257429904
"Player stacks: #1 ""Spenny @ S8ENkJ8OQS"" (260) | #3 ""Jonah @ xrBY5OZYCv"" (1420) | #7 ""arash @ RYnRljE1SO"" (3560) | #8 ""peelic @ vOeqrOXpLT"" (270) | #9 ""georgoeo @ _sqcLETZ0C"" (2940) | #10 ""Stevo @ kI2bCqDOyl"" (1550)",2026-08-06T02:16:14.299Z,178598257429901
"-- starting hand #91 (id: h4esgcpcqk6x)  No Limit Texas Hold'em (dealer: ""Stevo @ kI2bCqDOyl"") --",2026-08-06T02:16:14.299Z,178598257429900
"""Stevo @ kI2bCqDOyl"" shows a A♦, 3♦.",2026-08-06T02:16:11.372Z,178598257137200
"-- ending hand #90 --",2026-08-06T02:16:10.619Z,178598257061902
"""Stevo @ kI2bCqDOyl"" collected 180 from pot",2026-08-06T02:16:10.619Z,178598257061901
"Uncalled bet of 100 returned to ""Stevo @ kI2bCqDOyl""",2026-08-06T02:16:10.619Z,178598257061900
"""peelic @ vOeqrOXpLT"" folds",2026-08-06T02:16:09.804Z,178598256980400
"""arash @ RYnRljE1SO"" folds",2026-08-06T02:16:07.077Z,178598256707700
"""Spenny @ S8ENkJ8OQS"" folds",2026-08-06T02:16:06.169Z,178598256616900
"""Stevo @ kI2bCqDOyl"" bets 100",2026-08-06T02:16:05.214Z,178598256521400
"River: 3♥, 5♣, J♠, 4♥ [3♣]",2026-08-06T02:16:01.485Z,178598256148500
"""peelic @ vOeqrOXpLT"" checks",2026-08-06T02:16:00.580Z,178598256058000
"""arash @ RYnRljE1SO"" checks",2026-08-06T02:15:56.984Z,178598255698400
"""Spenny @ S8ENkJ8OQS"" checks",2026-08-06T02:15:55.980Z,178598255598000
"""Stevo @ kI2bCqDOyl"" checks",2026-08-06T02:15:54.779Z,178598255477900
"Turn: 3♥, 5♣, J♠ [4♥]",2026-08-06T02:15:52.953Z,178598255295300
"""georgoeo @ _sqcLETZ0C"" folds",2026-08-06T02:15:52.100Z,178598255210000
"""peelic @ vOeqrOXpLT"" calls 20",2026-08-06T02:15:51.191Z,178598255119100
"""arash @ RYnRljE1SO"" calls 20",2026-08-06T02:15:50.340Z,178598255034000
"""Spenny @ S8ENkJ8OQS"" calls 20",2026-08-06T02:15:46.782Z,178598254678200
"""Stevo @ kI2bCqDOyl"" bets 20",2026-08-06T02:15:43.071Z,178598254307100
"Flop:  [3♥, 5♣, J♠]",2026-08-06T02:15:41.876Z,178598254187600
"""Spenny @ S8ENkJ8OQS"" checks",2026-08-06T02:15:40.979Z,178598254097900
"""Stevo @ kI2bCqDOyl"" calls 20",2026-08-06T02:15:40.051Z,178598254005100
"""georgoeo @ _sqcLETZ0C"" calls 20",2026-08-06T02:15:38.977Z,178598253897700
"""peelic @ vOeqrOXpLT"" calls 20",2026-08-06T02:15:38.108Z,178598253810800
"""arash @ RYnRljE1SO"" calls 20",2026-08-06T02:15:37.223Z,178598253722300
"""Jonah @ xrBY5OZYCv"" folds",2026-08-06T02:15:36.275Z,178598253627500
"""Spenny @ S8ENkJ8OQS"" posts a big blind of 20",2026-08-06T02:15:26.256Z,178598252625609
"""Stevo @ kI2bCqDOyl"" posts a small blind of 10",2026-08-06T02:15:26.256Z,178598252625608
"Your hand is K♦, 9♣",2026-08-06T02:15:26.256Z,178598252625604
"Player stacks: #1 ""Spenny @ S8ENkJ8OQS"" (300) | #3 ""Jonah @ xrBY5OZYCv"" (1420) | #7 ""arash @ RYnRljE1SO"" (3600) | #8 ""peelic @ vOeqrOXpLT"" (310) | #9 ""georgoeo @ _sqcLETZ0C"" (2960) | #10 ""Stevo @ kI2bCqDOyl"" (1410)",2026-08-06T02:15:26.256Z,178598252625601
"-- starting hand #90 (id: 3insqxprnwui)  No Limit Texas Hold'em (dealer: ""georgoeo @ _sqcLETZ0C"") --",2026-08-06T02:15:26.256Z,178598252625600
"""arash @ RYnRljE1SO"" shows a A♦, 10♦.",2026-08-06T02:15:24.423Z,178598252442300
"Undealt cards: 2♥, Q♠, 7♥ [10♠, 10♣]",2026-08-06T02:15:21.241Z,178598252124100
"-- ending hand #89 --",2026-08-06T02:15:19.610Z,178598251961002
"""Stevo @ kI2bCqDOyl"" collected 80 from pot",2026-08-06T02:15:19.610Z,178598251961001
"Uncalled bet of 40 returned to ""Stevo @ kI2bCqDOyl""",2026-08-06T02:15:19.610Z,178598251961000
"""georgoeo @ _sqcLETZ0C"" folds",2026-08-06T02:15:18.792Z,178598251879200
"""peelic @ vOeqrOXpLT"" folds",2026-08-06T02:15:13.835Z,178598251383500
"""arash @ RYnRljE1SO"" folds",2026-08-06T02:15:12.913Z,178598251291300
"""Stevo @ kI2bCqDOyl"" bets 40",2026-08-06T02:15:09.486Z,178598250948600
"""georgoeo @ _sqcLETZ0C"" checks",2026-08-06T02:15:06.982Z,178598250698200
"Flop:  [2♥, Q♠, 7♥]",2026-08-06T02:15:04.399Z,178598250439900
"""Stevo @ kI2bCqDOyl"" checks",2026-08-06T02:15:03.539Z,178598250353900
"""georgoeo @ _sqcLETZ0C"" calls 20",2026-08-06T02:15:02.499Z,178598250249900
"""peelic @ vOeqrOXpLT"" calls 20",2026-08-06T02:15:01.583Z,178598250158300
"""arash @ RYnRljE1SO"" calls 20",2026-08-06T02:15:00.551Z,178598250055100
"""Jonah @ xrBY5OZYCv"" folds",2026-08-06T02:14:58.854Z,178598249885400
"""Spenny @ S8ENkJ8OQS"" folds",2026-08-06T02:14:57.986Z,178598249798600
"""Stevo @ kI2bCqDOyl"" posts a big blind of 20",2026-08-06T02:14:55.883Z,178598249588309
"""georgoeo @ _sqcLETZ0C"" posts a small blind of 10",2026-08-06T02:14:55.883Z,178598249588308
"Your hand is A♦, 10♦",2026-08-06T02:14:55.883Z,178598249588304
"Player stacks: #1 ""Spenny @ S8ENkJ8OQS"" (300) | #3 ""Jonah @ xrBY5OZYCv"" (1420) | #7 ""arash @ RYnRljE1SO"" (3620) | #8 ""peelic @ vOeqrOXpLT"" (330) | #9 ""georgoeo @ _sqcLETZ0C"" (2980) | #10 ""Stevo @ kI2bCqDOyl"" (1350)",2026-08-06T02:14:55.883Z,178598249588301
"-- starting hand #89 (id: 2tfa0m6jrggc)  No Limit Texas Hold'em (dealer: ""peelic @ vOeqrOXpLT"") --",2026-08-06T02:14:55.883Z,178598249588300
"-- ending hand #88 --",2026-08-06T02:14:49.855Z,178598248985502
"""Stevo @ kI2bCqDOyl"" collected 660 from pot with Two Pair, Q's & 7's (combination: 10♣, 7♠, 7♦, Q♦, Q♠)",2026-08-06T02:14:49.855Z,178598248985501
"""Stevo @ kI2bCqDOyl"" shows a 7♠, Q♦.",2026-08-06T02:14:49.855Z,178598248985500
"""peelic @ vOeqrOXpLT"" calls 80",2026-08-06T02:14:49.013Z,178598248901300
"""Jonah @ xrBY5OZYCv"" folds",2026-08-06T02:14:46.438Z,178598248643800
"""Stevo @ kI2bCqDOyl"" raises to 80",2026-08-06T02:14:45.551Z,178598248555100
"""peelic @ vOeqrOXpLT"" bets 40",2026-08-06T02:14:43.630Z,178598248363000
"River: 3♦, 7♦, 2♦, Q♠ [10♣]",2026-08-06T02:14:38.981Z,178598247898100
"""peelic @ vOeqrOXpLT"" calls 60",2026-08-06T02:14:38.091Z,178598247809100
"""arash @ RYnRljE1SO"" folds",2026-08-06T02:14:34.657Z,178598247465700
"""Jonah @ xrBY5OZYCv"" calls 60",2026-08-06T02:14:33.705Z,178598247370500
"""Spenny @ S8ENkJ8OQS"" folds",2026-08-06T02:14:32.790Z,178598247279000
"""Stevo @ kI2bCqDOyl"" bets 60",2026-08-06T02:14:25.255Z,178598246525500
"""peelic @ vOeqrOXpLT"" checks",2026-08-06T02:14:22.507Z,178598246250700
"Turn: 3♦, 7♦, 2♦ [Q♠]",2026-08-06T02:14:17.737Z,178598245773700
"""georgoeo @ _sqcLETZ0C"" folds",2026-08-06T02:14:16.843Z,178598245684300
"""peelic @ vOeqrOXpLT"" calls 40",2026-08-06T02:14:15.981Z,178598245598100
"""arash @ RYnRljE1SO"" calls 40",2026-08-06T02:14:12.103Z,178598245210300
"""Jonah @ xrBY5OZYCv"" calls 40",2026-08-06T02:14:11.165Z,178598245116500
"""Spenny @ S8ENkJ8OQS"" calls 40",2026-08-06T02:14:10.254Z,178598245025400
"""Stevo @ kI2bCqDOyl"" bets 40",2026-08-06T02:14:08.685Z,178598244868500
"""georgoeo @ _sqcLETZ0C"" checks",2026-08-06T02:14:06.004Z,178598244600400
"""peelic @ vOeqrOXpLT"" checks",2026-08-06T02:14:05.141Z,178598244514100
"Flop:  [3♦, 7♦, 2♦]",2026-08-06T02:14:01.725Z,178598244172500
"""georgoeo @ _sqcLETZ0C"" checks",2026-08-06T02:14:00.898Z,178598244089800
"""peelic @ vOeqrOXpLT"" calls 20",2026-08-06T02:14:00.053Z,178598244005300
"""arash @ RYnRljE1SO"" calls 20",2026-08-06T02:13:59.174Z,178598243917400
"""Jonah @ xrBY5OZYCv"" calls 20",2026-08-06T02:13:58.244Z,178598243824400
"""Spenny @ S8ENkJ8OQS"" calls 20",2026-08-06T02:13:57.336Z,178598243733600
"""Stevo @ kI2bCqDOyl"" calls 20",2026-08-06T02:13:52.884Z,178598243288400
"""georgoeo @ _sqcLETZ0C"" posts a big blind of 20",2026-08-06T02:13:51.921Z,178598243192109
"""peelic @ vOeqrOXpLT"" posts a small blind of 10",2026-08-06T02:13:51.921Z,178598243192108
"Your hand is 8♠, K♠",2026-08-06T02:13:51.921Z,178598243192104
"Player stacks: #1 ""Spenny @ S8ENkJ8OQS"" (360) | #3 ""Jonah @ xrBY5OZYCv"" (1540) | #7 ""arash @ RYnRljE1SO"" (3680) | #8 ""peelic @ vOeqrOXpLT"" (530) | #9 ""georgoeo @ _sqcLETZ0C"" (3000) | #10 ""Stevo @ kI2bCqDOyl"" (890)",2026-08-06T02:13:51.921Z,178598243192101
"-- starting hand #88 (id: yspsfhwjzzj0)  No Limit Texas Hold'em (dealer: ""arash @ RYnRljE1SO"") --",2026-08-06T02:13:51.921Z,178598243192100
"""Stevo @ kI2bCqDOyl"" shows a 4♦, K♥.",2026-08-06T02:13:46.825Z,178598242682500
"""georgoeo @ _sqcLETZ0C"" shows a K♣, 8♣.",2026-08-06T02:13:46.477Z,178598242647700
"-- ending hand #87 --",2026-08-06T02:13:44.866Z,178598242486604
"""arash @ RYnRljE1SO"" collected 160 from pot with Two Pair, J's & 2's (combination: K♠, 2♣, 2♠, J♣, J♥)",2026-08-06T02:13:44.866Z,178598242486603
"""Jonah @ xrBY5OZYCv"" collected 160 from pot with Two Pair, J's & 2's (combination: K♠, 2♣, 2♠, J♠, J♥)",2026-08-06T02:13:44.866Z,178598242486602
"""arash @ RYnRljE1SO"" shows a 6♦, J♣.",2026-08-06T02:13:44.866Z,178598242486601
"""Jonah @ xrBY5OZYCv"" shows a J♠, 5♠.",2026-08-06T02:13:44.866Z,178598242486600
"""arash @ RYnRljE1SO"" calls 50",2026-08-06T02:13:44.057Z,178598242405700
"""Jonah @ xrBY5OZYCv"" raises to 50",2026-08-06T02:13:43.030Z,178598242303000
"""arash @ RYnRljE1SO"" bets 20",2026-08-06T02:13:40.349Z,178598242034900
"River: 2♣, J♥, 9♦, K♠ [2♠]",2026-08-06T02:13:38.060Z,178598241806000
"""arash @ RYnRljE1SO"" calls 30",2026-08-06T02:13:37.192Z,178598241719200
"""Jonah @ xrBY5OZYCv"" bets 30",2026-08-06T02:13:35.409Z,178598241540900
"""arash @ RYnRljE1SO"" checks",2026-08-06T02:13:32.614Z,178598241261400
"Turn: 2♣, J♥, 9♦ [K♠]",2026-08-06T02:13:30.761Z,178598241076100
"""Stevo @ kI2bCqDOyl"" folds",2026-08-06T02:13:29.920Z,178598240992000
"""georgoeo @ _sqcLETZ0C"" folds",2026-08-06T02:13:28.787Z,178598240878700
"""peelic @ vOeqrOXpLT"" folds",2026-08-06T02:13:24.285Z,178598240428500
"""arash @ RYnRljE1SO"" calls 30",2026-08-06T02:13:23.383Z,178598240338300
"""Jonah @ xrBY5OZYCv"" bets 30",2026-08-06T02:13:21.233Z,178598240123300
"""Stevo @ kI2bCqDOyl"" checks",2026-08-06T02:13:18.658Z,178598239865800
"""georgoeo @ _sqcLETZ0C"" checks",2026-08-06T02:13:17.659Z,178598239765900
"""peelic @ vOeqrOXpLT"" checks",2026-08-06T02:13:16.791Z,178598239679100
"""arash @ RYnRljE1SO"" checks",2026-08-06T02:13:15.890Z,178598239589000
"Flop:  [2♣, J♥, 9♦]",2026-08-06T02:13:12.482Z,178598239248200
"""peelic @ vOeqrOXpLT"" checks",2026-08-06T02:13:11.659Z,178598239165900
"""arash @ RYnRljE1SO"" calls 20",2026-08-06T02:13:10.776Z,178598239077600
"""Jonah @ xrBY5OZYCv"" calls 20",2026-08-06T02:13:09.866Z,178598238986600
"""Spenny @ S8ENkJ8OQS"" folds",2026-08-06T02:13:08.963Z,178598238896300
"""Stevo @ kI2bCqDOyl"" calls 20",2026-08-06T02:13:05.035Z,178598238503500
"""georgoeo @ _sqcLETZ0C"" calls 20",2026-08-06T02:13:04.006Z,178598238400600
"""peelic @ vOeqrOXpLT"" posts a big blind of 20",2026-08-06T02:13:02.114Z,178598238211409
"""arash @ RYnRljE1SO"" posts a small blind of 10",2026-08-06T02:13:02.114Z,178598238211408
"Your hand is 6♦, J♣",2026-08-06T02:13:02.114Z,178598238211404
"Player stacks: #1 ""Spenny @ S8ENkJ8OQS"" (360) | #3 ""Jonah @ xrBY5OZYCv"" (1510) | #7 ""arash @ RYnRljE1SO"" (3650) | #8 ""peelic @ vOeqrOXpLT"" (550) | #9 ""georgoeo @ _sqcLETZ0C"" (3020) | #10 ""Stevo @ kI2bCqDOyl"" (910)",2026-08-06T02:13:02.114Z,178598238211401
"-- starting hand #87 (id: p9rzdm7pdup2)  No Limit Texas Hold'em (dealer: ""Jonah @ xrBY5OZYCv"") --",2026-08-06T02:13:02.114Z,178598238211400
"-- ending hand #86 --",2026-08-06T02:12:56.107Z,178598237610703
"""georgoeo @ _sqcLETZ0C"" collected 190 from pot with Two Pair, A's & 9's (combination: Q♠, 9♥, 9♦, A♥, A♠)",2026-08-06T02:12:56.107Z,178598237610702
"""georgoeo @ _sqcLETZ0C"" shows a Q♠, 9♥.",2026-08-06T02:12:56.107Z,178598237610701
"""peelic @ vOeqrOXpLT"" shows a 9♣, J♥.",2026-08-06T02:12:56.107Z,178598237610700
"""arash @ RYnRljE1SO"" folds",2026-08-06T02:12:55.281Z,178598237528100
"""Spenny @ S8ENkJ8OQS"" folds",2026-08-06T02:12:54.366Z,178598237436600
"""Stevo @ kI2bCqDOyl"" folds",2026-08-06T02:12:46.583Z,178598236658300
"""georgoeo @ _sqcLETZ0C"" calls 40",2026-08-06T02:12:44.716Z,178598236471600
"""peelic @ vOeqrOXpLT"" bets 40",2026-08-06T02:12:41.469Z,178598236146900
"""arash @ RYnRljE1SO"" checks",2026-08-06T02:12:37.385Z,178598235738500
"River: A♥, 6♣, 2♣, A♠ [9♦]",2026-08-06T02:12:30.768Z,178598235076800
"""Spenny @ S8ENkJ8OQS"" checks",2026-08-06T02:12:29.892Z,178598234989200
"""Stevo @ kI2bCqDOyl"" checks",2026-08-06T02:12:28.983Z,178598234898300
"""georgoeo @ _sqcLETZ0C"" checks",2026-08-06T02:12:27.982Z,178598234798200
"""peelic @ vOeqrOXpLT"" checks",2026-08-06T02:12:27.113Z,178598234711300
"""arash @ RYnRljE1SO"" checks",2026-08-06T02:12:23.658Z,178598234365800
"Turn: A♥, 6♣, 2♣ [A♠]",2026-08-06T02:12:22.680Z,178598234268000
"""Spenny @ S8ENkJ8OQS"" checks",2026-08-06T02:12:21.834Z,178598234183400
"""Stevo @ kI2bCqDOyl"" checks",2026-08-06T02:12:20.904Z,178598234090400
"""georgoeo @ _sqcLETZ0C"" checks",2026-08-06T02:12:19.895Z,178598233989500
"""peelic @ vOeqrOXpLT"" checks",2026-08-06T02:12:19.018Z,178598233901800
"""arash @ RYnRljE1SO"" checks",2026-08-06T02:12:13.117Z,178598233311700
"Flop:  [A♥, 6♣, 2♣]",2026-08-06T02:12:11.665Z,178598233166500
"""arash @ RYnRljE1SO"" checks",2026-08-06T02:12:10.792Z,178598233079200
"""Jonah @ xrBY5OZYCv"" folds",2026-08-06T02:12:02.677Z,178598232267700
"""Spenny @ S8ENkJ8OQS"" calls 20",2026-08-06T02:12:01.585Z,178598232158500
"""Stevo @ kI2bCqDOyl"" calls 20",2026-08-06T02:12:00.647Z,178598232064700
"""georgoeo @ _sqcLETZ0C"" calls 20",2026-08-06T02:11:59.603Z,178598231960300
"""peelic @ vOeqrOXpLT"" calls 20",2026-08-06T02:11:58.667Z,178598231866700
"""arash @ RYnRljE1SO"" posts a big blind of 20",2026-08-06T02:11:55.780Z,178598231578009
"""Jonah @ xrBY5OZYCv"" posts a small blind of 10",2026-08-06T02:11:55.780Z,178598231578008
"Your hand is 7♣, 8♣",2026-08-06T02:11:55.780Z,178598231578004
"Player stacks: #1 ""Spenny @ S8ENkJ8OQS"" (380) | #3 ""Jonah @ xrBY5OZYCv"" (1520) | #7 ""arash @ RYnRljE1SO"" (3670) | #8 ""peelic @ vOeqrOXpLT"" (610) | #9 ""georgoeo @ _sqcLETZ0C"" (2890) | #10 ""Stevo @ kI2bCqDOyl"" (930)",2026-08-06T02:11:55.780Z,178598231578001
"-- starting hand #86 (id: xkc3izwqay9y)  No Limit Texas Hold'em (dealer: ""Spenny @ S8ENkJ8OQS"") --",2026-08-06T02:11:55.780Z,178598231578000
"""georgoeo @ _sqcLETZ0C"" shows a 6♠, Q♥.",2026-08-06T02:11:53.351Z,178598231335100
"-- ending hand #85 --",2026-08-06T02:11:52.171Z,178598231217102
"""Stevo @ kI2bCqDOyl"" collected 220 from pot",2026-08-06T02:11:52.171Z,178598231217101
"Uncalled bet of 60 returned to ""Stevo @ kI2bCqDOyl""",2026-08-06T02:11:52.171Z,178598231217100
"""arash @ RYnRljE1SO"" folds",2026-08-06T02:11:51.270Z,178598231127000
"""Spenny @ S8ENkJ8OQS"" folds",2026-08-06T02:11:50.319Z,178598231031900
"""Stevo @ kI2bCqDOyl"" bets 60",2026-08-06T02:11:43.209Z,178598230320900
"""arash @ RYnRljE1SO"" checks",2026-08-06T02:11:40.197Z,178598230019700
"""Spenny @ S8ENkJ8OQS"" checks",2026-08-06T02:11:37.474Z,178598229747400
"River: 9♣, A♣, K♣, A♥ [6♥]",2026-08-06T02:11:35.568Z,178598229556800
"""Stevo @ kI2bCqDOyl"" checks",2026-08-06T02:11:34.720Z,178598229472000
"""arash @ RYnRljE1SO"" checks",2026-08-06T02:11:33.664Z,178598229366400
"""Spenny @ S8ENkJ8OQS"" checks",2026-08-06T02:11:32.632Z,178598229263200
"Turn: 9♣, A♣, K♣ [A♥]",2026-08-06T02:11:30.962Z,178598229096200
"""peelic @ vOeqrOXpLT"" folds",2026-08-06T02:11:30.018Z,178598229001800
"""arash @ RYnRljE1SO"" calls 40",2026-08-06T02:11:29.178Z,178598228917800
"""Jonah @ xrBY5OZYCv"" folds",2026-08-06T02:11:24.019Z,178598228401900
"""Spenny @ S8ENkJ8OQS"" calls 40",2026-08-06T02:11:23.106Z,178598228310600
"""Stevo @ kI2bCqDOyl"" bets 40",2026-08-06T02:11:18.707Z,178598227870700
"""peelic @ vOeqrOXpLT"" checks",2026-08-06T02:11:15.584Z,178598227558400
"""arash @ RYnRljE1SO"" checks",2026-08-06T02:11:14.733Z,178598227473300
"""Jonah @ xrBY5OZYCv"" checks",2026-08-06T02:11:09.198Z,178598226919800
"""Spenny @ S8ENkJ8OQS"" checks",2026-08-06T02:11:08.334Z,178598226833400
"Flop:  [9♣, A♣, K♣]",2026-08-06T02:11:03.194Z,178598226319400
"""Jonah @ xrBY5OZYCv"" checks",2026-08-06T02:11:02.348Z,178598226234800
"""Spenny @ S8ENkJ8OQS"" calls 20",2026-08-06T02:11:00.566Z,178598226056600
"""Stevo @ kI2bCqDOyl"" calls 20",2026-08-06T02:10:59.590Z,178598225959000
"""georgoeo @ _sqcLETZ0C"" folds",2026-08-06T02:10:58.489Z,178598225848900
"""peelic @ vOeqrOXpLT"" calls 20",2026-08-06T02:10:57.616Z,178598225761600
"""arash @ RYnRljE1SO"" calls 20",2026-08-06T02:10:56.731Z,178598225673100
"""Jonah @ xrBY5OZYCv"" posts a big blind of 20",2026-08-06T02:10:54.780Z,178598225478009
"""Spenny @ S8ENkJ8OQS"" posts a small blind of 10",2026-08-06T02:10:54.780Z,178598225478008
"Your hand is J♦, 4♣",2026-08-06T02:10:54.780Z,178598225478004
"Player stacks: #1 ""Spenny @ S8ENkJ8OQS"" (440) | #3 ""Jonah @ xrBY5OZYCv"" (1540) | #7 ""arash @ RYnRljE1SO"" (3730) | #8 ""peelic @ vOeqrOXpLT"" (630) | #9 ""georgoeo @ _sqcLETZ0C"" (2890) | #10 ""Stevo @ kI2bCqDOyl"" (770)",2026-08-06T02:10:54.780Z,178598225478001
"-- starting hand #85 (id: yi3kxqub5jy4)  No Limit Texas Hold'em (dealer: ""Stevo @ kI2bCqDOyl"") --",2026-08-06T02:10:54.780Z,178598225478000
"Undealt cards: J♥, 9♥, 3♦, 3♣ [2♣]",2026-08-06T02:10:50.933Z,178598225093300
"-- ending hand #84 --",2026-08-06T02:10:48.867Z,178598224886702
"""arash @ RYnRljE1SO"" collected 200 from pot",2026-08-06T02:10:48.867Z,178598224886701
"Uncalled bet of 50 returned to ""arash @ RYnRljE1SO""",2026-08-06T02:10:48.867Z,178598224886700
"""Jonah @ xrBY5OZYCv"" folds",2026-08-06T02:10:48.028Z,178598224802800
"""Spenny @ S8ENkJ8OQS"" folds",2026-08-06T02:10:47.156Z,178598224715600
"""Stevo @ kI2bCqDOyl"" folds",2026-08-06T02:10:41.784Z,178598224178400
"""peelic @ vOeqrOXpLT"" folds",2026-08-06T02:10:40.762Z,178598224076200
"""arash @ RYnRljE1SO"" bets 50",2026-08-06T02:10:35.635Z,178598223563500
"""Jonah @ xrBY5OZYCv"" checks",2026-08-06T02:10:32.422Z,178598223242200
"""Spenny @ S8ENkJ8OQS"" checks",2026-08-06T02:10:31.506Z,178598223150600
"""Stevo @ kI2bCqDOyl"" checks",2026-08-06T02:10:29.142Z,178598222914200
"Turn: J♥, 9♥, 3♦ [3♣]",2026-08-06T02:10:27.855Z,178598222785500
"""peelic @ vOeqrOXpLT"" checks",2026-08-06T02:10:27.005Z,178598222700500
"""arash @ RYnRljE1SO"" checks",2026-08-06T02:10:24.375Z,178598222437500
"""Jonah @ xrBY5OZYCv"" checks",2026-08-06T02:10:23.419Z,178598222341900
"""Spenny @ S8ENkJ8OQS"" checks",2026-08-06T02:10:22.538Z,178598222253800
"""Stevo @ kI2bCqDOyl"" checks",2026-08-06T02:10:21.636Z,178598222163600
"Flop:  [J♥, 9♥, 3♦]",2026-08-06T02:10:19.966Z,178598221996600
"""peelic @ vOeqrOXpLT"" calls 40",2026-08-06T02:10:19.075Z,178598221907500
"""arash @ RYnRljE1SO"" calls 40",2026-08-06T02:10:16.565Z,178598221656500
"""Jonah @ xrBY5OZYCv"" calls 40",2026-08-06T02:10:14.626Z,178598221462600
"""Spenny @ S8ENkJ8OQS"" calls 40",2026-08-06T02:10:13.730Z,178598221373000
"""Stevo @ kI2bCqDOyl"" raises to 40",2026-08-06T02:10:08.350Z,178598220835000
"""georgoeo @ _sqcLETZ0C"" folds",2026-08-06T02:10:06.310Z,178598220631000
"""peelic @ vOeqrOXpLT"" calls 20",2026-08-06T02:10:04.201Z,178598220420100
"""arash @ RYnRljE1SO"" calls 20",2026-08-06T02:10:03.315Z,178598220331500
"""Jonah @ xrBY5OZYCv"" calls 20",2026-08-06T02:10:01.869Z,178598220186900
"""Spenny @ S8ENkJ8OQS"" posts a big blind of 20",2026-08-06T02:10:00.518Z,178598220051809
"""Stevo @ kI2bCqDOyl"" posts a small blind of 10",2026-08-06T02:10:00.518Z,178598220051808
"Your hand is 9♦, 2♦",2026-08-06T02:10:00.518Z,178598220051804
"Player stacks: #1 ""Spenny @ S8ENkJ8OQS"" (480) | #3 ""Jonah @ xrBY5OZYCv"" (1580) | #7 ""arash @ RYnRljE1SO"" (3570) | #8 ""peelic @ vOeqrOXpLT"" (670) | #9 ""georgoeo @ _sqcLETZ0C"" (2890) | #10 ""Stevo @ kI2bCqDOyl"" (810)",2026-08-06T02:10:00.518Z,178598220051801
"-- starting hand #84 (id: 3hravyotj7ac)  No Limit Texas Hold'em (dealer: ""georgoeo @ _sqcLETZ0C"") --",2026-08-06T02:10:00.518Z,178598220051800
"""Stevo @ kI2bCqDOyl"" shows a 7♣, 6♦.",2026-08-06T02:09:55.926Z,178598219592600
"-- ending hand #83 --",2026-08-06T02:09:53.912Z,178598219391202
"""arash @ RYnRljE1SO"" collected 640 from pot with Straight, 9 High (combination: 5♥, 6♠, 7♦, 8♦, 9♣)",2026-08-06T02:09:53.912Z,178598219391201
"""arash @ RYnRljE1SO"" shows a 5♥, K♠.",2026-08-06T02:09:53.912Z,178598219391200
"""Stevo @ kI2bCqDOyl"" calls 120",2026-08-06T02:09:53.019Z,178598219301900
"""peelic @ vOeqrOXpLT"" folds",2026-08-06T02:09:51.289Z,178598219128900
"""arash @ RYnRljE1SO"" bets 120",2026-08-06T02:09:46.217Z,178598218621700
"""Stevo @ kI2bCqDOyl"" checks",2026-08-06T02:09:40.906Z,178598218090600
"River: 7♦, 9♣, 6♠, 4♠ [8♦]",2026-08-06T02:09:38.164Z,178598217816400
"""peelic @ vOeqrOXpLT"" calls 60",2026-08-06T02:09:37.343Z,178598217734300
"""arash @ RYnRljE1SO"" calls 60",2026-08-06T02:09:35.809Z,178598217580900
"""Stevo @ kI2bCqDOyl"" bets 60",2026-08-06T02:09:33.667Z,178598217366700
"Turn: 7♦, 9♣, 6♠ [4♠]",2026-08-06T02:09:29.965Z,178598216996500
"""georgoeo @ _sqcLETZ0C"" folds",2026-08-06T02:09:29.112Z,178598216911200
"""peelic @ vOeqrOXpLT"" calls 40",2026-08-06T02:09:28.216Z,178598216821600
"""arash @ RYnRljE1SO"" calls 40",2026-08-06T02:09:20.274Z,178598216027400
"""Spenny @ S8ENkJ8OQS"" folds",2026-08-06T02:09:14.466Z,178598215446600
"""Stevo @ kI2bCqDOyl"" bets 40",2026-08-06T02:09:05.535Z,178598214553500
"""georgoeo @ _sqcLETZ0C"" checks",2026-08-06T02:09:03.022Z,178598214302200
"Flop:  [7♦, 9♣, 6♠]",2026-08-06T02:08:55.663Z,178598213566300
"""Stevo @ kI2bCqDOyl"" checks",2026-08-06T02:08:54.799Z,178598213479900
"""georgoeo @ _sqcLETZ0C"" calls 20",2026-08-06T02:08:53.792Z,178598213379200
"""peelic @ vOeqrOXpLT"" calls 20",2026-08-06T02:08:52.893Z,178598213289300
"""arash @ RYnRljE1SO"" calls 20",2026-08-06T02:08:50.971Z,178598213097100
"""Jonah @ xrBY5OZYCv"" folds",2026-08-06T02:08:50.028Z,178598213002800
"""Spenny @ S8ENkJ8OQS"" calls 20",2026-08-06T02:08:49.125Z,178598212912500
"""Stevo @ kI2bCqDOyl"" posts a big blind of 20",2026-08-06T02:08:46.767Z,178598212676709
"""georgoeo @ _sqcLETZ0C"" posts a small blind of 10",2026-08-06T02:08:46.767Z,178598212676708
"Your hand is 5♥, K♠",2026-08-06T02:08:46.767Z,178598212676704
"Player stacks: #1 ""Spenny @ S8ENkJ8OQS"" (500) | #3 ""Jonah @ xrBY5OZYCv"" (1580) | #7 ""arash @ RYnRljE1SO"" (3170) | #8 ""peelic @ vOeqrOXpLT"" (790) | #9 ""georgoeo @ _sqcLETZ0C"" (2910) | #10 ""Stevo @ kI2bCqDOyl"" (1050)",2026-08-06T02:08:46.767Z,178598212676701
"-- starting hand #83 (id: hyj6s2xwm7mx)  No Limit Texas Hold'em (dealer: ""peelic @ vOeqrOXpLT"") --",2026-08-06T02:08:46.767Z,178598212676700
"Undealt cards: 8♠, 9♠, 6♥, 5♦ [J♠]",2026-08-06T02:08:42.761Z,178598212276100
"-- ending hand #82 --",2026-08-06T02:08:40.856Z,178598212085602
"""peelic @ vOeqrOXpLT"" collected 100 from pot",2026-08-06T02:08:40.856Z,178598212085601
"Uncalled bet of 20 returned to ""peelic @ vOeqrOXpLT""",2026-08-06T02:08:40.856Z,178598212085600
"""arash @ RYnRljE1SO"" folds",2026-08-06T02:08:39.972Z,178598211997200
"""peelic @ vOeqrOXpLT"" bets 20",2026-08-06T02:08:36.994Z,178598211699400
"Turn: 8♠, 9♠, 6♥ [5♦]",2026-08-06T02:08:33.056Z,178598211305600
"""arash @ RYnRljE1SO"" calls 20",2026-08-06T02:08:32.206Z,178598211220600
"""georgoeo @ _sqcLETZ0C"" folds",2026-08-06T02:08:29.208Z,178598210920800
"""peelic @ vOeqrOXpLT"" bets 20",2026-08-06T02:08:24.591Z,178598210459100
"Flop:  [8♠, 9♠, 6♥]",2026-08-06T02:08:18.156Z,178598209815600
"""georgoeo @ _sqcLETZ0C"" checks",2026-08-06T02:08:17.239Z,178598209723900
"""peelic @ vOeqrOXpLT"" calls 20",2026-08-06T02:08:14.591Z,178598209459100
"""arash @ RYnRljE1SO"" calls 20",2026-08-06T02:08:13.717Z,178598209371700
"""Jonah @ xrBY5OZYCv"" folds",2026-08-06T02:08:12.812Z,178598209281200
"""Spenny @ S8ENkJ8OQS"" folds",2026-08-06T02:08:11.927Z,178598209192700
"""Stevo @ kI2bCqDOyl"" folds",2026-08-06T02:08:09.463Z,178598208946300
"""georgoeo @ _sqcLETZ0C"" posts a big blind of 20",2026-08-06T02:08:07.351Z,178598208735109
"""peelic @ vOeqrOXpLT"" posts a small blind of 10",2026-08-06T02:08:07.351Z,178598208735108
"Your hand is 2♣, A♣",2026-08-06T02:08:07.351Z,178598208735104
"Player stacks: #1 ""Spenny @ S8ENkJ8OQS"" (500) | #3 ""Jonah @ xrBY5OZYCv"" (1580) | #7 ""arash @ RYnRljE1SO"" (3210) | #8 ""peelic @ vOeqrOXpLT"" (730) | #9 ""georgoeo @ _sqcLETZ0C"" (2930) | #10 ""Stevo @ kI2bCqDOyl"" (1050)",2026-08-06T02:08:07.351Z,178598208735101
"-- starting hand #82 (id: ggsszzrlgi7o)  No Limit Texas Hold'em (dealer: ""arash @ RYnRljE1SO"") --",2026-08-06T02:08:07.351Z,178598208735100
"-- ending hand #81 --",2026-08-06T02:08:01.211Z,178598208121103
"""peelic @ vOeqrOXpLT"" collected 40 from pot with Pair, 6's (combination: 8♥, 9♥, K♦, 6♠, 6♦)",2026-08-06T02:08:01.211Z,178598208121102
"""peelic @ vOeqrOXpLT"" shows a 9♥, 6♠.",2026-08-06T02:08:01.211Z,178598208121101
"""arash @ RYnRljE1SO"" shows a 2♣, 10♠.",2026-08-06T02:08:01.211Z,178598208121100
"""peelic @ vOeqrOXpLT"" checks",2026-08-06T02:08:00.398Z,178598208039800
"""arash @ RYnRljE1SO"" checks",2026-08-06T02:07:56.034Z,178598207603400
"River: 6♦, 8♥, K♦, 5♣ [3♠]",2026-08-06T02:07:54.904Z,178598207490400
"""peelic @ vOeqrOXpLT"" checks",2026-08-06T02:07:54.034Z,178598207403400
"""arash @ RYnRljE1SO"" checks",2026-08-06T02:07:51.525Z,178598207152500
"Turn: 6♦, 8♥, K♦ [5♣]",2026-08-06T02:07:48.504Z,178598206850400
"""peelic @ vOeqrOXpLT"" checks",2026-08-06T02:07:47.689Z,178598206768900
"""arash @ RYnRljE1SO"" checks",2026-08-06T02:07:44.514Z,178598206451400
"Flop:  [6♦, 8♥, K♦]",2026-08-06T02:07:37.196Z,178598205719600
"""peelic @ vOeqrOXpLT"" checks",2026-08-06T02:07:36.363Z,178598205636300
"""arash @ RYnRljE1SO"" calls 20",2026-08-06T02:07:35.497Z,178598205549700
"""Jonah @ xrBY5OZYCv"" folds",2026-08-06T02:07:34.540Z,178598205454000
"""Spenny @ S8ENkJ8OQS"" folds",2026-08-06T02:07:33.630Z,178598205363000
"""Stevo @ kI2bCqDOyl"" folds",2026-08-06T02:07:25.990Z,178598204599000
"""georgoeo @ _sqcLETZ0C"" folds",2026-08-06T02:07:24.972Z,178598204497200
"""peelic @ vOeqrOXpLT"" posts a big blind of 20",2026-08-06T02:07:21.884Z,178598204188409
"""arash @ RYnRljE1SO"" posts a small blind of 10",2026-08-06T02:07:21.884Z,178598204188408
"Your hand is 2♣, 10♠",2026-08-06T02:07:21.884Z,178598204188404
"Player stacks: #1 ""Spenny @ S8ENkJ8OQS"" (500) | #3 ""Jonah @ xrBY5OZYCv"" (1580) | #7 ""arash @ RYnRljE1SO"" (3230) | #8 ""peelic @ vOeqrOXpLT"" (710) | #9 ""georgoeo @ _sqcLETZ0C"" (2930) | #10 ""Stevo @ kI2bCqDOyl"" (1050)",2026-08-06T02:07:21.884Z,178598204188401
"-- starting hand #81 (id: jiblbwxkzlkt)  No Limit Texas Hold'em (dealer: ""Jonah @ xrBY5OZYCv"") --",2026-08-06T02:07:21.884Z,178598204188400
"-- ending hand #80 --",2026-08-06T02:07:15.871Z,178598203587102
"""peelic @ vOeqrOXpLT"" collected 210 from pot with Pair, J's (combination: 6♦, 7♠, 10♠, J♠, J♦)",2026-08-06T02:07:15.871Z,178598203587101
"""peelic @ vOeqrOXpLT"" shows a 6♦, J♠.",2026-08-06T02:07:15.871Z,178598203587100
"""arash @ RYnRljE1SO"" calls 60",2026-08-06T02:07:15.025Z,178598203502500
"""Spenny @ S8ENkJ8OQS"" folds",2026-08-06T02:07:12.931Z,178598203293100
"""georgoeo @ _sqcLETZ0C"" folds",2026-08-06T02:07:08.536Z,178598202853600
"""peelic @ vOeqrOXpLT"" bets 60",2026-08-06T02:07:07.207Z,178598202720700
"""arash @ RYnRljE1SO"" checks",2026-08-06T02:07:03.814Z,178598202381400
"River: J♦, 10♠, 3♠, 5♥ [7♠]",2026-08-06T02:07:01.988Z,178598202198800
"""Spenny @ S8ENkJ8OQS"" checks",2026-08-06T02:07:01.148Z,178598202114800
"""georgoeo @ _sqcLETZ0C"" checks",2026-08-06T02:06:58.733Z,178598201873300
"""peelic @ vOeqrOXpLT"" checks",2026-08-06T02:06:56.496Z,178598201649600
"""arash @ RYnRljE1SO"" checks",2026-08-06T02:06:53.615Z,178598201361500
"Turn: J♦, 10♠, 3♠ [5♥]",2026-08-06T02:06:52.164Z,178598201216400
"""Spenny @ S8ENkJ8OQS"" checks",2026-08-06T02:06:51.307Z,178598201130700
"""georgoeo @ _sqcLETZ0C"" checks",2026-08-06T02:06:50.423Z,178598201042300
"""peelic @ vOeqrOXpLT"" checks",2026-08-06T02:06:41.155Z,178598200115500
"""arash @ RYnRljE1SO"" checks",2026-08-06T02:06:36.606Z,178598199660600
"Flop:  [J♦, 10♠, 3♠]",2026-08-06T02:06:34.810Z,178598199481000
"""arash @ RYnRljE1SO"" checks",2026-08-06T02:06:33.959Z,178598199395900
"""Jonah @ xrBY5OZYCv"" folds",2026-08-06T02:06:33.049Z,178598199304900
"""Spenny @ S8ENkJ8OQS"" calls 20",2026-08-06T02:06:32.135Z,178598199213500
"""Stevo @ kI2bCqDOyl"" folds",2026-08-06T02:06:30.391Z,178598199039100
"""georgoeo @ _sqcLETZ0C"" calls 20",2026-08-06T02:06:29.435Z,178598198943500
"""peelic @ vOeqrOXpLT"" calls 20",2026-08-06T02:06:28.595Z,178598198859500
"""arash @ RYnRljE1SO"" posts a big blind of 20",2026-08-06T02:06:27.002Z,178598198700209
"""Jonah @ xrBY5OZYCv"" posts a small blind of 10",2026-08-06T02:06:27.002Z,178598198700208
"Your hand is 10♦, 9♥",2026-08-06T02:06:27.002Z,178598198700204
"Player stacks: #1 ""Spenny @ S8ENkJ8OQS"" (520) | #3 ""Jonah @ xrBY5OZYCv"" (1590) | #7 ""arash @ RYnRljE1SO"" (3310) | #8 ""peelic @ vOeqrOXpLT"" (580) | #9 ""georgoeo @ _sqcLETZ0C"" (2950) | #10 ""Stevo @ kI2bCqDOyl"" (1050)",2026-08-06T02:06:27.002Z,178598198700201
"-- starting hand #80 (id: cpot2ewyhu1g)  No Limit Texas Hold'em (dealer: ""Spenny @ S8ENkJ8OQS"") --",2026-08-06T02:06:27.002Z,178598198700200
"""georgoeo @ _sqcLETZ0C"" shows a K♠, 3♦.",2026-08-06T02:06:25.694Z,178598198569400
"""Spenny @ S8ENkJ8OQS"" shows a 3♥, K♥.",2026-08-06T02:06:24.182Z,178598198418200
"-- ending hand #79 --",2026-08-06T02:06:22.602Z,178598198260202
"""Spenny @ S8ENkJ8OQS"" collected 260 from pot",2026-08-06T02:06:22.602Z,178598198260201
"Uncalled bet of 260 returned to ""Spenny @ S8ENkJ8OQS""",2026-08-06T02:06:22.602Z,178598198260200
"""peelic @ vOeqrOXpLT"" folds",2026-08-06T02:06:21.705Z,178598198170500
"""Spenny @ S8ENkJ8OQS"" bets 260 and go all in",2026-08-06T02:06:17.511Z,178598197751100
"River: 5♥, 8♥, 10♣, A♠ [A♥]",2026-08-06T02:06:10.834Z,178598197083400
"""peelic @ vOeqrOXpLT"" calls 40",2026-08-06T02:06:10.003Z,178598197000300
"""Spenny @ S8ENkJ8OQS"" bets 40",2026-08-06T02:06:04.057Z,178598196405700
"Turn: 5♥, 8♥, 10♣ [A♠]",2026-08-06T02:05:56.868Z,178598195686800
"""georgoeo @ _sqcLETZ0C"" folds",2026-08-06T02:05:56.047Z,178598195604700
"""peelic @ vOeqrOXpLT"" calls 40",2026-08-06T02:05:54.101Z,178598195410100
"""arash @ RYnRljE1SO"" folds",2026-08-06T02:05:53.200Z,178598195320000
"""Jonah @ xrBY5OZYCv"" folds",2026-08-06T02:05:50.703Z,178598195070300
"""Spenny @ S8ENkJ8OQS"" bets 40",2026-08-06T02:05:48.383Z,178598194838300
"Flop:  [5♥, 8♥, 10♣]",2026-08-06T02:05:44.560Z,178598194456000
"""Jonah @ xrBY5OZYCv"" checks",2026-08-06T02:05:43.706Z,178598194370600
"""Spenny @ S8ENkJ8OQS"" calls 20",2026-08-06T02:05:42.836Z,178598194283600
"""Stevo @ kI2bCqDOyl"" folds",2026-08-06T02:05:41.901Z,178598194190100
"""georgoeo @ _sqcLETZ0C"" calls 20",2026-08-06T02:05:40.950Z,178598194095000
"""peelic @ vOeqrOXpLT"" calls 20",2026-08-06T02:05:32.888Z,178598193288800
"""arash @ RYnRljE1SO"" calls 20",2026-08-06T02:05:32.040Z,178598193204000
"""Jonah @ xrBY5OZYCv"" posts a big blind of 20",2026-08-06T02:05:30.752Z,178598193075209
"""Spenny @ S8ENkJ8OQS"" posts a small blind of 10",2026-08-06T02:05:30.752Z,178598193075208
"Your hand is Q♠, 2♣",2026-08-06T02:05:30.752Z,178598193075204
"Player stacks: #1 ""Spenny @ S8ENkJ8OQS"" (360) | #3 ""Jonah @ xrBY5OZYCv"" (1610) | #7 ""arash @ RYnRljE1SO"" (3330) | #8 ""peelic @ vOeqrOXpLT"" (680) | #9 ""georgoeo @ _sqcLETZ0C"" (2970) | #10 ""Stevo @ kI2bCqDOyl"" (1050)",2026-08-06T02:05:30.752Z,178598193075201
"-- starting hand #79 (id: mxlwudmaxiep)  No Limit Texas Hold'em (dealer: ""Stevo @ kI2bCqDOyl"") --",2026-08-06T02:05:30.752Z,178598193075200
"""georgoeo @ _sqcLETZ0C"" shows a 3♣, 6♣.",2026-08-06T02:05:27.508Z,178598192750800
"Undealt cards: J♦, 3♠, 7♣, A♥ [8♥]",2026-08-06T02:05:26.525Z,178598192652500
"-- ending hand #78 --",2026-08-06T02:05:24.115Z,178598192411502
"""Stevo @ kI2bCqDOyl"" collected 280 from pot",2026-08-06T02:05:24.115Z,178598192411501
"Uncalled bet of 40 returned to ""Stevo @ kI2bCqDOyl""",2026-08-06T02:05:24.115Z,178598192411500
"""peelic @ vOeqrOXpLT"" folds",2026-08-06T02:05:23.262Z,178598192326200
"""Stevo @ kI2bCqDOyl"" bets 40",2026-08-06T02:05:20.492Z,178598192049200
"Turn: J♦, 3♠, 7♣ [A♥]",2026-08-06T02:05:17.340Z,178598191734000
"""georgoeo @ _sqcLETZ0C"" folds",2026-08-06T02:05:16.503Z,178598191650300
"""peelic @ vOeqrOXpLT"" calls 40",2026-08-06T02:05:15.419Z,178598191541900
"""arash @ RYnRljE1SO"" folds",2026-08-06T02:05:13.092Z,178598191309200
"""Spenny @ S8ENkJ8OQS"" folds",2026-08-06T02:05:12.155Z,178598191215500
"""Stevo @ kI2bCqDOyl"" bets 40",2026-08-06T02:05:01.826Z,178598190182600
"Flop:  [J♦, 3♠, 7♣]",2026-08-06T02:04:58.476Z,178598189847600
"""georgoeo @ _sqcLETZ0C"" calls 40",2026-08-06T02:04:57.617Z,178598189761700
"""peelic @ vOeqrOXpLT"" calls 40",2026-08-06T02:04:56.789Z,178598189678900
"""arash @ RYnRljE1SO"" calls 40",2026-08-06T02:04:50.646Z,178598189064600
"""Spenny @ S8ENkJ8OQS"" calls 40",2026-08-06T02:04:49.735Z,178598188973500
"""Stevo @ kI2bCqDOyl"" raises to 40",2026-08-06T02:04:48.363Z,178598188836300
"""georgoeo @ _sqcLETZ0C"" calls 20",2026-08-06T02:04:46.486Z,178598188648600
"""peelic @ vOeqrOXpLT"" calls 20",2026-08-06T02:04:45.642Z,178598188564200
"""arash @ RYnRljE1SO"" calls 20",2026-08-06T02:04:44.772Z,178598188477200
"""Jonah @ xrBY5OZYCv"" folds",2026-08-06T02:04:43.821Z,178598188382100
"""Spenny @ S8ENkJ8OQS"" posts a big blind of 20",2026-08-06T02:04:42.460Z,178598188246009
"""Stevo @ kI2bCqDOyl"" posts a small blind of 10",2026-08-06T02:04:42.460Z,178598188246008
"Your hand is A♦, 8♠",2026-08-06T02:04:42.460Z,178598188246004
"Player stacks: #1 ""Spenny @ S8ENkJ8OQS"" (400) | #3 ""Jonah @ xrBY5OZYCv"" (1610) | #7 ""arash @ RYnRljE1SO"" (3370) | #8 ""peelic @ vOeqrOXpLT"" (760) | #9 ""georgoeo @ _sqcLETZ0C"" (3010) | #10 ""Stevo @ kI2bCqDOyl"" (850)",2026-08-06T02:04:42.460Z,178598188246001
"-- starting hand #78 (id: o4oeokbedidt)  No Limit Texas Hold'em (dealer: ""georgoeo @ _sqcLETZ0C"") --",2026-08-06T02:04:42.460Z,178598188246000
"""Spenny @ S8ENkJ8OQS"" shows a K♣, Q♠.",2026-08-06T02:04:39.607Z,178598187960700
"-- ending hand #77 --",2026-08-06T02:04:38.856Z,178598187885602
"""Stevo @ kI2bCqDOyl"" collected 250 from pot",2026-08-06T02:04:38.856Z,178598187885601
"Uncalled bet of 100 returned to ""Stevo @ kI2bCqDOyl""",2026-08-06T02:04:38.856Z,178598187885600
"""arash @ RYnRljE1SO"" folds",2026-08-06T02:04:38.039Z,178598187803900
"""Stevo @ kI2bCqDOyl"" bets 100",2026-08-06T02:04:37.076Z,178598187707600
"River: 2♥, 7♦, 10♦, A♥ [J♦]",2026-08-06T02:04:32.783Z,178598187278300
"""georgoeo @ _sqcLETZ0C"" folds",2026-08-06T02:04:31.937Z,178598187193700
"""arash @ RYnRljE1SO"" calls 40",2026-08-06T02:04:26.029Z,178598186602900
"""Stevo @ kI2bCqDOyl"" bets 40",2026-08-06T02:04:18.891Z,178598185889100
"""georgoeo @ _sqcLETZ0C"" checks",2026-08-06T02:04:16.663Z,178598185666300
"Turn: 2♥, 7♦, 10♦ [A♥]",2026-08-06T02:04:14.921Z,178598185492100
"""arash @ RYnRljE1SO"" calls 30",2026-08-06T02:04:14.021Z,178598185402100
"""Spenny @ S8ENkJ8OQS"" folds",2026-08-06T02:04:08.988Z,178598184898800
"""Stevo @ kI2bCqDOyl"" calls 30",2026-08-06T02:04:06.958Z,178598184695800
"""georgoeo @ _sqcLETZ0C"" bets 30",2026-08-06T02:04:05.137Z,178598184513700
"Flop:  [2♥, 7♦, 10♦]",2026-08-06T02:04:01.298Z,178598184129800
"""Stevo @ kI2bCqDOyl"" checks",2026-08-06T02:04:00.482Z,178598184048200
"""georgoeo @ _sqcLETZ0C"" calls 20",2026-08-06T02:03:59.406Z,178598183940600
"""peelic @ vOeqrOXpLT"" folds",2026-08-06T02:03:58.561Z,178598183856100
"""arash @ RYnRljE1SO"" calls 20",2026-08-06T02:03:54.673Z,178598183467300
"""Jonah @ xrBY5OZYCv"" folds",2026-08-06T02:03:53.738Z,178598183373800
"""Spenny @ S8ENkJ8OQS"" calls 20",2026-08-06T02:03:52.792Z,178598183279200
"""Stevo @ kI2bCqDOyl"" posts a big blind of 20",2026-08-06T02:03:48.370Z,178598182837009
"""georgoeo @ _sqcLETZ0C"" posts a small blind of 10",2026-08-06T02:03:48.370Z,178598182837008
"Your hand is 9♣, 6♥",2026-08-06T02:03:48.370Z,178598182837004
"Player stacks: #1 ""Spenny @ S8ENkJ8OQS"" (420) | #3 ""Jonah @ xrBY5OZYCv"" (1610) | #7 ""arash @ RYnRljE1SO"" (3460) | #8 ""peelic @ vOeqrOXpLT"" (760) | #9 ""georgoeo @ _sqcLETZ0C"" (3060) | #10 ""Stevo @ kI2bCqDOyl"" (690)",2026-08-06T02:03:48.370Z,178598182837001
"-- starting hand #77 (id: bi2jf6o5jyym)  No Limit Texas Hold'em (dealer: ""peelic @ vOeqrOXpLT"") --",2026-08-06T02:03:48.370Z,178598182837000
"""Spenny @ S8ENkJ8OQS"" shows a A♦, Q♣.",2026-08-06T02:03:43.307Z,178598182330700
"-- ending hand #76 --",2026-08-06T02:03:41.858Z,178598182185803
"""georgoeo @ _sqcLETZ0C"" collected 1240 from pot with Flush, K High (combination: 3♣, 4♣, 7♣, J♣, K♣)",2026-08-06T02:03:41.858Z,178598182185802
"""georgoeo @ _sqcLETZ0C"" shows a 3♣, K♣.",2026-08-06T02:03:41.858Z,178598182185801
"""arash @ RYnRljE1SO"" shows a K♦, Q♠.",2026-08-06T02:03:41.858Z,178598182185800
"""Spenny @ S8ENkJ8OQS"" calls 300",2026-08-06T02:03:40.978Z,178598182097800
"""georgoeo @ _sqcLETZ0C"" calls 300",2026-08-06T02:03:35.013Z,178598181501300
"""arash @ RYnRljE1SO"" raises to 300",2026-08-06T02:03:33.734Z,178598181373400
"""Spenny @ S8ENkJ8OQS"" calls 100",2026-08-06T02:03:27.713Z,178598180771300
"""georgoeo @ _sqcLETZ0C"" bets 100",2026-08-06T02:03:25.730Z,178598180573000
"River: Q♦, 4♣, 7♣, Q♥ [J♣]",2026-08-06T02:03:22.361Z,178598180236100
"""georgoeo @ _sqcLETZ0C"" calls 40",2026-08-06T02:03:21.542Z,178598180154200
"""arash @ RYnRljE1SO"" calls 40",2026-08-06T02:03:19.300Z,178598179930000
"""Spenny @ S8ENkJ8OQS"" bets 40",2026-08-06T02:03:17.938Z,178598179793800
"""georgoeo @ _sqcLETZ0C"" checks",2026-08-06T02:03:10.392Z,178598179039200
"Turn: Q♦, 4♣, 7♣ [Q♥]",2026-08-06T02:03:08.914Z,178598178891400
"""georgoeo @ _sqcLETZ0C"" calls 40",2026-08-06T02:03:08.093Z,178598178809300
"""peelic @ vOeqrOXpLT"" folds",2026-08-06T02:03:07.256Z,178598178725600
"""arash @ RYnRljE1SO"" calls 40",2026-08-06T02:03:06.399Z,178598178639900
"""Spenny @ S8ENkJ8OQS"" raises to 40",2026-08-06T02:03:04.946Z,178598178494600
"""Stevo @ kI2bCqDOyl"" folds",2026-08-06T02:03:02.771Z,178598178277100
"""georgoeo @ _sqcLETZ0C"" bets 20",2026-08-06T02:03:01.635Z,178598178163500
"""peelic @ vOeqrOXpLT"" checks",2026-08-06T02:02:58.815Z,178598177881500
"Flop:  [Q♦, 4♣, 7♣]",2026-08-06T02:02:56.702Z,178598177670200
"""georgoeo @ _sqcLETZ0C"" checks",2026-08-06T02:02:55.887Z,178598177588700
"""peelic @ vOeqrOXpLT"" calls 20",2026-08-06T02:02:55.020Z,178598177502000
"""arash @ RYnRljE1SO"" calls 20",2026-08-06T02:02:52.535Z,178598177253500
"""Jonah @ xrBY5OZYCv"" folds",2026-08-06T02:02:51.506Z,178598177150600
"""Spenny @ S8ENkJ8OQS"" calls 20",2026-08-06T02:02:50.584Z,178598177058400
"""Stevo @ kI2bCqDOyl"" calls 20",2026-08-06T02:02:47.985Z,178598176798500
"""georgoeo @ _sqcLETZ0C"" posts a big blind of 20",2026-08-06T02:02:46.854Z,178598176685409
"""peelic @ vOeqrOXpLT"" posts a small blind of 10",2026-08-06T02:02:46.854Z,178598176685408
"Your hand is K♦, Q♠",2026-08-06T02:02:46.854Z,178598176685404
"Player stacks: #1 ""Spenny @ S8ENkJ8OQS"" (820) | #3 ""Jonah @ xrBY5OZYCv"" (1610) | #7 ""arash @ RYnRljE1SO"" (3860) | #8 ""peelic @ vOeqrOXpLT"" (780) | #9 ""georgoeo @ _sqcLETZ0C"" (2220) | #10 ""Stevo @ kI2bCqDOyl"" (710)",2026-08-06T02:02:46.854Z,178598176685401
"-- starting hand #76 (id: dsk45dv1000v)  No Limit Texas Hold'em (dealer: ""arash @ RYnRljE1SO"") --",2026-08-06T02:02:46.854Z,178598176685400
"""Stevo @ kI2bCqDOyl"" shows a 4♠, J♦.",2026-08-06T02:02:42.217Z,178598176221700
"-- ending hand #75 --",2026-08-06T02:02:40.297Z,178598176029702
"""arash @ RYnRljE1SO"" collected 140 from pot with Pair, 10's (combination: 8♦, Q♦, A♦, 10♦, 10♠)",2026-08-06T02:02:40.297Z,178598176029701
"""arash @ RYnRljE1SO"" shows a 5♠, 10♦.",2026-08-06T02:02:40.297Z,178598176029700
"""Stevo @ kI2bCqDOyl"" calls 20",2026-08-06T02:02:39.442Z,178598175944200
"""arash @ RYnRljE1SO"" bets 20",2026-08-06T02:02:38.467Z,178598175846700
"River: 8♦, 10♠, A♦, 4♣ [Q♦]",2026-08-06T02:02:33.972Z,178598175397200
"""peelic @ vOeqrOXpLT"" folds",2026-08-06T02:02:33.125Z,178598175312500
"""arash @ RYnRljE1SO"" calls 20",2026-08-06T02:02:32.242Z,178598175224200
"""Stevo @ kI2bCqDOyl"" bets 20",2026-08-06T02:02:29.786Z,178598174978600
"""peelic @ vOeqrOXpLT"" checks",2026-08-06T02:02:28.528Z,178598174852800
"""arash @ RYnRljE1SO"" checks",2026-08-06T02:02:27.609Z,178598174760900
"Turn: 8♦, 10♠, A♦ [4♣]",2026-08-06T02:02:26.609Z,178598174660900
"""Stevo @ kI2bCqDOyl"" checks",2026-08-06T02:02:25.773Z,178598174577300
"""peelic @ vOeqrOXpLT"" checks",2026-08-06T02:02:24.710Z,178598174471000
"""arash @ RYnRljE1SO"" checks",2026-08-06T02:02:20.740Z,178598174074000
"Flop:  [8♦, 10♠, A♦]",2026-08-06T02:02:19.294Z,178598173929400
"""peelic @ vOeqrOXpLT"" checks",2026-08-06T02:02:18.442Z,178598173844200
"""arash @ RYnRljE1SO"" calls 20",2026-08-06T02:02:17.597Z,178598173759700
"""Jonah @ xrBY5OZYCv"" folds",2026-08-06T02:02:16.652Z,178598173665200
"""Spenny @ S8ENkJ8OQS"" folds",2026-08-06T02:02:15.772Z,178598173577200
"""Stevo @ kI2bCqDOyl"" calls 20",2026-08-06T02:02:14.798Z,178598173479800
"""georgoeo @ _sqcLETZ0C"" folds",2026-08-06T02:02:13.718Z,178598173371800
"""peelic @ vOeqrOXpLT"" posts a big blind of 20",2026-08-06T02:02:08.790Z,178598172879009
"""arash @ RYnRljE1SO"" posts a small blind of 10",2026-08-06T02:02:08.790Z,178598172879008
"Your hand is 5♠, 10♦",2026-08-06T02:02:08.790Z,178598172879004
"Player stacks: #1 ""Spenny @ S8ENkJ8OQS"" (820) | #3 ""Jonah @ xrBY5OZYCv"" (1610) | #7 ""arash @ RYnRljE1SO"" (3780) | #8 ""peelic @ vOeqrOXpLT"" (800) | #9 ""georgoeo @ _sqcLETZ0C"" (2220) | #10 ""Stevo @ kI2bCqDOyl"" (770)",2026-08-06T02:02:08.790Z,178598172879001
"-- starting hand #75 (id: oc6hx0webvcz)  No Limit Texas Hold'em (dealer: ""Jonah @ xrBY5OZYCv"") --",2026-08-06T02:02:08.790Z,178598172879000
"""Spenny @ S8ENkJ8OQS"" shows a 6♦, 7♣.",2026-08-06T02:02:04.402Z,178598172440200
"""Stevo @ kI2bCqDOyl"" shows a 10♣, Q♦.",2026-08-06T02:02:03.095Z,178598172309500
"-- ending hand #74 --",2026-08-06T02:02:01.782Z,178598172178202
"""arash @ RYnRljE1SO"" collected 1060 from pot with Flush, A High (combination: 6♥, 9♥, 10♥, J♥, A♥)",2026-08-06T02:02:01.782Z,178598172178201
"""arash @ RYnRljE1SO"" shows a 9♣, A♥.",2026-08-06T02:02:01.782Z,178598172178200
"""Spenny @ S8ENkJ8OQS"" calls 300",2026-08-06T02:02:00.974Z,178598172097400
"""Stevo @ kI2bCqDOyl"" folds",2026-08-06T02:01:55.033Z,178598171503300
"""arash @ RYnRljE1SO"" raises to 300",2026-08-06T02:01:54.029Z,178598171402900
"""Spenny @ S8ENkJ8OQS"" bets 80",2026-08-06T02:01:48.205Z,178598170820500
"""Stevo @ kI2bCqDOyl"" checks",2026-08-06T02:01:43.356Z,178598170335600
"""arash @ RYnRljE1SO"" checks",2026-08-06T02:01:42.338Z,178598170233800
"River: 9♥, 6♥, 10♥, 6♣ [J♥]",2026-08-06T02:01:38.460Z,178598169846000
"""peelic @ vOeqrOXpLT"" folds",2026-08-06T02:01:37.582Z,178598169758200
"""arash @ RYnRljE1SO"" calls 60",2026-08-06T02:01:33.256Z,178598169325600
"""Spenny @ S8ENkJ8OQS"" calls 60",2026-08-06T02:01:32.329Z,178598169232900
"""Stevo @ kI2bCqDOyl"" raises to 60",2026-08-06T02:01:25.292Z,178598168529200
"""peelic @ vOeqrOXpLT"" bets 20",2026-08-06T02:01:22.626Z,178598168262600
"""arash @ RYnRljE1SO"" checks",2026-08-06T02:01:16.085Z,178598167608500
"Turn: 9♥, 6♥, 10♥ [6♣]",2026-08-06T02:01:14.723Z,178598167472300
"""arash @ RYnRljE1SO"" calls 40",2026-08-06T02:01:13.894Z,178598167389400
"""Jonah @ xrBY5OZYCv"" folds",2026-08-06T02:01:10.884Z,178598167088400
"""Spenny @ S8ENkJ8OQS"" calls 40",2026-08-06T02:01:09.963Z,178598166996300
"""Stevo @ kI2bCqDOyl"" calls 40",2026-08-06T02:01:09.059Z,178598166905900
"""peelic @ vOeqrOXpLT"" bets 40",2026-08-06T02:01:07.995Z,178598166799500
"""arash @ RYnRljE1SO"" checks",2026-08-06T02:01:03.419Z,178598166341900
"""Jonah @ xrBY5OZYCv"" checks",2026-08-06T02:01:00.776Z,178598166077600
"Flop:  [9♥, 6♥, 10♥]",2026-08-06T02:00:56.949Z,178598165694900
"""arash @ RYnRljE1SO"" checks",2026-08-06T02:00:56.145Z,178598165614500
"""Jonah @ xrBY5OZYCv"" calls 20",2026-08-06T02:00:54.051Z,178598165405100
"""Spenny @ S8ENkJ8OQS"" calls 20",2026-08-06T02:00:53.188Z,178598165318800
"""Stevo @ kI2bCqDOyl"" calls 20",2026-08-06T02:00:52.268Z,178598165226800
"""georgoeo @ _sqcLETZ0C"" folds",2026-08-06T02:00:51.202Z,178598165120200
"""peelic @ vOeqrOXpLT"" calls 20",2026-08-06T02:00:43.718Z,178598164371800
"""arash @ RYnRljE1SO"" posts a big blind of 20",2026-08-06T02:00:43.124Z,178598164312409
"""Jonah @ xrBY5OZYCv"" posts a small blind of 10",2026-08-06T02:00:43.124Z,178598164312408
"Your hand is 9♣, A♥",2026-08-06T02:00:43.124Z,178598164312404
"Player stacks: #1 ""Spenny @ S8ENkJ8OQS"" (1240) | #3 ""Jonah @ xrBY5OZYCv"" (1630) | #7 ""arash @ RYnRljE1SO"" (3140) | #8 ""peelic @ vOeqrOXpLT"" (880) | #9 ""georgoeo @ _sqcLETZ0C"" (2220) | #10 ""Stevo @ kI2bCqDOyl"" (890)",2026-08-06T02:00:43.124Z,178598164312401
"-- starting hand #74 (id: ca9cfwlgbrmp)  No Limit Texas Hold'em (dealer: ""Spenny @ S8ENkJ8OQS"") --",2026-08-06T02:00:43.124Z,178598164312400
"-- ending hand #73 --",2026-08-06T02:00:37.099Z,178598163709902
"""Spenny @ S8ENkJ8OQS"" collected 300 from pot with Three of a Kind, K's (combination: 9♠, 10♥, K♦, K♥, K♠)",2026-08-06T02:00:37.099Z,178598163709901
"""Spenny @ S8ENkJ8OQS"" shows a K♦, 3♣.",2026-08-06T02:00:37.099Z,178598163709900
"""Stevo @ kI2bCqDOyl"" calls 40",2026-08-06T02:00:36.275Z,178598163627500
"""Jonah @ xrBY5OZYCv"" folds",2026-08-06T02:00:34.763Z,178598163476300
"""Spenny @ S8ENkJ8OQS"" bets 40",2026-08-06T02:00:33.838Z,178598163383800
"River: K♥, 9♠, 5♠, 10♥ [K♠]",2026-08-06T02:00:29.494Z,178598162949400
"""Spenny @ S8ENkJ8OQS"" calls 40",2026-08-06T02:00:28.582Z,178598162858200
"""Stevo @ kI2bCqDOyl"" calls 40",2026-08-06T02:00:27.619Z,178598162761900
"""peelic @ vOeqrOXpLT"" folds",2026-08-06T02:00:25.377Z,178598162537700
"""arash @ RYnRljE1SO"" folds",2026-08-06T02:00:24.528Z,178598162452800
"""Jonah @ xrBY5OZYCv"" raises to 40",2026-08-06T02:00:13.608Z,178598161360800
"""Spenny @ S8ENkJ8OQS"" bets 20",2026-08-06T02:00:09.951Z,178598160995100
"Turn: K♥, 9♠, 5♠ [10♥]",2026-08-06T02:00:07.535Z,178598160753500
"""Stevo @ kI2bCqDOyl"" checks",2026-08-06T02:00:06.710Z,178598160671000
"""peelic @ vOeqrOXpLT"" checks",2026-08-06T02:00:05.578Z,178598160557800
"""arash @ RYnRljE1SO"" checks",2026-08-06T02:00:04.608Z,178598160460800
"""Jonah @ xrBY5OZYCv"" checks",2026-08-06T02:00:03.612Z,178598160361200
"""Spenny @ S8ENkJ8OQS"" checks",2026-08-06T02:00:02.591Z,178598160259100
"Flop:  [K♥, 9♠, 5♠]",2026-08-06T01:59:53.264Z,178598159326400
"""Jonah @ xrBY5OZYCv"" checks",2026-08-06T01:59:52.460Z,178598159246000
"""Spenny @ S8ENkJ8OQS"" calls 20",2026-08-06T01:59:51.496Z,178598159149600
"""Stevo @ kI2bCqDOyl"" calls 20",2026-08-06T01:59:50.604Z,178598159060400
"""georgoeo @ _sqcLETZ0C"" folds",2026-08-06T01:59:49.653Z,178598158965300
"""peelic @ vOeqrOXpLT"" calls 20",2026-08-06T01:59:47.823Z,178598158782300
"""arash @ RYnRljE1SO"" calls 20",2026-08-06T01:59:46.936Z,178598158693600
"""Jonah @ xrBY5OZYCv"" posts a big blind of 20",2026-08-06T01:59:43.190Z,178598158319009
"""Spenny @ S8ENkJ8OQS"" posts a small blind of 10",2026-08-06T01:59:43.190Z,178598158319008
"Your hand is 5♥, Q♣",2026-08-06T01:59:43.190Z,178598158319004
"Player stacks: #1 ""Spenny @ S8ENkJ8OQS"" (1040) | #3 ""Jonah @ xrBY5OZYCv"" (1690) | #7 ""arash @ RYnRljE1SO"" (3160) | #8 ""peelic @ vOeqrOXpLT"" (900) | #9 ""georgoeo @ _sqcLETZ0C"" (2220) | #10 ""Stevo @ kI2bCqDOyl"" (990)",2026-08-06T01:59:43.190Z,178598158319001
"-- starting hand #73 (id: mk8bfytql4fd)  No Limit Texas Hold'em (dealer: ""Stevo @ kI2bCqDOyl"") --",2026-08-06T01:59:43.190Z,178598158319000
"""georgoeo @ _sqcLETZ0C"" shows a 8♦.",2026-08-06T01:59:38.537Z,178598157853700
"""georgoeo @ _sqcLETZ0C"" shows a J♦.",2026-08-06T01:59:37.900Z,178598157790000
"-- ending hand #72 --",2026-08-06T01:59:36.582Z,178598157658202
"""arash @ RYnRljE1SO"" collected 1340 from pot with Four of a Kind, 6's (combination: J♥, 6♦, 6♣, 6♠, 6♥)",2026-08-06T01:59:36.582Z,178598157658201
"""arash @ RYnRljE1SO"" shows a 6♦, 6♣.",2026-08-06T01:59:36.582Z,178598157658200
"""Spenny @ S8ENkJ8OQS"" folds",2026-08-06T01:59:35.662Z,178598157566200
"""georgoeo @ _sqcLETZ0C"" calls 300",2026-08-06T01:59:34.715Z,178598157471500
"""peelic @ vOeqrOXpLT"" folds",2026-08-06T01:59:32.647Z,178598157264700
"""arash @ RYnRljE1SO"" bets 300",2026-08-06T01:59:31.780Z,178598157178000
"""Spenny @ S8ENkJ8OQS"" checks",2026-08-06T01:59:23.850Z,178598156385000
"River: J♠, 6♠, J♥, 6♥ [2♦]",2026-08-06T01:59:19.798Z,178598155979800
"""georgoeo @ _sqcLETZ0C"" calls 100",2026-08-06T01:59:18.970Z,178598155897000
"""peelic @ vOeqrOXpLT"" calls 100",2026-08-06T01:59:17.796Z,178598155779600
"""arash @ RYnRljE1SO"" calls 100",2026-08-06T01:59:16.934Z,178598155693400
"""Spenny @ S8ENkJ8OQS"" bets 100",2026-08-06T01:59:11.088Z,178598155108800
"Turn: J♠, 6♠, J♥ [6♥]",2026-08-06T01:59:07.393Z,178598154739300
"""arash @ RYnRljE1SO"" calls 60",2026-08-06T01:59:06.563Z,178598154656300
"""Spenny @ S8ENkJ8OQS"" calls 60",2026-08-06T01:59:03.491Z,178598154349100
"""Stevo @ kI2bCqDOyl"" folds",2026-08-06T01:58:53.989Z,178598153398900
"""georgoeo @ _sqcLETZ0C"" calls 60",2026-08-06T01:58:52.817Z,178598153281700
"""peelic @ vOeqrOXpLT"" bets 60",2026-08-06T01:58:48.866Z,178598152886600
"""arash @ RYnRljE1SO"" checks",2026-08-06T01:58:44.696Z,178598152469600
"""Spenny @ S8ENkJ8OQS"" checks",2026-08-06T01:58:43.641Z,178598152364100
"""Stevo @ kI2bCqDOyl"" checks",2026-08-06T01:58:42.282Z,178598152228200
"Flop:  [J♠, 6♠, J♥]",2026-08-06T01:58:40.720Z,178598152072000
"""Spenny @ S8ENkJ8OQS"" checks",2026-08-06T01:58:39.798Z,178598151979800
"""Stevo @ kI2bCqDOyl"" calls 20",2026-08-06T01:58:38.837Z,178598151883700
"""georgoeo @ _sqcLETZ0C"" calls 20",2026-08-06T01:58:37.622Z,178598151762200
"""peelic @ vOeqrOXpLT"" calls 20",2026-08-06T01:58:32.346Z,178598151234600
"""arash @ RYnRljE1SO"" calls 20",2026-08-06T01:58:31.414Z,178598151141400
"""Jonah @ xrBY5OZYCv"" folds",2026-08-06T01:58:30.463Z,178598151046300
"""Spenny @ S8ENkJ8OQS"" posts a big blind of 20",2026-08-06T01:58:29.112Z,178598150911209
"""Stevo @ kI2bCqDOyl"" posts a small blind of 10",2026-08-06T01:58:29.112Z,178598150911208
"Your hand is 6♦, 6♣",2026-08-06T01:58:29.112Z,178598150911204
"Player stacks: #1 ""Spenny @ S8ENkJ8OQS"" (1220) | #3 ""Jonah @ xrBY5OZYCv"" (1690) | #7 ""arash @ RYnRljE1SO"" (2300) | #8 ""peelic @ vOeqrOXpLT"" (1080) | #9 ""georgoeo @ _sqcLETZ0C"" (2700) | #10 ""Stevo @ kI2bCqDOyl"" (1010)",2026-08-06T01:58:29.112Z,178598150911201
"-- starting hand #72 (id: 1mpovieqzmaf)  No Limit Texas Hold'em (dealer: ""georgoeo @ _sqcLETZ0C"") --",2026-08-06T01:58:29.112Z,178598150911200
"-- ending hand #71 --",2026-08-06T01:58:22.989Z,178598150298904
"""peelic @ vOeqrOXpLT"" collected 160 from pot with Two Pair, 9's & 2's (combination: J♣, 2♠, 2♦, 9♣, 9♦)",2026-08-06T01:58:22.989Z,178598150298903
"""peelic @ vOeqrOXpLT"" shows a J♣, 8♠.",2026-08-06T01:58:22.989Z,178598150298902
"""arash @ RYnRljE1SO"" shows a 3♥, 10♥.",2026-08-06T01:58:22.989Z,178598150298901
"""Stevo @ kI2bCqDOyl"" shows a 6♠, 4♠.",2026-08-06T01:58:22.989Z,178598150298900
"""peelic @ vOeqrOXpLT"" checks",2026-08-06T01:58:22.139Z,178598150213900
"""arash @ RYnRljE1SO"" checks",2026-08-06T01:58:21.213Z,178598150121300
"""Stevo @ kI2bCqDOyl"" checks",2026-08-06T01:58:20.293Z,178598150029300
"River: 2♠, 9♣, 2♦, 7♠ [9♦]",2026-08-06T01:58:18.107Z,178598149810700
"""georgoeo @ _sqcLETZ0C"" folds",2026-08-06T01:58:17.249Z,178598149724900
"""peelic @ vOeqrOXpLT"" calls 20",2026-08-06T01:58:10.970Z,178598149097000
"""arash @ RYnRljE1SO"" calls 20",2026-08-06T01:58:06.883Z,178598148688300
"""Jonah @ xrBY5OZYCv"" folds",2026-08-06T01:58:05.908Z,178598148590800
"""Stevo @ kI2bCqDOyl"" bets 20",2026-08-06T01:58:02.586Z,178598148258600
"""georgoeo @ _sqcLETZ0C"" checks",2026-08-06T01:58:00.918Z,178598148091800
"Turn: 2♠, 9♣, 2♦ [7♠]",2026-08-06T01:57:53.882Z,178598147388200
"""peelic @ vOeqrOXpLT"" checks",2026-08-06T01:57:53.041Z,178598147304100
"""arash @ RYnRljE1SO"" checks",2026-08-06T01:57:50.458Z,178598147045800
"""Jonah @ xrBY5OZYCv"" checks",2026-08-06T01:57:49.532Z,178598146953200
"""Stevo @ kI2bCqDOyl"" checks",2026-08-06T01:57:48.623Z,178598146862300
"""georgoeo @ _sqcLETZ0C"" checks",2026-08-06T01:57:47.671Z,178598146767100
"Flop:  [2♠, 9♣, 2♦]",2026-08-06T01:57:45.956Z,178598146595600
"""Stevo @ kI2bCqDOyl"" checks",2026-08-06T01:57:45.077Z,178598146507700
"""georgoeo @ _sqcLETZ0C"" calls 20",2026-08-06T01:57:44.038Z,178598146403800
"""peelic @ vOeqrOXpLT"" calls 20",2026-08-06T01:57:43.188Z,178598146318800
"""arash @ RYnRljE1SO"" calls 20",2026-08-06T01:57:42.320Z,178598146232000
"""Jonah @ xrBY5OZYCv"" calls 20",2026-08-06T01:57:41.406Z,178598146140600
"""Spenny @ S8ENkJ8OQS"" folds",2026-08-06T01:57:40.511Z,178598146051100
"""Stevo @ kI2bCqDOyl"" posts a big blind of 20",2026-08-06T01:57:37.411Z,178598145741109
"""georgoeo @ _sqcLETZ0C"" posts a small blind of 10",2026-08-06T01:57:37.411Z,178598145741108
"Your hand is 3♥, 10♥",2026-08-06T01:57:37.411Z,178598145741104
"Player stacks: #1 ""Spenny @ S8ENkJ8OQS"" (1220) | #3 ""Jonah @ xrBY5OZYCv"" (1710) | #7 ""arash @ RYnRljE1SO"" (2340) | #8 ""peelic @ vOeqrOXpLT"" (960) | #9 ""georgoeo @ _sqcLETZ0C"" (2720) | #10 ""Stevo @ kI2bCqDOyl"" (1050)",2026-08-06T01:57:37.411Z,178598145741101
"-- starting hand #71 (id: qwgcvwplrgqa)  No Limit Texas Hold'em (dealer: ""peelic @ vOeqrOXpLT"") --",2026-08-06T01:57:37.411Z,178598145741100
"""Spenny @ S8ENkJ8OQS"" shows a 3♦, J♥.",2026-08-06T01:57:33.256Z,178598145325600
"""georgoeo @ _sqcLETZ0C"" shows a 4♣, A♠.",2026-08-06T01:57:31.421Z,178598145142100
"Undealt cards: J♠, 3♥, A♦, 8♥ [J♦]",2026-08-06T01:57:31.320Z,178598145132000
"-- ending hand #70 --",2026-08-06T01:57:30.075Z,178598145007502
"""georgoeo @ _sqcLETZ0C"" collected 100 from pot",2026-08-06T01:57:30.075Z,178598145007501
"Uncalled bet of 20 returned to ""georgoeo @ _sqcLETZ0C""",2026-08-06T01:57:30.075Z,178598145007500
"""peelic @ vOeqrOXpLT"" folds",2026-08-06T01:57:29.229Z,178598144922900
"""arash @ RYnRljE1SO"" folds",2026-08-06T01:57:28.335Z,178598144833500
"""Jonah @ xrBY5OZYCv"" folds",2026-08-06T01:57:25.416Z,178598144541600
"""Stevo @ kI2bCqDOyl"" folds",2026-08-06T01:57:20.550Z,178598144055000
"""georgoeo @ _sqcLETZ0C"" bets 20",2026-08-06T01:57:18.542Z,178598143854200
"""peelic @ vOeqrOXpLT"" checks",2026-08-06T01:57:16.396Z,178598143639600
"Turn: J♠, 3♥, A♦ [8♥]",2026-08-06T01:57:06.391Z,178598142639100
"""arash @ RYnRljE1SO"" checks",2026-08-06T01:57:05.562Z,178598142556200
"""Jonah @ xrBY5OZYCv"" checks",2026-08-06T01:57:04.647Z,178598142464700
"""Stevo @ kI2bCqDOyl"" checks",2026-08-06T01:57:03.710Z,178598142371000
"""georgoeo @ _sqcLETZ0C"" checks",2026-08-06T01:57:02.698Z,178598142269800
"""peelic @ vOeqrOXpLT"" checks",2026-08-06T01:57:01.793Z,178598142179300
"Flop:  [J♠, 3♥, A♦]",2026-08-06T01:56:59.053Z,178598141905300
"""georgoeo @ _sqcLETZ0C"" checks",2026-08-06T01:56:58.181Z,178598141818100
"""peelic @ vOeqrOXpLT"" calls 20",2026-08-06T01:56:57.339Z,178598141733900
"""arash @ RYnRljE1SO"" calls 20",2026-08-06T01:56:56.455Z,178598141645500
"""Jonah @ xrBY5OZYCv"" calls 20",2026-08-06T01:56:55.501Z,178598141550100
"""Spenny @ S8ENkJ8OQS"" folds",2026-08-06T01:56:54.607Z,178598141460700
"""Stevo @ kI2bCqDOyl"" calls 20",2026-08-06T01:56:49.327Z,178598140932700
"""georgoeo @ _sqcLETZ0C"" posts a big blind of 20",2026-08-06T01:56:48.351Z,178598140835109
"""peelic @ vOeqrOXpLT"" posts a small blind of 10",2026-08-06T01:56:48.351Z,178598140835108
"Your hand is 6♥, 5♠",2026-08-06T01:56:48.351Z,178598140835104
"Player stacks: #1 ""Spenny @ S8ENkJ8OQS"" (1220) | #3 ""Jonah @ xrBY5OZYCv"" (1730) | #7 ""arash @ RYnRljE1SO"" (2360) | #8 ""peelic @ vOeqrOXpLT"" (980) | #9 ""georgoeo @ _sqcLETZ0C"" (2640) | #10 ""Stevo @ kI2bCqDOyl"" (1070)",2026-08-06T01:56:48.351Z,178598140835101
"-- starting hand #70 (id: 5v2fdeydqdop)  No Limit Texas Hold'em (dealer: ""arash @ RYnRljE1SO"") --",2026-08-06T01:56:48.351Z,178598140835100
"-- ending hand #69 --",2026-08-06T01:56:45.399Z,178598140539902
"""arash @ RYnRljE1SO"" collected 60 from pot",2026-08-06T01:56:45.399Z,178598140539901
"Uncalled bet of 80 returned to ""arash @ RYnRljE1SO""",2026-08-06T01:56:45.399Z,178598140539900
"""Stevo @ kI2bCqDOyl"" folds",2026-08-06T01:56:44.559Z,178598140455900
"""peelic @ vOeqrOXpLT"" folds",2026-08-06T01:56:43.503Z,178598140350300
"""arash @ RYnRljE1SO"" bets 80",2026-08-06T01:56:41.796Z,178598140179600
"River: Q♦, 5♥, 10♥, 2♠ [3♠]",2026-08-06T01:56:39.189Z,178598139918900
"""Stevo @ kI2bCqDOyl"" checks",2026-08-06T01:56:38.345Z,178598139834500
"""peelic @ vOeqrOXpLT"" checks",2026-08-06T01:56:37.291Z,178598139729100
"""arash @ RYnRljE1SO"" checks",2026-08-06T01:56:34.012Z,178598139401200
"Turn: Q♦, 5♥, 10♥ [2♠]",2026-08-06T01:56:31.779Z,178598139177900
"""Stevo @ kI2bCqDOyl"" checks",2026-08-06T01:56:30.929Z,178598139092900
"""peelic @ vOeqrOXpLT"" checks",2026-08-06T01:56:29.951Z,178598138995100
"""arash @ RYnRljE1SO"" checks",2026-08-06T01:56:27.144Z,178598138714400
"Flop:  [Q♦, 5♥, 10♥]",2026-08-06T01:56:25.927Z,178598138592700
"""peelic @ vOeqrOXpLT"" checks",2026-08-06T01:56:25.120Z,178598138512000
"""arash @ RYnRljE1SO"" calls 20",2026-08-06T01:56:24.269Z,178598138426900
"""Jonah @ xrBY5OZYCv"" folds",2026-08-06T01:56:23.350Z,178598138335000
"""Spenny @ S8ENkJ8OQS"" folds",2026-08-06T01:56:22.407Z,178598138240700
"""Stevo @ kI2bCqDOyl"" calls 20",2026-08-06T01:56:21.508Z,178598138150800
"""georgoeo @ _sqcLETZ0C"" folds",2026-08-06T01:56:20.550Z,178598138055000
"""peelic @ vOeqrOXpLT"" posts a big blind of 20",2026-08-06T01:56:18.523Z,178598137852309
"""arash @ RYnRljE1SO"" posts a small blind of 10",2026-08-06T01:56:18.523Z,178598137852308
"Your hand is 2♣, 5♦",2026-08-06T01:56:18.523Z,178598137852304
"Player stacks: #1 ""Spenny @ S8ENkJ8OQS"" (1220) | #3 ""Jonah @ xrBY5OZYCv"" (1730) | #7 ""arash @ RYnRljE1SO"" (2320) | #8 ""peelic @ vOeqrOXpLT"" (1000) | #9 ""georgoeo @ _sqcLETZ0C"" (2640) | #10 ""Stevo @ kI2bCqDOyl"" (1090)",2026-08-06T01:56:18.523Z,178598137852301
"-- starting hand #69 (id: gxhuetvymifk)  No Limit Texas Hold'em (dealer: ""Jonah @ xrBY5OZYCv"") --",2026-08-06T01:56:18.523Z,178598137852300
"-- ending hand #68 --",2026-08-06T01:56:12.483Z,178598137248302
"""arash @ RYnRljE1SO"" collected 140 from pot with Pair, Q's (combination: 8♥, 9♣, A♣, Q♥, Q♠)",2026-08-06T01:56:12.483Z,178598137248301
"""arash @ RYnRljE1SO"" shows a 6♦, Q♥.",2026-08-06T01:56:12.483Z,178598137248300
"""Jonah @ xrBY5OZYCv"" calls 50",2026-08-06T01:56:11.662Z,178598137166200
"""arash @ RYnRljE1SO"" bets 50",2026-08-06T01:56:10.249Z,178598137024900
"""Jonah @ xrBY5OZYCv"" checks",2026-08-06T01:56:04.718Z,178598136471800
"River: 9♣, 8♥, 5♠, A♣ [Q♠]",2026-08-06T01:56:03.675Z,178598136367500
"""arash @ RYnRljE1SO"" checks",2026-08-06T01:56:02.800Z,178598136280000
"""Jonah @ xrBY5OZYCv"" checks",2026-08-06T01:56:00.730Z,178598136073000
"Turn: 9♣, 8♥, 5♠ [A♣]",2026-08-06T01:55:59.397Z,178598135939700
"""arash @ RYnRljE1SO"" checks",2026-08-06T01:55:58.566Z,178598135856600
"""Jonah @ xrBY5OZYCv"" checks",2026-08-06T01:55:57.620Z,178598135762000
"Flop:  [9♣, 8♥, 5♠]",2026-08-06T01:55:55.594Z,178598135559400
"""arash @ RYnRljE1SO"" checks",2026-08-06T01:55:54.769Z,178598135476900
"""Jonah @ xrBY5OZYCv"" calls 20",2026-08-06T01:55:53.842Z,178598135384200
"""Spenny @ S8ENkJ8OQS"" folds",2026-08-06T01:55:52.941Z,178598135294100
"""Stevo @ kI2bCqDOyl"" folds",2026-08-06T01:55:47.669Z,178598134766900
"""georgoeo @ _sqcLETZ0C"" folds",2026-08-06T01:55:46.666Z,178598134666600
"""peelic @ vOeqrOXpLT"" folds",2026-08-06T01:55:42.258Z,178598134225800
"""arash @ RYnRljE1SO"" posts a big blind of 20",2026-08-06T01:55:40.790Z,178598134079009
"""Jonah @ xrBY5OZYCv"" posts a small blind of 10",2026-08-06T01:55:40.790Z,178598134079008
"Your hand is 6♦, Q♥",2026-08-06T01:55:40.790Z,178598134079004
"Player stacks: #1 ""Spenny @ S8ENkJ8OQS"" (1220) | #3 ""Jonah @ xrBY5OZYCv"" (1800) | #7 ""arash @ RYnRljE1SO"" (2250) | #8 ""peelic @ vOeqrOXpLT"" (1000) | #9 ""georgoeo @ _sqcLETZ0C"" (2640) | #10 ""Stevo @ kI2bCqDOyl"" (1090)",2026-08-06T01:55:40.790Z,178598134079001
"-- starting hand #68 (id: 6p7yvdfktewm)  No Limit Texas Hold'em (dealer: ""Spenny @ S8ENkJ8OQS"") --",2026-08-06T01:55:40.790Z,178598134079000
"""Spenny @ S8ENkJ8OQS"" shows a 10♣, 3♠.",2026-08-06T01:55:39.034Z,178598133903400
"-- ending hand #67 --",2026-08-06T01:55:37.185Z,178598133718502
"""Spenny @ S8ENkJ8OQS"" collected 230 from pot",2026-08-06T01:55:37.185Z,178598133718501
"Uncalled bet of 60 returned to ""Spenny @ S8ENkJ8OQS""",2026-08-06T01:55:37.185Z,178598133718500
"""peelic @ vOeqrOXpLT"" folds",2026-08-06T01:55:36.362Z,178598133636200
"""arash @ RYnRljE1SO"" folds",2026-08-06T01:55:35.477Z,178598133547700
"""Spenny @ S8ENkJ8OQS"" bets 60",2026-08-06T01:55:32.354Z,178598133235400
"River: J♣, 8♠, 4♣, 3♣ [Q♣]",2026-08-06T01:55:27.390Z,178598132739000
"""Jonah @ xrBY5OZYCv"" folds",2026-08-06T01:55:26.572Z,178598132657200
"""Spenny @ S8ENkJ8OQS"" calls 50",2026-08-06T01:55:25.698Z,178598132569800
"""peelic @ vOeqrOXpLT"" calls 50",2026-08-06T01:55:18.304Z,178598131830400
"""arash @ RYnRljE1SO"" bets 50",2026-08-06T01:55:17.033Z,178598131703300
"""Jonah @ xrBY5OZYCv"" checks",2026-08-06T01:55:13.264Z,178598131326400
"""Spenny @ S8ENkJ8OQS"" checks",2026-08-06T01:55:12.258Z,178598131225800
"Turn: J♣, 8♠, 4♣ [3♣]",2026-08-06T01:55:09.398Z,178598130939800
"""peelic @ vOeqrOXpLT"" checks",2026-08-06T01:55:08.541Z,178598130854100
"""arash @ RYnRljE1SO"" checks",2026-08-06T01:55:07.610Z,178598130761000
"""Jonah @ xrBY5OZYCv"" checks",2026-08-06T01:55:06.637Z,178598130663700
"""Spenny @ S8ENkJ8OQS"" checks",2026-08-06T01:55:05.683Z,178598130568300
"Flop:  [J♣, 8♠, 4♣]",2026-08-06T01:54:59.996Z,178598129999600
"""Jonah @ xrBY5OZYCv"" checks",2026-08-06T01:54:59.124Z,178598129912400
"""Spenny @ S8ENkJ8OQS"" calls 20",2026-08-06T01:54:58.223Z,178598129822300
"""Stevo @ kI2bCqDOyl"" folds",2026-08-06T01:54:55.109Z,178598129510900
"""georgoeo @ _sqcLETZ0C"" folds",2026-08-06T01:54:53.915Z,178598129391500
"""peelic @ vOeqrOXpLT"" calls 20",2026-08-06T01:54:53.073Z,178598129307300
"""arash @ RYnRljE1SO"" calls 20",2026-08-06T01:54:51.849Z,178598129184900
"""Jonah @ xrBY5OZYCv"" posts a big blind of 20",2026-08-06T01:54:50.691Z,178598129069109
"""Spenny @ S8ENkJ8OQS"" posts a small blind of 10",2026-08-06T01:54:50.691Z,178598129069108
"Your hand is J♦, 2♦",2026-08-06T01:54:50.691Z,178598129069104
"Player stacks: #1 ""Spenny @ S8ENkJ8OQS"" (1060) | #3 ""Jonah @ xrBY5OZYCv"" (1820) | #7 ""arash @ RYnRljE1SO"" (2320) | #8 ""peelic @ vOeqrOXpLT"" (1070) | #9 ""georgoeo @ _sqcLETZ0C"" (2640) | #10 ""Stevo @ kI2bCqDOyl"" (1090)",2026-08-06T01:54:50.691Z,178598129069101
"-- starting hand #67 (id: husfwtiar4t0)  No Limit Texas Hold'em (dealer: ""Stevo @ kI2bCqDOyl"") --",2026-08-06T01:54:50.691Z,178598129069100
"-- ending hand #66 --",2026-08-06T01:54:44.685Z,178598128468504
"""georgoeo @ _sqcLETZ0C"" collected 320 from pot with Two Pair, J's & 9's (combination: A♣, 9♥, 9♣, J♦, J♥)",2026-08-06T01:54:44.685Z,178598128468503
"""georgoeo @ _sqcLETZ0C"" shows a 9♥, J♦.",2026-08-06T01:54:44.685Z,178598128468502
"""Spenny @ S8ENkJ8OQS"" shows a J♠, 2♥.",2026-08-06T01:54:44.685Z,178598128468501
"""Stevo @ kI2bCqDOyl"" shows a 10♦, 10♣.",2026-08-06T01:54:44.685Z,178598128468500
"""georgoeo @ _sqcLETZ0C"" calls 20",2026-08-06T01:54:43.882Z,178598128388200
"""peelic @ vOeqrOXpLT"" calls 20",2026-08-06T01:54:43.003Z,178598128300300
"""arash @ RYnRljE1SO"" folds",2026-08-06T01:54:42.157Z,178598128215700
"""Jonah @ xrBY5OZYCv"" folds",2026-08-06T01:54:41.221Z,178598128122100
"""Spenny @ S8ENkJ8OQS"" calls 20",2026-08-06T01:54:40.290Z,178598128029000
"""Stevo @ kI2bCqDOyl"" bets 20",2026-08-06T01:54:37.174Z,178598127717400
"River: J♥, 3♣, A♣, 8♦ [9♣]",2026-08-06T01:54:35.680Z,178598127568000
"""georgoeo @ _sqcLETZ0C"" checks",2026-08-06T01:54:34.859Z,178598127485900
"""peelic @ vOeqrOXpLT"" checks",2026-08-06T01:54:28.986Z,178598126898600
"""arash @ RYnRljE1SO"" checks",2026-08-06T01:54:28.086Z,178598126808600
"""Jonah @ xrBY5OZYCv"" checks",2026-08-06T01:54:23.126Z,178598126312600
"""Spenny @ S8ENkJ8OQS"" checks",2026-08-06T01:54:22.248Z,178598126224800
"""Stevo @ kI2bCqDOyl"" checks",2026-08-06T01:54:18.310Z,178598125831000
"Turn: J♥, 3♣, A♣ [8♦]",2026-08-06T01:54:17.164Z,178598125716400
"""georgoeo @ _sqcLETZ0C"" checks",2026-08-06T01:54:16.344Z,178598125634400
"""peelic @ vOeqrOXpLT"" checks",2026-08-06T01:54:15.500Z,178598125550000
"""arash @ RYnRljE1SO"" checks",2026-08-06T01:54:14.570Z,178598125457000
"""Jonah @ xrBY5OZYCv"" checks",2026-08-06T01:54:13.566Z,178598125356600
"""Spenny @ S8ENkJ8OQS"" checks",2026-08-06T01:54:12.691Z,178598125269100
"""Stevo @ kI2bCqDOyl"" checks",2026-08-06T01:54:03.857Z,178598124385700
"Flop:  [J♥, 3♣, A♣]",2026-08-06T01:54:01.329Z,178598124132900
"""georgoeo @ _sqcLETZ0C"" calls 40",2026-08-06T01:54:00.491Z,178598124049100
"""peelic @ vOeqrOXpLT"" calls 40",2026-08-06T01:53:54.282Z,178598123428200
"""arash @ RYnRljE1SO"" calls 40",2026-08-06T01:53:53.416Z,178598123341600
"""Jonah @ xrBY5OZYCv"" calls 40",2026-08-06T01:53:52.504Z,178598123250400
"""Spenny @ S8ENkJ8OQS"" calls 40",2026-08-06T01:53:51.552Z,178598123155200
"""Stevo @ kI2bCqDOyl"" raises to 40",2026-08-06T01:53:46.770Z,178598122677000
"""georgoeo @ _sqcLETZ0C"" calls 20",2026-08-06T01:53:44.448Z,178598122444800
"""peelic @ vOeqrOXpLT"" calls 20",2026-08-06T01:53:40.643Z,178598122064300
"""arash @ RYnRljE1SO"" calls 20",2026-08-06T01:53:39.787Z,178598121978700
"""Jonah @ xrBY5OZYCv"" calls 20",2026-08-06T01:53:38.062Z,178598121806200
"""Spenny @ S8ENkJ8OQS"" posts a big blind of 20",2026-08-06T01:53:36.644Z,178598121664409
"""Stevo @ kI2bCqDOyl"" posts a small blind of 10",2026-08-06T01:53:36.644Z,178598121664408
"Your hand is Q♠, 4♠",2026-08-06T01:53:36.644Z,178598121664404
"Player stacks: #1 ""Spenny @ S8ENkJ8OQS"" (1120) | #3 ""Jonah @ xrBY5OZYCv"" (1860) | #7 ""arash @ RYnRljE1SO"" (2360) | #8 ""peelic @ vOeqrOXpLT"" (1130) | #9 ""georgoeo @ _sqcLETZ0C"" (2380) | #10 ""Stevo @ kI2bCqDOyl"" (1150)",2026-08-06T01:53:36.644Z,178598121664401
"-- starting hand #66 (id: 0uzuz7zycocf)  No Limit Texas Hold'em (dealer: ""georgoeo @ _sqcLETZ0C"") --",2026-08-06T01:53:36.644Z,178598121664400
"Undealt cards: 6♠, 10♠, 6♦, K♣ [2♠]",2026-08-06T01:53:34.217Z,178598121421700
"-- ending hand #65 --",2026-08-06T01:53:30.703Z,178598121070302
"""Stevo @ kI2bCqDOyl"" collected 140 from pot",2026-08-06T01:53:30.703Z,178598121070301
"Uncalled bet of 60 returned to ""Stevo @ kI2bCqDOyl""",2026-08-06T01:53:30.703Z,178598121070300
"""peelic @ vOeqrOXpLT"" folds",2026-08-06T01:53:29.850Z,178598120985000
"""Stevo @ kI2bCqDOyl"" bets 60",2026-08-06T01:53:28.938Z,178598120893800
"Turn: 6♠, 10♠, 6♦ [K♣]",2026-08-06T01:53:26.102Z,178598120610200
"""georgoeo @ _sqcLETZ0C"" folds",2026-08-06T01:53:25.260Z,178598120526000
"""peelic @ vOeqrOXpLT"" calls 20",2026-08-06T01:53:24.429Z,178598120442900
"""arash @ RYnRljE1SO"" folds",2026-08-06T01:53:22.693Z,178598120269300
"""Jonah @ xrBY5OZYCv"" folds",2026-08-06T01:53:18.642Z,178598119864200
"""Stevo @ kI2bCqDOyl"" bets 20",2026-08-06T01:53:17.183Z,178598119718300
"""georgoeo @ _sqcLETZ0C"" checks",2026-08-06T01:53:15.829Z,178598119582900
"Flop:  [6♠, 10♠, 6♦]",2026-08-06T01:53:05.795Z,178598118579500
"""Stevo @ kI2bCqDOyl"" checks",2026-08-06T01:53:04.959Z,178598118495900
"""georgoeo @ _sqcLETZ0C"" calls 20",2026-08-06T01:53:04.004Z,178598118400400
"""peelic @ vOeqrOXpLT"" calls 20",2026-08-06T01:52:58.362Z,178598117836200
"""arash @ RYnRljE1SO"" calls 20",2026-08-06T01:52:55.747Z,178598117574700
"""Jonah @ xrBY5OZYCv"" calls 20",2026-08-06T01:52:54.266Z,178598117426600
"""Spenny @ S8ENkJ8OQS"" folds",2026-08-06T01:52:53.401Z,178598117340100
"""Stevo @ kI2bCqDOyl"" posts a big blind of 20",2026-08-06T01:52:50.975Z,178598117097509
"""georgoeo @ _sqcLETZ0C"" posts a small blind of 10",2026-08-06T01:52:50.975Z,178598117097508
"Your hand is 3♥, 8♣",2026-08-06T01:52:50.975Z,178598117097504
"Player stacks: #1 ""Spenny @ S8ENkJ8OQS"" (1120) | #3 ""Jonah @ xrBY5OZYCv"" (1880) | #7 ""arash @ RYnRljE1SO"" (2380) | #8 ""peelic @ vOeqrOXpLT"" (1170) | #9 ""georgoeo @ _sqcLETZ0C"" (2400) | #10 ""Stevo @ kI2bCqDOyl"" (1050)",2026-08-06T01:52:50.975Z,178598117097501
"-- starting hand #65 (id: s6o3a4x7hojo)  No Limit Texas Hold'em (dealer: ""peelic @ vOeqrOXpLT"") --",2026-08-06T01:52:50.975Z,178598117097500
"-- ending hand #64 --",2026-08-06T01:52:48.015Z,178598116801502
"""peelic @ vOeqrOXpLT"" collected 320 from pot",2026-08-06T01:52:48.015Z,178598116801501
"Uncalled bet of 100 returned to ""peelic @ vOeqrOXpLT""",2026-08-06T01:52:48.015Z,178598116801500
"""arash @ RYnRljE1SO"" folds",2026-08-06T01:52:47.178Z,178598116717800
"""Jonah @ xrBY5OZYCv"" folds",2026-08-06T01:52:46.224Z,178598116622400
"""georgoeo @ _sqcLETZ0C"" folds",2026-08-06T01:52:45.326Z,178598116532600
"""peelic @ vOeqrOXpLT"" bets 100",2026-08-06T01:52:38.061Z,178598115806100
"River: J♠, 9♥, Q♣, 9♦ [2♣]",2026-08-06T01:52:33.564Z,178598115356400
"""arash @ RYnRljE1SO"" calls 40",2026-08-06T01:52:32.673Z,178598115267300
"""Jonah @ xrBY5OZYCv"" calls 40",2026-08-06T01:52:23.410Z,178598114341000
"""georgoeo @ _sqcLETZ0C"" calls 40",2026-08-06T01:52:22.536Z,178598114253600
"""peelic @ vOeqrOXpLT"" bets 40",2026-08-06T01:52:15.170Z,178598113517000
"Turn: J♠, 9♥, Q♣ [9♦]",2026-08-06T01:52:10.157Z,178598113015700
"""arash @ RYnRljE1SO"" calls 20",2026-08-06T01:52:09.322Z,178598112932200
"""Jonah @ xrBY5OZYCv"" calls 20",2026-08-06T01:52:08.402Z,178598112840200
"""georgoeo @ _sqcLETZ0C"" calls 20",2026-08-06T01:52:07.434Z,178598112743400
"""peelic @ vOeqrOXpLT"" bets 20",2026-08-06T01:52:01.659Z,178598112165900
"Flop:  [J♠, 9♥, Q♣]",2026-08-06T01:51:54.912Z,178598111491200
"""georgoeo @ _sqcLETZ0C"" checks",2026-08-06T01:51:54.091Z,178598111409100
"""peelic @ vOeqrOXpLT"" calls 20",2026-08-06T01:51:53.234Z,178598111323400
"""arash @ RYnRljE1SO"" calls 20",2026-08-06T01:51:52.313Z,178598111231300
"""Jonah @ xrBY5OZYCv"" calls 20",2026-08-06T01:51:51.334Z,178598111133400
"""Spenny @ S8ENkJ8OQS"" folds",2026-08-06T01:51:49.306Z,178598110930600
"""Stevo @ kI2bCqDOyl"" folds",2026-08-06T01:51:48.078Z,178598110807800
"""georgoeo @ _sqcLETZ0C"" posts a big blind of 20",2026-08-06T01:51:46.063Z,178598110606309
"""peelic @ vOeqrOXpLT"" posts a small blind of 10",2026-08-06T01:51:46.063Z,178598110606308
"Your hand is 7♣, 4♦",2026-08-06T01:51:46.063Z,178598110606304
"Player stacks: #1 ""Spenny @ S8ENkJ8OQS"" (1120) | #3 ""Jonah @ xrBY5OZYCv"" (1960) | #7 ""arash @ RYnRljE1SO"" (2460) | #8 ""peelic @ vOeqrOXpLT"" (930) | #9 ""georgoeo @ _sqcLETZ0C"" (2480) | #10 ""Stevo @ kI2bCqDOyl"" (1050)",2026-08-06T01:51:46.063Z,178598110606301
"-- starting hand #64 (id: l5jykmqbdcwv)  No Limit Texas Hold'em (dealer: ""arash @ RYnRljE1SO"") --",2026-08-06T01:51:46.063Z,178598110606300
"-- ending hand #63 --",2026-08-06T01:51:40.059Z,178598110005902
"""Jonah @ xrBY5OZYCv"" collected 180 from pot with Two Pair, 4's & 3's (combination: K♠, 3♣, 3♥, 4♣, 4♥)",2026-08-06T01:51:40.059Z,178598110005901
"""Jonah @ xrBY5OZYCv"" shows a 4♣, 3♣.",2026-08-06T01:51:40.059Z,178598110005900
"""Spenny @ S8ENkJ8OQS"" calls 30",2026-08-06T01:51:39.206Z,178598109920600
"""Stevo @ kI2bCqDOyl"" folds",2026-08-06T01:51:34.713Z,178598109471300
"""georgoeo @ _sqcLETZ0C"" folds",2026-08-06T01:51:33.678Z,178598109367800
"""peelic @ vOeqrOXpLT"" folds",2026-08-06T01:51:32.123Z,178598109212300
"""arash @ RYnRljE1SO"" folds",2026-08-06T01:51:30.805Z,178598109080500
"""Jonah @ xrBY5OZYCv"" bets 30",2026-08-06T01:51:28.399Z,178598108839900
"""Spenny @ S8ENkJ8OQS"" checks",2026-08-06T01:51:25.676Z,178598108567600
"""Stevo @ kI2bCqDOyl"" checks",2026-08-06T01:51:24.697Z,178598108469700
"""georgoeo @ _sqcLETZ0C"" checks",2026-08-06T01:51:22.270Z,178598108227000
"""peelic @ vOeqrOXpLT"" checks",2026-08-06T01:51:15.186Z,178598107518600
"""arash @ RYnRljE1SO"" checks",2026-08-06T01:51:12.916Z,178598107291600
"River: 8♦, K♠, 2♣, 3♥ [4♥]",2026-08-06T01:51:09.672Z,178598106967200
"""Jonah @ xrBY5OZYCv"" checks",2026-08-06T01:51:08.842Z,178598106884200
"""Spenny @ S8ENkJ8OQS"" checks",2026-08-06T01:51:07.881Z,178598106788100
"""Stevo @ kI2bCqDOyl"" checks",2026-08-06T01:51:02.095Z,178598106209500
"""georgoeo @ _sqcLETZ0C"" checks",2026-08-06T01:51:00.986Z,178598106098600
"""peelic @ vOeqrOXpLT"" checks",2026-08-06T01:50:56.016Z,178598105601600
"""arash @ RYnRljE1SO"" checks",2026-08-06T01:50:52.039Z,178598105203900
"Turn: 8♦, K♠, 2♣ [3♥]",2026-08-06T01:50:50.648Z,178598105064800
"""Jonah @ xrBY5OZYCv"" checks",2026-08-06T01:50:49.793Z,178598104979300
"""Spenny @ S8ENkJ8OQS"" checks",2026-08-06T01:50:47.007Z,178598104700700
"""Stevo @ kI2bCqDOyl"" checks",2026-08-06T01:50:41.522Z,178598104152200
"""georgoeo @ _sqcLETZ0C"" checks",2026-08-06T01:50:40.558Z,178598104055800
"""peelic @ vOeqrOXpLT"" checks",2026-08-06T01:50:39.576Z,178598103957600
"""arash @ RYnRljE1SO"" checks",2026-08-06T01:50:35.332Z,178598103533200
"Flop:  [8♦, K♠, 2♣]",2026-08-06T01:50:34.218Z,178598103421800
"""peelic @ vOeqrOXpLT"" checks",2026-08-06T01:50:33.389Z,178598103338900
"""arash @ RYnRljE1SO"" calls 20",2026-08-06T01:50:32.452Z,178598103245200
"""Jonah @ xrBY5OZYCv"" calls 20",2026-08-06T01:50:31.467Z,178598103146700
"""Spenny @ S8ENkJ8OQS"" calls 20",2026-08-06T01:50:30.577Z,178598103057700
"""Stevo @ kI2bCqDOyl"" calls 20",2026-08-06T01:50:21.379Z,178598102137900
"""georgoeo @ _sqcLETZ0C"" calls 20",2026-08-06T01:50:20.329Z,178598102032900
"""peelic @ vOeqrOXpLT"" posts a big blind of 20",2026-08-06T01:50:13.336Z,178598101333609
"""arash @ RYnRljE1SO"" posts a small blind of 10",2026-08-06T01:50:13.336Z,178598101333608
"Your hand is 9♦, 10♣",2026-08-06T01:50:13.336Z,178598101333604
"Player stacks: #1 ""Spenny @ S8ENkJ8OQS"" (1170) | #3 ""Jonah @ xrBY5OZYCv"" (1830) | #7 ""arash @ RYnRljE1SO"" (2480) | #8 ""peelic @ vOeqrOXpLT"" (950) | #9 ""georgoeo @ _sqcLETZ0C"" (2500) | #10 ""Stevo @ kI2bCqDOyl"" (1070)",2026-08-06T01:50:13.336Z,178598101333601
"-- starting hand #63 (id: a4f9yi9yhosh)  No Limit Texas Hold'em (dealer: ""Jonah @ xrBY5OZYCv"") --",2026-08-06T01:50:13.336Z,178598101333600
"""Spenny @ S8ENkJ8OQS"" shows a 9♦.",2026-08-06T01:50:12.237Z,178598101223700
"""Stevo @ kI2bCqDOyl"" shows a 4♠.",2026-08-06T01:50:08.351Z,178598100835100
"-- ending hand #62 --",2026-08-06T01:50:06.312Z,178598100631202
"""georgoeo @ _sqcLETZ0C"" collected 370 from pot with Two Pair, A's & 4's (combination: K♣, 4♣, 4♥, A♣, A♦)",2026-08-06T01:50:06.312Z,178598100631201
"""georgoeo @ _sqcLETZ0C"" shows a A♣, 7♥.",2026-08-06T01:50:06.312Z,178598100631200
"""peelic @ vOeqrOXpLT"" folds",2026-08-06T01:50:05.455Z,178598100545500
"""arash @ RYnRljE1SO"" folds",2026-08-06T01:50:04.599Z,178598100459900
"""Spenny @ S8ENkJ8OQS"" calls 70",2026-08-06T01:50:01.898Z,178598100189800
"""georgoeo @ _sqcLETZ0C"" bets 70",2026-08-06T01:49:53.225Z,178598099322500
"""peelic @ vOeqrOXpLT"" checks",2026-08-06T01:49:50.628Z,178598099062800
"""arash @ RYnRljE1SO"" checks",2026-08-06T01:49:49.763Z,178598098976300
"River: 9♣, K♣, 4♣, A♦ [4♥]",2026-08-06T01:49:45.856Z,178598098585600
"""peelic @ vOeqrOXpLT"" calls 30",2026-08-06T01:49:45.031Z,178598098503100
"""arash @ RYnRljE1SO"" calls 30",2026-08-06T01:49:41.125Z,178598098112500
"""Spenny @ S8ENkJ8OQS"" calls 30",2026-08-06T01:49:38.578Z,178598097857800
"""Stevo @ kI2bCqDOyl"" folds",2026-08-06T01:49:36.538Z,178598097653800
"""georgoeo @ _sqcLETZ0C"" bets 30",2026-08-06T01:49:34.601Z,178598097460100
"""peelic @ vOeqrOXpLT"" checks",2026-08-06T01:49:31.053Z,178598097105300
"""arash @ RYnRljE1SO"" checks",2026-08-06T01:49:28.715Z,178598096871500
"Turn: 9♣, K♣, 4♣ [A♦]",2026-08-06T01:49:26.588Z,178598096658800
"""Spenny @ S8ENkJ8OQS"" checks",2026-08-06T01:49:25.774Z,178598096577400
"""Stevo @ kI2bCqDOyl"" checks",2026-08-06T01:49:21.583Z,178598096158300
"""georgoeo @ _sqcLETZ0C"" checks",2026-08-06T01:49:20.532Z,178598096053200
"""peelic @ vOeqrOXpLT"" checks",2026-08-06T01:49:12.046Z,178598095204600
"""arash @ RYnRljE1SO"" checks",2026-08-06T01:49:10.256Z,178598095025600
"Flop:  [9♣, K♣, 4♣]",2026-08-06T01:49:08.778Z,178598094877800
"""arash @ RYnRljE1SO"" checks",2026-08-06T01:49:07.878Z,178598094787800
"""Jonah @ xrBY5OZYCv"" folds",2026-08-06T01:49:06.913Z,178598094691300
"""Spenny @ S8ENkJ8OQS"" calls 20",2026-08-06T01:49:06.043Z,178598094604300
"""Stevo @ kI2bCqDOyl"" calls 20",2026-08-06T01:49:03.633Z,178598094363300
"""georgoeo @ _sqcLETZ0C"" calls 20",2026-08-06T01:49:02.473Z,178598094247300
"""peelic @ vOeqrOXpLT"" calls 20",2026-08-06T01:49:01.610Z,178598094161000
"""arash @ RYnRljE1SO"" posts a big blind of 20",2026-08-06T01:48:59.970Z,178598093997009
"""Jonah @ xrBY5OZYCv"" posts a small blind of 10",2026-08-06T01:48:59.970Z,178598093997008
"Your hand is 7♠, Q♦",2026-08-06T01:48:59.970Z,178598093997004
"Player stacks: #1 ""Spenny @ S8ENkJ8OQS"" (1290) | #3 ""Jonah @ xrBY5OZYCv"" (1840) | #7 ""arash @ RYnRljE1SO"" (2530) | #8 ""peelic @ vOeqrOXpLT"" (1000) | #9 ""georgoeo @ _sqcLETZ0C"" (2250) | #10 ""Stevo @ kI2bCqDOyl"" (1090)",2026-08-06T01:48:59.970Z,178598093997001
"-- starting hand #62 (id: oqejartgbhdy)  No Limit Texas Hold'em (dealer: ""Spenny @ S8ENkJ8OQS"") --",2026-08-06T01:48:59.970Z,178598093997000
"""georgoeo @ _sqcLETZ0C"" shows a 6♣, A♥.",2026-08-06T01:48:55.476Z,178598093547600
"-- ending hand #61 --",2026-08-06T01:48:53.368Z,178598093336804
"""arash @ RYnRljE1SO"" collected 140 from pot with Two Pair, Q's & 5's (combination: K♣, 5♣, 5♠, Q♦, Q♥)",2026-08-06T01:48:53.368Z,178598093336803
"""Jonah @ xrBY5OZYCv"" collected 140 from pot with Two Pair, Q's & 5's (combination: K♠, 5♣, 5♠, Q♣, Q♥)",2026-08-06T01:48:53.368Z,178598093336802
"""arash @ RYnRljE1SO"" shows a K♣, Q♦.",2026-08-06T01:48:53.368Z,178598093336801
"""Jonah @ xrBY5OZYCv"" shows a Q♣, K♠.",2026-08-06T01:48:53.368Z,178598093336800
"""arash @ RYnRljE1SO"" calls 40",2026-08-06T01:48:52.455Z,178598093245500
"""Jonah @ xrBY5OZYCv"" bets 40",2026-08-06T01:48:50.131Z,178598093013100
"River: 5♣, 8♣, Q♥, 5♠ [4♠]",2026-08-06T01:48:47.368Z,178598092736800
"""Stevo @ kI2bCqDOyl"" folds",2026-08-06T01:48:46.507Z,178598092650700
"""arash @ RYnRljE1SO"" calls 20",2026-08-06T01:48:45.041Z,178598092504100
"""Jonah @ xrBY5OZYCv"" bets 20",2026-08-06T01:48:39.841Z,178598091984100
"Turn: 5♣, 8♣, Q♥ [5♠]",2026-08-06T01:48:37.763Z,178598091776300
"""Spenny @ S8ENkJ8OQS"" folds",2026-08-06T01:48:36.914Z,178598091691400
"""Stevo @ kI2bCqDOyl"" calls 20",2026-08-06T01:48:35.993Z,178598091599300
"""georgoeo @ _sqcLETZ0C"" folds",2026-08-06T01:48:33.769Z,178598091376900
"""arash @ RYnRljE1SO"" calls 20",2026-08-06T01:48:22.916Z,178598090291600
"""Jonah @ xrBY5OZYCv"" bets 20",2026-08-06T01:48:19.670Z,178598089967000
"""Spenny @ S8ENkJ8OQS"" checks",2026-08-06T01:48:14.290Z,178598089429000
"Flop:  [5♣, 8♣, Q♥]",2026-08-06T01:48:09.825Z,178598088982500
"""Jonah @ xrBY5OZYCv"" checks",2026-08-06T01:48:08.980Z,178598088898000
"""Spenny @ S8ENkJ8OQS"" calls 20",2026-08-06T01:48:08.088Z,178598088808800
"""Stevo @ kI2bCqDOyl"" calls 20",2026-08-06T01:48:02.356Z,178598088235600
"""georgoeo @ _sqcLETZ0C"" calls 20",2026-08-06T01:48:01.300Z,178598088130000
"""peelic @ vOeqrOXpLT"" folds",2026-08-06T01:48:00.348Z,178598088034800
"""arash @ RYnRljE1SO"" calls 20",2026-08-06T01:47:51.865Z,178598087186500
"""Jonah @ xrBY5OZYCv"" posts a big blind of 20",2026-08-06T01:47:50.609Z,178598087060910
"""Spenny @ S8ENkJ8OQS"" posts a small blind of 10",2026-08-06T01:47:50.609Z,178598087060909
"Your hand is K♣, Q♦",2026-08-06T01:47:50.609Z,178598087060905
"Player stacks: #1 ""Spenny @ S8ENkJ8OQS"" (1310) | #3 ""Jonah @ xrBY5OZYCv"" (1800) | #7 ""arash @ RYnRljE1SO"" (2490) | #8 ""peelic @ vOeqrOXpLT"" (1000) | #9 ""georgoeo @ _sqcLETZ0C"" (2270) | #10 ""Stevo @ kI2bCqDOyl"" (1130)",2026-08-06T01:47:50.609Z,178598087060902
"-- starting hand #61 (id: ddygaetxljlu)  No Limit Texas Hold'em (dealer: ""Stevo @ kI2bCqDOyl"") --",2026-08-06T01:47:50.609Z,178598087060901
"The player ""peelic @ vOeqrOXpLT"" joined the game with a stack of 1000.",2026-08-06T01:47:50.609Z,178598087060900
"""Jonah @ xrBY5OZYCv"" shows a 4♣, J♠.",2026-08-06T01:47:48.235Z,178598086823500
"""Spenny @ S8ENkJ8OQS"" shows a 10♠, K♦.",2026-08-06T01:47:45.741Z,178598086574100
"Undealt cards: 6♠, K♠, 4♥, J♥ [8♠]",2026-08-06T01:47:44.443Z,178598086444300
"-- ending hand #60 --",2026-08-06T01:47:43.305Z,178598086330502
"""Spenny @ S8ENkJ8OQS"" collected 100 from pot",2026-08-06T01:47:43.305Z,178598086330501
"Uncalled bet of 60 returned to ""Spenny @ S8ENkJ8OQS""",2026-08-06T01:47:43.305Z,178598086330500
"""arash @ RYnRljE1SO"" folds",2026-08-06T01:47:42.490Z,178598086249000
"""Spenny @ S8ENkJ8OQS"" bets 60",2026-08-06T01:47:35.838Z,178598085583800
"Turn: 6♠, K♠, 4♥ [J♥]",2026-08-06T01:47:30.396Z,178598085039600
"""Stevo @ kI2bCqDOyl"" folds",2026-08-06T01:47:29.503Z,178598084950300
"""arash @ RYnRljE1SO"" calls 20",2026-08-06T01:47:26.632Z,178598084663200
"The admin approved the player ""peelic @ vOeqrOXpLT"" participation with a stack of 1000.",2026-08-06T01:47:24.567Z,178598084456700
"""Spenny @ S8ENkJ8OQS"" bets 20",2026-08-06T01:47:23.136Z,178598084313600
"The player ""peelic @ vOeqrOXpLT"" requested a seat.",2026-08-06T01:47:22.996Z,178598084299600
"""Stevo @ kI2bCqDOyl"" checks",2026-08-06T01:47:21.710Z,178598084171000
"Flop:  [6♠, K♠, 4♥]",2026-08-06T01:47:20.189Z,178598084018900
"""Spenny @ S8ENkJ8OQS"" checks",2026-08-06T01:47:19.332Z,178598083933200
"""Stevo @ kI2bCqDOyl"" calls 20",2026-08-06T01:47:18.437Z,178598083843700
"""georgoeo @ _sqcLETZ0C"" folds",2026-08-06T01:47:17.415Z,178598083741500
"""arash @ RYnRljE1SO"" calls 20",2026-08-06T01:47:16.547Z,178598083654700
"""Jonah @ xrBY5OZYCv"" folds",2026-08-06T01:47:15.635Z,178598083563500
"""Spenny @ S8ENkJ8OQS"" posts a big blind of 20",2026-08-06T01:47:14.252Z,178598083425209
"""Stevo @ kI2bCqDOyl"" posts a small blind of 10",2026-08-06T01:47:14.252Z,178598083425208
"Your hand is 9♦, A♣",2026-08-06T01:47:14.252Z,178598083425205
"Player stacks: #1 ""Spenny @ S8ENkJ8OQS"" (1250) | #3 ""Jonah @ xrBY5OZYCv"" (1800) | #7 ""arash @ RYnRljE1SO"" (2530) | #9 ""georgoeo @ _sqcLETZ0C"" (2270) | #10 ""Stevo @ kI2bCqDOyl"" (1150)",2026-08-06T01:47:14.252Z,178598083425202
"-- starting hand #60 (id: jbdf8ttxoj9z)  No Limit Texas Hold'em (dealer: ""georgoeo @ _sqcLETZ0C"") --",2026-08-06T01:47:14.252Z,178598083425201
"The player ""peelic @ vOeqrOXpLT"" quits the game with a stack of 0.",2026-08-06T01:47:14.252Z,178598083425200
"Asking to busted players the rebuy decision.",2026-08-06T01:47:13.583Z,178598083358300
"""georgoeo @ _sqcLETZ0C"" shows a 9♦, 8♥.",2026-08-06T01:47:07.788Z,178598082778800
"-- ending hand #59 --",2026-08-06T01:47:07.027Z,178598082702701
"""arash @ RYnRljE1SO"" collected 720 from pot with Flush, A High (combination: 5♠, J♠, Q♠, K♠, A♠)",2026-08-06T01:47:07.027Z,178598082702700
"River: Q♠, 10♥, Q♦, K♠ [J♠]",2026-08-06T01:47:02.980Z,178598082298000
"""arash @ RYnRljE1SO"" shows a 5♠, A♠.",2026-08-06T01:46:58.886Z,178598081888601
"""peelic @ vOeqrOXpLT"" shows a 10♦, 4♠.",2026-08-06T01:46:58.886Z,178598081888600
"""georgoeo @ _sqcLETZ0C"" folds",2026-08-06T01:46:58.000Z,178598081800000
"""arash @ RYnRljE1SO"" calls 250",2026-08-06T01:46:57.083Z,178598081708300
"""peelic @ vOeqrOXpLT"" bets 250 and go all in",2026-08-06T01:46:55.160Z,178598081516000
"""georgoeo @ _sqcLETZ0C"" checks",2026-08-06T01:46:48.389Z,178598080838900
"Turn: Q♠, 10♥, Q♦ [K♠]",2026-08-06T01:46:45.170Z,178598080517000
"""Spenny @ S8ENkJ8OQS"" folds",2026-08-06T01:46:44.367Z,178598080436700
"""Stevo @ kI2bCqDOyl"" folds",2026-08-06T01:46:36.509Z,178598079650900
"""georgoeo @ _sqcLETZ0C"" calls 40",2026-08-06T01:46:35.533Z,178598079553300
"""arash @ RYnRljE1SO"" calls 40",2026-08-06T01:46:34.002Z,178598079400200
"""peelic @ vOeqrOXpLT"" bets 40",2026-08-06T01:46:32.319Z,178598079231900
"""Spenny @ S8ENkJ8OQS"" checks",2026-08-06T01:46:22.866Z,178598078286600
"""Stevo @ kI2bCqDOyl"" checks",2026-08-06T01:46:21.973Z,178598078197300
"""georgoeo @ _sqcLETZ0C"" checks",2026-08-06T01:46:20.942Z,178598078094200
"Flop:  [Q♠, 10♥, Q♦]",2026-08-06T01:46:13.784Z,178598077378400
"""Stevo @ kI2bCqDOyl"" checks",2026-08-06T01:46:12.957Z,178598077295700
"""georgoeo @ _sqcLETZ0C"" calls 20",2026-08-06T01:46:11.861Z,178598077186100
"""arash @ RYnRljE1SO"" calls 20",2026-08-06T01:46:07.408Z,178598076740800
"""peelic @ vOeqrOXpLT"" calls 20",2026-08-06T01:46:06.418Z,178598076641800
"""Jonah @ xrBY5OZYCv"" folds",2026-08-06T01:46:05.568Z,178598076556800
"""Spenny @ S8ENkJ8OQS"" calls 20",2026-08-06T01:46:04.713Z,178598076471300
"""Stevo @ kI2bCqDOyl"" posts a big blind of 20",2026-08-06T01:46:02.898Z,178598076289809
"""georgoeo @ _sqcLETZ0C"" posts a small blind of 10",2026-08-06T01:46:02.898Z,178598076289808
"Your hand is 5♠, A♠",2026-08-06T01:46:02.898Z,178598076289805
"Player stacks: #1 ""Spenny @ S8ENkJ8OQS"" (1270) | #3 ""Jonah @ xrBY5OZYCv"" (1800) | #5 ""peelic @ vOeqrOXpLT"" (310) | #7 ""arash @ RYnRljE1SO"" (2120) | #9 ""georgoeo @ _sqcLETZ0C"" (2330) | #10 ""Stevo @ kI2bCqDOyl"" (1170)",2026-08-06T01:46:02.898Z,178598076289801
"-- starting hand #59 (id: jbukufkk7vhp)  No Limit Texas Hold'em (dealer: ""arash @ RYnRljE1SO"") --",2026-08-06T01:46:02.898Z,178598076289800
"""arash @ RYnRljE1SO"" shows a A♣, A♥.",2026-08-06T01:46:00.767Z,178598076076700
"Undealt cards: 3♠, 5♠, Q♦ [2♥, 4♦]",2026-08-06T01:45:57.668Z,178598075766800
"-- ending hand #58 --",2026-08-06T01:45:56.284Z,178598075628402
"""arash @ RYnRljE1SO"" collected 160 from pot",2026-08-06T01:45:56.284Z,178598075628401
"Uncalled bet of 50 returned to ""arash @ RYnRljE1SO""",2026-08-06T01:45:56.284Z,178598075628400
"""peelic @ vOeqrOXpLT"" folds",2026-08-06T01:45:55.465Z,178598075546500
"""Stevo @ kI2bCqDOyl"" folds",2026-08-06T01:45:51.461Z,178598075146100
"""georgoeo @ _sqcLETZ0C"" folds",2026-08-06T01:45:50.399Z,178598075039900
"""arash @ RYnRljE1SO"" bets 50",2026-08-06T01:45:46.125Z,178598074612500
"Flop:  [3♠, 5♠, Q♦]",2026-08-06T01:45:42.315Z,178598074231500
"""peelic @ vOeqrOXpLT"" calls 40",2026-08-06T01:45:41.499Z,178598074149900
"""Stevo @ kI2bCqDOyl"" calls 40",2026-08-06T01:45:40.576Z,178598074057600
"""georgoeo @ _sqcLETZ0C"" calls 40",2026-08-06T01:45:37.983Z,178598073798300
"""arash @ RYnRljE1SO"" raises to 40",2026-08-06T01:45:36.285Z,178598073628500
"""peelic @ vOeqrOXpLT"" calls 20",2026-08-06T01:45:32.690Z,178598073269000
"""Jonah @ xrBY5OZYCv"" folds",2026-08-06T01:45:31.806Z,178598073180600
"""Spenny @ S8ENkJ8OQS"" folds",2026-08-06T01:45:30.939Z,178598073093900
"""Stevo @ kI2bCqDOyl"" calls 20",2026-08-06T01:45:29.991Z,178598072999100
"""georgoeo @ _sqcLETZ0C"" posts a big blind of 20",2026-08-06T01:45:27.154Z,178598072715409
"""arash @ RYnRljE1SO"" posts a small blind of 10",2026-08-06T01:45:27.154Z,178598072715408
"Your hand is A♣, A♥",2026-08-06T01:45:27.154Z,178598072715405
"Player stacks: #1 ""Spenny @ S8ENkJ8OQS"" (1270) | #3 ""Jonah @ xrBY5OZYCv"" (1800) | #5 ""peelic @ vOeqrOXpLT"" (350) | #7 ""arash @ RYnRljE1SO"" (2000) | #9 ""georgoeo @ _sqcLETZ0C"" (2370) | #10 ""Stevo @ kI2bCqDOyl"" (1210)",2026-08-06T01:45:27.154Z,178598072715401
"-- starting hand #58 (id: 86vt7kuvnnz2)  No Limit Texas Hold'em (dealer: ""peelic @ vOeqrOXpLT"") --",2026-08-06T01:45:27.154Z,178598072715400
"-- ending hand #57 --",2026-08-06T01:45:21.149Z,178598072114903
"""georgoeo @ _sqcLETZ0C"" collected 280 from pot with Two Pair, J's & 2's (combination: A♠, 2♥, 2♦, J♥, J♦)",2026-08-06T01:45:21.149Z,178598072114902
"""georgoeo @ _sqcLETZ0C"" shows a A♠, J♥.",2026-08-06T01:45:21.149Z,178598072114901
"""peelic @ vOeqrOXpLT"" shows a 8♠, 5♦.",2026-08-06T01:45:21.149Z,178598072114900
"""Jonah @ xrBY5OZYCv"" folds",2026-08-06T01:45:20.303Z,178598072030300
"""georgoeo @ _sqcLETZ0C"" calls 60",2026-08-06T01:45:19.370Z,178598071937000
"""peelic @ vOeqrOXpLT"" bets 60",2026-08-06T01:45:18.223Z,178598071822300
"River: 8♣, 2♥, 3♥, J♦ [2♦]",2026-08-06T01:45:14.859Z,178598071485900
"""arash @ RYnRljE1SO"" folds",2026-08-06T01:45:14.013Z,178598071401300
"""peelic @ vOeqrOXpLT"" calls 20",2026-08-06T01:45:08.145Z,178598070814500
"""Jonah @ xrBY5OZYCv"" calls 20",2026-08-06T01:45:02.452Z,178598070245200
"""Stevo @ kI2bCqDOyl"" folds",2026-08-06T01:44:59.953Z,178598069995300
"""georgoeo @ _sqcLETZ0C"" bets 20",2026-08-06T01:44:58.834Z,178598069883400
"""arash @ RYnRljE1SO"" checks",2026-08-06T01:44:56.104Z,178598069610400
"""peelic @ vOeqrOXpLT"" checks",2026-08-06T01:44:51.619Z,178598069161900
"Turn: 8♣, 2♥, 3♥ [J♦]",2026-08-06T01:44:47.922Z,178598068792200
"""Jonah @ xrBY5OZYCv"" checks",2026-08-06T01:44:47.028Z,178598068702800
"""Stevo @ kI2bCqDOyl"" checks",2026-08-06T01:44:46.126Z,178598068612600
"""georgoeo @ _sqcLETZ0C"" checks",2026-08-06T01:44:45.168Z,178598068516800
"""arash @ RYnRljE1SO"" checks",2026-08-06T01:44:40.020Z,178598068002000
"""peelic @ vOeqrOXpLT"" checks",2026-08-06T01:44:39.054Z,178598067905400
"Flop:  [8♣, 2♥, 3♥]",2026-08-06T01:44:33.518Z,178598067351800
"""arash @ RYnRljE1SO"" checks",2026-08-06T01:44:32.667Z,178598067266700
"""peelic @ vOeqrOXpLT"" calls 20",2026-08-06T01:44:31.751Z,178598067175100
"""Jonah @ xrBY5OZYCv"" calls 20",2026-08-06T01:44:30.850Z,178598067085000
"""Spenny @ S8ENkJ8OQS"" folds",2026-08-06T01:44:29.970Z,178598066997000
"""Stevo @ kI2bCqDOyl"" calls 20",2026-08-06T01:44:26.879Z,178598066687900
"""georgoeo @ _sqcLETZ0C"" calls 20",2026-08-06T01:44:25.878Z,178598066587800
"""arash @ RYnRljE1SO"" posts a big blind of 20",2026-08-06T01:44:22.601Z,178598066260109
"""peelic @ vOeqrOXpLT"" posts a small blind of 10",2026-08-06T01:44:22.601Z,178598066260108
"Your hand is 9♠, 4♥",2026-08-06T01:44:22.601Z,178598066260105
"Player stacks: #1 ""Spenny @ S8ENkJ8OQS"" (1270) | #3 ""Jonah @ xrBY5OZYCv"" (1840) | #5 ""peelic @ vOeqrOXpLT"" (450) | #7 ""arash @ RYnRljE1SO"" (2020) | #9 ""georgoeo @ _sqcLETZ0C"" (2190) | #10 ""Stevo @ kI2bCqDOyl"" (1230)",2026-08-06T01:44:22.601Z,178598066260101
"-- starting hand #57 (id: vgnkhdtq5uuo)  No Limit Texas Hold'em (dealer: ""Jonah @ xrBY5OZYCv"") --",2026-08-06T01:44:22.601Z,178598066260100
"""Spenny @ S8ENkJ8OQS"" shows a 8♣, 9♠.",2026-08-06T01:44:20.891Z,178598066089100
"-- ending hand #56 --",2026-08-06T01:44:18.966Z,178598065896602
"""Spenny @ S8ENkJ8OQS"" collected 380 from pot",2026-08-06T01:44:18.966Z,178598065896601
"Uncalled bet of 60 returned to ""Spenny @ S8ENkJ8OQS""",2026-08-06T01:44:18.966Z,178598065896600
"""arash @ RYnRljE1SO"" folds",2026-08-06T01:44:18.140Z,178598065814000
"""Jonah @ xrBY5OZYCv"" folds",2026-08-06T01:44:16.067Z,178598065606700
"""Spenny @ S8ENkJ8OQS"" bets 60",2026-08-06T01:44:14.025Z,178598065402500
"""arash @ RYnRljE1SO"" checks",2026-08-06T01:44:08.193Z,178598064819300
"""Jonah @ xrBY5OZYCv"" checks",2026-08-06T01:44:06.659Z,178598064665900
"River: J♣, 2♦, 10♦, 7♥ [2♠]",2026-08-06T01:44:05.502Z,178598064550200
"""Jonah @ xrBY5OZYCv"" calls 60",2026-08-06T01:44:04.610Z,178598064461000
"""Spenny @ S8ENkJ8OQS"" calls 60",2026-08-06T01:43:59.474Z,178598063947400
"""georgoeo @ _sqcLETZ0C"" folds",2026-08-06T01:43:57.011Z,178598063701100
"""arash @ RYnRljE1SO"" bets 60",2026-08-06T01:43:50.912Z,178598063091200
"""Jonah @ xrBY5OZYCv"" checks",2026-08-06T01:43:48.498Z,178598062849800
"Turn: J♣, 2♦, 10♦ [7♥]",2026-08-06T01:43:47.092Z,178598062709200
"""Spenny @ S8ENkJ8OQS"" calls 20",2026-08-06T01:43:46.233Z,178598062623300
"""Stevo @ kI2bCqDOyl"" folds",2026-08-06T01:43:40.901Z,178598062090100
"""georgoeo @ _sqcLETZ0C"" calls 20",2026-08-06T01:43:39.853Z,178598061985300
"""arash @ RYnRljE1SO"" calls 20",2026-08-06T01:43:35.399Z,178598061539900
"""peelic @ vOeqrOXpLT"" folds",2026-08-06T01:43:32.429Z,178598061242900
"""Jonah @ xrBY5OZYCv"" bets 20",2026-08-06T01:43:31.527Z,178598061152700
"Flop:  [J♣, 2♦, 10♦]",2026-08-06T01:43:24.984Z,178598060498400
"""peelic @ vOeqrOXpLT"" checks",2026-08-06T01:43:24.111Z,178598060411100
"""Jonah @ xrBY5OZYCv"" calls 20",2026-08-06T01:43:23.239Z,178598060323900
"""Spenny @ S8ENkJ8OQS"" calls 20",2026-08-06T01:43:20.757Z,178598060075700
"""Stevo @ kI2bCqDOyl"" calls 20",2026-08-06T01:43:19.798Z,178598059979800
"""georgoeo @ _sqcLETZ0C"" calls 20",2026-08-06T01:43:18.679Z,178598059867900
"""arash @ RYnRljE1SO"" calls 20",2026-08-06T01:43:17.773Z,178598059777300
"""peelic @ vOeqrOXpLT"" posts a big blind of 20",2026-08-06T01:43:16.676Z,178598059667609
"""Jonah @ xrBY5OZYCv"" posts a small blind of 10",2026-08-06T01:43:16.676Z,178598059667608
"Your hand is 6♠, 7♣",2026-08-06T01:43:16.676Z,178598059667605
"Player stacks: #1 ""Spenny @ S8ENkJ8OQS"" (990) | #3 ""Jonah @ xrBY5OZYCv"" (1940) | #5 ""peelic @ vOeqrOXpLT"" (470) | #7 ""arash @ RYnRljE1SO"" (2120) | #9 ""georgoeo @ _sqcLETZ0C"" (2230) | #10 ""Stevo @ kI2bCqDOyl"" (1250)",2026-08-06T01:43:16.676Z,178598059667601
"-- starting hand #56 (id: 9hthsbvcbhaz)  No Limit Texas Hold'em (dealer: ""Spenny @ S8ENkJ8OQS"") --",2026-08-06T01:43:16.676Z,178598059667600
"""georgoeo @ _sqcLETZ0C"" shows a 3♦, A♣.",2026-08-06T01:43:13.694Z,178598059369400
"-- ending hand #55 --",2026-08-06T01:43:12.980Z,178598059298002
"""georgoeo @ _sqcLETZ0C"" collected 420 from pot",2026-08-06T01:43:12.980Z,178598059298001
"Uncalled bet of 70 returned to ""georgoeo @ _sqcLETZ0C""",2026-08-06T01:43:12.980Z,178598059298000
"""arash @ RYnRljE1SO"" folds",2026-08-06T01:43:12.096Z,178598059209600
"""georgoeo @ _sqcLETZ0C"" raises to 120",2026-08-06T01:43:09.230Z,178598058923000
"""arash @ RYnRljE1SO"" bets 50",2026-08-06T01:43:06.226Z,178598058622600
"""peelic @ vOeqrOXpLT"" folds",2026-08-06T01:42:59.590Z,178598057959000
"River: A♦, 2♠, K♥, J♦ [3♠]",2026-08-06T01:42:57.649Z,178598057764900
"""peelic @ vOeqrOXpLT"" calls 40",2026-08-06T01:42:56.812Z,178598057681200
"""Spenny @ S8ENkJ8OQS"" folds",2026-08-06T01:42:55.926Z,178598057592600
"""georgoeo @ _sqcLETZ0C"" calls 40",2026-08-06T01:42:48.204Z,178598056820400
"""arash @ RYnRljE1SO"" bets 40",2026-08-06T01:42:47.338Z,178598056733800
"""peelic @ vOeqrOXpLT"" checks",2026-08-06T01:42:43.800Z,178598056380000
"""Spenny @ S8ENkJ8OQS"" checks",2026-08-06T01:42:42.816Z,178598056281600
"Turn: A♦, 2♠, K♥ [J♦]",2026-08-06T01:42:41.407Z,178598056140700
"""Stevo @ kI2bCqDOyl"" folds",2026-08-06T01:42:40.593Z,178598056059300
"""georgoeo @ _sqcLETZ0C"" calls 20",2026-08-06T01:42:39.419Z,178598055941900
"""arash @ RYnRljE1SO"" calls 20",2026-08-06T01:42:38.054Z,178598055805400
"""peelic @ vOeqrOXpLT"" calls 20",2026-08-06T01:42:35.886Z,178598055588600
"""Jonah @ xrBY5OZYCv"" folds",2026-08-06T01:42:31.821Z,178598055182100
"""Spenny @ S8ENkJ8OQS"" bets 20",2026-08-06T01:42:30.960Z,178598055096000
"Flop:  [A♦, 2♠, K♥]",2026-08-06T01:42:27.354Z,178598054735400
"""Jonah @ xrBY5OZYCv"" checks",2026-08-06T01:42:26.413Z,178598054641300
"""Spenny @ S8ENkJ8OQS"" calls 20",2026-08-06T01:42:25.440Z,178598054544000
"""Stevo @ kI2bCqDOyl"" calls 20",2026-08-06T01:42:24.413Z,178598054441300
"""georgoeo @ _sqcLETZ0C"" calls 20",2026-08-06T01:42:23.352Z,178598054335200
"""arash @ RYnRljE1SO"" calls 20",2026-08-06T01:42:22.464Z,178598054246400
"""peelic @ vOeqrOXpLT"" calls 20",2026-08-06T01:42:21.537Z,178598054153700
"""Jonah @ xrBY5OZYCv"" posts a big blind of 20",2026-08-06T01:42:20.530Z,178598054053009
"""Spenny @ S8ENkJ8OQS"" posts a small blind of 10",2026-08-06T01:42:20.530Z,178598054053008
"Your hand is J♥, 8♠",2026-08-06T01:42:20.530Z,178598054053005
"Player stacks: #1 ""Spenny @ S8ENkJ8OQS"" (1030) | #3 ""Jonah @ xrBY5OZYCv"" (1960) | #5 ""peelic @ vOeqrOXpLT"" (550) | #7 ""arash @ RYnRljE1SO"" (2250) | #9 ""georgoeo @ _sqcLETZ0C"" (1940) | #10 ""Stevo @ kI2bCqDOyl"" (1270)",2026-08-06T01:42:20.530Z,178598054053001
"-- starting hand #55 (id: reu9ggxvju3b)  No Limit Texas Hold'em (dealer: ""Stevo @ kI2bCqDOyl"") --",2026-08-06T01:42:20.530Z,178598054053000
"""georgoeo @ _sqcLETZ0C"" shows a 10♥, 6♣.",2026-08-06T01:42:18.793Z,178598053879300
"""Stevo @ kI2bCqDOyl"" shows a K♥, 5♠.",2026-08-06T01:42:16.120Z,178598053612000
"-- ending hand #54 --",2026-08-06T01:42:13.525Z,178598053352502
"""Jonah @ xrBY5OZYCv"" collected 480 from pot with Straight, 6 High (combination: 2♥, 3♠, 4♦, 5♦, 6♦)",2026-08-06T01:42:13.525Z,178598053352501
"""Jonah @ xrBY5OZYCv"" shows a 5♦, 6♦.",2026-08-06T01:42:13.525Z,178598053352500
"""Stevo @ kI2bCqDOyl"" calls 200",2026-08-06T01:42:12.611Z,178598053261100
"""arash @ RYnRljE1SO"" folds",2026-08-06T01:42:11.224Z,178598053122400
"""Jonah @ xrBY5OZYCv"" raises to 200",2026-08-06T01:42:10.284Z,178598053028400
"""Spenny @ S8ENkJ8OQS"" folds",2026-08-06T01:42:07.883Z,178598052788300
"""Stevo @ kI2bCqDOyl"" bets 80",2026-08-06T01:42:00.118Z,178598052011800
"River: A♦, 2♥, 3♣, 3♠ [4♦]",2026-08-06T01:41:57.485Z,178598051748500
"""arash @ RYnRljE1SO"" checks",2026-08-06T01:41:56.673Z,178598051667300
"""Jonah @ xrBY5OZYCv"" checks",2026-08-06T01:41:54.948Z,178598051494800
"""Spenny @ S8ENkJ8OQS"" checks",2026-08-06T01:41:53.897Z,178598051389700
"""Stevo @ kI2bCqDOyl"" checks",2026-08-06T01:41:49.040Z,178598050904000
"Turn: A♦, 2♥, 3♣ [3♠]",2026-08-06T01:41:48.080Z,178598050808000
"""arash @ RYnRljE1SO"" checks",2026-08-06T01:41:47.185Z,178598050718500
"""Jonah @ xrBY5OZYCv"" checks",2026-08-06T01:41:46.130Z,178598050613000
"""Spenny @ S8ENkJ8OQS"" checks",2026-08-06T01:41:45.172Z,178598050517200
"""Stevo @ kI2bCqDOyl"" checks",2026-08-06T01:41:40.705Z,178598050070500
"Flop:  [A♦, 2♥, 3♣]",2026-08-06T01:41:39.278Z,178598049927800
"""Spenny @ S8ENkJ8OQS"" checks",2026-08-06T01:41:38.396Z,178598049839600
"""Stevo @ kI2bCqDOyl"" calls 20",2026-08-06T01:41:37.504Z,178598049750400
"""georgoeo @ _sqcLETZ0C"" folds",2026-08-06T01:41:36.500Z,178598049650000
"""arash @ RYnRljE1SO"" calls 20",2026-08-06T01:41:35.575Z,178598049557500
"""peelic @ vOeqrOXpLT"" folds",2026-08-06T01:41:34.636Z,178598049463600
"""Jonah @ xrBY5OZYCv"" calls 20",2026-08-06T01:41:25.643Z,178598048564300
"""Spenny @ S8ENkJ8OQS"" posts a big blind of 20",2026-08-06T01:41:24.656Z,178598048465609
"""Stevo @ kI2bCqDOyl"" posts a small blind of 10",2026-08-06T01:41:24.656Z,178598048465608
"Your hand is 10♠, 8♣",2026-08-06T01:41:24.656Z,178598048465605
"Player stacks: #1 ""Spenny @ S8ENkJ8OQS"" (1050) | #3 ""Jonah @ xrBY5OZYCv"" (1700) | #5 ""peelic @ vOeqrOXpLT"" (550) | #7 ""arash @ RYnRljE1SO"" (2270) | #9 ""georgoeo @ _sqcLETZ0C"" (1940) | #10 ""Stevo @ kI2bCqDOyl"" (1490)",2026-08-06T01:41:24.656Z,178598048465601
"-- starting hand #54 (id: xmgrz2w0bh1k)  No Limit Texas Hold'em (dealer: ""georgoeo @ _sqcLETZ0C"") --",2026-08-06T01:41:24.656Z,178598048465600
"""georgoeo @ _sqcLETZ0C"" shows a A♣, 5♥.",2026-08-06T01:41:23.234Z,178598048323400
"-- ending hand #53 --",2026-08-06T01:41:18.109Z,178598047810903
"""Spenny @ S8ENkJ8OQS"" collected 320 from pot with Pair, K's (combination: 7♦, 9♥, A♥, K♦, K♠)",2026-08-06T01:41:18.109Z,178598047810902
"""Spenny @ S8ENkJ8OQS"" shows a A♥, K♦.",2026-08-06T01:41:18.109Z,178598047810901
"""Stevo @ kI2bCqDOyl"" shows a J♣, A♠.",2026-08-06T01:41:18.109Z,178598047810900
"""Spenny @ S8ENkJ8OQS"" calls 20",2026-08-06T01:41:17.298Z,178598047729800
"""Stevo @ kI2bCqDOyl"" bets 20",2026-08-06T01:41:13.710Z,178598047371000
"River: 6♣, 5♠, K♠, 9♥ [7♦]",2026-08-06T01:41:11.853Z,178598047185300
"""Spenny @ S8ENkJ8OQS"" calls 20",2026-08-06T01:41:10.986Z,178598047098600
"""Stevo @ kI2bCqDOyl"" bets 20",2026-08-06T01:41:04.664Z,178598046466400
"Turn: 6♣, 5♠, K♠ [9♥]",2026-08-06T01:41:03.879Z,178598046387900
"""Stevo @ kI2bCqDOyl"" calls 20",2026-08-06T01:41:03.019Z,178598046301900
"""georgoeo @ _sqcLETZ0C"" folds",2026-08-06T01:41:01.756Z,178598046175600
"""arash @ RYnRljE1SO"" folds",2026-08-06T01:41:00.824Z,178598046082400
"""peelic @ vOeqrOXpLT"" folds",2026-08-06T01:40:53.811Z,178598045381100
"""Spenny @ S8ENkJ8OQS"" bets 20",2026-08-06T01:40:47.613Z,178598044761300
"""Stevo @ kI2bCqDOyl"" checks",2026-08-06T01:40:43.686Z,178598044368600
"""georgoeo @ _sqcLETZ0C"" checks",2026-08-06T01:40:42.063Z,178598044206300
"Flop:  [6♣, 5♠, K♠]",2026-08-06T01:40:37.768Z,178598043776800
"""georgoeo @ _sqcLETZ0C"" calls 40",2026-08-06T01:40:36.877Z,178598043687700
"""arash @ RYnRljE1SO"" calls 40",2026-08-06T01:40:35.978Z,178598043597800
"""peelic @ vOeqrOXpLT"" calls 40",2026-08-06T01:40:35.052Z,178598043505200
"""Spenny @ S8ENkJ8OQS"" calls 40",2026-08-06T01:40:31.890Z,178598043189000
"""Stevo @ kI2bCqDOyl"" raises to 40",2026-08-06T01:40:30.166Z,178598043016600
"""georgoeo @ _sqcLETZ0C"" calls 20",2026-08-06T01:40:28.117Z,178598042811700
"""arash @ RYnRljE1SO"" calls 20",2026-08-06T01:40:27.266Z,178598042726600
"""peelic @ vOeqrOXpLT"" calls 20",2026-08-06T01:40:26.285Z,178598042628500
"""Jonah @ xrBY5OZYCv"" folds",2026-08-06T01:40:20.812Z,178598042081200
"""Spenny @ S8ENkJ8OQS"" calls 20",2026-08-06T01:40:19.923Z,178598041992300
"""Stevo @ kI2bCqDOyl"" posts a big blind of 20",2026-08-06T01:40:18.170Z,178598041817009
"""georgoeo @ _sqcLETZ0C"" posts a small blind of 10",2026-08-06T01:40:18.170Z,178598041817008
"Your hand is 2♦, J♦",2026-08-06T01:40:18.170Z,178598041817005
"Player stacks: #1 ""Spenny @ S8ENkJ8OQS"" (830) | #3 ""Jonah @ xrBY5OZYCv"" (1700) | #5 ""peelic @ vOeqrOXpLT"" (590) | #7 ""arash @ RYnRljE1SO"" (2310) | #9 ""georgoeo @ _sqcLETZ0C"" (1980) | #10 ""Stevo @ kI2bCqDOyl"" (1590)",2026-08-06T01:40:18.170Z,178598041817001
"-- starting hand #53 (id: qtkvho0m7gzg)  No Limit Texas Hold'em (dealer: ""arash @ RYnRljE1SO"") --",2026-08-06T01:40:18.170Z,178598041817000
"-- ending hand #52 --",2026-08-06T01:40:12.160Z,178598041216002
"""arash @ RYnRljE1SO"" collected 640 from pot with Straight, A High (combination: 10♥, J♠, Q♥, K♣, A♥)",2026-08-06T01:40:12.160Z,178598041216001
"""arash @ RYnRljE1SO"" shows a K♣, A♥.",2026-08-06T01:40:12.160Z,178598041216000
"""georgoeo @ _sqcLETZ0C"" calls 250",2026-08-06T01:40:11.236Z,178598041123600
"""arash @ RYnRljE1SO"" raises to 250",2026-08-06T01:40:09.929Z,178598040992900
"""georgoeo @ _sqcLETZ0C"" bets 20",2026-08-06T01:40:06.493Z,178598040649300
"""arash @ RYnRljE1SO"" checks",2026-08-06T01:40:04.671Z,178598040467100
"River: 5♥, 2♦, 10♥, Q♥ [J♠]",2026-08-06T01:40:02.536Z,178598040253600
"""arash @ RYnRljE1SO"" calls 20",2026-08-06T01:40:01.661Z,178598040166100
"""peelic @ vOeqrOXpLT"" folds",2026-08-06T01:39:59.122Z,178598039912200
"""Jonah @ xrBY5OZYCv"" folds",2026-08-06T01:39:54.401Z,178598039440100
"""Spenny @ S8ENkJ8OQS"" folds",2026-08-06T01:39:53.537Z,178598039353700
"""georgoeo @ _sqcLETZ0C"" bets 20",2026-08-06T01:39:49.256Z,178598038925600
"""arash @ RYnRljE1SO"" checks",2026-08-06T01:39:47.694Z,178598038769400
"Turn: 5♥, 2♦, 10♥ [Q♥]",2026-08-06T01:39:45.584Z,178598038558400
"""peelic @ vOeqrOXpLT"" checks",2026-08-06T01:39:44.762Z,178598038476200
"""Jonah @ xrBY5OZYCv"" checks",2026-08-06T01:39:39.129Z,178598037912900
"""Spenny @ S8ENkJ8OQS"" checks",2026-08-06T01:39:38.213Z,178598037821300
"""georgoeo @ _sqcLETZ0C"" checks",2026-08-06T01:39:33.853Z,178598037385300
"""arash @ RYnRljE1SO"" checks",2026-08-06T01:39:31.403Z,178598037140300
"Flop:  [5♥, 2♦, 10♥]",2026-08-06T01:39:29.869Z,178598036986900
"""georgoeo @ _sqcLETZ0C"" checks",2026-08-06T01:39:29.005Z,178598036900500
"""arash @ RYnRljE1SO"" calls 20",2026-08-06T01:39:22.591Z,178598036259100
"""peelic @ vOeqrOXpLT"" calls 20",2026-08-06T01:39:21.670Z,178598036167000
"""Jonah @ xrBY5OZYCv"" calls 20",2026-08-06T01:39:18.111Z,178598035811100
"""Spenny @ S8ENkJ8OQS"" calls 20",2026-08-06T01:39:17.170Z,178598035717000
"""Stevo @ kI2bCqDOyl"" folds",2026-08-06T01:39:16.266Z,178598035626600
"""georgoeo @ _sqcLETZ0C"" posts a big blind of 20",2026-08-06T01:39:15.051Z,178598035505109
"""arash @ RYnRljE1SO"" posts a small blind of 10",2026-08-06T01:39:15.051Z,178598035505108
"Your hand is K♣, A♥",2026-08-06T01:39:15.051Z,178598035505105
"Player stacks: #1 ""Spenny @ S8ENkJ8OQS"" (850) | #3 ""Jonah @ xrBY5OZYCv"" (1720) | #5 ""peelic @ vOeqrOXpLT"" (610) | #7 ""arash @ RYnRljE1SO"" (1960) | #9 ""georgoeo @ _sqcLETZ0C"" (2270) | #10 ""Stevo @ kI2bCqDOyl"" (1590)",2026-08-06T01:39:15.051Z,178598035505101
"-- starting hand #52 (id: gwu9smtcysda)  No Limit Texas Hold'em (dealer: ""peelic @ vOeqrOXpLT"") --",2026-08-06T01:39:15.051Z,178598035505100
"""Spenny @ S8ENkJ8OQS"" shows a 10♣, 7♠.",2026-08-06T01:39:11.849Z,178598035184900
"""georgoeo @ _sqcLETZ0C"" shows a 10♥, A♣.",2026-08-06T01:39:11.412Z,178598035141200
"-- ending hand #51 --",2026-08-06T01:39:10.685Z,178598035068502
"""Spenny @ S8ENkJ8OQS"" collected 80 from pot",2026-08-06T01:39:10.685Z,178598035068501
"Uncalled bet of 40 returned to ""Spenny @ S8ENkJ8OQS""",2026-08-06T01:39:10.685Z,178598035068500
"""georgoeo @ _sqcLETZ0C"" folds",2026-08-06T01:39:09.818Z,178598034981800
"""arash @ RYnRljE1SO"" folds",2026-08-06T01:39:03.438Z,178598034343800
"""peelic @ vOeqrOXpLT"" folds",2026-08-06T01:39:01.217Z,178598034121700
"""Spenny @ S8ENkJ8OQS"" bets 40",2026-08-06T01:39:00.320Z,178598034032000
"""georgoeo @ _sqcLETZ0C"" checks",2026-08-06T01:38:52.098Z,178598033209800
"""arash @ RYnRljE1SO"" checks",2026-08-06T01:38:51.260Z,178598033126000
"""peelic @ vOeqrOXpLT"" checks",2026-08-06T01:38:50.351Z,178598033035100
"River: 9♣, J♦, 4♥, 2♦ [8♦]",2026-08-06T01:38:47.268Z,178598032726800
"""Spenny @ S8ENkJ8OQS"" checks",2026-08-06T01:38:46.432Z,178598032643200
"""georgoeo @ _sqcLETZ0C"" checks",2026-08-06T01:38:42.289Z,178598032228900
"""arash @ RYnRljE1SO"" checks",2026-08-06T01:38:41.428Z,178598032142800
"""peelic @ vOeqrOXpLT"" checks",2026-08-06T01:38:40.518Z,178598032051800
"Turn: 9♣, J♦, 4♥ [2♦]",2026-08-06T01:38:30.463Z,178598031046300
"""Spenny @ S8ENkJ8OQS"" checks",2026-08-06T01:38:29.587Z,178598030958700
"""georgoeo @ _sqcLETZ0C"" checks",2026-08-06T01:38:28.686Z,178598030868600
"""arash @ RYnRljE1SO"" checks",2026-08-06T01:38:27.759Z,178598030775900
"""peelic @ vOeqrOXpLT"" checks",2026-08-06T01:38:26.749Z,178598030674900
"Flop:  [9♣, J♦, 4♥]",2026-08-06T01:38:25.258Z,178598030525800
"""arash @ RYnRljE1SO"" checks",2026-08-06T01:38:24.354Z,178598030435400
"""peelic @ vOeqrOXpLT"" calls 20",2026-08-06T01:38:23.352Z,178598030335200
"""Jonah @ xrBY5OZYCv"" folds",2026-08-06T01:38:22.507Z,178598030250700
"""Spenny @ S8ENkJ8OQS"" calls 20",2026-08-06T01:38:21.576Z,178598030157600
"""Stevo @ kI2bCqDOyl"" folds",2026-08-06T01:38:19.369Z,178598029936900
"""georgoeo @ _sqcLETZ0C"" calls 20",2026-08-06T01:38:18.291Z,178598029829100
"""arash @ RYnRljE1SO"" posts a big blind of 20",2026-08-06T01:38:14.656Z,178598029465609
"""peelic @ vOeqrOXpLT"" posts a small blind of 10",2026-08-06T01:38:14.656Z,178598029465608
"Your hand is 2♠, 6♣",2026-08-06T01:38:14.656Z,178598029465605
"Player stacks: #1 ""Spenny @ S8ENkJ8OQS"" (790) | #3 ""Jonah @ xrBY5OZYCv"" (1720) | #5 ""peelic @ vOeqrOXpLT"" (630) | #7 ""arash @ RYnRljE1SO"" (1980) | #9 ""georgoeo @ _sqcLETZ0C"" (2290) | #10 ""Stevo @ kI2bCqDOyl"" (1590)",2026-08-06T01:38:14.656Z,178598029465601
"-- starting hand #51 (id: cxi3rs42fwju)  No Limit Texas Hold'em (dealer: ""Jonah @ xrBY5OZYCv"") --",2026-08-06T01:38:14.656Z,178598029465600
"Undealt cards: J♥, J♠, Q♠, 8♥ [5♣]",2026-08-06T01:38:10.903Z,178598029090300
"-- ending hand #50 --",2026-08-06T01:38:08.694Z,178598028869402
"""Jonah @ xrBY5OZYCv"" collected 100 from pot",2026-08-06T01:38:08.694Z,178598028869401
"Uncalled bet of 20 returned to ""Jonah @ xrBY5OZYCv""",2026-08-06T01:38:08.694Z,178598028869400
"""peelic @ vOeqrOXpLT"" folds",2026-08-06T01:38:07.863Z,178598028786300
"""Jonah @ xrBY5OZYCv"" bets 20",2026-08-06T01:37:59.240Z,178598027924000
"Turn: J♥, J♠, Q♠ [8♥]",2026-08-06T01:37:57.695Z,178598027769500
"""Stevo @ kI2bCqDOyl"" folds",2026-08-06T01:37:56.861Z,178598027686100
"""peelic @ vOeqrOXpLT"" calls 20",2026-08-06T01:37:55.747Z,178598027574700
"""Jonah @ xrBY5OZYCv"" bets 20",2026-08-06T01:37:49.017Z,178598026901700
"Flop:  [J♥, J♠, Q♠]",2026-08-06T01:37:46.092Z,178598026609200
"""peelic @ vOeqrOXpLT"" checks",2026-08-06T01:37:45.283Z,178598026528300
"""Jonah @ xrBY5OZYCv"" calls 20",2026-08-06T01:37:44.444Z,178598026444400
"""Spenny @ S8ENkJ8OQS"" folds",2026-08-06T01:37:43.529Z,178598026352900
"""Stevo @ kI2bCqDOyl"" calls 20",2026-08-06T01:37:42.621Z,178598026262100
"""georgoeo @ _sqcLETZ0C"" folds",2026-08-06T01:37:38.023Z,178598025802300
"""arash @ RYnRljE1SO"" folds",2026-08-06T01:37:35.854Z,178598025585400
"""peelic @ vOeqrOXpLT"" posts a big blind of 20",2026-08-06T01:37:34.594Z,178598025459409
"""Jonah @ xrBY5OZYCv"" posts a small blind of 10",2026-08-06T01:37:34.594Z,178598025459408
"Your hand is 2♦, 8♠",2026-08-06T01:37:34.594Z,178598025459405
"Player stacks: #1 ""Spenny @ S8ENkJ8OQS"" (790) | #3 ""Jonah @ xrBY5OZYCv"" (1660) | #5 ""peelic @ vOeqrOXpLT"" (670) | #7 ""arash @ RYnRljE1SO"" (1980) | #9 ""georgoeo @ _sqcLETZ0C"" (2290) | #10 ""Stevo @ kI2bCqDOyl"" (1610)",2026-08-06T01:37:34.594Z,178598025459401
"-- starting hand #50 (id: tgn9yrw1b3fu)  No Limit Texas Hold'em (dealer: ""Spenny @ S8ENkJ8OQS"") --",2026-08-06T01:37:34.594Z,178598025459400
"""Stevo @ kI2bCqDOyl"" shows a 4♦, 4♥.",2026-08-06T01:37:31.504Z,178598025150400
"""georgoeo @ _sqcLETZ0C"" shows a 9♥, 7♦.",2026-08-06T01:37:31.252Z,178598025125200
"""arash @ RYnRljE1SO"" shows a 5♦, K♠.",2026-08-06T01:37:30.624Z,178598025062400
"""Spenny @ S8ENkJ8OQS"" shows a A♣.",2026-08-06T01:37:28.454Z,178598024845400
"-- ending hand #49 --",2026-08-06T01:37:26.585Z,178598024658502
"""Jonah @ xrBY5OZYCv"" collected 660 from pot with Three of a Kind, 5's (combination: J♦, A♠, 5♠, 5♥, 5♣)",2026-08-06T01:37:26.585Z,178598024658501
"""Jonah @ xrBY5OZYCv"" shows a 5♠, 8♠.",2026-08-06T01:37:26.585Z,178598024658500
"""Spenny @ S8ENkJ8OQS"" calls 90",2026-08-06T01:37:25.764Z,178598024576400
"""Stevo @ kI2bCqDOyl"" folds",2026-08-06T01:37:16.473Z,178598023647300
"""peelic @ vOeqrOXpLT"" folds",2026-08-06T01:37:13.634Z,178598023363400
"""Jonah @ xrBY5OZYCv"" bets 90",2026-08-06T01:37:12.640Z,178598023264000
"""Spenny @ S8ENkJ8OQS"" checks",2026-08-06T01:37:07.782Z,178598022778200
"River: 5♥, A♠, 3♠, J♦ [5♣]",2026-08-06T01:37:03.176Z,178598022317600
"""peelic @ vOeqrOXpLT"" calls 60",2026-08-06T01:37:02.269Z,178598022226900
"""Jonah @ xrBY5OZYCv"" calls 60",2026-08-06T01:36:59.566Z,178598021956600
"""Spenny @ S8ENkJ8OQS"" calls 60",2026-08-06T01:36:53.794Z,178598021379400
"""Stevo @ kI2bCqDOyl"" bets 60",2026-08-06T01:36:47.161Z,178598020716100
"""peelic @ vOeqrOXpLT"" checks",2026-08-06T01:36:43.650Z,178598020365000
"""Jonah @ xrBY5OZYCv"" checks",2026-08-06T01:36:40.810Z,178598020081000
"""Spenny @ S8ENkJ8OQS"" checks",2026-08-06T01:36:39.810Z,178598019981000
"Turn: 5♥, A♠, 3♠ [J♦]",2026-08-06T01:36:37.558Z,178598019755800
"""Stevo @ kI2bCqDOyl"" calls 40",2026-08-06T01:36:36.702Z,178598019670200
"""peelic @ vOeqrOXpLT"" calls 40",2026-08-06T01:36:35.662Z,178598019566200
"""Jonah @ xrBY5OZYCv"" calls 40",2026-08-06T01:36:31.054Z,178598019105400
"""Spenny @ S8ENkJ8OQS"" bets 40",2026-08-06T01:36:29.053Z,178598018905300
"Flop:  [5♥, A♠, 3♠]",2026-08-06T01:36:24.204Z,178598018420400
"""Jonah @ xrBY5OZYCv"" checks",2026-08-06T01:36:23.396Z,178598018339600
"""Spenny @ S8ENkJ8OQS"" calls 20",2026-08-06T01:36:22.426Z,178598018242600
"""Stevo @ kI2bCqDOyl"" calls 20",2026-08-06T01:36:21.402Z,178598018140200
"""georgoeo @ _sqcLETZ0C"" folds",2026-08-06T01:36:20.373Z,178598018037300
"""arash @ RYnRljE1SO"" folds",2026-08-06T01:36:19.537Z,178598017953700
"""peelic @ vOeqrOXpLT"" calls 20",2026-08-06T01:36:18.247Z,178598017824700
"""Jonah @ xrBY5OZYCv"" posts a big blind of 20",2026-08-06T01:36:17.147Z,178598017714709
"""Spenny @ S8ENkJ8OQS"" posts a small blind of 10",2026-08-06T01:36:17.147Z,178598017714708
"Your hand is 5♦, K♠",2026-08-06T01:36:17.147Z,178598017714705
"Player stacks: #1 ""Spenny @ S8ENkJ8OQS"" (1000) | #3 ""Jonah @ xrBY5OZYCv"" (1210) | #5 ""peelic @ vOeqrOXpLT"" (790) | #7 ""arash @ RYnRljE1SO"" (1980) | #9 ""georgoeo @ _sqcLETZ0C"" (2290) | #10 ""Stevo @ kI2bCqDOyl"" (1730)",2026-08-06T01:36:17.147Z,178598017714701
"-- starting hand #49 (id: elsd7qlexkiw)  No Limit Texas Hold'em (dealer: ""Stevo @ kI2bCqDOyl"") --",2026-08-06T01:36:17.147Z,178598017714700
"""georgoeo @ _sqcLETZ0C"" shows a K♣, 2♠.",2026-08-06T01:36:15.066Z,178598017506600
"-- ending hand #48 --",2026-08-06T01:36:10.547Z,178598017054703
"""Spenny @ S8ENkJ8OQS"" collected 260 from pot with Two Pair, 9's & 8's (combination: Q♣, 8♣, 8♦, 9♥, 9♦)",2026-08-06T01:36:10.547Z,178598017054702
"""Spenny @ S8ENkJ8OQS"" shows a 8♣, Q♣.",2026-08-06T01:36:10.547Z,178598017054701
"""Stevo @ kI2bCqDOyl"" shows a 8♠, 10♥.",2026-08-06T01:36:10.547Z,178598017054700
"""Spenny @ S8ENkJ8OQS"" checks",2026-08-06T01:36:09.657Z,178598016965700
"""Stevo @ kI2bCqDOyl"" checks",2026-08-06T01:36:08.763Z,178598016876300
"River: 8♦, J♣, 9♥, 9♦ [4♥]",2026-08-06T01:36:06.142Z,178598016614200
"""arash @ RYnRljE1SO"" folds",2026-08-06T01:36:05.246Z,178598016524600
"""Spenny @ S8ENkJ8OQS"" calls 50",2026-08-06T01:36:04.231Z,178598016423100
"""Stevo @ kI2bCqDOyl"" bets 50",2026-08-06T01:35:57.573Z,178598015757300
"Turn: 8♦, J♣, 9♥ [9♦]",2026-08-06T01:35:54.709Z,178598015470900
"""georgoeo @ _sqcLETZ0C"" folds",2026-08-06T01:35:53.896Z,178598015389600
"""arash @ RYnRljE1SO"" calls 20",2026-08-06T01:35:49.810Z,178598014981000
"""peelic @ vOeqrOXpLT"" folds",2026-08-06T01:35:48.900Z,178598014890000
"""Spenny @ S8ENkJ8OQS"" calls 20",2026-08-06T01:35:48.060Z,178598014806000
"""Stevo @ kI2bCqDOyl"" bets 20",2026-08-06T01:35:43.651Z,178598014365100
"Flop:  [8♦, J♣, 9♥]",2026-08-06T01:35:42.061Z,178598014206100
"""Spenny @ S8ENkJ8OQS"" checks",2026-08-06T01:35:41.139Z,178598014113900
"""Stevo @ kI2bCqDOyl"" calls 20",2026-08-06T01:35:40.210Z,178598014021000
"""georgoeo @ _sqcLETZ0C"" calls 20",2026-08-06T01:35:38.162Z,178598013816200
"""arash @ RYnRljE1SO"" calls 20",2026-08-06T01:35:32.953Z,178598013295300
"""peelic @ vOeqrOXpLT"" calls 20",2026-08-06T01:35:32.007Z,178598013200700
"""Jonah @ xrBY5OZYCv"" folds",2026-08-06T01:35:30.338Z,178598013033800
"""Spenny @ S8ENkJ8OQS"" posts a big blind of 20",2026-08-06T01:35:29.453Z,178598012945309
"""Stevo @ kI2bCqDOyl"" posts a small blind of 10",2026-08-06T01:35:29.453Z,178598012945308
"Your hand is 3♠, K♠",2026-08-06T01:35:29.453Z,178598012945305
"Player stacks: #1 ""Spenny @ S8ENkJ8OQS"" (830) | #3 ""Jonah @ xrBY5OZYCv"" (1210) | #5 ""peelic @ vOeqrOXpLT"" (810) | #7 ""arash @ RYnRljE1SO"" (2020) | #9 ""georgoeo @ _sqcLETZ0C"" (2310) | #10 ""Stevo @ kI2bCqDOyl"" (1820)",2026-08-06T01:35:29.453Z,178598012945301
"-- starting hand #48 (id: m1nukcedz4ep)  No Limit Texas Hold'em (dealer: ""georgoeo @ _sqcLETZ0C"") --",2026-08-06T01:35:29.453Z,178598012945300
"Undealt cards: 8♠, A♣, 3♥ [J♠, J♦]",2026-08-06T01:35:24.021Z,178598012402100
"-- ending hand #47 --",2026-08-06T01:35:23.495Z,178598012349502
"""Stevo @ kI2bCqDOyl"" collected 160 from pot",2026-08-06T01:35:23.495Z,178598012349501
"Uncalled bet of 40 returned to ""Stevo @ kI2bCqDOyl""",2026-08-06T01:35:23.495Z,178598012349500
"""georgoeo @ _sqcLETZ0C"" folds",2026-08-06T01:35:22.664Z,178598012266400
"""arash @ RYnRljE1SO"" folds",2026-08-06T01:35:21.792Z,178598012179200
"""Jonah @ xrBY5OZYCv"" folds",2026-08-06T01:35:18.058Z,178598011805800
"""Stevo @ kI2bCqDOyl"" bets 40",2026-08-06T01:35:11.771Z,178598011177100
"""georgoeo @ _sqcLETZ0C"" checks",2026-08-06T01:35:06.848Z,178598010684800
"Flop:  [8♠, A♣, 3♥]",2026-08-06T01:35:05.218Z,178598010521800
"""georgoeo @ _sqcLETZ0C"" calls 40",2026-08-06T01:35:04.313Z,178598010431300
"""arash @ RYnRljE1SO"" calls 40",2026-08-06T01:35:03.425Z,178598010342500
"""Jonah @ xrBY5OZYCv"" calls 40",2026-08-06T01:35:01.011Z,178598010101100
"""Stevo @ kI2bCqDOyl"" raises to 40",2026-08-06T01:34:59.572Z,178598009957200
"""georgoeo @ _sqcLETZ0C"" calls 20",2026-08-06T01:34:57.013Z,178598009701300
"""arash @ RYnRljE1SO"" calls 20",2026-08-06T01:34:51.066Z,178598009106600
"""peelic @ vOeqrOXpLT"" folds",2026-08-06T01:34:50.094Z,178598009009400
"""Jonah @ xrBY5OZYCv"" calls 20",2026-08-06T01:34:49.214Z,178598008921400
"""Spenny @ S8ENkJ8OQS"" folds",2026-08-06T01:34:48.299Z,178598008829900
"""Stevo @ kI2bCqDOyl"" posts a big blind of 20",2026-08-06T01:34:41.764Z,178598008176409
"""georgoeo @ _sqcLETZ0C"" posts a small blind of 10",2026-08-06T01:34:41.764Z,178598008176408
"Your hand is 2♦, 2♠",2026-08-06T01:34:41.764Z,178598008176405
"Player stacks: #1 ""Spenny @ S8ENkJ8OQS"" (830) | #3 ""Jonah @ xrBY5OZYCv"" (1250) | #5 ""peelic @ vOeqrOXpLT"" (810) | #7 ""arash @ RYnRljE1SO"" (2060) | #9 ""georgoeo @ _sqcLETZ0C"" (2350) | #10 ""Stevo @ kI2bCqDOyl"" (1700)",2026-08-06T01:34:41.764Z,178598008176401
"-- starting hand #47 (id: mseqz6cusrg0)  No Limit Texas Hold'em (dealer: ""arash @ RYnRljE1SO"") --",2026-08-06T01:34:41.764Z,178598008176400
"""Spenny @ S8ENkJ8OQS"" shows a 7♣, A♠.",2026-08-06T01:34:38.985Z,178598007898500
"-- ending hand #46 --",2026-08-06T01:34:35.163Z,178598007516303
"""Jonah @ xrBY5OZYCv"" collected 440 from pot with Three of a Kind, K's (combination: 8♦, 10♠, K♦, K♥, K♠)",2026-08-06T01:34:35.163Z,178598007516302
"""Jonah @ xrBY5OZYCv"" shows a K♦, K♥.",2026-08-06T01:34:35.163Z,178598007516301
"""Stevo @ kI2bCqDOyl"" shows a 2♣, 10♥.",2026-08-06T01:34:35.163Z,178598007516300
"""georgoeo @ _sqcLETZ0C"" folds",2026-08-06T01:34:34.244Z,178598007424400
"""Jonah @ xrBY5OZYCv"" calls 60",2026-08-06T01:34:33.406Z,178598007340600
"""Spenny @ S8ENkJ8OQS"" folds",2026-08-06T01:34:31.267Z,178598007126700
"""Stevo @ kI2bCqDOyl"" bets 60",2026-08-06T01:34:26.875Z,178598006687500
"""georgoeo @ _sqcLETZ0C"" checks",2026-08-06T01:34:24.005Z,178598006400500
"River: 8♦, 10♠, 3♦, K♠ [6♠]",2026-08-06T01:34:22.759Z,178598006275900
"""georgoeo @ _sqcLETZ0C"" calls 20",2026-08-06T01:34:21.834Z,178598006183400
"""arash @ RYnRljE1SO"" folds",2026-08-06T01:34:18.921Z,178598005892100
"""peelic @ vOeqrOXpLT"" folds",2026-08-06T01:34:14.843Z,178598005484300
"""Jonah @ xrBY5OZYCv"" calls 20",2026-08-06T01:34:13.997Z,178598005399700
"""Spenny @ S8ENkJ8OQS"" calls 20",2026-08-06T01:34:11.124Z,178598005112400
"""Stevo @ kI2bCqDOyl"" bets 20",2026-08-06T01:34:03.259Z,178598004325900
"""georgoeo @ _sqcLETZ0C"" checks",2026-08-06T01:34:00.923Z,178598004092300
"""arash @ RYnRljE1SO"" checks",2026-08-06T01:33:59.981Z,178598003998100
"Turn: 8♦, 10♠, 3♦ [K♠]",2026-08-06T01:33:57.575Z,178598003757500
"""georgoeo @ _sqcLETZ0C"" calls 20",2026-08-06T01:33:56.764Z,178598003676400
"""arash @ RYnRljE1SO"" calls 20",2026-08-06T01:33:54.043Z,178598003404300
"""peelic @ vOeqrOXpLT"" calls 20",2026-08-06T01:33:53.122Z,178598003312200
"""Jonah @ xrBY5OZYCv"" calls 20",2026-08-06T01:33:52.188Z,178598003218800
"""Spenny @ S8ENkJ8OQS"" calls 20",2026-08-06T01:33:51.303Z,178598003130300
"""Stevo @ kI2bCqDOyl"" bets 20",2026-08-06T01:33:43.549Z,178598002354900
"""georgoeo @ _sqcLETZ0C"" checks",2026-08-06T01:33:41.918Z,178598002191800
"""arash @ RYnRljE1SO"" checks",2026-08-06T01:33:40.988Z,178598002098800
"Flop:  [8♦, 10♠, 3♦]",2026-08-06T01:33:39.565Z,178598001956500
"""georgoeo @ _sqcLETZ0C"" checks",2026-08-06T01:33:38.730Z,178598001873000
"""arash @ RYnRljE1SO"" calls 20",2026-08-06T01:33:37.789Z,178598001778900
"""peelic @ vOeqrOXpLT"" calls 20",2026-08-06T01:33:36.792Z,178598001679200
"""Jonah @ xrBY5OZYCv"" calls 20",2026-08-06T01:33:35.939Z,178598001593900
"""Spenny @ S8ENkJ8OQS"" calls 20",2026-08-06T01:33:34.973Z,178598001497300
"""Stevo @ kI2bCqDOyl"" calls 20",2026-08-06T01:33:33.375Z,178598001337500
"""georgoeo @ _sqcLETZ0C"" posts a big blind of 20",2026-08-06T01:33:32.162Z,178598001216209
"""arash @ RYnRljE1SO"" posts a small blind of 10",2026-08-06T01:33:32.162Z,178598001216208
"Your hand is A♣, 6♦",2026-08-06T01:33:32.162Z,178598001216205
"Player stacks: #1 ""Spenny @ S8ENkJ8OQS"" (890) | #3 ""Jonah @ xrBY5OZYCv"" (930) | #5 ""peelic @ vOeqrOXpLT"" (850) | #7 ""arash @ RYnRljE1SO"" (2100) | #9 ""georgoeo @ _sqcLETZ0C"" (2410) | #10 ""Stevo @ kI2bCqDOyl"" (1820)",2026-08-06T01:33:32.162Z,178598001216201
"-- starting hand #46 (id: 5dwettnvrssc)  No Limit Texas Hold'em (dealer: ""peelic @ vOeqrOXpLT"") --",2026-08-06T01:33:32.162Z,178598001216200
"""georgoeo @ _sqcLETZ0C"" shows a K♣, 5♦.",2026-08-06T01:33:28.725Z,178598000872500
"Undealt cards: K♥, A♠, 9♠ [10♥, 9♥]",2026-08-06T01:33:26.674Z,178598000667400
"-- ending hand #45 --",2026-08-06T01:33:25.558Z,178598000555802
"""Spenny @ S8ENkJ8OQS"" collected 90 from pot",2026-08-06T01:33:25.558Z,178598000555801
"Uncalled bet of 60 returned to ""Spenny @ S8ENkJ8OQS""",2026-08-06T01:33:25.558Z,178598000555800
"""arash @ RYnRljE1SO"" folds",2026-08-06T01:33:24.735Z,178598000473500
"""Spenny @ S8ENkJ8OQS"" bets 60",2026-08-06T01:33:22.092Z,178598000209200
"""arash @ RYnRljE1SO"" checks",2026-08-06T01:33:14.135Z,178597999413500
"Flop:  [K♥, A♠, 9♠]",2026-08-06T01:33:12.756Z,178597999275600
"""arash @ RYnRljE1SO"" calls 40",2026-08-06T01:33:11.950Z,178597999195000
"""peelic @ vOeqrOXpLT"" folds",2026-08-06T01:33:10.991Z,178597999099100
"""Jonah @ xrBY5OZYCv"" folds",2026-08-06T01:33:06.901Z,178597998690100
"""Spenny @ S8ENkJ8OQS"" raises to 40",2026-08-06T01:33:05.943Z,178597998594300
"""Stevo @ kI2bCqDOyl"" folds",2026-08-06T01:33:03.434Z,178597998343400
"""georgoeo @ _sqcLETZ0C"" folds",2026-08-06T01:33:02.369Z,178597998236900
"""arash @ RYnRljE1SO"" posts a big blind of 20",2026-08-06T01:32:58.986Z,178597997898609
"""peelic @ vOeqrOXpLT"" posts a small blind of 10",2026-08-06T01:32:58.986Z,178597997898608
"Your hand is 8♥, J♣",2026-08-06T01:32:58.986Z,178597997898605
"Player stacks: #1 ""Spenny @ S8ENkJ8OQS"" (840) | #3 ""Jonah @ xrBY5OZYCv"" (930) | #5 ""peelic @ vOeqrOXpLT"" (860) | #7 ""arash @ RYnRljE1SO"" (2140) | #9 ""georgoeo @ _sqcLETZ0C"" (2410) | #10 ""Stevo @ kI2bCqDOyl"" (1820)",2026-08-06T01:32:58.986Z,178597997898601
"-- starting hand #45 (id: erdtzkyiyy6a)  No Limit Texas Hold'em (dealer: ""Jonah @ xrBY5OZYCv"") --",2026-08-06T01:32:58.986Z,178597997898600
"""arash @ RYnRljE1SO"" shows a A♥, Q♦.",2026-08-06T01:32:56.714Z,178597997671400
"""georgoeo @ _sqcLETZ0C"" shows a J♠, 8♥.",2026-08-06T01:32:56.359Z,178597997635900
"-- ending hand #44 --",2026-08-06T01:32:54.647Z,178597997464702
"""arash @ RYnRljE1SO"" collected 280 from pot",2026-08-06T01:32:54.647Z,178597997464701
"Uncalled bet of 1290 returned to ""arash @ RYnRljE1SO""",2026-08-06T01:32:54.647Z,178597997464700
"""peelic @ vOeqrOXpLT"" folds",2026-08-06T01:32:53.775Z,178597997377500
"""arash @ RYnRljE1SO"" bets 1290",2026-08-06T01:32:51.677Z,178597997167700
"""peelic @ vOeqrOXpLT"" checks",2026-08-06T01:32:48.478Z,178597996847800
"River: 3♣, 8♠, Q♣, 8♦ [4♣]",2026-08-06T01:32:46.304Z,178597996630400
"""peelic @ vOeqrOXpLT"" calls 50",2026-08-06T01:32:45.469Z,178597996546900
"""arash @ RYnRljE1SO"" bets 50",2026-08-06T01:32:43.269Z,178597996326900
"""peelic @ vOeqrOXpLT"" checks",2026-08-06T01:32:40.927Z,178597996092700
"Turn: 3♣, 8♠, Q♣ [8♦]",2026-08-06T01:32:33.364Z,178597995336400
"""peelic @ vOeqrOXpLT"" calls 50",2026-08-06T01:32:32.541Z,178597995254100
"""Jonah @ xrBY5OZYCv"" folds",2026-08-06T01:32:26.255Z,178597994625500
"""Stevo @ kI2bCqDOyl"" folds",2026-08-06T01:32:24.442Z,178597994444200
"""arash @ RYnRljE1SO"" bets 50",2026-08-06T01:32:23.434Z,178597994343400
"""peelic @ vOeqrOXpLT"" checks",2026-08-06T01:32:16.312Z,178597993631200
"""Jonah @ xrBY5OZYCv"" checks",2026-08-06T01:32:09.958Z,178597992995800
"Flop:  [3♣, 8♠, Q♣]",2026-08-06T01:32:08.188Z,178597992818800
"""peelic @ vOeqrOXpLT"" checks",2026-08-06T01:32:07.352Z,178597992735200
"""Jonah @ xrBY5OZYCv"" calls 20",2026-08-06T01:32:02.060Z,178597992206000
"""Spenny @ S8ENkJ8OQS"" folds",2026-08-06T01:32:01.111Z,178597992111100
"""Stevo @ kI2bCqDOyl"" calls 20",2026-08-06T01:31:55.825Z,178597991582500
"""georgoeo @ _sqcLETZ0C"" folds",2026-08-06T01:31:54.764Z,178597991476400
"""arash @ RYnRljE1SO"" calls 20",2026-08-06T01:31:50.718Z,178597991071800
"""peelic @ vOeqrOXpLT"" posts a big blind of 20",2026-08-06T01:31:48.988Z,178597990898809
"""Jonah @ xrBY5OZYCv"" posts a small blind of 10",2026-08-06T01:31:48.988Z,178597990898808
"Your hand is A♥, Q♦",2026-08-06T01:31:48.988Z,178597990898805
"Player stacks: #1 ""Spenny @ S8ENkJ8OQS"" (840) | #3 ""Jonah @ xrBY5OZYCv"" (950) | #5 ""peelic @ vOeqrOXpLT"" (980) | #7 ""arash @ RYnRljE1SO"" (1980) | #9 ""georgoeo @ _sqcLETZ0C"" (2410) | #10 ""Stevo @ kI2bCqDOyl"" (1840)",2026-08-06T01:31:48.988Z,178597990898801
"-- starting hand #44 (id: mn8i6y3clqg4)  No Limit Texas Hold'em (dealer: ""Spenny @ S8ENkJ8OQS"") --",2026-08-06T01:31:48.988Z,178597990898800
"-- ending hand #43 --",2026-08-06T01:31:42.975Z,178597990297503
"""Jonah @ xrBY5OZYCv"" collected 100 from pot with Pair, Q's (combination: 8♦, 10♥, A♠, Q♠, Q♥)",2026-08-06T01:31:42.975Z,178597990297502
"""Jonah @ xrBY5OZYCv"" shows a 8♦, Q♠.",2026-08-06T01:31:42.975Z,178597990297501
"""Spenny @ S8ENkJ8OQS"" shows a K♣, 4♣.",2026-08-06T01:31:42.975Z,178597990297500
"""Stevo @ kI2bCqDOyl"" checks",2026-08-06T01:31:42.156Z,178597990215600
"""arash @ RYnRljE1SO"" checks",2026-08-06T01:31:41.170Z,178597990117000
"""peelic @ vOeqrOXpLT"" checks",2026-08-06T01:31:40.256Z,178597990025600
"""Jonah @ xrBY5OZYCv"" checks",2026-08-06T01:31:39.420Z,178597989942000
"""Spenny @ S8ENkJ8OQS"" checks",2026-08-06T01:31:38.499Z,178597989849900
"River: A♠, 10♥, 3♣, Q♥ [2♣]",2026-08-06T01:31:35.572Z,178597989557200
"""Stevo @ kI2bCqDOyl"" checks",2026-08-06T01:31:34.680Z,178597989468000
"""arash @ RYnRljE1SO"" checks",2026-08-06T01:31:33.473Z,178597989347300
"""peelic @ vOeqrOXpLT"" checks",2026-08-06T01:31:32.470Z,178597989247000
"""Jonah @ xrBY5OZYCv"" checks",2026-08-06T01:31:30.666Z,178597989066600
"""Spenny @ S8ENkJ8OQS"" checks",2026-08-06T01:31:28.975Z,178597988897500
"Turn: A♠, 10♥, 3♣ [Q♥]",2026-08-06T01:31:26.065Z,178597988606500
"""Stevo @ kI2bCqDOyl"" checks",2026-08-06T01:31:25.257Z,178597988525700
"""arash @ RYnRljE1SO"" checks",2026-08-06T01:31:24.184Z,178597988418400
"""peelic @ vOeqrOXpLT"" checks",2026-08-06T01:31:23.260Z,178597988326000
"""Jonah @ xrBY5OZYCv"" checks",2026-08-06T01:31:20.506Z,178597988050600
"""Spenny @ S8ENkJ8OQS"" checks",2026-08-06T01:31:19.613Z,178597987961300
"Flop:  [A♠, 10♥, 3♣]",2026-08-06T01:31:14.854Z,178597987485400
"""Jonah @ xrBY5OZYCv"" checks",2026-08-06T01:31:14.016Z,178597987401600
"""Spenny @ S8ENkJ8OQS"" calls 20",2026-08-06T01:31:13.157Z,178597987315700
"""Stevo @ kI2bCqDOyl"" calls 20",2026-08-06T01:31:09.548Z,178597986954800
"""georgoeo @ _sqcLETZ0C"" folds",2026-08-06T01:31:08.583Z,178597986858300
"""arash @ RYnRljE1SO"" calls 20",2026-08-06T01:31:07.666Z,178597986766600
"""peelic @ vOeqrOXpLT"" calls 20",2026-08-06T01:31:06.756Z,178597986675600
"""Jonah @ xrBY5OZYCv"" posts a big blind of 20",2026-08-06T01:31:01.362Z,178597986136210
"""Spenny @ S8ENkJ8OQS"" posts a small blind of 10",2026-08-06T01:31:01.362Z,178597986136209
"Your hand is 4♦, 9♣",2026-08-06T01:31:01.362Z,178597986136206
"Player stacks: #1 ""Spenny @ S8ENkJ8OQS"" (860) | #3 ""Jonah @ xrBY5OZYCv"" (870) | #5 ""peelic @ vOeqrOXpLT"" (1000) | #7 ""arash @ RYnRljE1SO"" (2000) | #9 ""georgoeo @ _sqcLETZ0C"" (2410) | #10 ""Stevo @ kI2bCqDOyl"" (1860)",2026-08-06T01:31:01.362Z,178597986136202
"-- starting hand #43 (id: motmpqlnhfhn)  No Limit Texas Hold'em (dealer: ""Stevo @ kI2bCqDOyl"") --",2026-08-06T01:31:01.362Z,178597986136201
"The player ""peelic @ vOeqrOXpLT"" joined the game with a stack of 1000.",2026-08-06T01:31:01.362Z,178597986136200
"""georgoeo @ _sqcLETZ0C"" shows a 5♦, Q♥.",2026-08-06T01:30:58.790Z,178597985879000
"-- ending hand #42 --",2026-08-06T01:30:54.756Z,178597985475603
"""Spenny @ S8ENkJ8OQS"" collected 80 from pot with Two Pair, 7's & 2's (combination: A♠, 2♠, 2♦, 7♣, 7♥)",2026-08-06T01:30:54.756Z,178597985475602
"""Spenny @ S8ENkJ8OQS"" shows a Q♠, 7♣.",2026-08-06T01:30:54.756Z,178597985475601
"""Stevo @ kI2bCqDOyl"" shows a 4♦, K♥.",2026-08-06T01:30:54.756Z,178597985475600
"""arash @ RYnRljE1SO"" checks",2026-08-06T01:30:53.851Z,178597985385100
"""Jonah @ xrBY5OZYCv"" checks",2026-08-06T01:30:52.819Z,178597985281900
"""Spenny @ S8ENkJ8OQS"" checks",2026-08-06T01:30:51.958Z,178597985195800
"""Stevo @ kI2bCqDOyl"" checks",2026-08-06T01:30:45.467Z,178597984546700
"River: 2♠, 2♦, A♠, 5♣ [7♥]",2026-08-06T01:30:44.549Z,178597984454900
"""arash @ RYnRljE1SO"" checks",2026-08-06T01:30:43.634Z,178597984363400
"""Jonah @ xrBY5OZYCv"" checks",2026-08-06T01:30:42.057Z,178597984205700
"""Spenny @ S8ENkJ8OQS"" checks",2026-08-06T01:30:41.198Z,178597984119800
"""Stevo @ kI2bCqDOyl"" checks",2026-08-06T01:30:38.548Z,178597983854800
"Turn: 2♠, 2♦, A♠ [5♣]",2026-08-06T01:30:37.525Z,178597983752500
"""arash @ RYnRljE1SO"" checks",2026-08-06T01:30:36.704Z,178597983670400
"""Jonah @ xrBY5OZYCv"" checks",2026-08-06T01:30:35.767Z,178597983576700
"""Spenny @ S8ENkJ8OQS"" checks",2026-08-06T01:30:34.803Z,178597983480300
"""Stevo @ kI2bCqDOyl"" checks",2026-08-06T01:30:33.897Z,178597983389700
"Flop:  [2♠, 2♦, A♠]",2026-08-06T01:30:32.205Z,178597983220500
"""Spenny @ S8ENkJ8OQS"" checks",2026-08-06T01:30:31.396Z,178597983139600
"""Stevo @ kI2bCqDOyl"" calls 20",2026-08-06T01:30:30.436Z,178597983043600
"The admin approved the player ""peelic @ vOeqrOXpLT"" participation with a stack of 1000.",2026-08-06T01:30:28.721Z,178597982872100
"""georgoeo @ _sqcLETZ0C"" folds",2026-08-06T01:30:28.422Z,178597982842200
"""arash @ RYnRljE1SO"" calls 20",2026-08-06T01:30:27.574Z,178597982757400
"The player ""peelic @ vOeqrOXpLT"" requested a seat.",2026-08-06T01:30:27.526Z,178597982752600
"""Jonah @ xrBY5OZYCv"" calls 20",2026-08-06T01:30:25.124Z,178597982512400
"""Spenny @ S8ENkJ8OQS"" posts a big blind of 20",2026-08-06T01:30:23.414Z,178597982341409
"""Stevo @ kI2bCqDOyl"" posts a small blind of 10",2026-08-06T01:30:23.414Z,178597982341408
"Your hand is Q♣, 6♠",2026-08-06T01:30:23.414Z,178597982341405
"Player stacks: #1 ""Spenny @ S8ENkJ8OQS"" (800) | #3 ""Jonah @ xrBY5OZYCv"" (890) | #7 ""arash @ RYnRljE1SO"" (2020) | #9 ""georgoeo @ _sqcLETZ0C"" (2410) | #10 ""Stevo @ kI2bCqDOyl"" (1880)",2026-08-06T01:30:23.414Z,178597982341402
"-- starting hand #42 (id: gail9yelw1zk)  No Limit Texas Hold'em (dealer: ""georgoeo @ _sqcLETZ0C"") --",2026-08-06T01:30:23.414Z,178597982341401
"The player ""peelic @ vOeqrOXpLT"" quits the game with a stack of 0.",2026-08-06T01:30:23.414Z,178597982341400
"Asking to busted players the rebuy decision.",2026-08-06T01:30:21.508Z,178597982150800
"""georgoeo @ _sqcLETZ0C"" shows a 10♥, 4♠.",2026-08-06T01:30:16.171Z,178597981617100
"-- ending hand #41 --",2026-08-06T01:30:14.907Z,178597981490703
"""Jonah @ xrBY5OZYCv"" collected 870 from pot with Full House, K's over 9's (combination: 9♣, 9♠, K♣, K♥, K♦)",2026-08-06T01:30:14.907Z,178597981490702
"""Jonah @ xrBY5OZYCv"" shows a K♣, 8♠.",2026-08-06T01:30:14.907Z,178597981490701
"""peelic @ vOeqrOXpLT"" shows a J♠, J♣.",2026-08-06T01:30:14.907Z,178597981490700
"""Jonah @ xrBY5OZYCv"" calls 260",2026-08-06T01:30:14.018Z,178597981401800
"""peelic @ vOeqrOXpLT"" raises to 260 and go all in",2026-08-06T01:30:10.767Z,178597981076700
"""Jonah @ xrBY5OZYCv"" bets 60",2026-08-06T01:30:06.343Z,178597980634300
"River: 9♣, K♥, 2♦, K♦ [9♠]",2026-08-06T01:29:58.781Z,178597979878100
"""Jonah @ xrBY5OZYCv"" calls 80",2026-08-06T01:29:57.890Z,178597979789000
"""Stevo @ kI2bCqDOyl"" folds",2026-08-06T01:29:55.552Z,178597979555200
"""peelic @ vOeqrOXpLT"" raises to 80",2026-08-06T01:29:53.833Z,178597979383300
"""Jonah @ xrBY5OZYCv"" calls 20",2026-08-06T01:29:48.210Z,178597978821000
"""Stevo @ kI2bCqDOyl"" bets 20",2026-08-06T01:29:43.117Z,178597978311700
"Turn: 9♣, K♥, 2♦ [K♦]",2026-08-06T01:29:41.278Z,178597978127800
"""Spenny @ S8ENkJ8OQS"" folds",2026-08-06T01:29:40.449Z,178597978044900
"""Stevo @ kI2bCqDOyl"" calls 20",2026-08-06T01:29:32.950Z,178597977295000
"""peelic @ vOeqrOXpLT"" calls 20",2026-08-06T01:29:31.078Z,178597977107800
"""arash @ RYnRljE1SO"" folds",2026-08-06T01:29:29.552Z,178597976955200
"""Jonah @ xrBY5OZYCv"" bets 20",2026-08-06T01:29:28.042Z,178597976804200
"""Spenny @ S8ENkJ8OQS"" checks",2026-08-06T01:29:25.818Z,178597976581800
"""Stevo @ kI2bCqDOyl"" checks",2026-08-06T01:29:22.202Z,178597976220200
"Flop:  [9♣, K♥, 2♦]",2026-08-06T01:29:21.068Z,178597976106800
"""Stevo @ kI2bCqDOyl"" checks",2026-08-06T01:29:20.248Z,178597976024800
"""georgoeo @ _sqcLETZ0C"" folds",2026-08-06T01:29:19.227Z,178597975922700
"""peelic @ vOeqrOXpLT"" calls 20",2026-08-06T01:29:18.339Z,178597975833900
"""arash @ RYnRljE1SO"" calls 20",2026-08-06T01:29:17.500Z,178597975750000
"""Jonah @ xrBY5OZYCv"" calls 20",2026-08-06T01:29:16.523Z,178597975652300
"""Spenny @ S8ENkJ8OQS"" calls 20",2026-08-06T01:29:15.647Z,178597975564700
"""Stevo @ kI2bCqDOyl"" posts a big blind of 20",2026-08-06T01:29:14.111Z,178597975411109
"""georgoeo @ _sqcLETZ0C"" posts a small blind of 10",2026-08-06T01:29:14.111Z,178597975411108
"Your hand is 3♥, A♦",2026-08-06T01:29:14.111Z,178597975411104
"Player stacks: #1 ""Spenny @ S8ENkJ8OQS"" (820) | #3 ""Jonah @ xrBY5OZYCv"" (400) | #7 ""arash @ RYnRljE1SO"" (2040) | #8 ""peelic @ vOeqrOXpLT"" (380) | #9 ""georgoeo @ _sqcLETZ0C"" (2420) | #10 ""Stevo @ kI2bCqDOyl"" (1940)",2026-08-06T01:29:14.111Z,178597975411101
"-- starting hand #41 (id: bkc0wqua5bgn)  No Limit Texas Hold'em (dealer: ""peelic @ vOeqrOXpLT"") --",2026-08-06T01:29:14.111Z,178597975411100
"""Stevo @ kI2bCqDOyl"" shows a 4♦, A♣.",2026-08-06T01:29:11.293Z,178597975129300
"""georgoeo @ _sqcLETZ0C"" shows a 3♦, K♠.",2026-08-06T01:29:10.489Z,178597975048900
"-- ending hand #40 --",2026-08-06T01:29:09.804Z,178597974980402
"""georgoeo @ _sqcLETZ0C"" collected 160 from pot",2026-08-06T01:29:09.804Z,178597974980401
"Uncalled bet of 60 returned to ""georgoeo @ _sqcLETZ0C""",2026-08-06T01:29:09.804Z,178597974980400
"""arash @ RYnRljE1SO"" folds",2026-08-06T01:29:08.991Z,178597974899100
"""georgoeo @ _sqcLETZ0C"" bets 60",2026-08-06T01:29:08.011Z,178597974801100
"River: Q♦, 9♦, 3♣, 3♠ [A♦]",2026-08-06T01:29:04.300Z,178597974430000
"""peelic @ vOeqrOXpLT"" folds",2026-08-06T01:29:03.486Z,178597974348600
"""arash @ RYnRljE1SO"" calls 20",2026-08-06T01:29:02.607Z,178597974260700
"""Jonah @ xrBY5OZYCv"" folds",2026-08-06T01:28:58.291Z,178597973829100
"""Spenny @ S8ENkJ8OQS"" folds",2026-08-06T01:28:57.382Z,178597973738200
"""Stevo @ kI2bCqDOyl"" folds",2026-08-06T01:28:51.709Z,178597973170900
"""georgoeo @ _sqcLETZ0C"" bets 20",2026-08-06T01:28:50.759Z,178597973075900
"""peelic @ vOeqrOXpLT"" checks",2026-08-06T01:28:49.575Z,178597972957500
"Turn: Q♦, 9♦, 3♣ [3♠]",2026-08-06T01:28:44.567Z,178597972456700
"""arash @ RYnRljE1SO"" checks",2026-08-06T01:28:43.665Z,178597972366500
"""Jonah @ xrBY5OZYCv"" checks",2026-08-06T01:28:42.617Z,178597972261700
"""Spenny @ S8ENkJ8OQS"" checks",2026-08-06T01:28:41.686Z,178597972168600
"""Stevo @ kI2bCqDOyl"" checks",2026-08-06T01:28:40.803Z,178597972080300
"""georgoeo @ _sqcLETZ0C"" checks",2026-08-06T01:28:39.606Z,178597971960600
"""peelic @ vOeqrOXpLT"" checks",2026-08-06T01:28:34.863Z,178597971486300
"Flop:  [Q♦, 9♦, 3♣]",2026-08-06T01:28:32.558Z,178597971255800
"""georgoeo @ _sqcLETZ0C"" checks",2026-08-06T01:28:31.621Z,178597971162100
"""peelic @ vOeqrOXpLT"" calls 20",2026-08-06T01:28:24.987Z,178597970498700
"""arash @ RYnRljE1SO"" calls 20",2026-08-06T01:28:24.053Z,178597970405300
"""Jonah @ xrBY5OZYCv"" calls 20",2026-08-06T01:28:23.030Z,178597970303000
"""Spenny @ S8ENkJ8OQS"" calls 20",2026-08-06T01:28:22.174Z,178597970217400
"""Stevo @ kI2bCqDOyl"" calls 20",2026-08-06T01:28:18.218Z,178597969821800
"""georgoeo @ _sqcLETZ0C"" posts a big blind of 20",2026-08-06T01:28:17.171Z,178597969717109
"""peelic @ vOeqrOXpLT"" posts a small blind of 10",2026-08-06T01:28:17.171Z,178597969717108
"Your hand is 8♠, 8♣",2026-08-06T01:28:17.171Z,178597969717104
"Player stacks: #1 ""Spenny @ S8ENkJ8OQS"" (840) | #3 ""Jonah @ xrBY5OZYCv"" (420) | #7 ""arash @ RYnRljE1SO"" (2080) | #8 ""peelic @ vOeqrOXpLT"" (400) | #9 ""georgoeo @ _sqcLETZ0C"" (2300) | #10 ""Stevo @ kI2bCqDOyl"" (1960)",2026-08-06T01:28:17.171Z,178597969717101
"-- starting hand #40 (id: pvkgf7l4o9ge)  No Limit Texas Hold'em (dealer: ""arash @ RYnRljE1SO"") --",2026-08-06T01:28:17.171Z,178597969717100
"""Spenny @ S8ENkJ8OQS"" shows a 10♥, A♥.",2026-08-06T01:28:12.958Z,178597969295800
"Undealt cards: 4♥, 10♠, A♦, J♦ [8♥]",2026-08-06T01:28:12.205Z,178597969220500
"-- ending hand #39 --",2026-08-06T01:28:10.537Z,178597969053702
"""Spenny @ S8ENkJ8OQS"" collected 300 from pot",2026-08-06T01:28:10.537Z,178597969053701
"Uncalled bet of 100 returned to ""Spenny @ S8ENkJ8OQS""",2026-08-06T01:28:10.537Z,178597969053700
"""peelic @ vOeqrOXpLT"" folds",2026-08-06T01:28:09.734Z,178597968973400
"""arash @ RYnRljE1SO"" folds",2026-08-06T01:28:08.889Z,178597968888900
"""Spenny @ S8ENkJ8OQS"" raises to 140",2026-08-06T01:28:01.777Z,178597968177700
"""peelic @ vOeqrOXpLT"" bets 40",2026-08-06T01:27:55.935Z,178597967593500
"""arash @ RYnRljE1SO"" checks",2026-08-06T01:27:51.709Z,178597967170900
"Turn: 4♥, 10♠, A♦ [J♦]",2026-08-06T01:27:50.508Z,178597967050800
"""Stevo @ kI2bCqDOyl"" folds",2026-08-06T01:27:49.674Z,178597966967400
"""peelic @ vOeqrOXpLT"" calls 40",2026-08-06T01:27:48.582Z,178597966858200
"""arash @ RYnRljE1SO"" calls 40",2026-08-06T01:27:46.863Z,178597966686300
"""Jonah @ xrBY5OZYCv"" folds",2026-08-06T01:27:40.182Z,178597966018200
"""Spenny @ S8ENkJ8OQS"" bets 40",2026-08-06T01:27:37.216Z,178597965721600
"""Stevo @ kI2bCqDOyl"" checks",2026-08-06T01:27:34.583Z,178597965458300
"""peelic @ vOeqrOXpLT"" checks",2026-08-06T01:27:33.618Z,178597965361800
"""arash @ RYnRljE1SO"" checks",2026-08-06T01:27:29.663Z,178597964966300
"Flop:  [4♥, 10♠, A♦]",2026-08-06T01:27:27.647Z,178597964764700
"""peelic @ vOeqrOXpLT"" checks",2026-08-06T01:27:26.825Z,178597964682500
"""arash @ RYnRljE1SO"" calls 20",2026-08-06T01:27:25.945Z,178597964594500
"""Jonah @ xrBY5OZYCv"" calls 20",2026-08-06T01:27:25.034Z,178597964503400
"""Spenny @ S8ENkJ8OQS"" calls 20",2026-08-06T01:27:24.120Z,178597964412000
"""Stevo @ kI2bCqDOyl"" calls 20",2026-08-06T01:27:23.230Z,178597964323000
"""georgoeo @ _sqcLETZ0C"" folds",2026-08-06T01:27:22.238Z,178597964223800
"""peelic @ vOeqrOXpLT"" posts a big blind of 20",2026-08-06T01:27:17.592Z,178597963759209
"""arash @ RYnRljE1SO"" posts a small blind of 10",2026-08-06T01:27:17.592Z,178597963759208
"Your hand is 6♣, 10♣",2026-08-06T01:27:17.592Z,178597963759204
"Player stacks: #1 ""Spenny @ S8ENkJ8OQS"" (640) | #3 ""Jonah @ xrBY5OZYCv"" (440) | #7 ""arash @ RYnRljE1SO"" (2140) | #8 ""peelic @ vOeqrOXpLT"" (500) | #9 ""georgoeo @ _sqcLETZ0C"" (2300) | #10 ""Stevo @ kI2bCqDOyl"" (1980)",2026-08-06T01:27:17.592Z,178597963759201
"-- starting hand #39 (id: dscjcxl2quhq)  No Limit Texas Hold'em (dealer: ""Jonah @ xrBY5OZYCv"") --",2026-08-06T01:27:17.592Z,178597963759200
"""georgoeo @ _sqcLETZ0C"" shows a A♠, 10♣.",2026-08-06T01:27:15.618Z,178597963561800
"""Stevo @ kI2bCqDOyl"" shows a 6♣, 7♠.",2026-08-06T01:27:13.850Z,178597963385000
"""Spenny @ S8ENkJ8OQS"" shows a 4♠, K♠.",2026-08-06T01:27:13.714Z,178597963371400
"-- ending hand #38 --",2026-08-06T01:27:12.484Z,178597963248402
"""Stevo @ kI2bCqDOyl"" collected 590 from pot",2026-08-06T01:27:12.484Z,178597963248401
"Uncalled bet of 100 returned to ""Stevo @ kI2bCqDOyl""",2026-08-06T01:27:12.484Z,178597963248400
"""Spenny @ S8ENkJ8OQS"" folds",2026-08-06T01:27:11.672Z,178597963167200
"""Stevo @ kI2bCqDOyl"" bets 100",2026-08-06T01:27:05.700Z,178597962570000
"River: 8♠, 10♠, 9♥, 7♦ [8♦]",2026-08-06T01:27:01.279Z,178597962127900
"""Spenny @ S8ENkJ8OQS"" calls 100",2026-08-06T01:27:00.420Z,178597962042000
"""Stevo @ kI2bCqDOyl"" bets 100",2026-08-06T01:26:52.533Z,178597961253300
"Turn: 8♠, 10♠, 9♥ [7♦]",2026-08-06T01:26:48.074Z,178597960807400
"""georgoeo @ _sqcLETZ0C"" folds",2026-08-06T01:26:47.217Z,178597960721700
"""arash @ RYnRljE1SO"" folds",2026-08-06T01:26:45.315Z,178597960531500
"""Spenny @ S8ENkJ8OQS"" calls 120",2026-08-06T01:26:44.391Z,178597960439100
"""Stevo @ kI2bCqDOyl"" raises to 120",2026-08-06T01:26:38.731Z,178597959873100
"""georgoeo @ _sqcLETZ0C"" bets 60",2026-08-06T01:26:36.799Z,178597959679900
"""arash @ RYnRljE1SO"" checks",2026-08-06T01:26:34.031Z,178597959403100
"Flop:  [8♠, 10♠, 9♥]",2026-08-06T01:26:29.962Z,178597958996200
"""arash @ RYnRljE1SO"" checks",2026-08-06T01:26:29.075Z,178597958907500
"""Jonah @ xrBY5OZYCv"" folds",2026-08-06T01:26:28.116Z,178597958811600
"""Spenny @ S8ENkJ8OQS"" calls 20",2026-08-06T01:26:27.243Z,178597958724300
"""Stevo @ kI2bCqDOyl"" calls 20",2026-08-06T01:26:26.350Z,178597958635000
"""georgoeo @ _sqcLETZ0C"" calls 20",2026-08-06T01:26:25.212Z,178597958521200
"""peelic @ vOeqrOXpLT"" folds",2026-08-06T01:26:17.746Z,178597957774600
"""arash @ RYnRljE1SO"" posts a big blind of 20",2026-08-06T01:26:13.362Z,178597957336209
"""Jonah @ xrBY5OZYCv"" posts a small blind of 10",2026-08-06T01:26:13.362Z,178597957336208
"Your hand is 2♦, 3♣",2026-08-06T01:26:13.362Z,178597957336204
"Player stacks: #1 ""Spenny @ S8ENkJ8OQS"" (880) | #3 ""Jonah @ xrBY5OZYCv"" (450) | #7 ""arash @ RYnRljE1SO"" (2160) | #8 ""peelic @ vOeqrOXpLT"" (500) | #9 ""georgoeo @ _sqcLETZ0C"" (2380) | #10 ""Stevo @ kI2bCqDOyl"" (1630)",2026-08-06T01:26:13.362Z,178597957336201
"-- starting hand #38 (id: d9hhud1yjqub)  No Limit Texas Hold'em (dealer: ""Spenny @ S8ENkJ8OQS"") --",2026-08-06T01:26:13.362Z,178597957336200
"-- ending hand #37 --",2026-08-06T01:26:07.355Z,178597956735503
"""Stevo @ kI2bCqDOyl"" collected 260 from pot with Pair, 8's (combination: 6♥, Q♥, K♥, 8♣, 8♦)",2026-08-06T01:26:07.355Z,178597956735502
"""Stevo @ kI2bCqDOyl"" shows a 8♣, 8♦.",2026-08-06T01:26:07.355Z,178597956735501
"""Spenny @ S8ENkJ8OQS"" shows a 3♣, A♣.",2026-08-06T01:26:07.355Z,178597956735500
"""Stevo @ kI2bCqDOyl"" checks",2026-08-06T01:26:06.489Z,178597956648900
"""Spenny @ S8ENkJ8OQS"" checks",2026-08-06T01:26:05.262Z,178597956526200
"River: 6♥, 4♣, K♥, 3♦ [Q♥]",2026-08-06T01:26:03.752Z,178597956375200
"""Spenny @ S8ENkJ8OQS"" calls 60",2026-08-06T01:26:02.873Z,178597956287300
"""Stevo @ kI2bCqDOyl"" raises to 60",2026-08-06T01:25:57.729Z,178597955772900
"""Spenny @ S8ENkJ8OQS"" bets 20",2026-08-06T01:25:55.142Z,178597955514200
"Turn: 6♥, 4♣, K♥ [3♦]",2026-08-06T01:25:52.622Z,178597955262200
"""Stevo @ kI2bCqDOyl"" calls 40",2026-08-06T01:25:51.794Z,178597955179400
"""Jonah @ xrBY5OZYCv"" folds",2026-08-06T01:25:50.754Z,178597955075400
"""Spenny @ S8ENkJ8OQS"" bets 40",2026-08-06T01:25:48.150Z,178597954815000
"Flop:  [6♥, 4♣, K♥]",2026-08-06T01:25:42.416Z,178597954241600
"""Jonah @ xrBY5OZYCv"" checks",2026-08-06T01:25:41.559Z,178597954155900
"""Spenny @ S8ENkJ8OQS"" calls 20",2026-08-06T01:25:40.694Z,178597954069400
"""Stevo @ kI2bCqDOyl"" calls 20",2026-08-06T01:25:39.748Z,178597953974800
"""georgoeo @ _sqcLETZ0C"" folds",2026-08-06T01:25:38.807Z,178597953880700
"""peelic @ vOeqrOXpLT"" folds",2026-08-06T01:25:32.118Z,178597953211800
"""arash @ RYnRljE1SO"" folds",2026-08-06T01:25:30.432Z,178597953043200
"""Jonah @ xrBY5OZYCv"" posts a big blind of 20",2026-08-06T01:25:28.913Z,178597952891310
"""Spenny @ S8ENkJ8OQS"" posts a small blind of 10",2026-08-06T01:25:28.913Z,178597952891309
"Your hand is 4♦, 5♣",2026-08-06T01:25:28.913Z,178597952891305
"Player stacks: #1 ""Spenny @ S8ENkJ8OQS"" (1000) | #3 ""Jonah @ xrBY5OZYCv"" (470) | #7 ""arash @ RYnRljE1SO"" (2160) | #8 ""peelic @ vOeqrOXpLT"" (500) | #9 ""georgoeo @ _sqcLETZ0C"" (2380) | #10 ""Stevo @ kI2bCqDOyl"" (1490)",2026-08-06T01:25:28.913Z,178597952891302
"-- starting hand #37 (id: qdqnwhabh2hp)  No Limit Texas Hold'em (dealer: ""Stevo @ kI2bCqDOyl"") --",2026-08-06T01:25:28.913Z,178597952891301
"The player ""Spenny @ S8ENkJ8OQS"" rebought. New stack 1000.",2026-08-06T01:25:28.913Z,178597952891300
"Waiting for the game owner to approve or reject pending rebuy requests.",2026-08-06T01:25:27.817Z,178597952781701
"The player ""Spenny @ S8ENkJ8OQS"" requested a rebuy of 1000.",2026-08-06T01:25:27.817Z,178597952781700
"Asking to busted players the rebuy decision.",2026-08-06T01:25:22.387Z,178597952238700
"""georgoeo @ _sqcLETZ0C"" shows a 6♥, J♦.",2026-08-06T01:25:19.270Z,178597951927000
"-- ending hand #36 --",2026-08-06T01:25:15.884Z,178597951588403
"""Stevo @ kI2bCqDOyl"" collected 680 from pot with Straight, J High (combination: 7♦, 8♠, 9♣, 10♣, J♣)",2026-08-06T01:25:15.884Z,178597951588402
"""Stevo @ kI2bCqDOyl"" shows a 10♣, J♣.",2026-08-06T01:25:15.884Z,178597951588401
"""Spenny @ S8ENkJ8OQS"" shows a 9♥, 8♣.",2026-08-06T01:25:15.884Z,178597951588400
"""Stevo @ kI2bCqDOyl"" calls 210",2026-08-06T01:25:15.011Z,178597951501100
"""peelic @ vOeqrOXpLT"" folds",2026-08-06T01:25:13.915Z,178597951391500
"""arash @ RYnRljE1SO"" folds",2026-08-06T01:25:13.046Z,178597951304600
"""Spenny @ S8ENkJ8OQS"" raises to 210 and go all in",2026-08-06T01:25:11.148Z,178597951114800
"""Stevo @ kI2bCqDOyl"" bets 100",2026-08-06T01:25:04.928Z,178597950492800
"River: 9♣, 7♦, K♦, 2♥ [8♠]",2026-08-06T01:25:00.876Z,178597950087600
"""peelic @ vOeqrOXpLT"" calls 20",2026-08-06T01:25:00.052Z,178597950005200
"""arash @ RYnRljE1SO"" calls 20",2026-08-06T01:24:58.374Z,178597949837400
"""Spenny @ S8ENkJ8OQS"" calls 20",2026-08-06T01:24:57.445Z,178597949744500
"""Stevo @ kI2bCqDOyl"" bets 20",2026-08-06T01:24:52.490Z,178597949249000
"Turn: 9♣, 7♦, K♦ [2♥]",2026-08-06T01:24:51.499Z,178597949149900
"""peelic @ vOeqrOXpLT"" calls 20",2026-08-06T01:24:50.690Z,178597949069000
"""arash @ RYnRljE1SO"" calls 20",2026-08-06T01:24:49.758Z,178597948975800
"""Jonah @ xrBY5OZYCv"" folds",2026-08-06T01:24:48.743Z,178597948874300
"""Spenny @ S8ENkJ8OQS"" calls 20",2026-08-06T01:24:43.919Z,178597948391900
"""Stevo @ kI2bCqDOyl"" bets 20",2026-08-06T01:24:39.990Z,178597947999000
"Flop:  [9♣, 7♦, K♦]",2026-08-06T01:24:38.698Z,178597947869800
"""Spenny @ S8ENkJ8OQS"" checks",2026-08-06T01:24:37.887Z,178597947788700
"""Stevo @ kI2bCqDOyl"" calls 20",2026-08-06T01:24:36.990Z,178597947699000
"""georgoeo @ _sqcLETZ0C"" folds",2026-08-06T01:24:35.957Z,178597947595700
"""peelic @ vOeqrOXpLT"" calls 20",2026-08-06T01:24:34.947Z,178597947494700
"""arash @ RYnRljE1SO"" calls 20",2026-08-06T01:24:34.103Z,178597947410300
"""Jonah @ xrBY5OZYCv"" calls 20",2026-08-06T01:24:33.100Z,178597947310000
"""Spenny @ S8ENkJ8OQS"" posts a big blind of 20",2026-08-06T01:24:31.403Z,178597947140309
"""Stevo @ kI2bCqDOyl"" posts a small blind of 10",2026-08-06T01:24:31.403Z,178597947140308
"Your hand is Q♣, Q♦",2026-08-06T01:24:31.403Z,178597947140304
"Player stacks: #1 ""Spenny @ S8ENkJ8OQS"" (270) | #3 ""Jonah @ xrBY5OZYCv"" (490) | #7 ""arash @ RYnRljE1SO"" (2220) | #8 ""peelic @ vOeqrOXpLT"" (560) | #9 ""georgoeo @ _sqcLETZ0C"" (2380) | #10 ""Stevo @ kI2bCqDOyl"" (1080)",2026-08-06T01:24:31.403Z,178597947140301
"-- starting hand #36 (id: ylpllh7wr94c)  No Limit Texas Hold'em (dealer: ""georgoeo @ _sqcLETZ0C"") --",2026-08-06T01:24:31.403Z,178597947140300
"-- ending hand #35 --",2026-08-06T01:24:25.400Z,178597946540002
"""georgoeo @ _sqcLETZ0C"" collected 180 from pot with Pair, 6's (combination: 9♥, K♠, A♦, 6♦, 6♥)",2026-08-06T01:24:25.400Z,178597946540001
"""georgoeo @ _sqcLETZ0C"" shows a 6♦, A♦.",2026-08-06T01:24:25.400Z,178597946540000
"""peelic @ vOeqrOXpLT"" checks",2026-08-06T01:24:24.537Z,178597946453700
"""arash @ RYnRljE1SO"" checks",2026-08-06T01:24:23.690Z,178597946369000
"""Spenny @ S8ENkJ8OQS"" checks",2026-08-06T01:24:22.763Z,178597946276300
"""georgoeo @ _sqcLETZ0C"" checks",2026-08-06T01:24:21.859Z,178597946185900
"River: 6♥, K♠, 4♦, 5♠ [9♥]",2026-08-06T01:24:20.083Z,178597946008300
"""peelic @ vOeqrOXpLT"" calls 20",2026-08-06T01:24:19.215Z,178597945921500
"""arash @ RYnRljE1SO"" calls 20",2026-08-06T01:24:16.776Z,178597945677600
"""Spenny @ S8ENkJ8OQS"" calls 20",2026-08-06T01:24:12.794Z,178597945279400
"""Stevo @ kI2bCqDOyl"" folds",2026-08-06T01:24:07.566Z,178597944756600
"""georgoeo @ _sqcLETZ0C"" bets 20",2026-08-06T01:24:06.395Z,178597944639500
"Turn: 6♥, K♠, 4♦ [5♠]",2026-08-06T01:24:05.584Z,178597944558400
"""peelic @ vOeqrOXpLT"" checks",2026-08-06T01:24:04.714Z,178597944471400
"""arash @ RYnRljE1SO"" checks",2026-08-06T01:24:03.876Z,178597944387600
"""Spenny @ S8ENkJ8OQS"" checks",2026-08-06T01:24:02.969Z,178597944296900
"""Stevo @ kI2bCqDOyl"" checks",2026-08-06T01:24:01.899Z,178597944189900
"""georgoeo @ _sqcLETZ0C"" checks",2026-08-06T01:24:00.707Z,178597944070700
"Flop:  [6♥, K♠, 4♦]",2026-08-06T01:23:53.363Z,178597943336300
"""Stevo @ kI2bCqDOyl"" checks",2026-08-06T01:23:52.549Z,178597943254900
"""georgoeo @ _sqcLETZ0C"" calls 20",2026-08-06T01:23:51.497Z,178597943149700
"""peelic @ vOeqrOXpLT"" calls 20",2026-08-06T01:23:50.668Z,178597943066800
"""arash @ RYnRljE1SO"" calls 20",2026-08-06T01:23:46.578Z,178597942657800
"""Jonah @ xrBY5OZYCv"" folds",2026-08-06T01:23:45.649Z,178597942564900
"""Spenny @ S8ENkJ8OQS"" calls 20",2026-08-06T01:23:44.794Z,178597942479400
"""Stevo @ kI2bCqDOyl"" posts a big blind of 20",2026-08-06T01:23:42.198Z,178597942219809
"""georgoeo @ _sqcLETZ0C"" posts a small blind of 10",2026-08-06T01:23:42.198Z,178597942219808
"Your hand is 2♠, 4♠",2026-08-06T01:23:42.198Z,178597942219804
"Player stacks: #1 ""Spenny @ S8ENkJ8OQS"" (310) | #3 ""Jonah @ xrBY5OZYCv"" (490) | #7 ""arash @ RYnRljE1SO"" (2260) | #8 ""peelic @ vOeqrOXpLT"" (600) | #9 ""georgoeo @ _sqcLETZ0C"" (2240) | #10 ""Stevo @ kI2bCqDOyl"" (1100)",2026-08-06T01:23:42.198Z,178597942219801
"-- starting hand #35 (id: 0lszvbwtqliz)  No Limit Texas Hold'em (dealer: ""peelic @ vOeqrOXpLT"") --",2026-08-06T01:23:42.198Z,178597942219800
"-- ending hand #34 --",2026-08-06T01:23:36.152Z,178597941615203
"""arash @ RYnRljE1SO"" collected 320 from pot with Two Pair, K's & 8's (combination: 7♦, 8♥, 8♠, K♠, K♥)",2026-08-06T01:23:36.152Z,178597941615202
"""arash @ RYnRljE1SO"" shows a 7♦, K♠.",2026-08-06T01:23:36.152Z,178597941615201
"""peelic @ vOeqrOXpLT"" shows a K♣, 3♦.",2026-08-06T01:23:36.152Z,178597941615200
"""arash @ RYnRljE1SO"" checks",2026-08-06T01:23:35.290Z,178597941529000
"""peelic @ vOeqrOXpLT"" checks",2026-08-06T01:23:34.228Z,178597941422800
"River: K♥, 4♦, 8♥, 6♠ [8♠]",2026-08-06T01:23:32.190Z,178597941219000
"""arash @ RYnRljE1SO"" calls 70",2026-08-06T01:23:31.372Z,178597941137200
"""peelic @ vOeqrOXpLT"" bets 70",2026-08-06T01:23:30.357Z,178597941035700
"Turn: K♥, 4♦, 8♥ [6♠]",2026-08-06T01:23:26.916Z,178597940691600
"""arash @ RYnRljE1SO"" calls 60",2026-08-06T01:23:26.084Z,178597940608400
"""georgoeo @ _sqcLETZ0C"" folds",2026-08-06T01:23:25.118Z,178597940511800
"""peelic @ vOeqrOXpLT"" bets 60",2026-08-06T01:23:14.295Z,178597939429500
"Flop:  [K♥, 4♦, 8♥]",2026-08-06T01:23:09.984Z,178597938998400
"""georgoeo @ _sqcLETZ0C"" checks",2026-08-06T01:23:09.123Z,178597938912300
"""peelic @ vOeqrOXpLT"" calls 20",2026-08-06T01:23:08.255Z,178597938825500
"""arash @ RYnRljE1SO"" calls 20",2026-08-06T01:23:07.404Z,178597938740400
"""Jonah @ xrBY5OZYCv"" folds",2026-08-06T01:23:06.467Z,178597938646700
"""Spenny @ S8ENkJ8OQS"" folds",2026-08-06T01:23:05.576Z,178597938557600
"""Stevo @ kI2bCqDOyl"" folds",2026-08-06T01:23:03.471Z,178597938347100
"""georgoeo @ _sqcLETZ0C"" posts a big blind of 20",2026-08-06T01:23:01.635Z,178597938163509
"""peelic @ vOeqrOXpLT"" posts a small blind of 10",2026-08-06T01:23:01.635Z,178597938163508
"Your hand is 7♦, K♠",2026-08-06T01:23:01.635Z,178597938163504
"Player stacks: #1 ""Spenny @ S8ENkJ8OQS"" (310) | #3 ""Jonah @ xrBY5OZYCv"" (490) | #7 ""arash @ RYnRljE1SO"" (2090) | #8 ""peelic @ vOeqrOXpLT"" (750) | #9 ""georgoeo @ _sqcLETZ0C"" (2260) | #10 ""Stevo @ kI2bCqDOyl"" (1100)",2026-08-06T01:23:01.635Z,178597938163501
"-- starting hand #34 (id: rwpdzyll7dxi)  No Limit Texas Hold'em (dealer: ""arash @ RYnRljE1SO"") --",2026-08-06T01:23:01.635Z,178597938163500
"-- ending hand #33 --",2026-08-06T01:22:55.567Z,178597937556702
"""arash @ RYnRljE1SO"" collected 1100 from pot with Full House, 3's over 5's (combination: 5♣, 5♠, 3♣, 3♦, 3♥)",2026-08-06T01:22:55.567Z,178597937556701
"""arash @ RYnRljE1SO"" shows a 5♣, 3♣.",2026-08-06T01:22:55.567Z,178597937556700
"""peelic @ vOeqrOXpLT"" calls 450",2026-08-06T01:22:54.714Z,178597937471400
"""arash @ RYnRljE1SO"" raises to 450",2026-08-06T01:22:50.965Z,178597937096500
"""peelic @ vOeqrOXpLT"" bets 100",2026-08-06T01:22:45.421Z,178597936542100
"""arash @ RYnRljE1SO"" checks",2026-08-06T01:22:41.870Z,178597936187000
"River: 3♦, 3♥, 5♠, J♥ [10♥]",2026-08-06T01:22:39.685Z,178597935968500
"""arash @ RYnRljE1SO"" calls 40",2026-08-06T01:22:38.833Z,178597935883300
"""Jonah @ xrBY5OZYCv"" folds",2026-08-06T01:22:36.402Z,178597935640200
"""Spenny @ S8ENkJ8OQS"" folds",2026-08-06T01:22:35.487Z,178597935548700
"""Stevo @ kI2bCqDOyl"" folds",2026-08-06T01:22:34.593Z,178597935459300
"""georgoeo @ _sqcLETZ0C"" folds",2026-08-06T01:22:33.598Z,178597935359800
"""peelic @ vOeqrOXpLT"" raises to 40",2026-08-06T01:22:26.964Z,178597934696400
"""arash @ RYnRljE1SO"" bets 20",2026-08-06T01:22:19.883Z,178597933988300
"Turn: 3♦, 3♥, 5♠ [J♥]",2026-08-06T01:22:16.876Z,178597933687600
"""Jonah @ xrBY5OZYCv"" checks",2026-08-06T01:22:16.001Z,178597933600100
"""Spenny @ S8ENkJ8OQS"" checks",2026-08-06T01:22:15.080Z,178597933508000
"""Stevo @ kI2bCqDOyl"" checks",2026-08-06T01:22:14.150Z,178597933415000
"""georgoeo @ _sqcLETZ0C"" checks",2026-08-06T01:22:13.094Z,178597933309400
"""peelic @ vOeqrOXpLT"" checks",2026-08-06T01:22:12.237Z,178597933223700
"""arash @ RYnRljE1SO"" checks",2026-08-06T01:22:11.034Z,178597933103400
"Flop:  [3♦, 3♥, 5♠]",2026-08-06T01:22:08.873Z,178597932887300
"""peelic @ vOeqrOXpLT"" checks",2026-08-06T01:22:08.028Z,178597932802800
"""arash @ RYnRljE1SO"" calls 20",2026-08-06T01:22:07.154Z,178597932715400
"""Jonah @ xrBY5OZYCv"" calls 20",2026-08-06T01:22:02.995Z,178597932299500
"""Spenny @ S8ENkJ8OQS"" calls 20",2026-08-06T01:22:02.120Z,178597932212000
"""Stevo @ kI2bCqDOyl"" calls 20",2026-08-06T01:22:00.132Z,178597932013200
"""georgoeo @ _sqcLETZ0C"" calls 20",2026-08-06T01:21:59.107Z,178597931910700
"""peelic @ vOeqrOXpLT"" posts a big blind of 20",2026-08-06T01:21:56.867Z,178597931686709
"""arash @ RYnRljE1SO"" posts a small blind of 10",2026-08-06T01:21:56.867Z,178597931686708
"Your hand is 5♣, 3♣",2026-08-06T01:21:56.867Z,178597931686704
"Player stacks: #1 ""Spenny @ S8ENkJ8OQS"" (330) | #3 ""Jonah @ xrBY5OZYCv"" (510) | #7 ""arash @ RYnRljE1SO"" (1500) | #8 ""peelic @ vOeqrOXpLT"" (1260) | #9 ""georgoeo @ _sqcLETZ0C"" (2280) | #10 ""Stevo @ kI2bCqDOyl"" (1120)",2026-08-06T01:21:56.867Z,178597931686701
"-- starting hand #33 (id: fjk85x1peelf)  No Limit Texas Hold'em (dealer: ""Jonah @ xrBY5OZYCv"") --",2026-08-06T01:21:56.867Z,178597931686700
"-- ending hand #32 --",2026-08-06T01:21:50.862Z,178597931086202
"""arash @ RYnRljE1SO"" collected 740 from pot with Straight, 7 High (combination: 3♣, 4♣, 5♠, 6♣, 7♠)",2026-08-06T01:21:50.862Z,178597931086201
"""arash @ RYnRljE1SO"" shows a 7♠, 5♠.",2026-08-06T01:21:50.862Z,178597931086200
"""georgoeo @ _sqcLETZ0C"" calls 100",2026-08-06T01:21:50.058Z,178597931005800
"""peelic @ vOeqrOXpLT"" calls 100",2026-08-06T01:21:48.739Z,178597930873900
"""arash @ RYnRljE1SO"" bets 100",2026-08-06T01:21:44.173Z,178597930417300
"River: J♠, 4♥, 3♣, 6♣ [4♣]",2026-08-06T01:21:34.856Z,178597929485600
"""peelic @ vOeqrOXpLT"" calls 80",2026-08-06T01:21:33.975Z,178597929397500
"""arash @ RYnRljE1SO"" calls 80",2026-08-06T01:21:30.165Z,178597929016500
"""georgoeo @ _sqcLETZ0C"" bets 80",2026-08-06T01:21:28.247Z,178597928824700
"""peelic @ vOeqrOXpLT"" checks",2026-08-06T01:21:25.087Z,178597928508700
"""arash @ RYnRljE1SO"" checks",2026-08-06T01:21:20.469Z,178597928046900
"Turn: J♠, 4♥, 3♣ [6♣]",2026-08-06T01:21:18.768Z,178597927876800
"""arash @ RYnRljE1SO"" calls 40",2026-08-06T01:21:17.941Z,178597927794100
"""Jonah @ xrBY5OZYCv"" folds",2026-08-06T01:21:16.704Z,178597927670400
"""georgoeo @ _sqcLETZ0C"" calls 40",2026-08-06T01:21:15.822Z,178597927582200
"""peelic @ vOeqrOXpLT"" bets 40",2026-08-06T01:21:11.200Z,178597927120000
"""arash @ RYnRljE1SO"" checks",2026-08-06T01:21:08.749Z,178597926874900
"""Jonah @ xrBY5OZYCv"" checks",2026-08-06T01:21:07.617Z,178597926761700
"Flop:  [J♠, 4♥, 3♣]",2026-08-06T01:21:06.307Z,178597926630700
"""arash @ RYnRljE1SO"" checks",2026-08-06T01:21:05.480Z,178597926548000
"""Jonah @ xrBY5OZYCv"" calls 20",2026-08-06T01:21:04.556Z,178597926455600
"""Spenny @ S8ENkJ8OQS"" folds",2026-08-06T01:21:03.654Z,178597926365400
"""Stevo @ kI2bCqDOyl"" folds",2026-08-06T01:20:59.801Z,178597925980100
"""georgoeo @ _sqcLETZ0C"" calls 20",2026-08-06T01:20:58.709Z,178597925870900
"""peelic @ vOeqrOXpLT"" calls 20",2026-08-06T01:20:55.660Z,178597925566000
"""arash @ RYnRljE1SO"" posts a big blind of 20",2026-08-06T01:20:54.791Z,178597925479110
"""Jonah @ xrBY5OZYCv"" posts a small blind of 10",2026-08-06T01:20:54.791Z,178597925479109
"Your hand is 7♠, 5♠",2026-08-06T01:20:54.791Z,178597925479105
"Player stacks: #1 ""Spenny @ S8ENkJ8OQS"" (330) | #3 ""Jonah @ xrBY5OZYCv"" (530) | #7 ""arash @ RYnRljE1SO"" (1000) | #8 ""peelic @ vOeqrOXpLT"" (1500) | #9 ""georgoeo @ _sqcLETZ0C"" (2520) | #10 ""Stevo @ kI2bCqDOyl"" (1120)",2026-08-06T01:20:54.791Z,178597925479102
"-- starting hand #32 (id: rxqszzxzs2sw)  No Limit Texas Hold'em (dealer: ""Spenny @ S8ENkJ8OQS"") --",2026-08-06T01:20:54.791Z,178597925479101
"The player ""arash @ RYnRljE1SO"" rebought. New stack 1000.",2026-08-06T01:20:54.791Z,178597925479100
"Waiting for the game owner to approve or reject pending rebuy requests.",2026-08-06T01:20:52.985Z,178597925298501
"The player ""arash @ RYnRljE1SO"" requested a rebuy of 1000.",2026-08-06T01:20:52.985Z,178597925298500
"Asking to busted players the rebuy decision.",2026-08-06T01:20:49.913Z,178597924991300
"""peelic @ vOeqrOXpLT"" shows a 2♥, 3♥.",2026-08-06T01:20:43.764Z,178597924376400
"-- ending hand #31 --",2026-08-06T01:20:43.342Z,178597924334201
"""georgoeo @ _sqcLETZ0C"" collected 150 from pot with Three of a Kind, 5's (combination: 10♦, A♥, 5♦, 5♠, 5♥)",2026-08-06T01:20:43.342Z,178597924334200
"River: 5♠, A♥, 5♥, 3♦ [4♥]",2026-08-06T01:20:39.336Z,178597923933600
"Turn: 5♠, A♥, 5♥ [3♦]",2026-08-06T01:20:35.297Z,178597923529700
"""georgoeo @ _sqcLETZ0C"" shows a 10♦, 5♦.",2026-08-06T01:20:31.181Z,178597923118102
"""arash @ RYnRljE1SO"" shows a 7♦, 4♣.",2026-08-06T01:20:31.181Z,178597923118101
"Uncalled bet of 20 returned to ""georgoeo @ _sqcLETZ0C""",2026-08-06T01:20:31.181Z,178597923118100
"""Jonah @ xrBY5OZYCv"" folds",2026-08-06T01:20:30.378Z,178597923037800
"""Spenny @ S8ENkJ8OQS"" folds",2026-08-06T01:20:29.517Z,178597922951700
"""Stevo @ kI2bCqDOyl"" folds",2026-08-06T01:20:25.698Z,178597922569800
"""georgoeo @ _sqcLETZ0C"" bets 20",2026-08-06T01:20:23.039Z,178597922303900
"""Jonah @ xrBY5OZYCv"" checks",2026-08-06T01:20:17.549Z,178597921754900
"""Spenny @ S8ENkJ8OQS"" checks",2026-08-06T01:20:16.690Z,178597921669000
"Flop:  [5♠, A♥, 5♥]",2026-08-06T01:20:15.760Z,178597921576000
"""Jonah @ xrBY5OZYCv"" calls 30",2026-08-06T01:20:14.942Z,178597921494200
"""Spenny @ S8ENkJ8OQS"" calls 30",2026-08-06T01:20:14.060Z,178597921406000
"""Stevo @ kI2bCqDOyl"" calls 30",2026-08-06T01:20:13.104Z,178597921310400
"""georgoeo @ _sqcLETZ0C"" calls 30",2026-08-06T01:20:11.993Z,178597921199300
"""peelic @ vOeqrOXpLT"" folds",2026-08-06T01:20:03.299Z,178597920329900
"""arash @ RYnRljE1SO"" raises to 30 and go all in",2026-08-06T01:19:52.395Z,178597919239500
"""Jonah @ xrBY5OZYCv"" posts a big blind of 20",2026-08-06T01:19:49.879Z,178597918987909
"""Spenny @ S8ENkJ8OQS"" posts a small blind of 10",2026-08-06T01:19:49.879Z,178597918987908
"Your hand is 7♦, 4♣",2026-08-06T01:19:49.879Z,178597918987904
"Player stacks: #1 ""Spenny @ S8ENkJ8OQS"" (360) | #3 ""Jonah @ xrBY5OZYCv"" (560) | #7 ""arash @ RYnRljE1SO"" (30) | #8 ""peelic @ vOeqrOXpLT"" (1500) | #9 ""georgoeo @ _sqcLETZ0C"" (2400) | #10 ""Stevo @ kI2bCqDOyl"" (1150)",2026-08-06T01:19:49.879Z,178597918987901
"-- starting hand #31 (id: vjnmftfdr9tm)  No Limit Texas Hold'em (dealer: ""Stevo @ kI2bCqDOyl"") --",2026-08-06T01:19:49.879Z,178597918987900
"""georgoeo @ _sqcLETZ0C"" shows a 9♥, 2♥.",2026-08-06T01:19:48.945Z,178597918894500
"-- ending hand #30 --",2026-08-06T01:19:43.371Z,178597918337101
"""Spenny @ S8ENkJ8OQS"" collected 360 from pot with Full House, 7's over 4's (combination: 4♦, 4♠, 7♣, 7♦, 7♥)",2026-08-06T01:19:43.371Z,178597918337100
"River: 7♦, 3♦, 4♠, A♣ [7♥]",2026-08-06T01:19:39.325Z,178597917932500
"""arash @ RYnRljE1SO"" shows a 8♦, K♦.",2026-08-06T01:19:35.265Z,178597917526501
"""Spenny @ S8ENkJ8OQS"" shows a 7♣, 4♦.",2026-08-06T01:19:35.265Z,178597917526500
"""arash @ RYnRljE1SO"" calls 70",2026-08-06T01:19:34.368Z,178597917436800
"""Spenny @ S8ENkJ8OQS"" bets 70 and go all in",2026-08-06T01:19:33.226Z,178597917322600
"Turn: 7♦, 3♦, 4♠ [A♣]",2026-08-06T01:19:27.260Z,178597916726000
"""Spenny @ S8ENkJ8OQS"" calls 60",2026-08-06T01:19:26.371Z,178597916637100
"""Stevo @ kI2bCqDOyl"" folds",2026-08-06T01:19:25.452Z,178597916545200
"""georgoeo @ _sqcLETZ0C"" folds",2026-08-06T01:19:24.463Z,178597916446300
"""peelic @ vOeqrOXpLT"" folds",2026-08-06T01:19:20.534Z,178597916053400
"""arash @ RYnRljE1SO"" raises to 60",2026-08-06T01:19:17.688Z,178597915768800
"""Spenny @ S8ENkJ8OQS"" bets 20",2026-08-06T01:19:15.015Z,178597915501500
"""Stevo @ kI2bCqDOyl"" checks",2026-08-06T01:19:09.200Z,178597914920000
"Flop:  [7♦, 3♦, 4♠]",2026-08-06T01:19:07.850Z,178597914785000
"""Spenny @ S8ENkJ8OQS"" checks",2026-08-06T01:19:06.989Z,178597914698900
"""Stevo @ kI2bCqDOyl"" calls 20",2026-08-06T01:19:06.052Z,178597914605200
"""georgoeo @ _sqcLETZ0C"" calls 20",2026-08-06T01:19:05.079Z,178597914507900
"""peelic @ vOeqrOXpLT"" calls 20",2026-08-06T01:19:03.708Z,178597914370800
"""arash @ RYnRljE1SO"" calls 20",2026-08-06T01:19:01.226Z,178597914122600
"""Jonah @ xrBY5OZYCv"" folds",2026-08-06T01:19:00.035Z,178597914003500
"""Spenny @ S8ENkJ8OQS"" posts a big blind of 20",2026-08-06T01:18:58.738Z,178597913873809
"""Stevo @ kI2bCqDOyl"" posts a small blind of 10",2026-08-06T01:18:58.738Z,178597913873808
"Your hand is 8♦, K♦",2026-08-06T01:18:58.738Z,178597913873804
"Player stacks: #1 ""Spenny @ S8ENkJ8OQS"" (150) | #3 ""Jonah @ xrBY5OZYCv"" (560) | #7 ""arash @ RYnRljE1SO"" (180) | #8 ""peelic @ vOeqrOXpLT"" (1520) | #9 ""georgoeo @ _sqcLETZ0C"" (2420) | #10 ""Stevo @ kI2bCqDOyl"" (1170)",2026-08-06T01:18:58.738Z,178597913873801
"-- starting hand #30 (id: kgok3booo9pb)  No Limit Texas Hold'em (dealer: ""georgoeo @ _sqcLETZ0C"") --",2026-08-06T01:18:58.738Z,178597913873800
"Undealt cards: A♦, 10♥, 7♥ [5♦, J♣]",2026-08-06T01:18:56.542Z,178597913654200
"""georgoeo @ _sqcLETZ0C"" shows a A♠, 10♠.",2026-08-06T01:18:53.896Z,178597913389600
"-- ending hand #29 --",2026-08-06T01:18:52.105Z,178597913210502
"""georgoeo @ _sqcLETZ0C"" collected 80 from pot",2026-08-06T01:18:52.105Z,178597913210501
"Uncalled bet of 20 returned to ""georgoeo @ _sqcLETZ0C""",2026-08-06T01:18:52.105Z,178597913210500
"""peelic @ vOeqrOXpLT"" folds",2026-08-06T01:18:51.202Z,178597913120200
"""arash @ RYnRljE1SO"" folds",2026-08-06T01:18:46.416Z,178597912641600
"""Stevo @ kI2bCqDOyl"" folds",2026-08-06T01:18:43.396Z,178597912339600
"""georgoeo @ _sqcLETZ0C"" bets 20",2026-08-06T01:18:42.295Z,178597912229500
"Flop:  [A♦, 10♥, 7♥]",2026-08-06T01:18:33.295Z,178597911329500
"""Stevo @ kI2bCqDOyl"" checks",2026-08-06T01:18:32.390Z,178597911239000
"""georgoeo @ _sqcLETZ0C"" calls 20",2026-08-06T01:18:31.360Z,178597911136000
"""peelic @ vOeqrOXpLT"" calls 20",2026-08-06T01:18:28.330Z,178597910833000
"""arash @ RYnRljE1SO"" calls 20",2026-08-06T01:18:27.394Z,178597910739400
"""Jonah @ xrBY5OZYCv"" folds",2026-08-06T01:18:26.412Z,178597910641200
"""Spenny @ S8ENkJ8OQS"" folds",2026-08-06T01:18:25.542Z,178597910554200
"""Stevo @ kI2bCqDOyl"" posts a big blind of 20",2026-08-06T01:18:22.897Z,178597910289709
"""georgoeo @ _sqcLETZ0C"" posts a small blind of 10",2026-08-06T01:18:22.897Z,178597910289708
"Your hand is 2♠, K♠",2026-08-06T01:18:22.897Z,178597910289704
"Player stacks: #1 ""Spenny @ S8ENkJ8OQS"" (150) | #3 ""Jonah @ xrBY5OZYCv"" (560) | #7 ""arash @ RYnRljE1SO"" (200) | #8 ""peelic @ vOeqrOXpLT"" (1540) | #9 ""georgoeo @ _sqcLETZ0C"" (2360) | #10 ""Stevo @ kI2bCqDOyl"" (1190)",2026-08-06T01:18:22.897Z,178597910289701
"-- starting hand #29 (id: 4acchd21jtni)  No Limit Texas Hold'em (dealer: ""peelic @ vOeqrOXpLT"") --",2026-08-06T01:18:22.897Z,178597910289700
"""Stevo @ kI2bCqDOyl"" shows a Q♦, Q♠.",2026-08-06T01:18:18.424Z,178597909842400
"""georgoeo @ _sqcLETZ0C"" shows a K♠, J♣.",2026-08-06T01:18:17.644Z,178597909764400
"-- ending hand #28 --",2026-08-06T01:18:15.886Z,178597909588602
"""peelic @ vOeqrOXpLT"" collected 740 from pot with Straight, 10 High (combination: 6♠, 7♠, 8♦, 9♥, 10♣)",2026-08-06T01:18:15.886Z,178597909588601
"""peelic @ vOeqrOXpLT"" shows a 7♠, 10♣.",2026-08-06T01:18:15.886Z,178597909588600
"""Spenny @ S8ENkJ8OQS"" calls 120",2026-08-06T01:18:14.980Z,178597909498000
"""Stevo @ kI2bCqDOyl"" calls 120",2026-08-06T01:18:06.084Z,178597908608400
"""peelic @ vOeqrOXpLT"" bets 120",2026-08-06T01:18:04.642Z,178597908464200
"River: 4♣, 8♦, 9♥, 6♠ [3♣]",2026-08-06T01:18:00.080Z,178597908008000
"""arash @ RYnRljE1SO"" folds",2026-08-06T01:17:59.249Z,178597907924900
"""Spenny @ S8ENkJ8OQS"" calls 60",2026-08-06T01:17:58.316Z,178597907831600
"""Stevo @ kI2bCqDOyl"" calls 60",2026-08-06T01:17:54.897Z,178597907489700
"""georgoeo @ _sqcLETZ0C"" folds",2026-08-06T01:17:53.897Z,178597907389700
"""peelic @ vOeqrOXpLT"" bets 60",2026-08-06T01:17:53.004Z,178597907300400
"Turn: 4♣, 8♦, 9♥ [6♠]",2026-08-06T01:17:44.668Z,178597906466800
"""georgoeo @ _sqcLETZ0C"" calls 20",2026-08-06T01:17:43.809Z,178597906380900
"""peelic @ vOeqrOXpLT"" calls 20",2026-08-06T01:17:37.691Z,178597905769100
"""arash @ RYnRljE1SO"" calls 20",2026-08-06T01:17:36.767Z,178597905676700
"""Spenny @ S8ENkJ8OQS"" calls 20",2026-08-06T01:17:35.777Z,178597905577700
"""Stevo @ kI2bCqDOyl"" bets 20",2026-08-06T01:17:30.147Z,178597905014700
"""georgoeo @ _sqcLETZ0C"" checks",2026-08-06T01:17:28.843Z,178597904884300
"""peelic @ vOeqrOXpLT"" checks",2026-08-06T01:17:24.477Z,178597904447700
"Flop:  [4♣, 8♦, 9♥]",2026-08-06T01:17:21.529Z,178597904152900
"""georgoeo @ _sqcLETZ0C"" checks",2026-08-06T01:17:20.627Z,178597904062700
"""peelic @ vOeqrOXpLT"" calls 20",2026-08-06T01:17:19.761Z,178597903976100
"""arash @ RYnRljE1SO"" calls 20",2026-08-06T01:17:18.907Z,178597903890700
"""Jonah @ xrBY5OZYCv"" folds",2026-08-06T01:17:17.981Z,178597903798100
"""Spenny @ S8ENkJ8OQS"" calls 20",2026-08-06T01:17:17.005Z,178597903700500
"""Stevo @ kI2bCqDOyl"" calls 20",2026-08-06T01:17:12.244Z,178597903224400
"""georgoeo @ _sqcLETZ0C"" posts a big blind of 20",2026-08-06T01:17:11.207Z,178597903120709
"""peelic @ vOeqrOXpLT"" posts a small blind of 10",2026-08-06T01:17:11.207Z,178597903120708
"Your hand is K♦, 2♦",2026-08-06T01:17:11.207Z,178597903120704
"Player stacks: #1 ""Spenny @ S8ENkJ8OQS"" (370) | #3 ""Jonah @ xrBY5OZYCv"" (560) | #7 ""arash @ RYnRljE1SO"" (240) | #8 ""peelic @ vOeqrOXpLT"" (1020) | #9 ""georgoeo @ _sqcLETZ0C"" (2400) | #10 ""Stevo @ kI2bCqDOyl"" (1410)",2026-08-06T01:17:11.207Z,178597903120701
"-- starting hand #28 (id: osnjtovkbtv8)  No Limit Texas Hold'em (dealer: ""arash @ RYnRljE1SO"") --",2026-08-06T01:17:11.207Z,178597903120700
"-- ending hand #27 --",2026-08-06T01:17:05.136Z,178597902513604
"""Stevo @ kI2bCqDOyl"" collected 90 from pot with Two Pair, A's & 8's (combination: K♦, 8♣, 8♦, A♥, A♦)",2026-08-06T01:17:05.136Z,178597902513603
"""georgoeo @ _sqcLETZ0C"" collected 90 from pot with Two Pair, A's & 8's (combination: K♥, 8♥, 8♦, A♥, A♦)",2026-08-06T01:17:05.136Z,178597902513602
"""Stevo @ kI2bCqDOyl"" shows a 8♣, K♦.",2026-08-06T01:17:05.136Z,178597902513601
"""georgoeo @ _sqcLETZ0C"" shows a 8♥, K♥.",2026-08-06T01:17:05.136Z,178597902513600
"""Stevo @ kI2bCqDOyl"" calls 20",2026-08-06T01:17:04.327Z,178597902432700
"""georgoeo @ _sqcLETZ0C"" bets 20",2026-08-06T01:17:03.071Z,178597902307100
"River: 10♣, 8♦, A♥, A♦ [Q♣]",2026-08-06T01:16:55.087Z,178597901508700
"""peelic @ vOeqrOXpLT"" folds",2026-08-06T01:16:54.224Z,178597901422400
"""arash @ RYnRljE1SO"" folds",2026-08-06T01:16:53.359Z,178597901335900
"""Jonah @ xrBY5OZYCv"" folds",2026-08-06T01:16:48.461Z,178597900846100
"""Stevo @ kI2bCqDOyl"" calls 20",2026-08-06T01:16:47.588Z,178597900758800
"""georgoeo @ _sqcLETZ0C"" bets 20",2026-08-06T01:16:45.756Z,178597900575600
"""peelic @ vOeqrOXpLT"" checks",2026-08-06T01:16:44.011Z,178597900401100
"""arash @ RYnRljE1SO"" checks",2026-08-06T01:16:40.709Z,178597900070900
"Turn: 10♣, 8♦, A♥ [A♦]",2026-08-06T01:16:39.381Z,178597899938100
"""Jonah @ xrBY5OZYCv"" checks",2026-08-06T01:16:38.525Z,178597899852500
"""Stevo @ kI2bCqDOyl"" checks",2026-08-06T01:16:37.661Z,178597899766100
"""georgoeo @ _sqcLETZ0C"" checks",2026-08-06T01:16:36.478Z,178597899647800
"""peelic @ vOeqrOXpLT"" checks",2026-08-06T01:16:35.610Z,178597899561000
"""arash @ RYnRljE1SO"" checks",2026-08-06T01:16:32.877Z,178597899287700
"Flop:  [10♣, 8♦, A♥]",2026-08-06T01:16:31.656Z,178597899165600
"""peelic @ vOeqrOXpLT"" checks",2026-08-06T01:16:30.801Z,178597899080100
"""arash @ RYnRljE1SO"" calls 20",2026-08-06T01:16:29.935Z,178597898993500
"""Jonah @ xrBY5OZYCv"" calls 20",2026-08-06T01:16:29.028Z,178597898902800
"""Spenny @ S8ENkJ8OQS"" folds",2026-08-06T01:16:28.130Z,178597898813000
"""Stevo @ kI2bCqDOyl"" calls 20",2026-08-06T01:16:25.365Z,178597898536500
"""georgoeo @ _sqcLETZ0C"" calls 20",2026-08-06T01:16:24.010Z,178597898401000
"""peelic @ vOeqrOXpLT"" posts a big blind of 20",2026-08-06T01:16:21.767Z,178597898176709
"""arash @ RYnRljE1SO"" posts a small blind of 10",2026-08-06T01:16:21.767Z,178597898176708
"Your hand is 9♠, 4♦",2026-08-06T01:16:21.767Z,178597898176704
"Player stacks: #1 ""Spenny @ S8ENkJ8OQS"" (370) | #3 ""Jonah @ xrBY5OZYCv"" (580) | #7 ""arash @ RYnRljE1SO"" (260) | #8 ""peelic @ vOeqrOXpLT"" (1040) | #9 ""georgoeo @ _sqcLETZ0C"" (2370) | #10 ""Stevo @ kI2bCqDOyl"" (1380)",2026-08-06T01:16:21.767Z,178597898176701
"-- starting hand #27 (id: voa42mpitynr)  No Limit Texas Hold'em (dealer: ""Jonah @ xrBY5OZYCv"") --",2026-08-06T01:16:21.767Z,178597898176700
"Undealt cards: 3♣, 8♣, 6♦ [7♠, 7♣]",2026-08-06T01:16:16.268Z,178597897626800
"-- ending hand #26 --",2026-08-06T01:16:15.758Z,178597897575802
"""georgoeo @ _sqcLETZ0C"" collected 180 from pot",2026-08-06T01:16:15.758Z,178597897575801
"Uncalled bet of 80 returned to ""georgoeo @ _sqcLETZ0C""",2026-08-06T01:16:15.758Z,178597897575800
"""peelic @ vOeqrOXpLT"" folds",2026-08-06T01:16:14.895Z,178597897489500
"""arash @ RYnRljE1SO"" folds",2026-08-06T01:16:11.352Z,178597897135200
"""Jonah @ xrBY5OZYCv"" folds",2026-08-06T01:16:05.971Z,178597896597100
"""Spenny @ S8ENkJ8OQS"" folds",2026-08-06T01:16:05.029Z,178597896502900
"""Stevo @ kI2bCqDOyl"" folds",2026-08-06T01:15:55.980Z,178597895598000
"""georgoeo @ _sqcLETZ0C"" raises to 100",2026-08-06T01:15:54.905Z,178597895490500
"""peelic @ vOeqrOXpLT"" calls 20",2026-08-06T01:15:51.469Z,178597895146900
"""arash @ RYnRljE1SO"" bets 20",2026-08-06T01:15:46.271Z,178597894627100
"""Jonah @ xrBY5OZYCv"" checks",2026-08-06T01:15:44.554Z,178597894455400
"Flop:  [3♣, 8♣, 6♦]",2026-08-06T01:15:43.113Z,178597894311300
"""arash @ RYnRljE1SO"" checks",2026-08-06T01:15:42.223Z,178597894222300
"""Jonah @ xrBY5OZYCv"" calls 20",2026-08-06T01:15:41.252Z,178597894125200
"""Spenny @ S8ENkJ8OQS"" calls 20",2026-08-06T01:15:40.390Z,178597894039000
"""Stevo @ kI2bCqDOyl"" calls 20",2026-08-06T01:15:39.410Z,178597893941000
"""georgoeo @ _sqcLETZ0C"" calls 20",2026-08-06T01:15:38.370Z,178597893837000
"""peelic @ vOeqrOXpLT"" calls 20",2026-08-06T01:15:36.122Z,178597893612200
"""arash @ RYnRljE1SO"" posts a big blind of 20",2026-08-06T01:15:33.947Z,178597893394709
"""Jonah @ xrBY5OZYCv"" posts a small blind of 10",2026-08-06T01:15:33.947Z,178597893394708
"Your hand is 4♣, 2♦",2026-08-06T01:15:33.947Z,178597893394704
"Player stacks: #1 ""Spenny @ S8ENkJ8OQS"" (390) | #3 ""Jonah @ xrBY5OZYCv"" (600) | #7 ""arash @ RYnRljE1SO"" (300) | #8 ""peelic @ vOeqrOXpLT"" (1080) | #9 ""georgoeo @ _sqcLETZ0C"" (2230) | #10 ""Stevo @ kI2bCqDOyl"" (1400)",2026-08-06T01:15:33.947Z,178597893394701
"-- starting hand #26 (id: smoncwxzste5)  No Limit Texas Hold'em (dealer: ""Spenny @ S8ENkJ8OQS"") --",2026-08-06T01:15:33.947Z,178597893394700
"""georgoeo @ _sqcLETZ0C"" shows a 7♠, 4♠.",2026-08-06T01:15:30.888Z,178597893088800
"-- ending hand #25 --",2026-08-06T01:15:30.313Z,178597893031302
"""georgoeo @ _sqcLETZ0C"" collected 590 from pot",2026-08-06T01:15:30.313Z,178597893031301
"Uncalled bet of 180 returned to ""georgoeo @ _sqcLETZ0C""",2026-08-06T01:15:30.313Z,178597893031300
"""Jonah @ xrBY5OZYCv"" folds",2026-08-06T01:15:29.486Z,178597892948600
"""georgoeo @ _sqcLETZ0C"" bets 180",2026-08-06T01:15:19.628Z,178597891962800
"""Jonah @ xrBY5OZYCv"" checks",2026-08-06T01:15:15.619Z,178597891561900
"River: 9♠, 4♥, 7♣, K♦ [7♦]",2026-08-06T01:15:13.507Z,178597891350700
"""Spenny @ S8ENkJ8OQS"" folds",2026-08-06T01:15:12.701Z,178597891270100
"""georgoeo @ _sqcLETZ0C"" calls 100",2026-08-06T01:15:08.420Z,178597890842000
"""Jonah @ xrBY5OZYCv"" bets 100",2026-08-06T01:15:07.532Z,178597890753200
"""Spenny @ S8ENkJ8OQS"" checks",2026-08-06T01:15:05.297Z,178597890529700
"Turn: 9♠, 4♥, 7♣ [K♦]",2026-08-06T01:15:03.695Z,178597890369500
"""Spenny @ S8ENkJ8OQS"" calls 50",2026-08-06T01:15:02.870Z,178597890287000
"""Stevo @ kI2bCqDOyl"" folds",2026-08-06T01:14:59.811Z,178597889981100
"""georgoeo @ _sqcLETZ0C"" calls 50",2026-08-06T01:14:58.802Z,178597889880200
"""peelic @ vOeqrOXpLT"" folds",2026-08-06T01:14:54.895Z,178597889489500
"""arash @ RYnRljE1SO"" folds",2026-08-06T01:14:54.006Z,178597889400600
"""Jonah @ xrBY5OZYCv"" raises to 50",2026-08-06T01:14:50.076Z,178597889007600
"""Spenny @ S8ENkJ8OQS"" bets 20",2026-08-06T01:14:47.160Z,178597888716000
"Flop:  [9♠, 4♥, 7♣]",2026-08-06T01:14:44.770Z,178597888477000
"""Spenny @ S8ENkJ8OQS"" calls 40",2026-08-06T01:14:43.934Z,178597888393400
"""Stevo @ kI2bCqDOyl"" calls 40",2026-08-06T01:14:43.018Z,178597888301800
"""georgoeo @ _sqcLETZ0C"" calls 40",2026-08-06T01:14:41.124Z,178597888112400
"""peelic @ vOeqrOXpLT"" calls 40",2026-08-06T01:14:35.784Z,178597887578400
"""arash @ RYnRljE1SO"" calls 40",2026-08-06T01:14:34.943Z,178597887494300
"""Jonah @ xrBY5OZYCv"" raises to 40",2026-08-06T01:14:29.499Z,178597886949900
"""Spenny @ S8ENkJ8OQS"" calls 20",2026-08-06T01:14:27.528Z,178597886752800
"""Stevo @ kI2bCqDOyl"" calls 20",2026-08-06T01:14:26.585Z,178597886658500
"""georgoeo @ _sqcLETZ0C"" calls 20",2026-08-06T01:14:25.338Z,178597886533800
"""peelic @ vOeqrOXpLT"" calls 20",2026-08-06T01:14:18.303Z,178597885830300
"""arash @ RYnRljE1SO"" calls 20",2026-08-06T01:14:17.405Z,178597885740500
"""Jonah @ xrBY5OZYCv"" posts a big blind of 20",2026-08-06T01:14:12.835Z,178597885283509
"""Spenny @ S8ENkJ8OQS"" posts a small blind of 10",2026-08-06T01:14:12.835Z,178597885283508
"Your hand is 5♠, 2♦",2026-08-06T01:14:12.835Z,178597885283504
"Player stacks: #1 ""Spenny @ S8ENkJ8OQS"" (480) | #3 ""Jonah @ xrBY5OZYCv"" (790) | #7 ""arash @ RYnRljE1SO"" (340) | #8 ""peelic @ vOeqrOXpLT"" (1120) | #9 ""georgoeo @ _sqcLETZ0C"" (1830) | #10 ""Stevo @ kI2bCqDOyl"" (1440)",2026-08-06T01:14:12.835Z,178597885283501
"-- starting hand #25 (id: wcwyxaq68tbd)  No Limit Texas Hold'em (dealer: ""Stevo @ kI2bCqDOyl"") --",2026-08-06T01:14:12.835Z,178597885283500
"-- ending hand #24 --",2026-08-06T01:14:06.826Z,178597884682604
"""arash @ RYnRljE1SO"" collected 80 from pot with Pair, 5's (combination: 10♠, Q♦, A♠, 5♣, 5♦)",2026-08-06T01:14:06.826Z,178597884682603
"""arash @ RYnRljE1SO"" shows a 5♣, A♠.",2026-08-06T01:14:06.826Z,178597884682602
"""Spenny @ S8ENkJ8OQS"" shows a 3♥, 9♦.",2026-08-06T01:14:06.826Z,178597884682601
"""Stevo @ kI2bCqDOyl"" shows a 9♥, 8♠.",2026-08-06T01:14:06.826Z,178597884682600
"""arash @ RYnRljE1SO"" checks",2026-08-06T01:14:05.989Z,178597884598900
"""Jonah @ xrBY5OZYCv"" checks",2026-08-06T01:13:59.454Z,178597883945400
"""Spenny @ S8ENkJ8OQS"" checks",2026-08-06T01:13:57.702Z,178597883770200
"""Stevo @ kI2bCqDOyl"" checks",2026-08-06T01:13:53.465Z,178597883346500
"River: 5♦, 10♠, 2♦, Q♦ [3♣]",2026-08-06T01:13:52.099Z,178597883209900
"""arash @ RYnRljE1SO"" checks",2026-08-06T01:13:51.248Z,178597883124800
"""Jonah @ xrBY5OZYCv"" checks",2026-08-06T01:13:47.636Z,178597882763600
"""Spenny @ S8ENkJ8OQS"" checks",2026-08-06T01:13:46.576Z,178597882657600
"""Stevo @ kI2bCqDOyl"" checks",2026-08-06T01:13:45.587Z,178597882558700
"Turn: 5♦, 10♠, 2♦ [Q♦]",2026-08-06T01:13:44.296Z,178597882429600
"""arash @ RYnRljE1SO"" checks",2026-08-06T01:13:43.469Z,178597882346900
"""Jonah @ xrBY5OZYCv"" checks",2026-08-06T01:13:37.147Z,178597881714700
"""Spenny @ S8ENkJ8OQS"" checks",2026-08-06T01:13:36.237Z,178597881623700
"""Stevo @ kI2bCqDOyl"" checks",2026-08-06T01:13:30.672Z,178597881067200
"Flop:  [5♦, 10♠, 2♦]",2026-08-06T01:13:29.086Z,178597880908600
"""Spenny @ S8ENkJ8OQS"" checks",2026-08-06T01:13:28.206Z,178597880820600
"""Stevo @ kI2bCqDOyl"" calls 20",2026-08-06T01:13:27.303Z,178597880730300
"""georgoeo @ _sqcLETZ0C"" folds",2026-08-06T01:13:26.327Z,178597880632700
"""peelic @ vOeqrOXpLT"" folds",2026-08-06T01:13:24.315Z,178597880431500
"""arash @ RYnRljE1SO"" calls 20",2026-08-06T01:13:23.391Z,178597880339100
"""Jonah @ xrBY5OZYCv"" calls 20",2026-08-06T01:13:22.410Z,178597880241000
"""Spenny @ S8ENkJ8OQS"" posts a big blind of 20",2026-08-06T01:13:21.486Z,178597880148609
"""Stevo @ kI2bCqDOyl"" posts a small blind of 10",2026-08-06T01:13:21.486Z,178597880148608
"Your hand is 5♣, A♠",2026-08-06T01:13:21.486Z,178597880148604
"Player stacks: #1 ""Spenny @ S8ENkJ8OQS"" (500) | #3 ""Jonah @ xrBY5OZYCv"" (810) | #7 ""arash @ RYnRljE1SO"" (280) | #8 ""peelic @ vOeqrOXpLT"" (1120) | #9 ""georgoeo @ _sqcLETZ0C"" (1830) | #10 ""Stevo @ kI2bCqDOyl"" (1460)",2026-08-06T01:13:21.486Z,178597880148601
"-- starting hand #24 (id: jk0asxmlwlya)  No Limit Texas Hold'em (dealer: ""georgoeo @ _sqcLETZ0C"") --",2026-08-06T01:13:21.486Z,178597880148600
"Undealt cards: 2♠, A♠, 8♥, 5♦ [J♣]",2026-08-06T01:13:16.171Z,178597879617100
"-- ending hand #23 --",2026-08-06T01:13:15.547Z,178597879554702
"""arash @ RYnRljE1SO"" collected 120 from pot",2026-08-06T01:13:15.547Z,178597879554701
"Uncalled bet of 50 returned to ""arash @ RYnRljE1SO""",2026-08-06T01:13:15.547Z,178597879554700
"""Jonah @ xrBY5OZYCv"" folds",2026-08-06T01:13:14.728Z,178597879472800
"""Spenny @ S8ENkJ8OQS"" folds",2026-08-06T01:13:13.729Z,178597879372900
"""Stevo @ kI2bCqDOyl"" folds",2026-08-06T01:13:10.997Z,178597879099700
"""georgoeo @ _sqcLETZ0C"" folds",2026-08-06T01:13:09.773Z,178597878977300
"""peelic @ vOeqrOXpLT"" folds",2026-08-06T01:13:02.122Z,178597878212200
"""arash @ RYnRljE1SO"" bets 50",2026-08-06T01:12:57.382Z,178597877738200
"""Jonah @ xrBY5OZYCv"" checks",2026-08-06T01:12:54.319Z,178597877431900
"""Spenny @ S8ENkJ8OQS"" checks",2026-08-06T01:12:53.458Z,178597877345800
"""Stevo @ kI2bCqDOyl"" checks",2026-08-06T01:12:48.589Z,178597876858900
"""georgoeo @ _sqcLETZ0C"" checks",2026-08-06T01:12:47.510Z,178597876751000
"Turn: 2♠, A♠, 8♥ [5♦]",2026-08-06T01:12:46.390Z,178597876639000
"""peelic @ vOeqrOXpLT"" checks",2026-08-06T01:12:45.543Z,178597876554300
"""arash @ RYnRljE1SO"" checks",2026-08-06T01:12:43.163Z,178597876316300
"""Jonah @ xrBY5OZYCv"" checks",2026-08-06T01:12:42.227Z,178597876222700
"""Spenny @ S8ENkJ8OQS"" checks",2026-08-06T01:12:41.309Z,178597876130900
"""Stevo @ kI2bCqDOyl"" checks",2026-08-06T01:12:37.447Z,178597875744700
"""georgoeo @ _sqcLETZ0C"" checks",2026-08-06T01:12:36.378Z,178597875637800
"Flop:  [2♠, A♠, 8♥]",2026-08-06T01:12:26.367Z,178597874636700
"""Stevo @ kI2bCqDOyl"" checks",2026-08-06T01:12:25.563Z,178597874556300
"""georgoeo @ _sqcLETZ0C"" calls 20",2026-08-06T01:12:24.561Z,178597874456100
"""peelic @ vOeqrOXpLT"" calls 20",2026-08-06T01:12:15.510Z,178597873551000
"""arash @ RYnRljE1SO"" calls 20",2026-08-06T01:12:14.657Z,178597873465700
"""Jonah @ xrBY5OZYCv"" calls 20",2026-08-06T01:12:13.705Z,178597873370500
"""Spenny @ S8ENkJ8OQS"" calls 20",2026-08-06T01:12:12.782Z,178597873278200
"""Stevo @ kI2bCqDOyl"" posts a big blind of 20",2026-08-06T01:12:09.553Z,178597872955309
"""georgoeo @ _sqcLETZ0C"" posts a small blind of 10",2026-08-06T01:12:09.553Z,178597872955308
"Your hand is A♦, 7♠",2026-08-06T01:12:09.553Z,178597872955304
"Player stacks: #1 ""Spenny @ S8ENkJ8OQS"" (520) | #3 ""Jonah @ xrBY5OZYCv"" (830) | #7 ""arash @ RYnRljE1SO"" (180) | #8 ""peelic @ vOeqrOXpLT"" (1140) | #9 ""georgoeo @ _sqcLETZ0C"" (1850) | #10 ""Stevo @ kI2bCqDOyl"" (1480)",2026-08-06T01:12:09.553Z,178597872955301
"-- starting hand #23 (id: ku2aizt7vspr)  No Limit Texas Hold'em (dealer: ""peelic @ vOeqrOXpLT"") --",2026-08-06T01:12:09.553Z,178597872955300
"""Stevo @ kI2bCqDOyl"" shows a 4♠, 7♣.",2026-08-06T01:12:04.417Z,178597872441700
"-- ending hand #22 --",2026-08-06T01:12:03.004Z,178597872300403
"""Jonah @ xrBY5OZYCv"" collected 60 from pot with Pair, 5's (combination: 10♦, Q♥, A♠, 5♦, 5♠)",2026-08-06T01:12:03.004Z,178597872300402
"""Jonah @ xrBY5OZYCv"" shows a 10♦, 5♦.",2026-08-06T01:12:03.004Z,178597872300401
"""peelic @ vOeqrOXpLT"" shows a 3♦, K♣.",2026-08-06T01:12:03.004Z,178597872300400
"""Jonah @ xrBY5OZYCv"" checks",2026-08-06T01:12:02.063Z,178597872206300
"""georgoeo @ _sqcLETZ0C"" checks",2026-08-06T01:12:01.051Z,178597872105100
"""peelic @ vOeqrOXpLT"" checks",2026-08-06T01:11:55.885Z,178597871588500
"River: A♠, 5♠, 3♣, 6♥ [Q♥]",2026-08-06T01:11:54.259Z,178597871425900
"""Jonah @ xrBY5OZYCv"" checks",2026-08-06T01:11:53.441Z,178597871344100
"""georgoeo @ _sqcLETZ0C"" checks",2026-08-06T01:11:52.565Z,178597871256500
"""peelic @ vOeqrOXpLT"" checks",2026-08-06T01:11:46.102Z,178597870610200
"Turn: A♠, 5♠, 3♣ [6♥]",2026-08-06T01:11:43.688Z,178597870368800
"""Jonah @ xrBY5OZYCv"" checks",2026-08-06T01:11:42.834Z,178597870283400
"""georgoeo @ _sqcLETZ0C"" checks",2026-08-06T01:11:41.917Z,178597870191700
"""peelic @ vOeqrOXpLT"" checks",2026-08-06T01:11:41.036Z,178597870103600
"Flop:  [A♠, 5♠, 3♣]",2026-08-06T01:11:36.893Z,178597869689300
"""georgoeo @ _sqcLETZ0C"" checks",2026-08-06T01:11:36.061Z,178597869606100
"""peelic @ vOeqrOXpLT"" calls 20",2026-08-06T01:11:31.217Z,178597869121700
"""arash @ RYnRljE1SO"" folds",2026-08-06T01:11:30.291Z,178597869029100
"""Jonah @ xrBY5OZYCv"" calls 20",2026-08-06T01:11:29.027Z,178597868902700
"""Spenny @ S8ENkJ8OQS"" folds",2026-08-06T01:11:28.090Z,178597868809000
"""Stevo @ kI2bCqDOyl"" folds",2026-08-06T01:11:27.187Z,178597868718700
"""georgoeo @ _sqcLETZ0C"" posts a big blind of 20",2026-08-06T01:11:25.408Z,178597868540809
"""peelic @ vOeqrOXpLT"" posts a small blind of 10",2026-08-06T01:11:25.408Z,178597868540808
"Your hand is 3♥, 10♠",2026-08-06T01:11:25.408Z,178597868540804
"Player stacks: #1 ""Spenny @ S8ENkJ8OQS"" (520) | #3 ""Jonah @ xrBY5OZYCv"" (790) | #7 ""arash @ RYnRljE1SO"" (180) | #8 ""peelic @ vOeqrOXpLT"" (1160) | #9 ""georgoeo @ _sqcLETZ0C"" (1870) | #10 ""Stevo @ kI2bCqDOyl"" (1480)",2026-08-06T01:11:25.408Z,178597868540801
"-- starting hand #22 (id: q0vrafq0kj51)  No Limit Texas Hold'em (dealer: ""arash @ RYnRljE1SO"") --",2026-08-06T01:11:25.408Z,178597868540800
"""Stevo @ kI2bCqDOyl"" shows a 7♣, 2♣.",2026-08-06T01:11:23.050Z,178597868305000
"-- ending hand #21 --",2026-08-06T01:11:21.785Z,178597868178502
"""Jonah @ xrBY5OZYCv"" collected 500 from pot",2026-08-06T01:11:21.785Z,178597868178501
"Uncalled bet of 180 returned to ""Jonah @ xrBY5OZYCv""",2026-08-06T01:11:21.785Z,178597868178500
"""Stevo @ kI2bCqDOyl"" folds",2026-08-06T01:11:20.904Z,178597868090400
"""arash @ RYnRljE1SO"" folds",2026-08-06T01:11:19.387Z,178597867938700
"""Jonah @ xrBY5OZYCv"" bets 180",2026-08-06T01:11:18.414Z,178597867841400
"""Stevo @ kI2bCqDOyl"" checks",2026-08-06T01:11:14.648Z,178597867464800
"""arash @ RYnRljE1SO"" checks",2026-08-06T01:11:12.769Z,178597867276900
"River: 8♣, 3♣, J♥, 6♦ [7♥]",2026-08-06T01:11:09.151Z,178597866915100
"""Jonah @ xrBY5OZYCv"" calls 60",2026-08-06T01:11:08.311Z,178597866831100
"""Stevo @ kI2bCqDOyl"" calls 60",2026-08-06T01:11:05.234Z,178597866523400
"""arash @ RYnRljE1SO"" bets 60",2026-08-06T01:11:03.431Z,178597866343100
"Turn: 8♣, 3♣, J♥ [6♦]",2026-08-06T01:11:00.061Z,178597866006100
"""Jonah @ xrBY5OZYCv"" calls 80",2026-08-06T01:10:59.150Z,178597865915000
"""Stevo @ kI2bCqDOyl"" calls 80",2026-08-06T01:10:50.871Z,178597865087100
"""peelic @ vOeqrOXpLT"" folds",2026-08-06T01:10:49.719Z,178597864971900
"""arash @ RYnRljE1SO"" raises to 80",2026-08-06T01:10:48.856Z,178597864885600
"""Jonah @ xrBY5OZYCv"" calls 40",2026-08-06T01:10:46.576Z,178597864657600
"""Stevo @ kI2bCqDOyl"" bets 40",2026-08-06T01:10:43.731Z,178597864373100
"""peelic @ vOeqrOXpLT"" checks",2026-08-06T01:10:41.224Z,178597864122400
"""arash @ RYnRljE1SO"" checks",2026-08-06T01:10:40.300Z,178597864030000
"Flop:  [8♣, 3♣, J♥]",2026-08-06T01:10:36.873Z,178597863687300
"""peelic @ vOeqrOXpLT"" checks",2026-08-06T01:10:36.020Z,178597863602000
"""arash @ RYnRljE1SO"" calls 20",2026-08-06T01:10:35.099Z,178597863509900
"""Jonah @ xrBY5OZYCv"" calls 20",2026-08-06T01:10:34.178Z,178597863417800
"""Spenny @ S8ENkJ8OQS"" folds",2026-08-06T01:10:31.347Z,178597863134700
"""Stevo @ kI2bCqDOyl"" calls 20",2026-08-06T01:10:30.452Z,178597863045200
"""georgoeo @ _sqcLETZ0C"" folds",2026-08-06T01:10:29.481Z,178597862948100
"""peelic @ vOeqrOXpLT"" posts a big blind of 20",2026-08-06T01:10:23.064Z,178597862306409
"""arash @ RYnRljE1SO"" posts a small blind of 10",2026-08-06T01:10:23.064Z,178597862306408
"Your hand is A♣, 6♣",2026-08-06T01:10:23.064Z,178597862306404
"Player stacks: #1 ""Spenny @ S8ENkJ8OQS"" (520) | #3 ""Jonah @ xrBY5OZYCv"" (450) | #7 ""arash @ RYnRljE1SO"" (340) | #8 ""peelic @ vOeqrOXpLT"" (1180) | #9 ""georgoeo @ _sqcLETZ0C"" (1870) | #10 ""Stevo @ kI2bCqDOyl"" (1640)",2026-08-06T01:10:23.064Z,178597862306401
"-- starting hand #21 (id: ae2hsbburxjt)  No Limit Texas Hold'em (dealer: ""Jonah @ xrBY5OZYCv"") --",2026-08-06T01:10:23.064Z,178597862306400
"""Stevo @ kI2bCqDOyl"" shows a 3♠, 4♠.",2026-08-06T01:10:18.517Z,178597861851700
"-- ending hand #20 --",2026-08-06T01:10:16.457Z,178597861645702
"""Stevo @ kI2bCqDOyl"" collected 110 from pot",2026-08-06T01:10:16.457Z,178597861645701
"Uncalled bet of 40 returned to ""Stevo @ kI2bCqDOyl""",2026-08-06T01:10:16.457Z,178597861645700
"""peelic @ vOeqrOXpLT"" folds",2026-08-06T01:10:15.609Z,178597861560900
"""Stevo @ kI2bCqDOyl"" bets 40",2026-08-06T01:10:13.798Z,178597861379800
"""peelic @ vOeqrOXpLT"" checks",2026-08-06T01:10:11.097Z,178597861109700
"Turn: 3♦, Q♠, 7♠ [J♣]",2026-08-06T01:10:09.890Z,178597860989000
"""peelic @ vOeqrOXpLT"" calls 20",2026-08-06T01:10:09.081Z,178597860908100
"""arash @ RYnRljE1SO"" folds",2026-08-06T01:10:04.690Z,178597860469000
"""Stevo @ kI2bCqDOyl"" bets 20",2026-08-06T01:09:53.864Z,178597859386400
"""peelic @ vOeqrOXpLT"" checks",2026-08-06T01:09:52.682Z,178597859268200
"""arash @ RYnRljE1SO"" checks",2026-08-06T01:09:49.415Z,178597858941500
"Flop:  [3♦, Q♠, 7♠]",2026-08-06T01:09:47.625Z,178597858762500
"""arash @ RYnRljE1SO"" checks",2026-08-06T01:09:46.723Z,178597858672300
"""Jonah @ xrBY5OZYCv"" folds",2026-08-06T01:09:45.675Z,178597858567500
"""Spenny @ S8ENkJ8OQS"" folds",2026-08-06T01:09:44.705Z,178597858470500
"""Stevo @ kI2bCqDOyl"" calls 20",2026-08-06T01:09:43.760Z,178597858376000
"""georgoeo @ _sqcLETZ0C"" folds",2026-08-06T01:09:42.703Z,178597858270300
"""peelic @ vOeqrOXpLT"" calls 20",2026-08-06T01:09:39.437Z,178597857943700
"""arash @ RYnRljE1SO"" posts a big blind of 20",2026-08-06T01:09:37.422Z,178597857742209
"""Jonah @ xrBY5OZYCv"" posts a small blind of 10",2026-08-06T01:09:37.422Z,178597857742208
"Your hand is 6♣, J♠",2026-08-06T01:09:37.422Z,178597857742204
"Player stacks: #1 ""Spenny @ S8ENkJ8OQS"" (520) | #3 ""Jonah @ xrBY5OZYCv"" (460) | #7 ""arash @ RYnRljE1SO"" (360) | #8 ""peelic @ vOeqrOXpLT"" (1220) | #9 ""georgoeo @ _sqcLETZ0C"" (1870) | #10 ""Stevo @ kI2bCqDOyl"" (1570)",2026-08-06T01:09:37.422Z,178597857742201
"-- starting hand #20 (id: anah8qgf4qzp)  No Limit Texas Hold'em (dealer: ""Spenny @ S8ENkJ8OQS"") --",2026-08-06T01:09:37.422Z,178597857742200
"""Spenny @ S8ENkJ8OQS"" shows a 8♥.",2026-08-06T01:09:32.533Z,178597857253300
"-- ending hand #19 --",2026-08-06T01:09:30.865Z,178597857086502
"""Jonah @ xrBY5OZYCv"" collected 260 from pot with Two Pair, A's & 10's (combination: 8♠, 10♣, 10♠, A♥, A♦)",2026-08-06T01:09:30.865Z,178597857086501
"""Jonah @ xrBY5OZYCv"" shows a A♥, 6♥.",2026-08-06T01:09:30.865Z,178597857086500
"""Spenny @ S8ENkJ8OQS"" calls 40",2026-08-06T01:09:30.037Z,178597857003700
"""Jonah @ xrBY5OZYCv"" bets 40",2026-08-06T01:09:23.885Z,178597856388500
"""Spenny @ S8ENkJ8OQS"" checks",2026-08-06T01:09:20.775Z,178597856077500
"River: 10♣, 8♠, A♦, 3♥ [10♠]",2026-08-06T01:09:18.613Z,178597855861300
"""Spenny @ S8ENkJ8OQS"" calls 20",2026-08-06T01:09:17.777Z,178597855777700
"""peelic @ vOeqrOXpLT"" folds",2026-08-06T01:09:10.413Z,178597855041300
"""Jonah @ xrBY5OZYCv"" bets 20",2026-08-06T01:09:00.910Z,178597854091000
"""Spenny @ S8ENkJ8OQS"" checks",2026-08-06T01:08:58.055Z,178597853805500
"Turn: 10♣, 8♠, A♦ [3♥]",2026-08-06T01:08:57.179Z,178597853717900
"""Stevo @ kI2bCqDOyl"" folds",2026-08-06T01:08:56.248Z,178597853624800
"""peelic @ vOeqrOXpLT"" calls 20",2026-08-06T01:08:55.029Z,178597853502900
"""Jonah @ xrBY5OZYCv"" calls 20",2026-08-06T01:08:53.036Z,178597853303600
"""Spenny @ S8ENkJ8OQS"" bets 20",2026-08-06T01:08:52.066Z,178597853206600
"Flop:  [10♣, 8♠, A♦]",2026-08-06T01:08:50.166Z,178597853016600
"""Jonah @ xrBY5OZYCv"" checks",2026-08-06T01:08:49.223Z,178597852922300
"""Spenny @ S8ENkJ8OQS"" calls 20",2026-08-06T01:08:48.348Z,178597852834800
"""Stevo @ kI2bCqDOyl"" calls 20",2026-08-06T01:08:45.296Z,178597852529600
"""georgoeo @ _sqcLETZ0C"" folds",2026-08-06T01:08:44.213Z,178597852421300
"""peelic @ vOeqrOXpLT"" calls 20",2026-08-06T01:08:41.656Z,178597852165600
"""arash @ RYnRljE1SO"" folds",2026-08-06T01:08:38.550Z,178597851855000
"""Jonah @ xrBY5OZYCv"" posts a big blind of 20",2026-08-06T01:08:34.152Z,178597851415209
"""Spenny @ S8ENkJ8OQS"" posts a small blind of 10",2026-08-06T01:08:34.152Z,178597851415208
"Your hand is 4♣, Q♠",2026-08-06T01:08:34.152Z,178597851415204
"Player stacks: #1 ""Spenny @ S8ENkJ8OQS"" (620) | #3 ""Jonah @ xrBY5OZYCv"" (300) | #7 ""arash @ RYnRljE1SO"" (360) | #8 ""peelic @ vOeqrOXpLT"" (1260) | #9 ""georgoeo @ _sqcLETZ0C"" (1870) | #10 ""Stevo @ kI2bCqDOyl"" (1590)",2026-08-06T01:08:34.152Z,178597851415201
"-- starting hand #19 (id: nhkivivvom4x)  No Limit Texas Hold'em (dealer: ""Stevo @ kI2bCqDOyl"") --",2026-08-06T01:08:34.152Z,178597851415200
"""Spenny @ S8ENkJ8OQS"" shows a 7♠, A♠.",2026-08-06T01:08:31.115Z,178597851111500
"""Stevo @ kI2bCqDOyl"" shows a 8♥, Q♣.",2026-08-06T01:08:30.747Z,178597851074700
"-- ending hand #18 --",2026-08-06T01:08:29.758Z,178597850975802
"""Spenny @ S8ENkJ8OQS"" collected 320 from pot",2026-08-06T01:08:29.758Z,178597850975801
"Uncalled bet of 60 returned to ""Spenny @ S8ENkJ8OQS""",2026-08-06T01:08:29.758Z,178597850975800
"""Stevo @ kI2bCqDOyl"" folds",2026-08-06T01:08:28.930Z,178597850893000
"""Spenny @ S8ENkJ8OQS"" raises to 100",2026-08-06T01:08:27.394Z,178597850739400
"""Stevo @ kI2bCqDOyl"" bets 40",2026-08-06T01:08:24.561Z,178597850456100
"River: 5♥, J♠, 10♠, Q♠ [8♠]",2026-08-06T01:08:20.500Z,178597850050000
"""Stevo @ kI2bCqDOyl"" calls 40",2026-08-06T01:08:19.586Z,178597849958600
"""Spenny @ S8ENkJ8OQS"" raises to 40",2026-08-06T01:08:18.493Z,178597849849300
"""Stevo @ kI2bCqDOyl"" bets 20",2026-08-06T01:08:11.679Z,178597849167900
"Turn: 5♥, J♠, 10♠ [Q♠]",2026-08-06T01:08:10.493Z,178597849049300
"""Stevo @ kI2bCqDOyl"" calls 40",2026-08-06T01:08:09.654Z,178597848965400
"""georgoeo @ _sqcLETZ0C"" folds",2026-08-06T01:08:08.661Z,178597848866100
"""peelic @ vOeqrOXpLT"" folds",2026-08-06T01:08:02.356Z,178597848235600
"""Spenny @ S8ENkJ8OQS"" bets 40",2026-08-06T01:08:01.483Z,178597848148300
"""Stevo @ kI2bCqDOyl"" checks",2026-08-06T01:07:55.009Z,178597847500900
"Flop:  [5♥, J♠, 10♠]",2026-08-06T01:07:53.757Z,178597847375700
"""Spenny @ S8ENkJ8OQS"" checks",2026-08-06T01:07:52.944Z,178597847294400
"""Stevo @ kI2bCqDOyl"" calls 20",2026-08-06T01:07:52.036Z,178597847203600
"""georgoeo @ _sqcLETZ0C"" calls 20",2026-08-06T01:07:50.971Z,178597847097100
"""peelic @ vOeqrOXpLT"" calls 20",2026-08-06T01:07:50.139Z,178597847013900
"""arash @ RYnRljE1SO"" folds",2026-08-06T01:07:49.151Z,178597846915100
"""Jonah @ xrBY5OZYCv"" folds",2026-08-06T01:07:41.171Z,178597846117100
"""Spenny @ S8ENkJ8OQS"" posts a big blind of 20",2026-08-06T01:07:38.260Z,178597845826009
"""Stevo @ kI2bCqDOyl"" posts a small blind of 10",2026-08-06T01:07:38.260Z,178597845826008
"Your hand is 8♦, 2♠",2026-08-06T01:07:38.260Z,178597845826004
"Player stacks: #1 ""Spenny @ S8ENkJ8OQS"" (440) | #3 ""Jonah @ xrBY5OZYCv"" (300) | #7 ""arash @ RYnRljE1SO"" (360) | #8 ""peelic @ vOeqrOXpLT"" (1280) | #9 ""georgoeo @ _sqcLETZ0C"" (1890) | #10 ""Stevo @ kI2bCqDOyl"" (1730)",2026-08-06T01:07:38.260Z,178597845826001
"-- starting hand #18 (id: ioyov5zmaavs)  No Limit Texas Hold'em (dealer: ""georgoeo @ _sqcLETZ0C"") --",2026-08-06T01:07:38.260Z,178597845826000
"-- ending hand #17 --",2026-08-06T01:07:35.261Z,178597845526102
"""Stevo @ kI2bCqDOyl"" collected 300 from pot",2026-08-06T01:07:35.261Z,178597845526101
"Uncalled bet of 120 returned to ""Stevo @ kI2bCqDOyl""",2026-08-06T01:07:35.261Z,178597845526100
"""peelic @ vOeqrOXpLT"" folds",2026-08-06T01:07:34.394Z,178597845439400
"""Stevo @ kI2bCqDOyl"" bets 120",2026-08-06T01:07:29.695Z,178597844969500
"River: 6♠, 7♣, J♦, 10♦ [4♦]",2026-08-06T01:07:25.520Z,178597844552000
"""peelic @ vOeqrOXpLT"" calls 60",2026-08-06T01:07:24.671Z,178597844467100
"""arash @ RYnRljE1SO"" folds",2026-08-06T01:07:19.564Z,178597843956400
"""Jonah @ xrBY5OZYCv"" folds",2026-08-06T01:07:13.641Z,178597843364100
"""Stevo @ kI2bCqDOyl"" bets 60",2026-08-06T01:07:09.456Z,178597842945600
"Turn: 6♠, 7♣, J♦ [10♦]",2026-08-06T01:07:06.118Z,178597842611800
"""georgoeo @ _sqcLETZ0C"" folds",2026-08-06T01:07:05.299Z,178597842529900
"""peelic @ vOeqrOXpLT"" calls 20",2026-08-06T01:06:58.579Z,178597841857900
"""arash @ RYnRljE1SO"" calls 20",2026-08-06T01:06:55.820Z,178597841582000
"""Jonah @ xrBY5OZYCv"" calls 20",2026-08-06T01:06:54.891Z,178597841489100
"""Stevo @ kI2bCqDOyl"" bets 20",2026-08-06T01:06:51.478Z,178597841147800
"""georgoeo @ _sqcLETZ0C"" checks",2026-08-06T01:06:50.160Z,178597841016000
"Flop:  [6♠, 7♣, J♦]",2026-08-06T01:06:43.306Z,178597840330600
"""Stevo @ kI2bCqDOyl"" checks",2026-08-06T01:06:42.425Z,178597840242500
"""georgoeo @ _sqcLETZ0C"" calls 20",2026-08-06T01:06:41.387Z,178597840138700
"""peelic @ vOeqrOXpLT"" calls 20",2026-08-06T01:06:40.539Z,178597840053900
"""arash @ RYnRljE1SO"" calls 20",2026-08-06T01:06:39.651Z,178597839965100
"""Jonah @ xrBY5OZYCv"" calls 20",2026-08-06T01:06:37.422Z,178597839742200
"""Spenny @ S8ENkJ8OQS"" folds",2026-08-06T01:06:36.544Z,178597839654400
"""Stevo @ kI2bCqDOyl"" posts a big blind of 20",2026-08-06T01:06:31.964Z,178597839196409
"""georgoeo @ _sqcLETZ0C"" posts a small blind of 10",2026-08-06T01:06:31.964Z,178597839196408
"Your hand is 6♥, 5♦",2026-08-06T01:06:31.964Z,178597839196404
"Player stacks: #1 ""Spenny @ S8ENkJ8OQS"" (440) | #3 ""Jonah @ xrBY5OZYCv"" (340) | #7 ""arash @ RYnRljE1SO"" (400) | #8 ""peelic @ vOeqrOXpLT"" (1380) | #9 ""georgoeo @ _sqcLETZ0C"" (1910) | #10 ""Stevo @ kI2bCqDOyl"" (1530)",2026-08-06T01:06:31.964Z,178597839196401
"-- starting hand #17 (id: p849gsq3dbe5)  No Limit Texas Hold'em (dealer: ""peelic @ vOeqrOXpLT"") --",2026-08-06T01:06:31.964Z,178597839196400
"-- ending hand #16 --",2026-08-06T01:06:25.958Z,178597838595803
"""Stevo @ kI2bCqDOyl"" collected 60 from pot with Pair, 2's (combination: J♠, Q♦, K♥, 2♣, 2♦)",2026-08-06T01:06:25.958Z,178597838595802
"""Stevo @ kI2bCqDOyl"" shows a Q♦, 2♣.",2026-08-06T01:06:25.958Z,178597838595801
"""peelic @ vOeqrOXpLT"" shows a 10♠, 5♠.",2026-08-06T01:06:25.958Z,178597838595800
"""Stevo @ kI2bCqDOyl"" checks",2026-08-06T01:06:25.106Z,178597838510600
"""georgoeo @ _sqcLETZ0C"" checks",2026-08-06T01:06:24.051Z,178597838405100
"""peelic @ vOeqrOXpLT"" checks",2026-08-06T01:06:19.888Z,178597837988800
"River: 2♦, 6♣, J♠, K♥ [3♣]",2026-08-06T01:06:11.693Z,178597837169300
"""Stevo @ kI2bCqDOyl"" checks",2026-08-06T01:06:10.826Z,178597837082600
"""georgoeo @ _sqcLETZ0C"" checks",2026-08-06T01:06:09.804Z,178597836980400
"""peelic @ vOeqrOXpLT"" checks",2026-08-06T01:06:07.997Z,178597836799700
"Turn: 2♦, 6♣, J♠ [K♥]",2026-08-06T01:06:01.607Z,178597836160700
"""Stevo @ kI2bCqDOyl"" checks",2026-08-06T01:06:00.707Z,178597836070700
"""georgoeo @ _sqcLETZ0C"" checks",2026-08-06T01:05:59.718Z,178597835971800
"""peelic @ vOeqrOXpLT"" checks",2026-08-06T01:05:58.885Z,178597835888500
"Flop:  [2♦, 6♣, J♠]",2026-08-06T01:05:55.264Z,178597835526400
"""georgoeo @ _sqcLETZ0C"" checks",2026-08-06T01:05:54.390Z,178597835439000
"""peelic @ vOeqrOXpLT"" calls 20",2026-08-06T01:05:53.512Z,178597835351200
"""arash @ RYnRljE1SO"" folds",2026-08-06T01:05:52.674Z,178597835267400
"""Jonah @ xrBY5OZYCv"" folds",2026-08-06T01:05:51.708Z,178597835170800
"""Spenny @ S8ENkJ8OQS"" folds",2026-08-06T01:05:50.560Z,178597835056000
"""Stevo @ kI2bCqDOyl"" calls 20",2026-08-06T01:05:46.971Z,178597834697100
"""georgoeo @ _sqcLETZ0C"" posts a big blind of 20",2026-08-06T01:05:45.882Z,178597834588209
"""peelic @ vOeqrOXpLT"" posts a small blind of 10",2026-08-06T01:05:45.882Z,178597834588208
"Your hand is 10♦, 3♠",2026-08-06T01:05:45.882Z,178597834588204
"Player stacks: #1 ""Spenny @ S8ENkJ8OQS"" (440) | #3 ""Jonah @ xrBY5OZYCv"" (340) | #7 ""arash @ RYnRljE1SO"" (400) | #8 ""peelic @ vOeqrOXpLT"" (1400) | #9 ""georgoeo @ _sqcLETZ0C"" (1930) | #10 ""Stevo @ kI2bCqDOyl"" (1490)",2026-08-06T01:05:45.882Z,178597834588201
"-- starting hand #16 (id: bt1tvtwh8oaz)  No Limit Texas Hold'em (dealer: ""arash @ RYnRljE1SO"") --",2026-08-06T01:05:45.882Z,178597834588200
"-- ending hand #15 --",2026-08-06T01:05:39.878Z,178597833987803
"""georgoeo @ _sqcLETZ0C"" collected 680 from pot with Three of a Kind, 7's (combination: Q♦, A♣, 7♦, 7♣, 7♠)",2026-08-06T01:05:39.878Z,178597833987802
"""georgoeo @ _sqcLETZ0C"" shows a 8♥, 7♦.",2026-08-06T01:05:39.878Z,178597833987801
"""arash @ RYnRljE1SO"" shows a A♠, K♥.",2026-08-06T01:05:39.878Z,178597833987800
"""georgoeo @ _sqcLETZ0C"" calls 250",2026-08-06T01:05:39.029Z,178597833902900
"""arash @ RYnRljE1SO"" raises to 250",2026-08-06T01:05:34.261Z,178597833426100
"""georgoeo @ _sqcLETZ0C"" bets 60",2026-08-06T01:05:28.838Z,178597832883800
"""arash @ RYnRljE1SO"" checks",2026-08-06T01:05:24.059Z,178597832405900
"River: 9♠, Q♦, 7♣, 7♠ [A♣]",2026-08-06T01:05:20.352Z,178597832035200
"""georgoeo @ _sqcLETZ0C"" calls 60",2026-08-06T01:05:19.470Z,178597831947000
"""peelic @ vOeqrOXpLT"" folds",2026-08-06T01:05:09.972Z,178597830997200
"""arash @ RYnRljE1SO"" bets 60",2026-08-06T01:05:05.910Z,178597830591000
"Turn: 9♠, Q♦, 7♣ [7♠]",2026-08-06T01:05:03.102Z,178597830310200
"""georgoeo @ _sqcLETZ0C"" checks",2026-08-06T01:05:02.266Z,178597830226600
"""peelic @ vOeqrOXpLT"" checks",2026-08-06T01:04:54.756Z,178597829475600
"""arash @ RYnRljE1SO"" checks",2026-08-06T01:04:51.569Z,178597829156900
"Flop:  [9♠, Q♦, 7♣]",2026-08-06T01:04:50.180Z,178597829018000
"""peelic @ vOeqrOXpLT"" checks",2026-08-06T01:04:49.303Z,178597828930300
"""arash @ RYnRljE1SO"" calls 20",2026-08-06T01:04:48.455Z,178597828845500
"""Jonah @ xrBY5OZYCv"" folds",2026-08-06T01:04:47.428Z,178597828742800
"""Spenny @ S8ENkJ8OQS"" folds",2026-08-06T01:04:46.505Z,178597828650500
"""Stevo @ kI2bCqDOyl"" folds",2026-08-06T01:04:45.618Z,178597828561800
"""georgoeo @ _sqcLETZ0C"" calls 20",2026-08-06T01:04:43.027Z,178597828302700
"""peelic @ vOeqrOXpLT"" posts a big blind of 20",2026-08-06T01:04:34.972Z,178597827497209
"""arash @ RYnRljE1SO"" posts a small blind of 10",2026-08-06T01:04:34.972Z,178597827497208
"Your hand is A♠, K♥",2026-08-06T01:04:34.972Z,178597827497204
"Player stacks: #1 ""Spenny @ S8ENkJ8OQS"" (440) | #3 ""Jonah @ xrBY5OZYCv"" (340) | #7 ""arash @ RYnRljE1SO"" (730) | #8 ""peelic @ vOeqrOXpLT"" (1420) | #9 ""georgoeo @ _sqcLETZ0C"" (1580) | #10 ""Stevo @ kI2bCqDOyl"" (1490)",2026-08-06T01:04:34.972Z,178597827497201
"-- starting hand #15 (id: dmfndoresnmr)  No Limit Texas Hold'em (dealer: ""Jonah @ xrBY5OZYCv"") --",2026-08-06T01:04:34.972Z,178597827497200
"""Stevo @ kI2bCqDOyl"" shows a 8♣, 8♥.",2026-08-06T01:04:29.600Z,178597826960000
"-- ending hand #14 --",2026-08-06T01:04:28.370Z,178597826837002
"""arash @ RYnRljE1SO"" collected 190 from pot with Pair, 9's (combination: 5♠, J♦, K♣, 9♠, 9♦)",2026-08-06T01:04:28.370Z,178597826837001
"""arash @ RYnRljE1SO"" shows a 9♠, J♦.",2026-08-06T01:04:28.370Z,178597826837000
"""Stevo @ kI2bCqDOyl"" calls 60",2026-08-06T01:04:27.527Z,178597826752700
"""peelic @ vOeqrOXpLT"" folds",2026-08-06T01:04:26.300Z,178597826630000
"""arash @ RYnRljE1SO"" bets 60",2026-08-06T01:04:23.411Z,178597826341100
"River: 4♥, K♣, 9♦, 5♠ [2♥]",2026-08-06T01:04:20.580Z,178597826058000
"""Stevo @ kI2bCqDOyl"" checks",2026-08-06T01:04:19.715Z,178597825971500
"""peelic @ vOeqrOXpLT"" checks",2026-08-06T01:04:18.744Z,178597825874400
"""arash @ RYnRljE1SO"" checks",2026-08-06T01:04:17.293Z,178597825729300
"Turn: 4♥, K♣, 9♦ [5♠]",2026-08-06T01:04:16.093Z,178597825609300
"""Stevo @ kI2bCqDOyl"" checks",2026-08-06T01:04:15.237Z,178597825523700
"""peelic @ vOeqrOXpLT"" checks",2026-08-06T01:04:13.216Z,178597825321600
"""arash @ RYnRljE1SO"" checks",2026-08-06T01:04:11.009Z,178597825100900
"Flop:  [4♥, K♣, 9♦]",2026-08-06T01:04:07.217Z,178597824721700
"""arash @ RYnRljE1SO"" checks",2026-08-06T01:04:06.384Z,178597824638400
"""Jonah @ xrBY5OZYCv"" folds",2026-08-06T01:04:05.425Z,178597824542500
"""Spenny @ S8ENkJ8OQS"" folds",2026-08-06T01:04:04.567Z,178597824456700
"""Stevo @ kI2bCqDOyl"" calls 20",2026-08-06T01:04:03.665Z,178597824366500
"""georgoeo @ _sqcLETZ0C"" folds",2026-08-06T01:04:02.598Z,178597824259800
"""peelic @ vOeqrOXpLT"" calls 20",2026-08-06T01:04:01.005Z,178597824100500
"""arash @ RYnRljE1SO"" posts a big blind of 20",2026-08-06T01:03:59.760Z,178597823976009
"""Jonah @ xrBY5OZYCv"" posts a small blind of 10",2026-08-06T01:03:59.760Z,178597823976008
"Your hand is 9♠, J♦",2026-08-06T01:03:59.760Z,178597823976004
"Player stacks: #1 ""Spenny @ S8ENkJ8OQS"" (440) | #3 ""Jonah @ xrBY5OZYCv"" (350) | #7 ""arash @ RYnRljE1SO"" (620) | #8 ""peelic @ vOeqrOXpLT"" (1440) | #9 ""georgoeo @ _sqcLETZ0C"" (1580) | #10 ""Stevo @ kI2bCqDOyl"" (1570)",2026-08-06T01:03:59.760Z,178597823976001
"-- starting hand #14 (id: tvvmxhnjtgt1)  No Limit Texas Hold'em (dealer: ""Spenny @ S8ENkJ8OQS"") --",2026-08-06T01:03:59.760Z,178597823976000
"-- ending hand #13 --",2026-08-06T01:03:53.755Z,178597823375503
"""georgoeo @ _sqcLETZ0C"" collected 520 from pot with Two Pair, A's & 8's (combination: 10♥, 8♣, 8♠, A♣, A♥)",2026-08-06T01:03:53.755Z,178597823375502
"""georgoeo @ _sqcLETZ0C"" shows a 6♣, A♣.",2026-08-06T01:03:53.755Z,178597823375501
"""peelic @ vOeqrOXpLT"" shows a 2♥, K♥.",2026-08-06T01:03:53.755Z,178597823375500
"""georgoeo @ _sqcLETZ0C"" checks",2026-08-06T01:03:52.951Z,178597823295100
"""peelic @ vOeqrOXpLT"" checks",2026-08-06T01:03:51.805Z,178597823180500
"River: 10♥, A♥, 8♣, 2♠ [8♠]",2026-08-06T01:03:47.353Z,178597822735300
"""peelic @ vOeqrOXpLT"" calls 60",2026-08-06T01:03:46.475Z,178597822647500
"""georgoeo @ _sqcLETZ0C"" bets 60",2026-08-06T01:03:45.592Z,178597822559200
"""peelic @ vOeqrOXpLT"" checks",2026-08-06T01:03:37.433Z,178597821743300
"Turn: 10♥, A♥, 8♣ [2♠]",2026-08-06T01:03:34.797Z,178597821479700
"""arash @ RYnRljE1SO"" folds",2026-08-06T01:03:33.962Z,178597821396200
"""Jonah @ xrBY5OZYCv"" folds",2026-08-06T01:03:28.447Z,178597820844700
"""Spenny @ S8ENkJ8OQS"" folds",2026-08-06T01:03:27.565Z,178597820756500
"""Stevo @ kI2bCqDOyl"" folds",2026-08-06T01:03:21.296Z,178597820129600
"""georgoeo @ _sqcLETZ0C"" calls 140",2026-08-06T01:03:20.284Z,178597820028400
"""peelic @ vOeqrOXpLT"" bets 140",2026-08-06T01:03:16.492Z,178597819649200
"""arash @ RYnRljE1SO"" checks",2026-08-06T01:03:11.511Z,178597819151100
"""Jonah @ xrBY5OZYCv"" checks",2026-08-06T01:03:10.559Z,178597819055900
"""Spenny @ S8ENkJ8OQS"" checks",2026-08-06T01:03:09.575Z,178597818957500
"Flop:  [10♥, A♥, 8♣]",2026-08-06T01:03:04.154Z,178597818415400
"""Jonah @ xrBY5OZYCv"" checks",2026-08-06T01:03:03.340Z,178597818334000
"""Spenny @ S8ENkJ8OQS"" calls 20",2026-08-06T01:03:02.387Z,178597818238700
"""Stevo @ kI2bCqDOyl"" calls 20",2026-08-06T01:03:01.471Z,178597818147100
"""georgoeo @ _sqcLETZ0C"" calls 20",2026-08-06T01:03:00.400Z,178597818040000
"""peelic @ vOeqrOXpLT"" calls 20",2026-08-06T01:02:56.809Z,178597817680900
"""arash @ RYnRljE1SO"" calls 20",2026-08-06T01:02:55.317Z,178597817531700
"""Jonah @ xrBY5OZYCv"" posts a big blind of 20",2026-08-06T01:02:53.519Z,178597817351909
"""Spenny @ S8ENkJ8OQS"" posts a small blind of 10",2026-08-06T01:02:53.519Z,178597817351908
"Your hand is 5♥, 5♣",2026-08-06T01:02:53.519Z,178597817351904
"Player stacks: #1 ""Spenny @ S8ENkJ8OQS"" (460) | #3 ""Jonah @ xrBY5OZYCv"" (370) | #7 ""arash @ RYnRljE1SO"" (640) | #8 ""peelic @ vOeqrOXpLT"" (1660) | #9 ""georgoeo @ _sqcLETZ0C"" (1280) | #10 ""Stevo @ kI2bCqDOyl"" (1590)",2026-08-06T01:02:53.519Z,178597817351901
"-- starting hand #13 (id: rmtns2nio7ix)  No Limit Texas Hold'em (dealer: ""Stevo @ kI2bCqDOyl"") --",2026-08-06T01:02:53.519Z,178597817351900
"""Stevo @ kI2bCqDOyl"" shows a K♦, 9♦.",2026-08-06T01:02:51.855Z,178597817185500
"-- ending hand #12 --",2026-08-06T01:02:49.886Z,178597816988602
"""Stevo @ kI2bCqDOyl"" collected 140 from pot",2026-08-06T01:02:49.886Z,178597816988601
"Uncalled bet of 20 returned to ""Stevo @ kI2bCqDOyl""",2026-08-06T01:02:49.886Z,178597816988600
"""Spenny @ S8ENkJ8OQS"" folds",2026-08-06T01:02:49.019Z,178597816901900
"""Stevo @ kI2bCqDOyl"" bets 20",2026-08-06T01:02:41.724Z,178597816172400
"River: 2♠, 3♣, K♣, 7♣ [5♣]",2026-08-06T01:02:39.761Z,178597815976100
"""Spenny @ S8ENkJ8OQS"" calls 20",2026-08-06T01:02:38.932Z,178597815893200
"""Stevo @ kI2bCqDOyl"" bets 20",2026-08-06T01:02:33.640Z,178597815364000
"Turn: 2♠, 3♣, K♣ [7♣]",2026-08-06T01:02:32.079Z,178597815207900
"""arash @ RYnRljE1SO"" folds",2026-08-06T01:02:31.170Z,178597815117000
"""Spenny @ S8ENkJ8OQS"" calls 20",2026-08-06T01:02:30.112Z,178597815011200
"""Stevo @ kI2bCqDOyl"" bets 20",2026-08-06T01:02:26.666Z,178597814666600
"Flop:  [2♠, 3♣, K♣]",2026-08-06T01:02:21.476Z,178597814147600
"""Spenny @ S8ENkJ8OQS"" checks",2026-08-06T01:02:20.576Z,178597814057600
"""Stevo @ kI2bCqDOyl"" calls 20",2026-08-06T01:02:19.686Z,178597813968600
"""georgoeo @ _sqcLETZ0C"" folds",2026-08-06T01:02:18.696Z,178597813869600
"""peelic @ vOeqrOXpLT"" folds",2026-08-06T01:02:17.745Z,178597813774500
"""arash @ RYnRljE1SO"" calls 20",2026-08-06T01:02:16.902Z,178597813690200
"""Jonah @ xrBY5OZYCv"" folds",2026-08-06T01:02:12.561Z,178597813256100
"""Spenny @ S8ENkJ8OQS"" posts a big blind of 20",2026-08-06T01:02:10.272Z,178597813027209
"""Stevo @ kI2bCqDOyl"" posts a small blind of 10",2026-08-06T01:02:10.272Z,178597813027208
"Your hand is 9♥, 10♦",2026-08-06T01:02:10.272Z,178597813027204
"Player stacks: #1 ""Spenny @ S8ENkJ8OQS"" (520) | #3 ""Jonah @ xrBY5OZYCv"" (370) | #7 ""arash @ RYnRljE1SO"" (660) | #8 ""peelic @ vOeqrOXpLT"" (1660) | #9 ""georgoeo @ _sqcLETZ0C"" (1280) | #10 ""Stevo @ kI2bCqDOyl"" (1510)",2026-08-06T01:02:10.272Z,178597813027201
"-- starting hand #12 (id: o7daognjxkhl)  No Limit Texas Hold'em (dealer: ""georgoeo @ _sqcLETZ0C"") --",2026-08-06T01:02:10.272Z,178597813027200
"""georgoeo @ _sqcLETZ0C"" shows a 2♣, 5♠.",2026-08-06T01:02:05.012Z,178597812501200
"-- ending hand #11 --",2026-08-06T01:02:03.668Z,178597812366802
"""Stevo @ kI2bCqDOyl"" collected 240 from pot with Straight, 5 High (combination: A♠, 2♠, 3♣, 4♠, 5♥)",2026-08-06T01:02:03.668Z,178597812366801
"""Stevo @ kI2bCqDOyl"" shows a 3♣, 2♠.",2026-08-06T01:02:03.668Z,178597812366800
"""georgoeo @ _sqcLETZ0C"" folds",2026-08-06T01:02:02.698Z,178597812269800
"""Jonah @ xrBY5OZYCv"" calls 50",2026-08-06T01:02:01.777Z,178597812177700
"""Stevo @ kI2bCqDOyl"" bets 50",2026-08-06T01:01:59.655Z,178597811965500
"""georgoeo @ _sqcLETZ0C"" checks",2026-08-06T01:01:56.233Z,178597811623300
"River: A♠, K♣, Q♠, 5♥ [4♠]",2026-08-06T01:01:55.207Z,178597811520700
"""georgoeo @ _sqcLETZ0C"" calls 20",2026-08-06T01:01:54.358Z,178597811435800
"""Jonah @ xrBY5OZYCv"" calls 20",2026-08-06T01:01:53.278Z,178597811327800
"""Spenny @ S8ENkJ8OQS"" folds",2026-08-06T01:01:52.426Z,178597811242600
"""Stevo @ kI2bCqDOyl"" bets 20",2026-08-06T01:01:44.583Z,178597810458300
"""georgoeo @ _sqcLETZ0C"" checks",2026-08-06T01:01:41.834Z,178597810183400
"Turn: A♠, K♣, Q♠ [5♥]",2026-08-06T01:01:37.589Z,178597809758900
"""Jonah @ xrBY5OZYCv"" checks",2026-08-06T01:01:36.735Z,178597809673500
"""Spenny @ S8ENkJ8OQS"" checks",2026-08-06T01:01:35.871Z,178597809587100
"""Stevo @ kI2bCqDOyl"" checks",2026-08-06T01:01:34.916Z,178597809491600
"""georgoeo @ _sqcLETZ0C"" checks",2026-08-06T01:01:33.855Z,178597809385500
"Flop:  [A♠, K♣, Q♠]",2026-08-06T01:01:25.366Z,178597808536600
"""Stevo @ kI2bCqDOyl"" checks",2026-08-06T01:01:24.479Z,178597808447900
"""georgoeo @ _sqcLETZ0C"" calls 20",2026-08-06T01:01:23.416Z,178597808341600
"""peelic @ vOeqrOXpLT"" folds",2026-08-06T01:01:22.577Z,178597808257700
"""arash @ RYnRljE1SO"" folds",2026-08-06T01:01:21.680Z,178597808168000
"""Jonah @ xrBY5OZYCv"" calls 20",2026-08-06T01:01:10.837Z,178597807083700
"""Spenny @ S8ENkJ8OQS"" calls 20",2026-08-06T01:01:09.959Z,178597806995900
"""Stevo @ kI2bCqDOyl"" posts a big blind of 20",2026-08-06T01:01:07.073Z,178597806707309
"""georgoeo @ _sqcLETZ0C"" posts a small blind of 10",2026-08-06T01:01:07.073Z,178597806707308
"Your hand is 6♠, 10♣",2026-08-06T01:01:07.073Z,178597806707304
"Player stacks: #1 ""Spenny @ S8ENkJ8OQS"" (540) | #3 ""Jonah @ xrBY5OZYCv"" (460) | #7 ""arash @ RYnRljE1SO"" (660) | #8 ""peelic @ vOeqrOXpLT"" (1660) | #9 ""georgoeo @ _sqcLETZ0C"" (1320) | #10 ""Stevo @ kI2bCqDOyl"" (1360)",2026-08-06T01:01:07.073Z,178597806707301
"-- starting hand #11 (id: wuj8noebu436)  No Limit Texas Hold'em (dealer: ""peelic @ vOeqrOXpLT"") --",2026-08-06T01:01:07.073Z,178597806707300
"""peelic @ vOeqrOXpLT"" shows a 4♠.",2026-08-06T01:01:02.646Z,178597806264600
"""Stevo @ kI2bCqDOyl"" shows a 5♠, 3♦.",2026-08-06T01:01:00.892Z,178597806089200
"""georgoeo @ _sqcLETZ0C"" shows a 6♦, 2♦.",2026-08-06T01:00:59.684Z,178597805968400
"-- ending hand #10 --",2026-08-06T01:00:59.059Z,178597805905902
"""peelic @ vOeqrOXpLT"" collected 320 from pot",2026-08-06T01:00:59.059Z,178597805905901
"Uncalled bet of 140 returned to ""peelic @ vOeqrOXpLT""",2026-08-06T01:00:59.059Z,178597805905900
"""arash @ RYnRljE1SO"" folds",2026-08-06T01:00:58.186Z,178597805818600
"""Stevo @ kI2bCqDOyl"" folds",2026-08-06T01:00:57.266Z,178597805726600
"""georgoeo @ _sqcLETZ0C"" folds",2026-08-06T01:00:50.790Z,178597805079000
"""peelic @ vOeqrOXpLT"" bets 140",2026-08-06T01:00:44.091Z,178597804409100
"Turn: 3♣, 6♠, 5♦ [2♥]",2026-08-06T01:00:39.656Z,178597803965600
"""peelic @ vOeqrOXpLT"" calls 60",2026-08-06T01:00:38.734Z,178597803873400
"""arash @ RYnRljE1SO"" calls 60",2026-08-06T01:00:28.489Z,178597802848900
"""Stevo @ kI2bCqDOyl"" calls 60",2026-08-06T01:00:27.539Z,178597802753900
"""georgoeo @ _sqcLETZ0C"" bets 60",2026-08-06T01:00:23.876Z,178597802387600
"""peelic @ vOeqrOXpLT"" checks",2026-08-06T01:00:20.946Z,178597802094600
"Flop:  [3♣, 6♠, 5♦]",2026-08-06T01:00:13.501Z,178597801350100
"""georgoeo @ _sqcLETZ0C"" checks",2026-08-06T01:00:12.603Z,178597801260300
"""peelic @ vOeqrOXpLT"" calls 20",2026-08-06T01:00:11.733Z,178597801173300
"""arash @ RYnRljE1SO"" calls 20",2026-08-06T01:00:10.846Z,178597801084600
"""Jonah @ xrBY5OZYCv"" folds",2026-08-06T01:00:01.838Z,178597800183800
"""Spenny @ S8ENkJ8OQS"" folds",2026-08-06T01:00:00.838Z,178597800083800
"""Stevo @ kI2bCqDOyl"" calls 20",2026-08-06T00:59:55.858Z,178597799585800
"""georgoeo @ _sqcLETZ0C"" posts a big blind of 20",2026-08-06T00:59:54.887Z,178597799488709
"""peelic @ vOeqrOXpLT"" posts a small blind of 10",2026-08-06T00:59:54.887Z,178597799488708
"Your hand is 9♠, 3♠",2026-08-06T00:59:54.887Z,178597799488704
"Player stacks: #1 ""Spenny @ S8ENkJ8OQS"" (540) | #3 ""Jonah @ xrBY5OZYCv"" (460) | #7 ""arash @ RYnRljE1SO"" (740) | #8 ""peelic @ vOeqrOXpLT"" (1420) | #9 ""georgoeo @ _sqcLETZ0C"" (1400) | #10 ""Stevo @ kI2bCqDOyl"" (1440)",2026-08-06T00:59:54.887Z,178597799488701
"-- starting hand #10 (id: aiilniin2ebp)  No Limit Texas Hold'em (dealer: ""arash @ RYnRljE1SO"") --",2026-08-06T00:59:54.887Z,178597799488700
"-- ending hand #9 --",2026-08-06T00:59:51.888Z,178597799188802
"""Stevo @ kI2bCqDOyl"" collected 140 from pot",2026-08-06T00:59:51.888Z,178597799188801
"Uncalled bet of 60 returned to ""Stevo @ kI2bCqDOyl""",2026-08-06T00:59:51.888Z,178597799188800
"""Spenny @ S8ENkJ8OQS"" folds",2026-08-06T00:59:51.065Z,178597799106500
"""Stevo @ kI2bCqDOyl"" bets 60",2026-08-06T00:59:47.657Z,178597798765700
"River: 3♦, J♦, 2♣, A♥ [A♣]",2026-08-06T00:59:44.882Z,178597798488200
"""georgoeo @ _sqcLETZ0C"" folds",2026-08-06T00:59:43.968Z,178597798396800
"""peelic @ vOeqrOXpLT"" folds",2026-08-06T00:59:43.111Z,178597798311100
"""arash @ RYnRljE1SO"" folds",2026-08-06T00:59:42.210Z,178597798221000
"""Spenny @ S8ENkJ8OQS"" calls 20",2026-08-06T00:59:41.271Z,178597798127100
"""Stevo @ kI2bCqDOyl"" bets 20",2026-08-06T00:59:32.614Z,178597797261400
"""georgoeo @ _sqcLETZ0C"" checks",2026-08-06T00:59:31.291Z,178597797129100
"""peelic @ vOeqrOXpLT"" checks",2026-08-06T00:59:30.350Z,178597797035000
"""arash @ RYnRljE1SO"" checks",2026-08-06T00:59:28.071Z,178597796807100
"Turn: 3♦, J♦, 2♣ [A♥]",2026-08-06T00:59:18.451Z,178597795845100
"""Spenny @ S8ENkJ8OQS"" checks",2026-08-06T00:59:17.574Z,178597795757400
"""Stevo @ kI2bCqDOyl"" checks",2026-08-06T00:59:16.665Z,178597795666500
"""georgoeo @ _sqcLETZ0C"" checks",2026-08-06T00:59:15.598Z,178597795559800
"""peelic @ vOeqrOXpLT"" checks",2026-08-06T00:59:09.148Z,178597794914800
"""arash @ RYnRljE1SO"" checks",2026-08-06T00:59:08.296Z,178597794829600
"Flop:  [3♦, J♦, 2♣]",2026-08-06T00:59:03.998Z,178597794399800
"""peelic @ vOeqrOXpLT"" checks",2026-08-06T00:59:03.120Z,178597794312000
"""arash @ RYnRljE1SO"" calls 20",2026-08-06T00:59:02.267Z,178597794226700
"""Jonah @ xrBY5OZYCv"" folds",2026-08-06T00:58:58.071Z,178597793807100
"""Spenny @ S8ENkJ8OQS"" calls 20",2026-08-06T00:58:53.619Z,178597793361900
"""Stevo @ kI2bCqDOyl"" calls 20",2026-08-06T00:58:52.295Z,178597793229500
"""georgoeo @ _sqcLETZ0C"" calls 20",2026-08-06T00:58:51.180Z,178597793118000
"""peelic @ vOeqrOXpLT"" posts a big blind of 20",2026-08-06T00:58:48.698Z,178597792869809
"""arash @ RYnRljE1SO"" posts a small blind of 10",2026-08-06T00:58:48.698Z,178597792869808
"Your hand is 7♣, 4♦",2026-08-06T00:58:48.698Z,178597792869804
"Player stacks: #1 ""Spenny @ S8ENkJ8OQS"" (580) | #3 ""Jonah @ xrBY5OZYCv"" (460) | #7 ""arash @ RYnRljE1SO"" (760) | #8 ""peelic @ vOeqrOXpLT"" (1440) | #9 ""georgoeo @ _sqcLETZ0C"" (1420) | #10 ""Stevo @ kI2bCqDOyl"" (1340)",2026-08-06T00:58:48.698Z,178597792869801
"-- starting hand #9 (id: ui04qglnusmg)  No Limit Texas Hold'em (dealer: ""Jonah @ xrBY5OZYCv"") --",2026-08-06T00:58:48.698Z,178597792869800
"""peelic @ vOeqrOXpLT"" shows a Q♦.",2026-08-06T00:58:46.442Z,178597792644200
"""georgoeo @ _sqcLETZ0C"" shows a 2♦, J♣.",2026-08-06T00:58:45.723Z,178597792572300
"-- ending hand #8 --",2026-08-06T00:58:44.388Z,178597792438802
"""peelic @ vOeqrOXpLT"" collected 820 from pot",2026-08-06T00:58:44.388Z,178597792438801
"Uncalled bet of 360 returned to ""peelic @ vOeqrOXpLT""",2026-08-06T00:58:44.388Z,178597792438800
"""Jonah @ xrBY5OZYCv"" folds",2026-08-06T00:58:43.538Z,178597792353800
"""peelic @ vOeqrOXpLT"" bets 360",2026-08-06T00:58:42.681Z,178597792268100
"""Jonah @ xrBY5OZYCv"" checks",2026-08-06T00:58:33.961Z,178597791396100
"River: Q♣, Q♥, Q♠, 2♣ [7♠]",2026-08-06T00:58:30.051Z,178597791005100
"""peelic @ vOeqrOXpLT"" calls 240",2026-08-06T00:58:29.241Z,178597790924100
"""Jonah @ xrBY5OZYCv"" bets 240",2026-08-06T00:58:23.584Z,178597790358400
"Turn: Q♣, Q♥, Q♠ [2♣]",2026-08-06T00:58:18.682Z,178597789868200
"""Spenny @ S8ENkJ8OQS"" folds",2026-08-06T00:58:17.862Z,178597789786200
"""Stevo @ kI2bCqDOyl"" folds",2026-08-06T00:58:14.614Z,178597789461400
"""peelic @ vOeqrOXpLT"" calls 120",2026-08-06T00:58:12.780Z,178597789278000
"""arash @ RYnRljE1SO"" folds",2026-08-06T00:58:08.428Z,178597788842800
"""Jonah @ xrBY5OZYCv"" bets 120",2026-08-06T00:58:07.089Z,178597788708900
"Flop:  [Q♣, Q♥, Q♠]",2026-08-06T00:57:59.409Z,178597787940900
"""arash @ RYnRljE1SO"" checks",2026-08-06T00:57:58.565Z,178597787856500
"""Jonah @ xrBY5OZYCv"" calls 20",2026-08-06T00:57:47.722Z,178597786772200
"""Spenny @ S8ENkJ8OQS"" calls 20",2026-08-06T00:57:46.830Z,178597786683000
"""Stevo @ kI2bCqDOyl"" calls 20",2026-08-06T00:57:45.884Z,178597786588400
"""georgoeo @ _sqcLETZ0C"" folds",2026-08-06T00:57:44.886Z,178597786488600
"""peelic @ vOeqrOXpLT"" calls 20",2026-08-06T00:57:44.051Z,178597786405100
"""arash @ RYnRljE1SO"" posts a big blind of 20",2026-08-06T00:57:39.302Z,178597785930209
"""Jonah @ xrBY5OZYCv"" posts a small blind of 10",2026-08-06T00:57:39.302Z,178597785930208
"Your hand is 7♣, 4♠",2026-08-06T00:57:39.302Z,178597785930204
"Player stacks: #1 ""Spenny @ S8ENkJ8OQS"" (600) | #3 ""Jonah @ xrBY5OZYCv"" (840) | #7 ""arash @ RYnRljE1SO"" (780) | #8 ""peelic @ vOeqrOXpLT"" (1000) | #9 ""georgoeo @ _sqcLETZ0C"" (1420) | #10 ""Stevo @ kI2bCqDOyl"" (1360)",2026-08-06T00:57:39.302Z,178597785930201
"-- starting hand #8 (id: imcguibcfiiq)  No Limit Texas Hold'em (dealer: ""Spenny @ S8ENkJ8OQS"") --",2026-08-06T00:57:39.302Z,178597785930200
"""Stevo @ kI2bCqDOyl"" shows a 4♠, 5♥.",2026-08-06T00:57:35.495Z,178597785549500
"""Spenny @ S8ENkJ8OQS"" shows a 2♥, 2♦.",2026-08-06T00:57:35.333Z,178597785533300
"""georgoeo @ _sqcLETZ0C"" shows a A♥, 5♦.",2026-08-06T00:57:34.874Z,178597785487400
"-- ending hand #7 --",2026-08-06T00:57:34.261Z,178597785426102
"""georgoeo @ _sqcLETZ0C"" collected 220 from pot",2026-08-06T00:57:34.261Z,178597785426101
"Uncalled bet of 60 returned to ""georgoeo @ _sqcLETZ0C""",2026-08-06T00:57:34.261Z,178597785426100
"""Stevo @ kI2bCqDOyl"" folds",2026-08-06T00:57:33.444Z,178597785344400
"""georgoeo @ _sqcLETZ0C"" bets 60",2026-08-06T00:57:32.434Z,178597785243400
"River: A♣, 6♥, 7♦, A♠ [2♠]",2026-08-06T00:57:26.395Z,178597784639500
"""Spenny @ S8ENkJ8OQS"" folds",2026-08-06T00:57:25.518Z,178597784551800
"""Stevo @ kI2bCqDOyl"" calls 40",2026-08-06T00:57:16.118Z,178597783611800
"""georgoeo @ _sqcLETZ0C"" bets 40",2026-08-06T00:57:14.862Z,178597783486200
"""Spenny @ S8ENkJ8OQS"" checks",2026-08-06T00:57:10.434Z,178597783043400
"Turn: A♣, 6♥, 7♦ [A♠]",2026-08-06T00:57:07.475Z,178597782747500
"""Jonah @ xrBY5OZYCv"" folds",2026-08-06T00:57:06.662Z,178597782666200
"""Spenny @ S8ENkJ8OQS"" calls 20",2026-08-06T00:57:05.790Z,178597782579000
"""Stevo @ kI2bCqDOyl"" calls 20",2026-08-06T00:57:02.526Z,178597782252600
"""georgoeo @ _sqcLETZ0C"" bets 20",2026-08-06T00:57:01.422Z,178597782142200
"""Jonah @ xrBY5OZYCv"" checks",2026-08-06T00:56:59.711Z,178597781971100
"""Spenny @ S8ENkJ8OQS"" checks",2026-08-06T00:56:58.814Z,178597781881400
"Flop:  [A♣, 6♥, 7♦]",2026-08-06T00:56:54.568Z,178597781456800
"""Jonah @ xrBY5OZYCv"" checks",2026-08-06T00:56:53.708Z,178597781370800
"""Spenny @ S8ENkJ8OQS"" calls 20",2026-08-06T00:56:52.847Z,178597781284700
"""Stevo @ kI2bCqDOyl"" calls 20",2026-08-06T00:56:51.928Z,178597781192800
"""georgoeo @ _sqcLETZ0C"" calls 20",2026-08-06T00:56:50.986Z,178597781098600
"""peelic @ vOeqrOXpLT"" folds",2026-08-06T00:56:50.140Z,178597781014000
"""arash @ RYnRljE1SO"" folds",2026-08-06T00:56:47.462Z,178597780746200
"""Jonah @ xrBY5OZYCv"" posts a big blind of 20",2026-08-06T00:56:46.164Z,178597780616409
"""Spenny @ S8ENkJ8OQS"" posts a small blind of 10",2026-08-06T00:56:46.164Z,178597780616408
"Your hand is 8♣, 5♠",2026-08-06T00:56:46.164Z,178597780616404
"Player stacks: #1 ""Spenny @ S8ENkJ8OQS"" (640) | #3 ""Jonah @ xrBY5OZYCv"" (860) | #7 ""arash @ RYnRljE1SO"" (780) | #8 ""peelic @ vOeqrOXpLT"" (1000) | #9 ""georgoeo @ _sqcLETZ0C"" (1280) | #10 ""Stevo @ kI2bCqDOyl"" (1440)",2026-08-06T00:56:46.164Z,178597780616401
"-- starting hand #7 (id: d5gvtxl1mih2)  No Limit Texas Hold'em (dealer: ""Stevo @ kI2bCqDOyl"") --",2026-08-06T00:56:46.164Z,178597780616400
"""Stevo @ kI2bCqDOyl"" shows a 6♠, 6♦.",2026-08-06T00:56:42.744Z,178597780274400
"-- ending hand #6 --",2026-08-06T00:56:39.654Z,178597779965402
"""georgoeo @ _sqcLETZ0C"" collected 440 from pot with Two Pair, A's & Q's (combination: J♣, Q♥, Q♦, A♣, A♠)",2026-08-06T00:56:39.654Z,178597779965401
"""georgoeo @ _sqcLETZ0C"" shows a 7♥, A♣.",2026-08-06T00:56:39.654Z,178597779965400
"""arash @ RYnRljE1SO"" calls 60",2026-08-06T00:56:38.788Z,178597779878800
"""Jonah @ xrBY5OZYCv"" folds",2026-08-06T00:56:33.705Z,178597779370500
"""Stevo @ kI2bCqDOyl"" folds",2026-08-06T00:56:32.778Z,178597779277800
"""georgoeo @ _sqcLETZ0C"" raises to 60",2026-08-06T00:56:30.217Z,178597779021700
"""arash @ RYnRljE1SO"" calls 20",2026-08-06T00:56:26.478Z,178597778647800
"""Jonah @ xrBY5OZYCv"" calls 20",2026-08-06T00:56:20.155Z,178597778015500
"""Stevo @ kI2bCqDOyl"" bets 20",2026-08-06T00:56:18.638Z,178597777863800
"River: 4♠, A♠, J♣, Q♥ [Q♦]",2026-08-06T00:56:16.528Z,178597777652800
"""georgoeo @ _sqcLETZ0C"" calls 20",2026-08-06T00:56:15.623Z,178597777562300
"""arash @ RYnRljE1SO"" calls 20",2026-08-06T00:56:13.487Z,178597777348700
"""Jonah @ xrBY5OZYCv"" calls 20",2026-08-06T00:56:09.807Z,178597776980700
"""Stevo @ kI2bCqDOyl"" bets 20",2026-08-06T00:56:07.158Z,178597776715800
"Turn: 4♠, A♠, J♣ [Q♥]",2026-08-06T00:56:05.926Z,178597776592600
"""georgoeo @ _sqcLETZ0C"" calls 20",2026-08-06T00:56:05.107Z,178597776510700
"""peelic @ vOeqrOXpLT"" folds",2026-08-06T00:55:56.362Z,178597775636200
"""arash @ RYnRljE1SO"" calls 20",2026-08-06T00:55:55.398Z,178597775539800
"""Jonah @ xrBY5OZYCv"" calls 20",2026-08-06T00:55:54.381Z,178597775438100
"""Spenny @ S8ENkJ8OQS"" folds",2026-08-06T00:55:53.499Z,178597775349900
"""Stevo @ kI2bCqDOyl"" bets 20",2026-08-06T00:55:46.177Z,178597774617700
"Flop:  [4♠, A♠, J♣]",2026-08-06T00:55:44.775Z,178597774477500
"""Spenny @ S8ENkJ8OQS"" checks",2026-08-06T00:55:43.971Z,178597774397100
"""Stevo @ kI2bCqDOyl"" calls 20",2026-08-06T00:55:43.058Z,178597774305800
"""georgoeo @ _sqcLETZ0C"" calls 20",2026-08-06T00:55:41.978Z,178597774197800
"""peelic @ vOeqrOXpLT"" calls 20",2026-08-06T00:55:37.514Z,178597773751400
"""arash @ RYnRljE1SO"" calls 20",2026-08-06T00:55:36.598Z,178597773659800
"""Jonah @ xrBY5OZYCv"" calls 20",2026-08-06T00:55:35.604Z,178597773560400
"""Spenny @ S8ENkJ8OQS"" posts a big blind of 20",2026-08-06T00:55:33.681Z,178597773368109
"""Stevo @ kI2bCqDOyl"" posts a small blind of 10",2026-08-06T00:55:33.681Z,178597773368108
"Your hand is 8♣, J♦",2026-08-06T00:55:33.681Z,178597773368104
"Player stacks: #1 ""Spenny @ S8ENkJ8OQS"" (660) | #3 ""Jonah @ xrBY5OZYCv"" (940) | #7 ""arash @ RYnRljE1SO"" (900) | #8 ""peelic @ vOeqrOXpLT"" (1020) | #9 ""georgoeo @ _sqcLETZ0C"" (960) | #10 ""Stevo @ kI2bCqDOyl"" (1520)",2026-08-06T00:55:33.681Z,178597773368101
"-- starting hand #6 (id: duf5pf6wxgf7)  No Limit Texas Hold'em (dealer: ""georgoeo @ _sqcLETZ0C"") --",2026-08-06T00:55:33.681Z,178597773368100
"-- ending hand #5 --",2026-08-06T00:55:27.676Z,178597772767602
"""peelic @ vOeqrOXpLT"" collected 80 from pot",2026-08-06T00:55:27.676Z,178597772767601
"Uncalled bet of 80 returned to ""peelic @ vOeqrOXpLT""",2026-08-06T00:55:27.676Z,178597772767600
"""arash @ RYnRljE1SO"" folds",2026-08-06T00:55:26.764Z,178597772676400
"""Stevo @ kI2bCqDOyl"" folds",2026-08-06T00:55:25.449Z,178597772544900
"""georgoeo @ _sqcLETZ0C"" folds",2026-08-06T00:55:24.386Z,178597772438600
"""peelic @ vOeqrOXpLT"" bets 80",2026-08-06T00:55:23.480Z,178597772348000
"""arash @ RYnRljE1SO"" checks",2026-08-06T00:55:20.147Z,178597772014700
"""Stevo @ kI2bCqDOyl"" checks",2026-08-06T00:55:19.197Z,178597771919700
"""georgoeo @ _sqcLETZ0C"" checks",2026-08-06T00:55:18.104Z,178597771810400
"Turn: 8♦, A♣, Q♠ [9♦]",2026-08-06T00:55:08.619Z,178597770861900
"""peelic @ vOeqrOXpLT"" checks",2026-08-06T00:55:07.792Z,178597770779200
"""arash @ RYnRljE1SO"" checks",2026-08-06T00:55:06.918Z,178597770691800
"""Stevo @ kI2bCqDOyl"" checks",2026-08-06T00:55:06.004Z,178597770600400
"""georgoeo @ _sqcLETZ0C"" checks",2026-08-06T00:55:05.000Z,178597770500000
"Flop:  [8♦, A♣, Q♠]",2026-08-06T00:55:01.022Z,178597770102200
"""Stevo @ kI2bCqDOyl"" checks",2026-08-06T00:55:00.213Z,178597770021300
"""georgoeo @ _sqcLETZ0C"" calls 20",2026-08-06T00:54:59.214Z,178597769921400
"""peelic @ vOeqrOXpLT"" calls 20",2026-08-06T00:54:58.387Z,178597769838700
"""arash @ RYnRljE1SO"" calls 20",2026-08-06T00:54:57.534Z,178597769753400
"""Jonah @ xrBY5OZYCv"" folds",2026-08-06T00:54:50.029Z,178597769002900
"""Spenny @ S8ENkJ8OQS"" folds",2026-08-06T00:54:49.175Z,178597768917500
"""Stevo @ kI2bCqDOyl"" posts a big blind of 20",2026-08-06T00:54:46.753Z,178597768675309
"""georgoeo @ _sqcLETZ0C"" posts a small blind of 10",2026-08-06T00:54:46.753Z,178597768675308
"Your hand is 3♠, 6♣",2026-08-06T00:54:46.753Z,178597768675304
"Player stacks: #1 ""Spenny @ S8ENkJ8OQS"" (660) | #3 ""Jonah @ xrBY5OZYCv"" (940) | #7 ""arash @ RYnRljE1SO"" (920) | #8 ""peelic @ vOeqrOXpLT"" (960) | #9 ""georgoeo @ _sqcLETZ0C"" (980) | #10 ""Stevo @ kI2bCqDOyl"" (1540)",2026-08-06T00:54:46.753Z,178597768675301
"-- starting hand #5 (id: cv0tlp5nzu7t)  No Limit Texas Hold'em (dealer: ""peelic @ vOeqrOXpLT"") --",2026-08-06T00:54:46.753Z,178597768675300
"-- ending hand #4 --",2026-08-06T00:54:40.746Z,178597768074602
"""Stevo @ kI2bCqDOyl"" collected 180 from pot",2026-08-06T00:54:40.746Z,178597768074601
"Uncalled bet of 60 returned to ""Stevo @ kI2bCqDOyl""",2026-08-06T00:54:40.746Z,178597768074600
"""Spenny @ S8ENkJ8OQS"" folds",2026-08-06T00:54:39.797Z,178597767979700
"""Stevo @ kI2bCqDOyl"" bets 60",2026-08-06T00:54:34.305Z,178597767430500
"Turn: K♠, 6♠, 3♥ [4♣]",2026-08-06T00:54:31.173Z,178597767117300
"""georgoeo @ _sqcLETZ0C"" folds",2026-08-06T00:54:30.367Z,178597767036700
"""peelic @ vOeqrOXpLT"" folds",2026-08-06T00:54:29.478Z,178597766947800
"""Jonah @ xrBY5OZYCv"" folds",2026-08-06T00:54:26.390Z,178597766639000
"""Spenny @ S8ENkJ8OQS"" calls 40",2026-08-06T00:54:25.406Z,178597766540600
"""Stevo @ kI2bCqDOyl"" bets 40",2026-08-06T00:54:15.767Z,178597765576700
"""georgoeo @ _sqcLETZ0C"" checks",2026-08-06T00:54:13.288Z,178597765328800
"""peelic @ vOeqrOXpLT"" checks",2026-08-06T00:54:08.819Z,178597764881900
"Flop:  [K♠, 6♠, 3♥]",2026-08-06T00:54:06.928Z,178597764692800
"""georgoeo @ _sqcLETZ0C"" checks",2026-08-06T00:54:06.025Z,178597764602500
"""peelic @ vOeqrOXpLT"" calls 20",2026-08-06T00:54:03.406Z,178597764340600
"""arash @ RYnRljE1SO"" folds",2026-08-06T00:54:02.525Z,178597764252500
"""Jonah @ xrBY5OZYCv"" calls 20",2026-08-06T00:53:56.744Z,178597763674400
"""Spenny @ S8ENkJ8OQS"" calls 20",2026-08-06T00:53:55.885Z,178597763588500
"""Stevo @ kI2bCqDOyl"" calls 20",2026-08-06T00:53:54.709Z,178597763470900
"""georgoeo @ _sqcLETZ0C"" posts a big blind of 20",2026-08-06T00:53:53.687Z,178597763368709
"""peelic @ vOeqrOXpLT"" posts a small blind of 10",2026-08-06T00:53:53.687Z,178597763368708
"Your hand is Q♠, 2♥",2026-08-06T00:53:53.687Z,178597763368704
"Player stacks: #1 ""Spenny @ S8ENkJ8OQS"" (720) | #3 ""Jonah @ xrBY5OZYCv"" (960) | #7 ""arash @ RYnRljE1SO"" (920) | #8 ""peelic @ vOeqrOXpLT"" (980) | #9 ""georgoeo @ _sqcLETZ0C"" (1000) | #10 ""Stevo @ kI2bCqDOyl"" (1420)",2026-08-06T00:53:53.687Z,178597763368701
"-- starting hand #4 (id: iobsrx1jggar)  No Limit Texas Hold'em (dealer: ""arash @ RYnRljE1SO"") --",2026-08-06T00:53:53.687Z,178597763368700
"""Spenny @ S8ENkJ8OQS"" shows a A♣, 9♥.",2026-08-06T00:53:48.518Z,178597762851800
"-- ending hand #3 --",2026-08-06T00:53:47.082Z,178597762708202
"""Stevo @ kI2bCqDOyl"" collected 540 from pot with Full House, K's over 7's (combination: 7♦, 7♠, K♦, K♥, K♣)",2026-08-06T00:53:47.082Z,178597762708201
"""Stevo @ kI2bCqDOyl"" shows a K♦, 4♠.",2026-08-06T00:53:47.082Z,178597762708200
"""Spenny @ S8ENkJ8OQS"" calls 100",2026-08-06T00:53:46.212Z,178597762621200
"""Stevo @ kI2bCqDOyl"" bets 100",2026-08-06T00:53:44.577Z,178597762457700
"River: 7♦, A♠, K♥, K♣ [7♠]",2026-08-06T00:53:40.879Z,178597762087900
"""arash @ RYnRljE1SO"" folds",2026-08-06T00:53:39.981Z,178597761998100
"""Spenny @ S8ENkJ8OQS"" calls 60",2026-08-06T00:53:39.042Z,178597761904200
"""Stevo @ kI2bCqDOyl"" bets 60",2026-08-06T00:53:30.619Z,178597761061900
"""arash @ RYnRljE1SO"" checks",2026-08-06T00:53:27.405Z,178597760740500
"Turn: 7♦, A♠, K♥ [K♣]",2026-08-06T00:53:25.672Z,178597760567200
"""peelic @ vOeqrOXpLT"" folds",2026-08-06T00:53:24.824Z,178597760482400
"""arash @ RYnRljE1SO"" calls 40",2026-08-06T00:53:22.783Z,178597760278300
"""Jonah @ xrBY5OZYCv"" folds",2026-08-06T00:53:20.121Z,178597760012100
"""Spenny @ S8ENkJ8OQS"" calls 40",2026-08-06T00:53:19.190Z,178597759919000
"""Stevo @ kI2bCqDOyl"" bets 40",2026-08-06T00:53:16.017Z,178597759601700
"""peelic @ vOeqrOXpLT"" checks",2026-08-06T00:53:13.015Z,178597759301500
"""arash @ RYnRljE1SO"" checks",2026-08-06T00:53:09.524Z,178597758952400
"Flop:  [7♦, A♠, K♥]",2026-08-06T00:53:04.909Z,178597758490900
"""peelic @ vOeqrOXpLT"" checks",2026-08-06T00:53:04.094Z,178597758409400
"""arash @ RYnRljE1SO"" calls 20",2026-08-06T00:53:03.167Z,178597758316700
"""Jonah @ xrBY5OZYCv"" calls 20",2026-08-06T00:53:02.168Z,178597758216800
"""Spenny @ S8ENkJ8OQS"" calls 20",2026-08-06T00:53:01.214Z,178597758121400
"""Stevo @ kI2bCqDOyl"" calls 20",2026-08-06T00:52:59.222Z,178597757922200
"""georgoeo @ _sqcLETZ0C"" folds",2026-08-06T00:52:58.245Z,178597757824500
"""peelic @ vOeqrOXpLT"" posts a big blind of 20",2026-08-06T00:52:54.905Z,178597757490509
"""arash @ RYnRljE1SO"" posts a small blind of 10",2026-08-06T00:52:54.905Z,178597757490508
"Your hand is Q♦, 2♦",2026-08-06T00:52:54.905Z,178597757490504
"Player stacks: #1 ""Spenny @ S8ENkJ8OQS"" (940) | #3 ""Jonah @ xrBY5OZYCv"" (980) | #7 ""arash @ RYnRljE1SO"" (980) | #8 ""peelic @ vOeqrOXpLT"" (1000) | #9 ""georgoeo @ _sqcLETZ0C"" (1000) | #10 ""Stevo @ kI2bCqDOyl"" (1100)",2026-08-06T00:52:54.905Z,178597757490501
"-- starting hand #3 (id: styjmo2yhusg)  No Limit Texas Hold'em (dealer: ""Jonah @ xrBY5OZYCv"") --",2026-08-06T00:52:54.905Z,178597757490500
"""georgoeo @ _sqcLETZ0C"" shows a J♣, 6♠.",2026-08-06T00:52:51.815Z,178597757181500
"""Stevo @ kI2bCqDOyl"" shows a 9♠, 9♦.",2026-08-06T00:52:51.318Z,178597757131800
"-- ending hand #2 --",2026-08-06T00:52:50.579Z,178597757057902
"""Stevo @ kI2bCqDOyl"" collected 160 from pot",2026-08-06T00:52:50.579Z,178597757057901
"Uncalled bet of 100 returned to ""Stevo @ kI2bCqDOyl""",2026-08-06T00:52:50.579Z,178597757057900
"""Jonah @ xrBY5OZYCv"" folds",2026-08-06T00:52:49.747Z,178597756974700
"""Stevo @ kI2bCqDOyl"" bets 100",2026-08-06T00:52:48.009Z,178597756800900
"""Jonah @ xrBY5OZYCv"" checks",2026-08-06T00:52:44.758Z,178597756475800
"River: 8♥, J♥, 8♣, 8♠ [4♣]",2026-08-06T00:52:41.456Z,178597756145600
"""Jonah @ xrBY5OZYCv"" calls 20",2026-08-06T00:52:40.650Z,178597756065000
"""Stevo @ kI2bCqDOyl"" bets 20",2026-08-06T00:52:37.454Z,178597755745400
"""Jonah @ xrBY5OZYCv"" checks",2026-08-06T00:52:36.055Z,178597755605500
"Turn: 8♥, J♥, 8♣ [8♠]",2026-08-06T00:52:26.020Z,178597754602000
"""arash @ RYnRljE1SO"" folds",2026-08-06T00:52:25.157Z,178597754515700
"""Jonah @ xrBY5OZYCv"" calls 20",2026-08-06T00:52:14.252Z,178597753425200
"""Spenny @ S8ENkJ8OQS"" folds",2026-08-06T00:52:08.374Z,178597752837400
"""Stevo @ kI2bCqDOyl"" bets 20",2026-08-06T00:52:05.935Z,178597752593500
"""arash @ RYnRljE1SO"" checks",2026-08-06T00:52:04.292Z,178597752429200
"""Jonah @ xrBY5OZYCv"" checks",2026-08-06T00:52:03.220Z,178597752322000
"Flop:  [8♥, J♥, 8♣]",2026-08-06T00:51:57.044Z,178597751704400
"""arash @ RYnRljE1SO"" checks",2026-08-06T00:51:56.182Z,178597751618200
"""Jonah @ xrBY5OZYCv"" calls 20",2026-08-06T00:51:54.533Z,178597751453300
"""Spenny @ S8ENkJ8OQS"" calls 20",2026-08-06T00:51:53.655Z,178597751365500
"""Stevo @ kI2bCqDOyl"" calls 20",2026-08-06T00:51:48.256Z,178597750825600
"""georgoeo @ _sqcLETZ0C"" folds",2026-08-06T00:51:47.257Z,178597750725700
"""peelic @ vOeqrOXpLT"" folds",2026-08-06T00:51:46.433Z,178597750643300
"""arash @ RYnRljE1SO"" posts a big blind of 20",2026-08-06T00:51:44.348Z,178597750434810
"""Jonah @ xrBY5OZYCv"" posts a small blind of 10",2026-08-06T00:51:44.348Z,178597750434809
"Your hand is 7♠, A♦",2026-08-06T00:51:44.348Z,178597750434805
"Player stacks: #1 ""Spenny @ S8ENkJ8OQS"" (960) | #3 ""Jonah @ xrBY5OZYCv"" (1040) | #7 ""arash @ RYnRljE1SO"" (1000) | #8 ""peelic @ vOeqrOXpLT"" (1000) | #9 ""georgoeo @ _sqcLETZ0C"" (1000) | #10 ""Stevo @ kI2bCqDOyl"" (1000)",2026-08-06T00:51:44.348Z,178597750434802
"-- starting hand #2 (id: pnppegriu9sx)  No Limit Texas Hold'em (dealer: ""Spenny @ S8ENkJ8OQS"") --",2026-08-06T00:51:44.348Z,178597750434801
"The player ""arash @ RYnRljE1SO"" joined the game with a stack of 1000.",2026-08-06T00:51:44.348Z,178597750434800
"The admin approved the player ""arash @ RYnRljE1SO"" participation with a stack of 1000.",2026-08-06T00:51:44.315Z,178597750431500
"The player ""arash @ RYnRljE1SO"" requested a seat.",2026-08-06T00:51:43.059Z,178597750305900
"""Spenny @ S8ENkJ8OQS"" shows a 8♦.",2026-08-06T00:51:42.126Z,178597750212600
"-- ending hand #1 --",2026-08-06T00:51:40.676Z,178597750067602
"""Jonah @ xrBY5OZYCv"" collected 80 from pot",2026-08-06T00:51:40.676Z,178597750067601
"Uncalled bet of 40 returned to ""Jonah @ xrBY5OZYCv""",2026-08-06T00:51:40.676Z,178597750067600
"""Spenny @ S8ENkJ8OQS"" folds",2026-08-06T00:51:39.866Z,178597749986600
"""Jonah @ xrBY5OZYCv"" bets 40",2026-08-06T00:51:37.038Z,178597749703800
"""Spenny @ S8ENkJ8OQS"" checks",2026-08-06T00:51:34.096Z,178597749409600
"River: 4♥, J♣, 5♣, 7♥ [A♣]",2026-08-06T00:51:32.228Z,178597749222800
"""Spenny @ S8ENkJ8OQS"" calls 20",2026-08-06T00:51:31.321Z,178597749132100
"""Jonah @ xrBY5OZYCv"" bets 20",2026-08-06T00:51:25.112Z,178597748511200
"""Spenny @ S8ENkJ8OQS"" checks",2026-08-06T00:51:22.801Z,178597748280100
"Turn: 4♥, J♣, 5♣ [7♥]",2026-08-06T00:51:20.489Z,178597748048900
"""Jonah @ xrBY5OZYCv"" checks",2026-08-06T00:51:19.677Z,178597747967700
"""Spenny @ S8ENkJ8OQS"" checks",2026-08-06T00:51:15.532Z,178597747553200
"Flop:  [4♥, J♣, 5♣]",2026-08-06T00:51:13.390Z,178597747339000
"""Jonah @ xrBY5OZYCv"" checks",2026-08-06T00:51:12.534Z,178597747253400
"""Spenny @ S8ENkJ8OQS"" calls 20",2026-08-06T00:51:11.671Z,178597747167100
"""Stevo @ kI2bCqDOyl"" folds",2026-08-06T00:51:10.735Z,178597747073500
"""georgoeo @ _sqcLETZ0C"" folds",2026-08-06T00:51:09.112Z,178597746911200
"""peelic @ vOeqrOXpLT"" folds",2026-08-06T00:51:08.198Z,178597746819800
"""Jonah @ xrBY5OZYCv"" posts a big blind of 20",2026-08-06T00:50:58.186Z,178597745818613
"""Spenny @ S8ENkJ8OQS"" posts a small blind of 10",2026-08-06T00:50:58.186Z,178597745818612
"Player stacks: #1 ""Spenny @ S8ENkJ8OQS"" (1000) | #3 ""Jonah @ xrBY5OZYCv"" (1000) | #8 ""peelic @ vOeqrOXpLT"" (1000) | #9 ""georgoeo @ _sqcLETZ0C"" (1000) | #10 ""Stevo @ kI2bCqDOyl"" (1000)",2026-08-06T00:50:58.186Z,178597745818606
"The player ""Stevo @ kI2bCqDOyl"" joined the game with a stack of 1000.",2026-08-06T00:50:58.186Z,178597745818605
"The player ""georgoeo @ _sqcLETZ0C"" joined the game with a stack of 1000.",2026-08-06T00:50:58.186Z,178597745818604
"The player ""peelic @ vOeqrOXpLT"" joined the game with a stack of 1000.",2026-08-06T00:50:58.186Z,178597745818603
"The player ""Jonah @ xrBY5OZYCv"" joined the game with a stack of 1000.",2026-08-06T00:50:58.186Z,178597745818602
"The player ""Spenny @ S8ENkJ8OQS"" joined the game with a stack of 1000.",2026-08-06T00:50:58.186Z,178597745818601
"-- starting hand #1 (id: 6nkycis01zzq)  No Limit Texas Hold'em (dealer: ""Stevo @ kI2bCqDOyl"") --",2026-08-06T00:50:58.186Z,178597745818600
"The admin approved the player ""Jonah @ xrBY5OZYCv"" participation with a stack of 1000.",2026-08-06T00:50:53.142Z,178597745314200
"The player ""Jonah @ xrBY5OZYCv"" requested a seat.",2026-08-06T00:50:51.576Z,178597745157600
"The admin approved the player ""Spenny @ S8ENkJ8OQS"" participation with a stack of 1000.",2026-08-06T00:40:08.553Z,178597680855300
"The player ""Spenny @ S8ENkJ8OQS"" requested a seat.",2026-08-06T00:40:03.962Z,178597680396200
"The admin approved the player ""georgoeo @ _sqcLETZ0C"" participation with a stack of 1000.",2026-08-06T00:33:46.383Z,178597642638300
"The player ""georgoeo @ _sqcLETZ0C"" requested a seat.",2026-08-06T00:33:40.762Z,178597642076200
"The admin approved the player ""peelic @ vOeqrOXpLT"" participation with a stack of 1000.",2026-08-06T00:31:14.982Z,178597627498200
"The player ""peelic @ vOeqrOXpLT"" requested a seat.",2026-08-06T00:30:50.897Z,178597625089700
"Game Config Changes
* Allow Straddle: off » on
* Nit Minimum Players: off » 3
* Allow Rebuy: off » on
* Decision Limit Time: 20s » 9s
* Deal Cards to Away Players: off » on
* Rabbit Hunt: off » on
* Max Time Bank: 10s » 1s
* Hands to Full Refill Time Bank: 10 » 2",2026-08-06T00:28:06.304Z,178597608630400
"The admin approved the player ""Stevo @ kI2bCqDOyl"" participation with a stack of 1000.",2026-08-06T00:27:37.000Z,178597605700001
"The player ""Stevo @ kI2bCqDOyl"" requested a seat.",2026-08-06T00:27:37.000Z,178597605700000
