entry,at,order
"""Stevo @ kI2bCqDOyl"" posts a big blind of 20",2026-10-01T02:31:08.927Z,179082186892708
"""Spenny @ S8ENkJ8OQS"" posts a small blind of 10",2026-10-01T02:31:08.927Z,179082186892707
"Your hand is J♠, 3♣",2026-10-01T02:31:08.927Z,179082186892706
"Player stacks: #2 ""Jonah @ xrBY5OZYCv"" (1240) | #4 ""georgeoge @ wgzHqTfHfQ"" (1340) | #7 ""Spenny @ S8ENkJ8OQS"" (1470) | #9 ""Stevo @ kI2bCqDOyl"" (1160) | #10 ""arash @ 21jHaBYWIi"" (1790)",2026-10-01T02:31:08.927Z,179082186892701
"-- starting hand #104 (id: aecjbzy0rezr)  No Limit Texas Hold'em (dealer: ""georgeoge @ wgzHqTfHfQ"") --",2026-10-01T02:31:08.927Z,179082186892700
"""Spenny @ S8ENkJ8OQS"" shows a A♣, Q♥.",2026-10-01T02:31:06.665Z,179082186666500
"-- ending hand #103 --",2026-10-01T02:31:05.325Z,179082186532502
"""Spenny @ S8ENkJ8OQS"" collected 250 from pot",2026-10-01T02:31:05.325Z,179082186532501
"Uncalled bet of 100 returned to ""Spenny @ S8ENkJ8OQS""",2026-10-01T02:31:05.325Z,179082186532500
"""Jonah @ xrBY5OZYCv"" folds",2026-10-01T02:31:04.509Z,179082186450900
"""arash @ 21jHaBYWIi"" folds",2026-10-01T02:31:01.853Z,179082186185300
"""Spenny @ S8ENkJ8OQS"" bets 100",2026-10-01T02:30:59.564Z,179082185956400
"River: 10♣, J♦, 9♥, 3♣ [K♥]",2026-10-01T02:30:55.430Z,179082185543000
"""Jonah @ xrBY5OZYCv"" calls 20",2026-10-01T02:30:54.623Z,179082185462300
"""arash @ 21jHaBYWIi"" calls 20",2026-10-01T02:30:52.075Z,179082185207500
"""Spenny @ S8ENkJ8OQS"" bets 20",2026-10-01T02:30:50.587Z,179082185058700
"Turn: 10♣, J♦, 9♥ [3♣]",2026-10-01T02:30:43.785Z,179082184378500
"""Spenny @ S8ENkJ8OQS"" calls 20",2026-10-01T02:30:42.906Z,179082184290600
"""Jonah @ xrBY5OZYCv"" calls 20",2026-10-01T02:30:36.942Z,179082183694200
"""arash @ 21jHaBYWIi"" bets 20",2026-10-01T02:30:35.140Z,179082183514000
"""Spenny @ S8ENkJ8OQS"" checks",2026-10-01T02:30:32.562Z,179082183256200
"Flop:  [10♣, J♦, 9♥]",2026-10-01T02:30:29.063Z,179082182906300
"""arash @ 21jHaBYWIi"" calls 40",2026-10-01T02:30:28.225Z,179082182822500
"""Spenny @ S8ENkJ8OQS"" calls 40",2026-10-01T02:30:26.102Z,179082182610200
"""georgeoge @ wgzHqTfHfQ"" folds",2026-10-01T02:30:24.611Z,179082182461100
"""Jonah @ xrBY5OZYCv"" raises to 40",2026-10-01T02:30:20.023Z,179082182002300
"""arash @ 21jHaBYWIi"" calls 20",2026-10-01T02:30:15.641Z,179082181564100
"""Stevo @ kI2bCqDOyl"" folds",2026-10-01T02:30:14.721Z,179082181472100
"""Spenny @ S8ENkJ8OQS"" posts a big blind of 20",2026-10-01T02:30:13.653Z,179082181365308
"""georgeoge @ wgzHqTfHfQ"" posts a small blind of 10",2026-10-01T02:30:13.653Z,179082181365307
"Your hand is J♣, 8♦",2026-10-01T02:30:13.653Z,179082181365306
"Player stacks: #2 ""Jonah @ xrBY5OZYCv"" (1320) | #4 ""georgeoge @ wgzHqTfHfQ"" (1350) | #7 ""Spenny @ S8ENkJ8OQS"" (1300) | #9 ""Stevo @ kI2bCqDOyl"" (1160) | #10 ""arash @ 21jHaBYWIi"" (1870)",2026-10-01T02:30:13.653Z,179082181365301
"-- starting hand #103 (id: rkeopxubjmam)  No Limit Texas Hold'em (dealer: ""Jonah @ xrBY5OZYCv"") --",2026-10-01T02:30:13.653Z,179082181365300
"""Spenny @ S8ENkJ8OQS"" shows a 7♦, J♠.",2026-10-01T02:30:08.734Z,179082180873400
"-- ending hand #102 --",2026-10-01T02:30:07.148Z,179082180714802
"""Jonah @ xrBY5OZYCv"" collected 820 from pot with Three of a Kind, 9's (combination: 8♣, J♦, 9♠, 9♦, 9♣)",2026-10-01T02:30:07.148Z,179082180714801
"""Jonah @ xrBY5OZYCv"" shows a 9♠, 9♦.",2026-10-01T02:30:07.148Z,179082180714800
"""arash @ 21jHaBYWIi"" folds",2026-10-01T02:30:06.272Z,179082180627200
"""Spenny @ S8ENkJ8OQS"" calls 100",2026-10-01T02:30:01.635Z,179082180163500
"""Jonah @ xrBY5OZYCv"" bets 100",2026-10-01T02:29:59.732Z,179082179973200
"River: 9♣, 6♠, J♦, 7♠ [8♣]",2026-10-01T02:29:54.647Z,179082179464700
"""arash @ 21jHaBYWIi"" calls 100",2026-10-01T02:29:53.798Z,179082179379800
"""Spenny @ S8ENkJ8OQS"" calls 100",2026-10-01T02:29:47.894Z,179082178789400
"""Jonah @ xrBY5OZYCv"" bets 100",2026-10-01T02:29:44.856Z,179082178485600
"Turn: 9♣, 6♠, J♦ [7♠]",2026-10-01T02:29:40.945Z,179082178094500
"""arash @ 21jHaBYWIi"" calls 40",2026-10-01T02:29:40.115Z,179082178011500
"""Stevo @ kI2bCqDOyl"" folds",2026-10-01T02:29:37.170Z,179082177717000
"""Spenny @ S8ENkJ8OQS"" calls 40",2026-10-01T02:29:36.232Z,179082177623200
"""georgeoge @ wgzHqTfHfQ"" folds",2026-10-01T02:29:34.094Z,179082177409400
"""Jonah @ xrBY5OZYCv"" bets 40",2026-10-01T02:29:29.802Z,179082176980200
"Flop:  [9♣, 6♠, J♦]",2026-10-01T02:29:22.637Z,179082176263700
"""arash @ 21jHaBYWIi"" calls 40",2026-10-01T02:29:21.805Z,179082176180500
"""Stevo @ kI2bCqDOyl"" calls 40",2026-10-01T02:29:20.471Z,179082176047100
"""Spenny @ S8ENkJ8OQS"" calls 40",2026-10-01T02:29:18.936Z,179082175893600
"""georgeoge @ wgzHqTfHfQ"" calls 40",2026-10-01T02:29:14.727Z,179082175472700
"""Jonah @ xrBY5OZYCv"" raises to 40",2026-10-01T02:29:12.409Z,179082175240900
"""arash @ 21jHaBYWIi"" calls 20",2026-10-01T02:29:10.079Z,179082175007900
"""Stevo @ kI2bCqDOyl"" calls 20",2026-10-01T02:29:09.111Z,179082174911100
"""Spenny @ S8ENkJ8OQS"" calls 20",2026-10-01T02:29:08.162Z,179082174816200
"""georgeoge @ wgzHqTfHfQ"" posts a big blind of 20",2026-10-01T02:29:02.151Z,179082174215108
"""Jonah @ xrBY5OZYCv"" posts a small blind of 10",2026-10-01T02:29:02.151Z,179082174215107
"Your hand is 8♥, A♠",2026-10-01T02:29:02.151Z,179082174215106
"Player stacks: #2 ""Jonah @ xrBY5OZYCv"" (780) | #4 ""georgeoge @ wgzHqTfHfQ"" (1390) | #7 ""Spenny @ S8ENkJ8OQS"" (1580) | #9 ""Stevo @ kI2bCqDOyl"" (1200) | #10 ""arash @ 21jHaBYWIi"" (2050)",2026-10-01T02:29:02.151Z,179082174215101
"-- starting hand #102 (id: zzmuo5oudssp)  No Limit Texas Hold'em (dealer: ""arash @ 21jHaBYWIi"") --",2026-10-01T02:29:02.151Z,179082174215100
"""georgeoge @ wgzHqTfHfQ"" shows a K♣, 2♠.",2026-10-01T02:28:58.677Z,179082173867700
"""Stevo @ kI2bCqDOyl"" shows a 5♠, 7♦.",2026-10-01T02:28:57.305Z,179082173730500
"-- ending hand #101 --",2026-10-01T02:28:55.072Z,179082173507202
"""Spenny @ S8ENkJ8OQS"" collected 460 from pot with Straight, 5 High (combination: A♥, 2♦, 3♦, 4♥, 5♣)",2026-10-01T02:28:55.072Z,179082173507201
"""Spenny @ S8ENkJ8OQS"" shows a 3♦, 5♦.",2026-10-01T02:28:55.072Z,179082173507200
"""Jonah @ xrBY5OZYCv"" calls 60",2026-10-01T02:28:54.263Z,179082173426300
"""Spenny @ S8ENkJ8OQS"" bets 60",2026-10-01T02:28:44.011Z,179082172401100
"""Jonah @ xrBY5OZYCv"" checks",2026-10-01T02:28:36.214Z,179082171621400
"River: A♥, 2♦, 7♠, 5♣ [4♥]",2026-10-01T02:28:33.342Z,179082171334200
"""Spenny @ S8ENkJ8OQS"" calls 70",2026-10-01T02:28:32.505Z,179082171250500
"""Jonah @ xrBY5OZYCv"" bets 70",2026-10-01T02:28:24.349Z,179082170434900
"Turn: A♥, 2♦, 7♠ [5♣]",2026-10-01T02:28:18.359Z,179082169835900
"""arash @ 21jHaBYWIi"" folds",2026-10-01T02:28:17.547Z,179082169754700
"""Stevo @ kI2bCqDOyl"" folds",2026-10-01T02:28:16.622Z,179082169662200
"""Spenny @ S8ENkJ8OQS"" calls 50",2026-10-01T02:28:15.657Z,179082169565700
"""georgeoge @ wgzHqTfHfQ"" folds",2026-10-01T02:28:12.061Z,179082169206100
"""Jonah @ xrBY5OZYCv"" bets 50",2026-10-01T02:28:10.276Z,179082169027600
"""arash @ 21jHaBYWIi"" checks",2026-10-01T02:28:03.608Z,179082168360800
"Flop:  [A♥, 2♦, 7♠]",2026-10-01T02:27:59.494Z,179082167949400
"""Jonah @ xrBY5OZYCv"" checks",2026-10-01T02:27:58.640Z,179082167864000
"""arash @ 21jHaBYWIi"" calls 20",2026-10-01T02:27:57.778Z,179082167777800
"""Stevo @ kI2bCqDOyl"" calls 20",2026-10-01T02:27:56.824Z,179082167682400
"""Spenny @ S8ENkJ8OQS"" calls 20",2026-10-01T02:27:55.850Z,179082167585000
"""georgeoge @ wgzHqTfHfQ"" calls 20",2026-10-01T02:27:54.933Z,179082167493300
"""Jonah @ xrBY5OZYCv"" posts a big blind of 20",2026-10-01T02:27:52.188Z,179082167218808
"""arash @ 21jHaBYWIi"" posts a small blind of 10",2026-10-01T02:27:52.188Z,179082167218807
"Your hand is Q♣, 10♦",2026-10-01T02:27:52.188Z,179082167218806
"Player stacks: #2 ""Jonah @ xrBY5OZYCv"" (980) | #4 ""georgeoge @ wgzHqTfHfQ"" (1410) | #7 ""Spenny @ S8ENkJ8OQS"" (1320) | #9 ""Stevo @ kI2bCqDOyl"" (1220) | #10 ""arash @ 21jHaBYWIi"" (2070)",2026-10-01T02:27:52.188Z,179082167218801
"-- starting hand #101 (id: vzyjce5jvm2o)  No Limit Texas Hold'em (dealer: ""Stevo @ kI2bCqDOyl"") --",2026-10-01T02:27:52.188Z,179082167218800
"""Spenny @ S8ENkJ8OQS"" shows a 2♥, 3♦.",2026-10-01T02:27:48.287Z,179082166828700
"""georgeoge @ wgzHqTfHfQ"" shows a K♦, 7♠.",2026-10-01T02:27:47.094Z,179082166709400
"""Stevo @ kI2bCqDOyl"" shows a 2♠, K♣.",2026-10-01T02:27:46.024Z,179082166602400
"-- ending hand #100 --",2026-10-01T02:27:44.680Z,179082166468002
"""arash @ 21jHaBYWIi"" collected 640 from pot with Two Pair, K's & 5's (combination: 4♥, 5♦, 5♣, K♠, K♥)",2026-10-01T02:27:44.680Z,179082166468001
"""arash @ 21jHaBYWIi"" shows a K♠, 5♦.",2026-10-01T02:27:44.680Z,179082166468000
"""Stevo @ kI2bCqDOyl"" calls 80",2026-10-01T02:27:43.824Z,179082166382400
"""Spenny @ S8ENkJ8OQS"" folds",2026-10-01T02:27:42.595Z,179082166259500
"""georgeoge @ wgzHqTfHfQ"" calls 80",2026-10-01T02:27:36.987Z,179082165698700
"""Jonah @ xrBY5OZYCv"" folds",2026-10-01T02:27:36.153Z,179082165615300
"""arash @ 21jHaBYWIi"" bets 80",2026-10-01T02:27:34.928Z,179082165492800
"""Stevo @ kI2bCqDOyl"" checks",2026-10-01T02:27:30.678Z,179082165067800
"River: 3♠, 4♣, K♥, 4♥ [5♣]",2026-10-01T02:27:28.764Z,179082164876400
"""Spenny @ S8ENkJ8OQS"" calls 40",2026-10-01T02:27:27.949Z,179082164794900
"""georgeoge @ wgzHqTfHfQ"" calls 40",2026-10-01T02:27:26.962Z,179082164696200
"""Jonah @ xrBY5OZYCv"" calls 40",2026-10-01T02:27:23.125Z,179082164312500
"""arash @ 21jHaBYWIi"" calls 40",2026-10-01T02:27:22.260Z,179082164226000
"""Stevo @ kI2bCqDOyl"" bets 40",2026-10-01T02:27:20.217Z,179082164021700
"Turn: 3♠, 4♣, K♥ [4♥]",2026-10-01T02:27:17.440Z,179082163744000
"""Spenny @ S8ENkJ8OQS"" calls 20",2026-10-01T02:27:16.604Z,179082163660400
"""georgeoge @ wgzHqTfHfQ"" calls 20",2026-10-01T02:27:15.709Z,179082163570900
"""Jonah @ xrBY5OZYCv"" calls 20",2026-10-01T02:27:14.779Z,179082163477900
"""arash @ 21jHaBYWIi"" calls 20",2026-10-01T02:27:13.898Z,179082163389800
"""Stevo @ kI2bCqDOyl"" bets 20",2026-10-01T02:27:11.575Z,179082163157500
"Flop:  [3♠, 4♣, K♥]",2026-10-01T02:27:10.550Z,179082163055000
"""arash @ 21jHaBYWIi"" checks",2026-10-01T02:27:09.720Z,179082162972000
"""Stevo @ kI2bCqDOyl"" calls 20",2026-10-01T02:27:08.794Z,179082162879400
"""Spenny @ S8ENkJ8OQS"" calls 20",2026-10-01T02:27:07.832Z,179082162783200
"""georgeoge @ wgzHqTfHfQ"" calls 20",2026-10-01T02:27:06.943Z,179082162694300
"""Jonah @ xrBY5OZYCv"" calls 20",2026-10-01T02:26:57.836Z,179082161783600
"""arash @ 21jHaBYWIi"" posts a big blind of 20",2026-10-01T02:26:56.821Z,179082161682108
"""Stevo @ kI2bCqDOyl"" posts a small blind of 10",2026-10-01T02:26:56.821Z,179082161682107
"Your hand is K♠, 5♦",2026-10-01T02:26:56.821Z,179082161682106
"Player stacks: #2 ""Jonah @ xrBY5OZYCv"" (1060) | #4 ""georgeoge @ wgzHqTfHfQ"" (1570) | #7 ""Spenny @ S8ENkJ8OQS"" (1400) | #9 ""Stevo @ kI2bCqDOyl"" (1380) | #10 ""arash @ 21jHaBYWIi"" (1590)",2026-10-01T02:26:56.821Z,179082161682101
"-- starting hand #100 (id: a4i9pq9qbyes)  No Limit Texas Hold'em (dealer: ""Spenny @ S8ENkJ8OQS"") --",2026-10-01T02:26:56.821Z,179082161682100
"-- ending hand #99 --",2026-10-01T02:26:50.808Z,179082161080802
"""Spenny @ S8ENkJ8OQS"" collected 320 from pot with Straight, 6 High (combination: 2♥, 3♦, 4♠, 5♦, 6♠)",2026-10-01T02:26:50.808Z,179082161080801
"""Spenny @ S8ENkJ8OQS"" shows a 5♦, 6♠.",2026-10-01T02:26:50.808Z,179082161080800
"""Jonah @ xrBY5OZYCv"" calls 80",2026-10-01T02:26:49.986Z,179082160998600
"""Spenny @ S8ENkJ8OQS"" bets 80",2026-10-01T02:26:46.363Z,179082160636300
"River: Q♥, 2♥, 3♦, K♣ [4♠]",2026-10-01T02:26:40.978Z,179082160097800
"""arash @ 21jHaBYWIi"" folds",2026-10-01T02:26:40.163Z,179082160016300
"""Stevo @ kI2bCqDOyl"" folds",2026-10-01T02:26:35.089Z,179082159508900
"""Spenny @ S8ENkJ8OQS"" calls 40",2026-10-01T02:26:34.057Z,179082159405700
"""Jonah @ xrBY5OZYCv"" bets 40",2026-10-01T02:26:25.579Z,179082158557900
"""arash @ 21jHaBYWIi"" checks",2026-10-01T02:26:22.646Z,179082158264600
"""Stevo @ kI2bCqDOyl"" checks",2026-10-01T02:26:21.747Z,179082158174700
"""Spenny @ S8ENkJ8OQS"" checks",2026-10-01T02:26:20.808Z,179082158080800
"Turn: Q♥, 2♥, 3♦ [K♣]",2026-10-01T02:26:19.221Z,179082157922100
"""Jonah @ xrBY5OZYCv"" checks",2026-10-01T02:26:18.418Z,179082157841800
"""arash @ 21jHaBYWIi"" checks",2026-10-01T02:26:17.523Z,179082157752300
"""Stevo @ kI2bCqDOyl"" checks",2026-10-01T02:26:15.371Z,179082157537100
"""Spenny @ S8ENkJ8OQS"" checks",2026-10-01T02:26:14.442Z,179082157444200
"Flop:  [Q♥, 2♥, 3♦]",2026-10-01T02:26:10.956Z,179082157095600
"""Stevo @ kI2bCqDOyl"" checks",2026-10-01T02:26:10.078Z,179082157007800
"""Spenny @ S8ENkJ8OQS"" calls 20",2026-10-01T02:26:09.037Z,179082156903700
"""georgeoge @ wgzHqTfHfQ"" folds",2026-10-01T02:26:08.068Z,179082156806800
"""Jonah @ xrBY5OZYCv"" calls 20",2026-10-01T02:26:04.533Z,179082156453300
"""arash @ 21jHaBYWIi"" calls 20",2026-10-01T02:26:03.517Z,179082156351700
"""Stevo @ kI2bCqDOyl"" posts a big blind of 20",2026-10-01T02:26:02.165Z,179082156216508
"""Spenny @ S8ENkJ8OQS"" posts a small blind of 10",2026-10-01T02:26:02.165Z,179082156216507
"Your hand is 10♠, 8♦",2026-10-01T02:26:02.165Z,179082156216506
"Player stacks: #2 ""Jonah @ xrBY5OZYCv"" (1200) | #4 ""georgeoge @ wgzHqTfHfQ"" (1570) | #7 ""Spenny @ S8ENkJ8OQS"" (1220) | #9 ""Stevo @ kI2bCqDOyl"" (1400) | #10 ""arash @ 21jHaBYWIi"" (1610)",2026-10-01T02:26:02.165Z,179082156216501
"-- starting hand #99 (id: qti3fyr7orlc)  No Limit Texas Hold'em (dealer: ""georgeoge @ wgzHqTfHfQ"") --",2026-10-01T02:26:02.165Z,179082156216500
"""Stevo @ kI2bCqDOyl"" shows a 9♦.",2026-10-01T02:25:56.693Z,179082155669300
"-- ending hand #98 --",2026-10-01T02:25:55.539Z,179082155553902
"""Spenny @ S8ENkJ8OQS"" collected 180 from pot with Two Pair, Q's & 9's (combination: A♣, 9♠, 9♣, Q♦, Q♥)",2026-10-01T02:25:55.539Z,179082155553901
"""Spenny @ S8ENkJ8OQS"" shows a Q♦, A♣.",2026-10-01T02:25:55.539Z,179082155553900
"""Jonah @ xrBY5OZYCv"" calls 20",2026-10-01T02:25:54.707Z,179082155470700
"""arash @ 21jHaBYWIi"" folds",2026-10-01T02:25:51.102Z,179082155110200
"""Spenny @ S8ENkJ8OQS"" bets 20",2026-10-01T02:25:49.551Z,179082154955100
"River: 6♥, Q♥, 4♠, 9♠ [9♣]",2026-10-01T02:25:43.497Z,179082154349700
"""Jonah @ xrBY5OZYCv"" checks",2026-10-01T02:25:42.690Z,179082154269000
"""arash @ 21jHaBYWIi"" checks",2026-10-01T02:25:38.447Z,179082153844700
"""Spenny @ S8ENkJ8OQS"" checks",2026-10-01T02:25:36.967Z,179082153696700
"Turn: 6♥, Q♥, 4♠ [9♠]",2026-10-01T02:25:32.929Z,179082153292900
"""georgeoge @ wgzHqTfHfQ"" folds",2026-10-01T02:25:32.091Z,179082153209100
"""Jonah @ xrBY5OZYCv"" calls 20",2026-10-01T02:25:31.209Z,179082153120900
"""arash @ 21jHaBYWIi"" calls 20",2026-10-01T02:25:26.147Z,179082152614700
"""Spenny @ S8ENkJ8OQS"" bets 20",2026-10-01T02:25:23.357Z,179082152335700
"""georgeoge @ wgzHqTfHfQ"" checks",2026-10-01T02:25:20.510Z,179082152051000
"Flop:  [6♥, Q♥, 4♠]",2026-10-01T02:25:19.123Z,179082151912300
"""Spenny @ S8ENkJ8OQS"" checks",2026-10-01T02:25:18.241Z,179082151824100
"""georgeoge @ wgzHqTfHfQ"" calls 20",2026-10-01T02:25:16.583Z,179082151658300
"""Jonah @ xrBY5OZYCv"" calls 20",2026-10-01T02:25:15.746Z,179082151574600
"""arash @ 21jHaBYWIi"" calls 20",2026-10-01T02:25:14.840Z,179082151484000
"""Stevo @ kI2bCqDOyl"" folds",2026-10-01T02:25:13.935Z,179082151393500
"""Spenny @ S8ENkJ8OQS"" posts a big blind of 20",2026-10-01T02:25:12.413Z,179082151241308
"""georgeoge @ wgzHqTfHfQ"" posts a small blind of 10",2026-10-01T02:25:12.413Z,179082151241307
"Your hand is 3♦, 2♦",2026-10-01T02:25:12.413Z,179082151241306
"Player stacks: #2 ""Jonah @ xrBY5OZYCv"" (1260) | #4 ""georgeoge @ wgzHqTfHfQ"" (1590) | #7 ""Spenny @ S8ENkJ8OQS"" (1100) | #9 ""Stevo @ kI2bCqDOyl"" (1400) | #10 ""arash @ 21jHaBYWIi"" (1650)",2026-10-01T02:25:12.413Z,179082151241301
"-- starting hand #98 (id: egel7rz8iwqc)  No Limit Texas Hold'em (dealer: ""Jonah @ xrBY5OZYCv"") --",2026-10-01T02:25:12.413Z,179082151241300
"-- ending hand #97 --",2026-10-01T02:25:06.408Z,179082150640804
"""arash @ 21jHaBYWIi"" collected 420 from pot with Straight, 9 High (combination: 5♣, 6♣, 7♣, 8♥, 9♥)",2026-10-01T02:25:06.408Z,179082150640803
"""georgeoge @ wgzHqTfHfQ"" collected 420 from pot with Straight, 9 High (combination: 5♣, 6♠, 7♣, 8♥, 9♥)",2026-10-01T02:25:06.408Z,179082150640802
"""georgeoge @ wgzHqTfHfQ"" shows a 6♠, 5♠.",2026-10-01T02:25:06.408Z,179082150640801
"""arash @ 21jHaBYWIi"" shows a 6♣, K♠.",2026-10-01T02:25:06.408Z,179082150640800
"""georgeoge @ wgzHqTfHfQ"" calls 250",2026-10-01T02:25:05.577Z,179082150557700
"""Jonah @ xrBY5OZYCv"" folds",2026-10-01T02:25:04.430Z,179082150443000
"""arash @ 21jHaBYWIi"" raises to 250",2026-10-01T02:25:01.593Z,179082150159300
"""georgeoge @ wgzHqTfHfQ"" bets 80",2026-10-01T02:24:56.011Z,179082149601100
"""Jonah @ xrBY5OZYCv"" checks",2026-10-01T02:24:52.861Z,179082149286100
"River: 8♥, 5♦, 5♣, 7♣ [9♥]",2026-10-01T02:24:46.436Z,179082148643600
"""arash @ 21jHaBYWIi"" calls 60",2026-10-01T02:24:45.574Z,179082148557400
"""Stevo @ kI2bCqDOyl"" folds",2026-10-01T02:24:43.293Z,179082148329300
"""georgeoge @ wgzHqTfHfQ"" calls 60",2026-10-01T02:24:42.346Z,179082148234600
"""Jonah @ xrBY5OZYCv"" bets 60",2026-10-01T02:24:40.918Z,179082148091800
"Turn: 8♥, 5♦, 5♣ [7♣]",2026-10-01T02:24:37.173Z,179082147717300
"""arash @ 21jHaBYWIi"" checks",2026-10-01T02:24:36.348Z,179082147634800
"""Stevo @ kI2bCqDOyl"" checks",2026-10-01T02:24:32.564Z,179082147256400
"""georgeoge @ wgzHqTfHfQ"" checks",2026-10-01T02:24:31.634Z,179082147163400
"""Jonah @ xrBY5OZYCv"" checks",2026-10-01T02:24:30.796Z,179082147079600
"Flop:  [8♥, 5♦, 5♣]",2026-10-01T02:24:27.771Z,179082146777100
"""georgeoge @ wgzHqTfHfQ"" calls 40",2026-10-01T02:24:26.892Z,179082146689200
"""Jonah @ xrBY5OZYCv"" calls 40",2026-10-01T02:24:26.016Z,179082146601600
"""arash @ 21jHaBYWIi"" calls 40",2026-10-01T02:24:25.141Z,179082146514100
"""Stevo @ kI2bCqDOyl"" raises to 40",2026-10-01T02:24:20.751Z,179082146075100
"""Spenny @ S8ENkJ8OQS"" folds",2026-10-01T02:24:19.089Z,179082145908900
"""georgeoge @ wgzHqTfHfQ"" posts a big blind of 20",2026-10-01T02:24:15.194Z,179082145519408
"""Jonah @ xrBY5OZYCv"" posts a small blind of 10",2026-10-01T02:24:15.194Z,179082145519407
"Your hand is 6♣, K♠",2026-10-01T02:24:15.194Z,179082145519406
"Player stacks: #2 ""Jonah @ xrBY5OZYCv"" (1360) | #4 ""georgeoge @ wgzHqTfHfQ"" (1520) | #7 ""Spenny @ S8ENkJ8OQS"" (1100) | #9 ""Stevo @ kI2bCqDOyl"" (1440) | #10 ""arash @ 21jHaBYWIi"" (1580)",2026-10-01T02:24:15.194Z,179082145519401
"-- starting hand #97 (id: kyueacsfwlms)  No Limit Texas Hold'em (dealer: ""arash @ 21jHaBYWIi"") --",2026-10-01T02:24:15.194Z,179082145519400
"-- ending hand #96 --",2026-10-01T02:24:12.289Z,179082145228902
"""arash @ 21jHaBYWIi"" collected 220 from pot",2026-10-01T02:24:12.289Z,179082145228901
"Uncalled bet of 80 returned to ""arash @ 21jHaBYWIi""",2026-10-01T02:24:12.289Z,179082145228900
"""Spenny @ S8ENkJ8OQS"" folds",2026-10-01T02:24:11.476Z,179082145147600
"""arash @ 21jHaBYWIi"" bets 80",2026-10-01T02:24:09.748Z,179082144974800
"River: K♣, 5♣, 6♦, 7♣ [A♠]",2026-10-01T02:24:05.560Z,179082144556000
"""Stevo @ kI2bCqDOyl"" folds",2026-10-01T02:24:04.706Z,179082144470600
"""Spenny @ S8ENkJ8OQS"" calls 60",2026-10-01T02:24:03.775Z,179082144377500
"""Jonah @ xrBY5OZYCv"" folds",2026-10-01T02:23:59.553Z,179082143955300
"""arash @ 21jHaBYWIi"" raises to 60",2026-10-01T02:23:58.679Z,179082143867900
"""Stevo @ kI2bCqDOyl"" calls 20",2026-10-01T02:23:51.678Z,179082143167800
"""Spenny @ S8ENkJ8OQS"" bets 20",2026-10-01T02:23:50.313Z,179082143031300
"""Jonah @ xrBY5OZYCv"" checks",2026-10-01T02:23:47.722Z,179082142772200
"""arash @ 21jHaBYWIi"" checks",2026-10-01T02:23:46.772Z,179082142677200
"Turn: K♣, 5♣, 6♦ [7♣]",2026-10-01T02:23:44.671Z,179082142467100
"""Stevo @ kI2bCqDOyl"" checks",2026-10-01T02:23:43.806Z,179082142380600
"""Spenny @ S8ENkJ8OQS"" checks",2026-10-01T02:23:42.835Z,179082142283500
"""Jonah @ xrBY5OZYCv"" checks",2026-10-01T02:23:41.914Z,179082142191400
"""arash @ 21jHaBYWIi"" checks",2026-10-01T02:23:41.034Z,179082142103400
"Flop:  [K♣, 5♣, 6♦]",2026-10-01T02:23:39.550Z,179082141955000
"""Jonah @ xrBY5OZYCv"" checks",2026-10-01T02:23:38.713Z,179082141871300
"""arash @ 21jHaBYWIi"" calls 20",2026-10-01T02:23:37.771Z,179082141777100
"""Stevo @ kI2bCqDOyl"" calls 20",2026-10-01T02:23:36.871Z,179082141687100
"""Spenny @ S8ENkJ8OQS"" calls 20",2026-10-01T02:23:35.933Z,179082141593300
"""georgeoge @ wgzHqTfHfQ"" folds",2026-10-01T02:23:35.029Z,179082141502900
"""Jonah @ xrBY5OZYCv"" posts a big blind of 20",2026-10-01T02:23:33.563Z,179082141356308
"""arash @ 21jHaBYWIi"" posts a small blind of 10",2026-10-01T02:23:33.563Z,179082141356307
"Your hand is K♥, 7♦",2026-10-01T02:23:33.563Z,179082141356306
"Player stacks: #2 ""Jonah @ xrBY5OZYCv"" (1380) | #4 ""georgeoge @ wgzHqTfHfQ"" (1520) | #7 ""Spenny @ S8ENkJ8OQS"" (1180) | #9 ""Stevo @ kI2bCqDOyl"" (1480) | #10 ""arash @ 21jHaBYWIi"" (1440)",2026-10-01T02:23:33.563Z,179082141356301
"-- starting hand #96 (id: kh9poyucschr)  No Limit Texas Hold'em (dealer: ""Stevo @ kI2bCqDOyl"") --",2026-10-01T02:23:33.563Z,179082141356300
"""georgeoge @ wgzHqTfHfQ"" shows a 5♦, 4♠.",2026-10-01T02:23:31.046Z,179082141104600
"""Stevo @ kI2bCqDOyl"" shows a A♣, 5♠.",2026-10-01T02:23:30.095Z,179082141009500
"-- ending hand #95 --",2026-10-01T02:23:29.244Z,179082140924402
"""Stevo @ kI2bCqDOyl"" collected 220 from pot",2026-10-01T02:23:29.244Z,179082140924401
"Uncalled bet of 400 returned to ""Stevo @ kI2bCqDOyl""",2026-10-01T02:23:29.244Z,179082140924400
"""arash @ 21jHaBYWIi"" folds",2026-10-01T02:23:28.432Z,179082140843200
"""Stevo @ kI2bCqDOyl"" bets 400",2026-10-01T02:23:23.170Z,179082140317000
"River: A♦, A♠, 4♦, 2♥ [3♥]",2026-10-01T02:23:19.231Z,179082139923100
"""arash @ 21jHaBYWIi"" calls 60",2026-10-01T02:23:18.360Z,179082139836000
"""Stevo @ kI2bCqDOyl"" bets 60",2026-10-01T02:23:17.092Z,179082139709200
"Turn: A♦, A♠, 4♦ [2♥]",2026-10-01T02:23:14.722Z,179082139472200
"""Jonah @ xrBY5OZYCv"" folds",2026-10-01T02:23:13.909Z,179082139390900
"""arash @ 21jHaBYWIi"" calls 20",2026-10-01T02:23:13.044Z,179082139304400
"""Stevo @ kI2bCqDOyl"" bets 20",2026-10-01T02:23:10.276Z,179082139027600
"Flop:  [A♦, A♠, 4♦]",2026-10-01T02:23:08.828Z,179082138882800
"""arash @ 21jHaBYWIi"" checks",2026-10-01T02:23:08.007Z,179082138800700
"""Stevo @ kI2bCqDOyl"" calls 20",2026-10-01T02:23:07.098Z,179082138709800
"""Spenny @ S8ENkJ8OQS"" folds",2026-10-01T02:23:06.081Z,179082138608100
"""georgeoge @ wgzHqTfHfQ"" folds",2026-10-01T02:23:04.144Z,179082138414400
"""Jonah @ xrBY5OZYCv"" calls 20",2026-10-01T02:23:03.292Z,179082138329200
"""arash @ 21jHaBYWIi"" posts a big blind of 20",2026-10-01T02:23:01.864Z,179082138186408
"""Stevo @ kI2bCqDOyl"" posts a small blind of 10",2026-10-01T02:23:01.864Z,179082138186407
"Your hand is 10♣, 4♣",2026-10-01T02:23:01.864Z,179082138186406
"Player stacks: #2 ""Jonah @ xrBY5OZYCv"" (1400) | #4 ""georgeoge @ wgzHqTfHfQ"" (1520) | #7 ""Spenny @ S8ENkJ8OQS"" (1180) | #9 ""Stevo @ kI2bCqDOyl"" (1360) | #10 ""arash @ 21jHaBYWIi"" (1540)",2026-10-01T02:23:01.864Z,179082138186401
"-- starting hand #95 (id: jplx6dtj7qzk)  No Limit Texas Hold'em (dealer: ""Spenny @ S8ENkJ8OQS"") --",2026-10-01T02:23:01.864Z,179082138186400
"-- ending hand #94 --",2026-10-01T02:22:55.796Z,179082137579602
"""Stevo @ kI2bCqDOyl"" collected 320 from pot with Straight, A High (combination: 10♥, J♥, Q♥, K♦, A♦)",2026-10-01T02:22:55.796Z,179082137579601
"""Stevo @ kI2bCqDOyl"" shows a Q♥, 10♥.",2026-10-01T02:22:55.796Z,179082137579600
"""Spenny @ S8ENkJ8OQS"" folds",2026-10-01T02:22:54.929Z,179082137492900
"""Jonah @ xrBY5OZYCv"" calls 80",2026-10-01T02:22:51.854Z,179082137185400
"""arash @ 21jHaBYWIi"" folds",2026-10-01T02:22:50.045Z,179082137004500
"""Stevo @ kI2bCqDOyl"" bets 80",2026-10-01T02:22:47.959Z,179082136795900
"""Spenny @ S8ENkJ8OQS"" checks",2026-10-01T02:22:45.441Z,179082136544100
"River: A♦, J♥, 5♣, 6♥ [K♦]",2026-10-01T02:22:43.464Z,179082136346400
"""Jonah @ xrBY5OZYCv"" calls 20",2026-10-01T02:22:42.639Z,179082136263900
"""arash @ 21jHaBYWIi"" calls 20",2026-10-01T02:22:41.236Z,179082136123600
"""Stevo @ kI2bCqDOyl"" calls 20",2026-10-01T02:22:40.279Z,179082136027900
"""Spenny @ S8ENkJ8OQS"" bets 20",2026-10-01T02:22:39.299Z,179082135929900
"Turn: A♦, J♥, 5♣ [6♥]",2026-10-01T02:22:34.546Z,179082135454600
"""Jonah @ xrBY5OZYCv"" checks",2026-10-01T02:22:33.730Z,179082135373000
"""arash @ 21jHaBYWIi"" checks",2026-10-01T02:22:31.827Z,179082135182700
"""Stevo @ kI2bCqDOyl"" checks",2026-10-01T02:22:30.856Z,179082135085600
"""Spenny @ S8ENkJ8OQS"" checks",2026-10-01T02:22:29.900Z,179082134990000
"Flop:  [A♦, J♥, 5♣]",2026-10-01T02:22:27.181Z,179082134718100
"""Stevo @ kI2bCqDOyl"" checks",2026-10-01T02:22:26.377Z,179082134637700
"""Spenny @ S8ENkJ8OQS"" calls 20",2026-10-01T02:22:25.416Z,179082134541600
"""georgeoge @ wgzHqTfHfQ"" folds",2026-10-01T02:22:24.486Z,179082134448600
"""Jonah @ xrBY5OZYCv"" calls 20",2026-10-01T02:22:23.646Z,179082134364600
"""arash @ 21jHaBYWIi"" calls 20",2026-10-01T02:22:22.719Z,179082134271900
"""Stevo @ kI2bCqDOyl"" posts a big blind of 20",2026-10-01T02:22:21.515Z,179082134151508
"""Spenny @ S8ENkJ8OQS"" posts a small blind of 10",2026-10-01T02:22:21.515Z,179082134151507
"Your hand is 8♠, 9♣",2026-10-01T02:22:21.515Z,179082134151506
"Player stacks: #2 ""Jonah @ xrBY5OZYCv"" (1520) | #4 ""georgeoge @ wgzHqTfHfQ"" (1520) | #7 ""Spenny @ S8ENkJ8OQS"" (1220) | #9 ""Stevo @ kI2bCqDOyl"" (1160) | #10 ""arash @ 21jHaBYWIi"" (1580)",2026-10-01T02:22:21.515Z,179082134151501
"-- starting hand #94 (id: xzvtafqzdc9d)  No Limit Texas Hold'em (dealer: ""georgeoge @ wgzHqTfHfQ"") --",2026-10-01T02:22:21.515Z,179082134151500
"""georgeoge @ wgzHqTfHfQ"" shows a J♦, 8♥.",2026-10-01T02:22:18.859Z,179082133885900
"-- ending hand #93 --",2026-10-01T02:22:17.909Z,179082133790902
"""Jonah @ xrBY5OZYCv"" collected 180 from pot",2026-10-01T02:22:17.909Z,179082133790901
"Uncalled bet of 240 returned to ""Jonah @ xrBY5OZYCv""",2026-10-01T02:22:17.909Z,179082133790900
"""arash @ 21jHaBYWIi"" folds",2026-10-01T02:22:17.052Z,179082133705200
"""Spenny @ S8ENkJ8OQS"" folds",2026-10-01T02:22:16.132Z,179082133613200
"""georgeoge @ wgzHqTfHfQ"" folds",2026-10-01T02:22:15.232Z,179082133523200
"""Jonah @ xrBY5OZYCv"" bets 240",2026-10-01T02:22:06.247Z,179082132624700
"""arash @ 21jHaBYWIi"" checks",2026-10-01T02:22:00.433Z,179082132043300
"""Spenny @ S8ENkJ8OQS"" checks",2026-10-01T02:21:54.981Z,179082131498100
"""georgeoge @ wgzHqTfHfQ"" checks",2026-10-01T02:21:54.068Z,179082131406800
"River: 4♥, 2♣, 8♣, 9♥ [5♠]",2026-10-01T02:21:52.787Z,179082131278700
"""Jonah @ xrBY5OZYCv"" checks",2026-10-01T02:21:51.902Z,179082131190200
"""arash @ 21jHaBYWIi"" checks",2026-10-01T02:21:51.007Z,179082131100700
"""Spenny @ S8ENkJ8OQS"" checks",2026-10-01T02:21:42.800Z,179082130280000
"""georgeoge @ wgzHqTfHfQ"" checks",2026-10-01T02:21:41.845Z,179082130184500
"Turn: 4♥, 2♣, 8♣ [9♥]",2026-10-01T02:21:40.651Z,179082130065100
"""georgeoge @ wgzHqTfHfQ"" calls 20",2026-10-01T02:21:39.788Z,179082129978800
"""Jonah @ xrBY5OZYCv"" calls 20",2026-10-01T02:21:38.897Z,179082129889700
"""arash @ 21jHaBYWIi"" calls 20",2026-10-01T02:21:38.019Z,179082129801900
"""Stevo @ kI2bCqDOyl"" folds",2026-10-01T02:21:31.420Z,179082129142000
"""Spenny @ S8ENkJ8OQS"" bets 20",2026-10-01T02:21:29.581Z,179082128958100
"""georgeoge @ wgzHqTfHfQ"" checks",2026-10-01T02:21:27.911Z,179082128791100
"Flop:  [4♥, 2♣, 8♣]",2026-10-01T02:21:22.873Z,179082128287300
"""Spenny @ S8ENkJ8OQS"" checks",2026-10-01T02:21:22.027Z,179082128202700
"""georgeoge @ wgzHqTfHfQ"" calls 20",2026-10-01T02:21:21.104Z,179082128110400
"""Jonah @ xrBY5OZYCv"" calls 20",2026-10-01T02:21:20.227Z,179082128022700
"""arash @ 21jHaBYWIi"" calls 20",2026-10-01T02:21:19.354Z,179082127935400
"""Stevo @ kI2bCqDOyl"" calls 20",2026-10-01T02:21:18.443Z,179082127844300
"""Spenny @ S8ENkJ8OQS"" posts a big blind of 20",2026-10-01T02:21:17.568Z,179082127756808
"""georgeoge @ wgzHqTfHfQ"" posts a small blind of 10",2026-10-01T02:21:17.568Z,179082127756807
"Your hand is Q♥, 4♠",2026-10-01T02:21:17.568Z,179082127756806
"Player stacks: #2 ""Jonah @ xrBY5OZYCv"" (1380) | #4 ""georgeoge @ wgzHqTfHfQ"" (1560) | #7 ""Spenny @ S8ENkJ8OQS"" (1260) | #9 ""Stevo @ kI2bCqDOyl"" (1180) | #10 ""arash @ 21jHaBYWIi"" (1620)",2026-10-01T02:21:17.568Z,179082127756801
"-- starting hand #93 (id: rmvkfds1r2vx)  No Limit Texas Hold'em (dealer: ""Jonah @ xrBY5OZYCv"") --",2026-10-01T02:21:17.568Z,179082127756800
"""arash @ 21jHaBYWIi"" shows a 10♠.",2026-10-01T02:21:12.660Z,179082127266000
"-- ending hand #92 --",2026-10-01T02:21:11.051Z,179082127105102
"""georgeoge @ wgzHqTfHfQ"" collected 340 from pot with Flush, A High (combination: 2♠, 3♠, 8♠, J♠, A♠)",2026-10-01T02:21:11.051Z,179082127105101
"""georgeoge @ wgzHqTfHfQ"" shows a A♠, 10♦.",2026-10-01T02:21:11.051Z,179082127105100
"""arash @ 21jHaBYWIi"" calls 80",2026-10-01T02:21:10.245Z,179082127024500
"""georgeoge @ wgzHqTfHfQ"" bets 80",2026-10-01T02:21:08.844Z,179082126884400
"River: 8♠, 9♣, J♠, 3♠ [2♠]",2026-10-01T02:21:04.554Z,179082126455400
"""Stevo @ kI2bCqDOyl"" folds",2026-10-01T02:21:03.732Z,179082126373200
"""georgeoge @ wgzHqTfHfQ"" calls 50",2026-10-01T02:21:02.770Z,179082126277000
"""Jonah @ xrBY5OZYCv"" folds",2026-10-01T02:21:01.865Z,179082126186500
"""arash @ 21jHaBYWIi"" bets 50",2026-10-01T02:20:59.488Z,179082125948800
"""Stevo @ kI2bCqDOyl"" checks",2026-10-01T02:20:56.693Z,179082125669300
"""georgeoge @ wgzHqTfHfQ"" checks",2026-10-01T02:20:55.763Z,179082125576300
"""Jonah @ xrBY5OZYCv"" checks",2026-10-01T02:20:47.696Z,179082124769600
"Turn: 8♠, 9♣, J♠ [3♠]",2026-10-01T02:20:46.089Z,179082124608900
"""arash @ 21jHaBYWIi"" checks",2026-10-01T02:20:45.257Z,179082124525700
"""Stevo @ kI2bCqDOyl"" checks",2026-10-01T02:20:44.297Z,179082124429700
"""georgeoge @ wgzHqTfHfQ"" checks",2026-10-01T02:20:43.362Z,179082124336200
"""Jonah @ xrBY5OZYCv"" checks",2026-10-01T02:20:38.021Z,179082123802100
"Flop:  [8♠, 9♣, J♠]",2026-10-01T02:20:35.253Z,179082123525300
"""georgeoge @ wgzHqTfHfQ"" checks",2026-10-01T02:20:34.379Z,179082123437900
"""Jonah @ xrBY5OZYCv"" calls 20",2026-10-01T02:20:33.503Z,179082123350300
"""arash @ 21jHaBYWIi"" calls 20",2026-10-01T02:20:32.639Z,179082123263900
"""Stevo @ kI2bCqDOyl"" calls 20",2026-10-01T02:20:31.691Z,179082123169100
"""Spenny @ S8ENkJ8OQS"" folds",2026-10-01T02:20:30.761Z,179082123076100
"""georgeoge @ wgzHqTfHfQ"" posts a big blind of 20",2026-10-01T02:20:25.860Z,179082122586008
"""Jonah @ xrBY5OZYCv"" posts a small blind of 10",2026-10-01T02:20:25.860Z,179082122586007
"Your hand is 5♣, 10♠",2026-10-01T02:20:25.860Z,179082122586006
"Player stacks: #2 ""Jonah @ xrBY5OZYCv"" (1400) | #4 ""georgeoge @ wgzHqTfHfQ"" (1370) | #7 ""Spenny @ S8ENkJ8OQS"" (1260) | #9 ""Stevo @ kI2bCqDOyl"" (1200) | #10 ""arash @ 21jHaBYWIi"" (1770)",2026-10-01T02:20:25.860Z,179082122586001
"-- starting hand #92 (id: hawk8ptp5ihn)  No Limit Texas Hold'em (dealer: ""arash @ 21jHaBYWIi"") --",2026-10-01T02:20:25.860Z,179082122586000
"""arash @ 21jHaBYWIi"" shows a 5♣.",2026-10-01T02:20:23.753Z,179082122375300
"""Stevo @ kI2bCqDOyl"" shows a 10♥.",2026-10-01T02:20:23.020Z,179082122302000
"""Spenny @ S8ENkJ8OQS"" shows a 5♥.",2026-10-01T02:20:22.284Z,179082122228400
"-- ending hand #91 --",2026-10-01T02:20:20.842Z,179082122084202
"""arash @ 21jHaBYWIi"" collected 360 from pot",2026-10-01T02:20:20.842Z,179082122084201
"Uncalled bet of 100 returned to ""arash @ 21jHaBYWIi""",2026-10-01T02:20:20.842Z,179082122084200
"""Spenny @ S8ENkJ8OQS"" folds",2026-10-01T02:20:19.954Z,179082121995400
"""Jonah @ xrBY5OZYCv"" folds",2026-10-01T02:20:09.774Z,179082120977400
"""arash @ 21jHaBYWIi"" bets 100",2026-10-01T02:20:08.427Z,179082120842700
"River: 10♣, 6♥, 5♠, 8♦ [9♣]",2026-10-01T02:20:04.861Z,179082120486100
"""Stevo @ kI2bCqDOyl"" folds",2026-10-01T02:20:04.045Z,179082120404500
"""Spenny @ S8ENkJ8OQS"" calls 60",2026-10-01T02:20:03.045Z,179082120304500
"""Jonah @ xrBY5OZYCv"" calls 60",2026-10-01T02:19:59.831Z,179082119983100
"""arash @ 21jHaBYWIi"" raises to 60",2026-10-01T02:19:52.754Z,179082119275400
"""Stevo @ kI2bCqDOyl"" calls 20",2026-10-01T02:19:48.446Z,179082118844600
"""Spenny @ S8ENkJ8OQS"" bets 20",2026-10-01T02:19:47.070Z,179082118707000
"""Jonah @ xrBY5OZYCv"" checks",2026-10-01T02:19:44.286Z,179082118428600
"""arash @ 21jHaBYWIi"" checks",2026-10-01T02:19:41.938Z,179082118193800
"Turn: 10♣, 6♥, 5♠ [8♦]",2026-10-01T02:19:40.123Z,179082118012300
"""Jonah @ xrBY5OZYCv"" calls 20",2026-10-01T02:19:39.290Z,179082117929000
"""arash @ 21jHaBYWIi"" calls 20",2026-10-01T02:19:35.761Z,179082117576100
"""Stevo @ kI2bCqDOyl"" calls 20",2026-10-01T02:19:33.810Z,179082117381000
"""Spenny @ S8ENkJ8OQS"" bets 20",2026-10-01T02:19:32.631Z,179082117263100
"""Jonah @ xrBY5OZYCv"" checks",2026-10-01T02:19:26.816Z,179082116681600
"""arash @ 21jHaBYWIi"" checks",2026-10-01T02:19:24.215Z,179082116421500
"Flop:  [10♣, 6♥, 5♠]",2026-10-01T02:19:20.967Z,179082116096700
"""Jonah @ xrBY5OZYCv"" checks",2026-10-01T02:19:20.142Z,179082116014200
"""arash @ 21jHaBYWIi"" calls 20",2026-10-01T02:19:19.269Z,179082115926900
"""Stevo @ kI2bCqDOyl"" calls 20",2026-10-01T02:19:13.152Z,179082115315200
"""Spenny @ S8ENkJ8OQS"" calls 20",2026-10-01T02:19:12.203Z,179082115220300
"""georgeoge @ wgzHqTfHfQ"" folds",2026-10-01T02:19:10.111Z,179082115011100
"""Jonah @ xrBY5OZYCv"" posts a big blind of 20",2026-10-01T02:19:08.478Z,179082114847808
"""arash @ 21jHaBYWIi"" posts a small blind of 10",2026-10-01T02:19:08.478Z,179082114847807
"Your hand is 5♣, 8♠",2026-10-01T02:19:08.478Z,179082114847806
"Player stacks: #2 ""Jonah @ xrBY5OZYCv"" (1500) | #4 ""georgeoge @ wgzHqTfHfQ"" (1370) | #7 ""Spenny @ S8ENkJ8OQS"" (1360) | #9 ""Stevo @ kI2bCqDOyl"" (1260) | #10 ""arash @ 21jHaBYWIi"" (1510)",2026-10-01T02:19:08.478Z,179082114847801
"-- starting hand #91 (id: md5jbacztqwu)  No Limit Texas Hold'em (dealer: ""Stevo @ kI2bCqDOyl"") --",2026-10-01T02:19:08.478Z,179082114847800
"""georgeoge @ wgzHqTfHfQ"" shows a 2♣, 9♣.",2026-10-01T02:19:05.179Z,179082114517900
"-- ending hand #90 --",2026-10-01T02:19:01.862Z,179082114186202
"""arash @ 21jHaBYWIi"" collected 80 from pot",2026-10-01T02:19:01.862Z,179082114186201
"Uncalled bet of 50 returned to ""arash @ 21jHaBYWIi""",2026-10-01T02:19:01.862Z,179082114186200
"""Stevo @ kI2bCqDOyl"" folds",2026-10-01T02:19:00.915Z,179082114091500
"""Spenny @ S8ENkJ8OQS"" folds",2026-10-01T02:18:59.866Z,179082113986600
"""georgeoge @ wgzHqTfHfQ"" folds",2026-10-01T02:18:54.115Z,179082113411500
"""arash @ 21jHaBYWIi"" bets 50",2026-10-01T02:18:51.428Z,179082113142800
"""Stevo @ kI2bCqDOyl"" checks",2026-10-01T02:18:48.598Z,179082112859800
"Turn: 7♠, 8♥, 3♠ [A♣]",2026-10-01T02:18:47.382Z,179082112738200
"""Spenny @ S8ENkJ8OQS"" checks",2026-10-01T02:18:46.467Z,179082112646700
"""georgeoge @ wgzHqTfHfQ"" checks",2026-10-01T02:18:45.487Z,179082112548700
"""arash @ 21jHaBYWIi"" checks",2026-10-01T02:18:44.569Z,179082112456900
"""Stevo @ kI2bCqDOyl"" checks",2026-10-01T02:18:42.108Z,179082112210800
"Flop:  [7♠, 8♥, 3♠]",2026-10-01T02:18:40.775Z,179082112077500
"""arash @ 21jHaBYWIi"" checks",2026-10-01T02:18:39.861Z,179082111986100
"""Stevo @ kI2bCqDOyl"" calls 20",2026-10-01T02:18:33.698Z,179082111369800
"""Spenny @ S8ENkJ8OQS"" calls 20",2026-10-01T02:18:32.636Z,179082111263600
"""georgeoge @ wgzHqTfHfQ"" calls 20",2026-10-01T02:18:29.831Z,179082110983100
"""Jonah @ xrBY5OZYCv"" folds",2026-10-01T02:18:27.995Z,179082110799500
"""arash @ 21jHaBYWIi"" posts a big blind of 20",2026-10-01T02:18:26.751Z,179082110675108
"""Stevo @ kI2bCqDOyl"" posts a small blind of 10",2026-10-01T02:18:26.751Z,179082110675107
"Your hand is 10♥, 4♠",2026-10-01T02:18:26.751Z,179082110675106
"Player stacks: #2 ""Jonah @ xrBY5OZYCv"" (1500) | #4 ""georgeoge @ wgzHqTfHfQ"" (1390) | #7 ""Spenny @ S8ENkJ8OQS"" (1380) | #9 ""Stevo @ kI2bCqDOyl"" (1280) | #10 ""arash @ 21jHaBYWIi"" (1450)",2026-10-01T02:18:26.751Z,179082110675101
"-- starting hand #90 (id: h9ok4d7dqb67)  No Limit Texas Hold'em (dealer: ""Spenny @ S8ENkJ8OQS"") --",2026-10-01T02:18:26.751Z,179082110675100
"""georgeoge @ wgzHqTfHfQ"" shows a 3♠, 10♦.",2026-10-01T02:18:22.398Z,179082110239800
"-- ending hand #89 --",2026-10-01T02:18:20.222Z,179082110022204
"""Stevo @ kI2bCqDOyl"" collected 100 from pot with Pair, K's (combination: 9♥, 10♠, A♠, K♥, K♦)",2026-10-01T02:18:20.222Z,179082110022203
"""Spenny @ S8ENkJ8OQS"" collected 100 from pot with Pair, K's (combination: 9♥, 10♠, A♠, K♣, K♦)",2026-10-01T02:18:20.222Z,179082110022202
"""Stevo @ kI2bCqDOyl"" shows a 2♦, K♥.",2026-10-01T02:18:20.222Z,179082110022201
"""Spenny @ S8ENkJ8OQS"" shows a 4♥, K♣.",2026-10-01T02:18:20.222Z,179082110022200
"""Jonah @ xrBY5OZYCv"" calls 20",2026-10-01T02:18:19.417Z,179082109941700
"""Stevo @ kI2bCqDOyl"" calls 20",2026-10-01T02:18:17.130Z,179082109713000
"""Spenny @ S8ENkJ8OQS"" bets 20",2026-10-01T02:18:16.155Z,179082109615500
"River: 3♥, 10♠, 9♥, K♦ [A♠]",2026-10-01T02:18:13.954Z,179082109395400
"""Jonah @ xrBY5OZYCv"" calls 20",2026-10-01T02:18:13.045Z,179082109304500
"""arash @ 21jHaBYWIi"" folds",2026-10-01T02:18:11.647Z,179082109164700
"""Stevo @ kI2bCqDOyl"" calls 20",2026-10-01T02:18:04.673Z,179082108467300
"""Spenny @ S8ENkJ8OQS"" bets 20",2026-10-01T02:18:03.658Z,179082108365800
"Turn: 3♥, 10♠, 9♥ [K♦]",2026-10-01T02:18:01.549Z,179082108154900
"""Jonah @ xrBY5OZYCv"" checks",2026-10-01T02:18:00.713Z,179082108071300
"""arash @ 21jHaBYWIi"" checks",2026-10-01T02:17:59.795Z,179082107979500
"""Stevo @ kI2bCqDOyl"" checks",2026-10-01T02:17:54.589Z,179082107458900
"""Spenny @ S8ENkJ8OQS"" checks",2026-10-01T02:17:53.649Z,179082107364900
"Flop:  [3♥, 10♠, 9♥]",2026-10-01T02:17:50.982Z,179082107098200
"""Stevo @ kI2bCqDOyl"" checks",2026-10-01T02:17:50.117Z,179082107011700
"""Spenny @ S8ENkJ8OQS"" calls 20",2026-10-01T02:17:49.140Z,179082106914000
"""georgeoge @ wgzHqTfHfQ"" folds",2026-10-01T02:17:48.214Z,179082106821400
"""Jonah @ xrBY5OZYCv"" calls 20",2026-10-01T02:17:47.301Z,179082106730100
"""arash @ 21jHaBYWIi"" calls 20",2026-10-01T02:17:46.445Z,179082106644500
"""Stevo @ kI2bCqDOyl"" posts a big blind of 20",2026-10-01T02:17:45.478Z,179082106547808
"""Spenny @ S8ENkJ8OQS"" posts a small blind of 10",2026-10-01T02:17:45.478Z,179082106547807
"Your hand is 2♠, 4♠",2026-10-01T02:17:45.478Z,179082106547806
"Player stacks: #2 ""Jonah @ xrBY5OZYCv"" (1560) | #4 ""georgeoge @ wgzHqTfHfQ"" (1390) | #7 ""Spenny @ S8ENkJ8OQS"" (1340) | #9 ""Stevo @ kI2bCqDOyl"" (1240) | #10 ""arash @ 21jHaBYWIi"" (1470)",2026-10-01T02:17:45.478Z,179082106547801
"-- starting hand #89 (id: af1g2scrbl6e)  No Limit Texas Hold'em (dealer: ""georgeoge @ wgzHqTfHfQ"") --",2026-10-01T02:17:45.478Z,179082106547800
"""Spenny @ S8ENkJ8OQS"" shows a Q♦, 10♥.",2026-10-01T02:17:41.529Z,179082106152900
"Undealt cards: 2♣, J♣, 6♥, 8♥ [6♣]",2026-10-01T02:17:40.823Z,179082106082300
"-- ending hand #88 --",2026-10-01T02:17:38.849Z,179082105884902
"""Spenny @ S8ENkJ8OQS"" collected 120 from pot",2026-10-01T02:17:38.849Z,179082105884901
"Uncalled bet of 20 returned to ""Spenny @ S8ENkJ8OQS""",2026-10-01T02:17:38.849Z,179082105884900
"""arash @ 21jHaBYWIi"" folds",2026-10-01T02:17:38.007Z,179082105800700
"""Spenny @ S8ENkJ8OQS"" bets 20",2026-10-01T02:17:35.309Z,179082105530900
"Turn: 2♣, J♣, 6♥ [8♥]",2026-10-01T02:17:32.777Z,179082105277700
"""Spenny @ S8ENkJ8OQS"" calls 20",2026-10-01T02:17:31.943Z,179082105194300
"""georgeoge @ wgzHqTfHfQ"" folds",2026-10-01T02:17:31.029Z,179082105102900
"""Jonah @ xrBY5OZYCv"" folds",2026-10-01T02:17:25.678Z,179082104567800
"""arash @ 21jHaBYWIi"" bets 20",2026-10-01T02:17:22.895Z,179082104289500
"""Spenny @ S8ENkJ8OQS"" checks",2026-10-01T02:17:14.776Z,179082103477600
"""georgeoge @ wgzHqTfHfQ"" checks",2026-10-01T02:17:13.196Z,179082103319600
"Flop:  [2♣, J♣, 6♥]",2026-10-01T02:17:11.165Z,179082103116500
"""Spenny @ S8ENkJ8OQS"" checks",2026-10-01T02:17:10.343Z,179082103034300
"""georgeoge @ wgzHqTfHfQ"" calls 20",2026-10-01T02:17:09.391Z,179082102939100
"""Jonah @ xrBY5OZYCv"" calls 20",2026-10-01T02:17:08.512Z,179082102851200
"""arash @ 21jHaBYWIi"" calls 20",2026-10-01T02:17:07.648Z,179082102764800
"""Stevo @ kI2bCqDOyl"" folds",2026-10-01T02:17:06.709Z,179082102670900
"""Spenny @ S8ENkJ8OQS"" posts a big blind of 20",2026-10-01T02:17:04.853Z,179082102485308
"""georgeoge @ wgzHqTfHfQ"" posts a small blind of 10",2026-10-01T02:17:04.853Z,179082102485307
"Your hand is 3♦, 9♦",2026-10-01T02:17:04.853Z,179082102485306
"Player stacks: #2 ""Jonah @ xrBY5OZYCv"" (1580) | #4 ""georgeoge @ wgzHqTfHfQ"" (1410) | #7 ""Spenny @ S8ENkJ8OQS"" (1260) | #9 ""Stevo @ kI2bCqDOyl"" (1240) | #10 ""arash @ 21jHaBYWIi"" (1510)",2026-10-01T02:17:04.853Z,179082102485301
"-- starting hand #88 (id: acf19dzpo7je)  No Limit Texas Hold'em (dealer: ""Jonah @ xrBY5OZYCv"") --",2026-10-01T02:17:04.853Z,179082102485300
"Undealt cards: J♠, Q♦, A♣, J♣ [3♦]",2026-10-01T02:17:00.225Z,179082102022500
"-- ending hand #87 --",2026-10-01T02:16:58.894Z,179082101889402
"""Jonah @ xrBY5OZYCv"" collected 80 from pot",2026-10-01T02:16:58.894Z,179082101889401
"Uncalled bet of 50 returned to ""Jonah @ xrBY5OZYCv""",2026-10-01T02:16:58.894Z,179082101889400
"""arash @ 21jHaBYWIi"" folds",2026-10-01T02:16:58.052Z,179082101805200
"""Stevo @ kI2bCqDOyl"" folds",2026-10-01T02:16:49.811Z,179082100981100
"""georgeoge @ wgzHqTfHfQ"" folds",2026-10-01T02:16:48.879Z,179082100887900
"""Jonah @ xrBY5OZYCv"" bets 50",2026-10-01T02:16:46.533Z,179082100653300
"Turn: J♠, Q♦, A♣ [J♣]",2026-10-01T02:16:43.340Z,179082100334000
"""arash @ 21jHaBYWIi"" checks",2026-10-01T02:16:42.537Z,179082100253700
"""Stevo @ kI2bCqDOyl"" checks",2026-10-01T02:16:38.255Z,179082099825500
"""georgeoge @ wgzHqTfHfQ"" checks",2026-10-01T02:16:37.321Z,179082099732100
"""Jonah @ xrBY5OZYCv"" checks",2026-10-01T02:16:36.410Z,179082099641000
"Flop:  [J♠, Q♦, A♣]",2026-10-01T02:16:33.283Z,179082099328300
"""georgeoge @ wgzHqTfHfQ"" checks",2026-10-01T02:16:32.384Z,179082099238400
"""Jonah @ xrBY5OZYCv"" calls 20",2026-10-01T02:16:31.537Z,179082099153700
"""arash @ 21jHaBYWIi"" calls 20",2026-10-01T02:16:30.574Z,179082099057400
"""Stevo @ kI2bCqDOyl"" calls 20",2026-10-01T02:16:29.636Z,179082098963600
"""Spenny @ S8ENkJ8OQS"" folds",2026-10-01T02:16:28.686Z,179082098868600
"""georgeoge @ wgzHqTfHfQ"" posts a big blind of 20",2026-10-01T02:16:22.499Z,179082098249908
"""Jonah @ xrBY5OZYCv"" posts a small blind of 10",2026-10-01T02:16:22.499Z,179082098249907
"Your hand is 6♣, 9♥",2026-10-01T02:16:22.499Z,179082098249906
"Player stacks: #2 ""Jonah @ xrBY5OZYCv"" (1520) | #4 ""georgeoge @ wgzHqTfHfQ"" (1430) | #7 ""Spenny @ S8ENkJ8OQS"" (1260) | #9 ""Stevo @ kI2bCqDOyl"" (1260) | #10 ""arash @ 21jHaBYWIi"" (1530)",2026-10-01T02:16:22.499Z,179082098249901
"-- starting hand #87 (id: cbcht7dhdfnm)  No Limit Texas Hold'em (dealer: ""arash @ 21jHaBYWIi"") --",2026-10-01T02:16:22.499Z,179082098249900
"""Stevo @ kI2bCqDOyl"" shows a K♣, Q♠.",2026-10-01T02:16:19.596Z,179082097959600
"""Jonah @ xrBY5OZYCv"" shows a 7♣, 10♠.",2026-10-01T02:16:18.658Z,179082097865800
"""georgeoge @ wgzHqTfHfQ"" shows a A♠, 7♦.",2026-10-01T02:16:18.646Z,179082097864600
"-- ending hand #86 --",2026-10-01T02:16:17.483Z,179082097748302
"""Stevo @ kI2bCqDOyl"" collected 220 from pot",2026-10-01T02:16:17.483Z,179082097748301
"Uncalled bet of 60 returned to ""Stevo @ kI2bCqDOyl""",2026-10-01T02:16:17.483Z,179082097748300
"""arash @ 21jHaBYWIi"" folds",2026-10-01T02:16:16.546Z,179082097654600
"""Stevo @ kI2bCqDOyl"" bets 60",2026-10-01T02:16:15.057Z,179082097505700
"""arash @ 21jHaBYWIi"" checks",2026-10-01T02:16:12.274Z,179082097227400
"River: K♥, 10♥, 3♥, 7♠ [10♣]",2026-10-01T02:16:10.274Z,179082097027400
"""arash @ 21jHaBYWIi"" calls 40",2026-10-01T02:16:09.395Z,179082096939500
"""Stevo @ kI2bCqDOyl"" bets 40",2026-10-01T02:16:03.154Z,179082096315400
"""arash @ 21jHaBYWIi"" checks",2026-10-01T02:16:00.878Z,179082096087800
"Turn: K♥, 10♥, 3♥ [7♠]",2026-10-01T02:15:56.986Z,179082095698600
"""Spenny @ S8ENkJ8OQS"" folds",2026-10-01T02:15:56.141Z,179082095614100
"""georgeoge @ wgzHqTfHfQ"" folds",2026-10-01T02:15:55.245Z,179082095524500
"""Jonah @ xrBY5OZYCv"" folds",2026-10-01T02:15:52.036Z,179082095203600
"""arash @ 21jHaBYWIi"" calls 20",2026-10-01T02:15:51.168Z,179082095116800
"""Stevo @ kI2bCqDOyl"" bets 20",2026-10-01T02:15:46.118Z,179082094611800
"""Spenny @ S8ENkJ8OQS"" checks",2026-10-01T02:15:44.959Z,179082094495900
"""georgeoge @ wgzHqTfHfQ"" checks",2026-10-01T02:15:44.062Z,179082094406200
"""Jonah @ xrBY5OZYCv"" checks",2026-10-01T02:15:40.273Z,179082094027300
"""arash @ 21jHaBYWIi"" checks",2026-10-01T02:15:38.747Z,179082093874700
"Flop:  [K♥, 10♥, 3♥]",2026-10-01T02:15:37.242Z,179082093724200
"""Jonah @ xrBY5OZYCv"" checks",2026-10-01T02:15:36.421Z,179082093642100
"""arash @ 21jHaBYWIi"" calls 20",2026-10-01T02:15:35.496Z,179082093549600
"""Stevo @ kI2bCqDOyl"" calls 20",2026-10-01T02:15:34.300Z,179082093430000
"""Spenny @ S8ENkJ8OQS"" calls 20",2026-10-01T02:15:33.313Z,179082093331300
"""georgeoge @ wgzHqTfHfQ"" calls 20",2026-10-01T02:15:31.947Z,179082093194700
"""Jonah @ xrBY5OZYCv"" posts a big blind of 20",2026-10-01T02:15:30.238Z,179082093023808
"""arash @ 21jHaBYWIi"" posts a small blind of 10",2026-10-01T02:15:30.238Z,179082093023807
"Your hand is 8♣, 4♦",2026-10-01T02:15:30.238Z,179082093023806
"Player stacks: #2 ""Jonah @ xrBY5OZYCv"" (1540) | #4 ""georgeoge @ wgzHqTfHfQ"" (1450) | #7 ""Spenny @ S8ENkJ8OQS"" (1280) | #9 ""Stevo @ kI2bCqDOyl"" (1120) | #10 ""arash @ 21jHaBYWIi"" (1610)",2026-10-01T02:15:30.238Z,179082093023801
"-- starting hand #86 (id: p4p5qcnjeh3c)  No Limit Texas Hold'em (dealer: ""Stevo @ kI2bCqDOyl"") --",2026-10-01T02:15:30.238Z,179082093023800
"-- ending hand #85 --",2026-10-01T02:15:24.226Z,179082092422602
"""arash @ 21jHaBYWIi"" collected 300 from pot with Two Pair, 9's & 2's (combination: A♥, 2♥, 2♠, 9♣, 9♦)",2026-10-01T02:15:24.226Z,179082092422601
"""arash @ 21jHaBYWIi"" shows a A♥, 9♣.",2026-10-01T02:15:24.226Z,179082092422600
"""Spenny @ S8ENkJ8OQS"" calls 20",2026-10-01T02:15:23.405Z,179082092340500
"""arash @ 21jHaBYWIi"" bets 20",2026-10-01T02:15:13.679Z,179082091367900
"River: 9♦, 2♥, 5♦, 2♠ [6♠]",2026-10-01T02:15:12.020Z,179082091202000
"""arash @ 21jHaBYWIi"" calls 40",2026-10-01T02:15:11.205Z,179082091120500
"""Spenny @ S8ENkJ8OQS"" bets 40",2026-10-01T02:15:09.145Z,179082090914500
"""arash @ 21jHaBYWIi"" checks",2026-10-01T02:15:05.411Z,179082090541100
"Turn: 9♦, 2♥, 5♦ [2♠]",2026-10-01T02:15:01.233Z,179082090123300
"""Stevo @ kI2bCqDOyl"" folds",2026-10-01T02:15:00.359Z,179082090035900
"""Spenny @ S8ENkJ8OQS"" calls 50",2026-10-01T02:14:59.300Z,179082089930000
"""georgeoge @ wgzHqTfHfQ"" folds",2026-10-01T02:14:58.378Z,179082089837800
"""arash @ 21jHaBYWIi"" bets 50",2026-10-01T02:14:54.368Z,179082089436800
"""Stevo @ kI2bCqDOyl"" checks",2026-10-01T02:14:51.123Z,179082089112300
"Flop:  [9♦, 2♥, 5♦]",2026-10-01T02:14:49.672Z,179082088967200
"""arash @ 21jHaBYWIi"" checks",2026-10-01T02:14:48.814Z,179082088881400
"""Stevo @ kI2bCqDOyl"" calls 20",2026-10-01T02:14:45.260Z,179082088526000
"""Spenny @ S8ENkJ8OQS"" calls 20",2026-10-01T02:14:43.952Z,179082088395200
"""georgeoge @ wgzHqTfHfQ"" calls 20",2026-10-01T02:14:43.027Z,179082088302700
"""Jonah @ xrBY5OZYCv"" folds",2026-10-01T02:14:42.127Z,179082088212700
"""arash @ 21jHaBYWIi"" posts a big blind of 20",2026-10-01T02:14:40.899Z,179082088089908
"""Stevo @ kI2bCqDOyl"" posts a small blind of 10",2026-10-01T02:14:40.899Z,179082088089907
"Your hand is A♥, 9♣",2026-10-01T02:14:40.899Z,179082088089906
"Player stacks: #2 ""Jonah @ xrBY5OZYCv"" (1540) | #4 ""georgeoge @ wgzHqTfHfQ"" (1470) | #7 ""Spenny @ S8ENkJ8OQS"" (1410) | #9 ""Stevo @ kI2bCqDOyl"" (1140) | #10 ""arash @ 21jHaBYWIi"" (1440)",2026-10-01T02:14:40.899Z,179082088089901
"-- starting hand #85 (id: qt0ikuzsdq14)  No Limit Texas Hold'em (dealer: ""Spenny @ S8ENkJ8OQS"") --",2026-10-01T02:14:40.899Z,179082088089900
"Undealt cards: 7♠, 2♣, A♠, 8♠ [3♦]",2026-10-01T02:14:36.826Z,179082087682600
"-- ending hand #84 --",2026-10-01T02:14:34.996Z,179082087499602
"""arash @ 21jHaBYWIi"" collected 180 from pot",2026-10-01T02:14:34.996Z,179082087499601
"Uncalled bet of 130 returned to ""arash @ 21jHaBYWIi""",2026-10-01T02:14:34.996Z,179082087499600
"""Spenny @ S8ENkJ8OQS"" folds",2026-10-01T02:14:34.121Z,179082087412100
"""arash @ 21jHaBYWIi"" raises to 150",2026-10-01T02:14:28.745Z,179082086874500
"""Stevo @ kI2bCqDOyl"" folds",2026-10-01T02:14:25.510Z,179082086551000
"""Spenny @ S8ENkJ8OQS"" bets 20",2026-10-01T02:14:24.530Z,179082086453000
"Turn: 7♠, 2♣, A♠ [8♠]",2026-10-01T02:14:17.891Z,179082085789100
"""georgeoge @ wgzHqTfHfQ"" folds",2026-10-01T02:14:17.079Z,179082085707900
"""arash @ 21jHaBYWIi"" calls 20",2026-10-01T02:14:10.076Z,179082085007600
"""Stevo @ kI2bCqDOyl"" calls 20",2026-10-01T02:14:07.539Z,179082084753900
"""Spenny @ S8ENkJ8OQS"" bets 20",2026-10-01T02:14:06.578Z,179082084657800
"Flop:  [7♠, 2♣, A♠]",2026-10-01T02:14:01.889Z,179082084188900
"""Stevo @ kI2bCqDOyl"" checks",2026-10-01T02:14:00.901Z,179082084090100
"""Spenny @ S8ENkJ8OQS"" calls 20",2026-10-01T02:13:59.876Z,179082083987600
"""georgeoge @ wgzHqTfHfQ"" calls 20",2026-10-01T02:13:58.989Z,179082083898900
"""Jonah @ xrBY5OZYCv"" folds",2026-10-01T02:13:58.042Z,179082083804200
"""arash @ 21jHaBYWIi"" calls 20",2026-10-01T02:13:57.182Z,179082083718200
"""Stevo @ kI2bCqDOyl"" posts a big blind of 20",2026-10-01T02:13:51.959Z,179082083195908
"""Spenny @ S8ENkJ8OQS"" posts a small blind of 10",2026-10-01T02:13:51.959Z,179082083195907
"Your hand is A♦, J♠",2026-10-01T02:13:51.959Z,179082083195906
"Player stacks: #2 ""Jonah @ xrBY5OZYCv"" (1540) | #4 ""georgeoge @ wgzHqTfHfQ"" (1490) | #7 ""Spenny @ S8ENkJ8OQS"" (1470) | #9 ""Stevo @ kI2bCqDOyl"" (1180) | #10 ""arash @ 21jHaBYWIi"" (1320)",2026-10-01T02:13:51.959Z,179082083195901
"-- starting hand #84 (id: qrxdpziuizpq)  No Limit Texas Hold'em (dealer: ""georgeoge @ wgzHqTfHfQ"") --",2026-10-01T02:13:51.959Z,179082083195900
"Undealt cards: 7♠, 2♦, 6♥, K♠ [3♣]",2026-10-01T02:13:47.960Z,179082082796000
"""georgeoge @ wgzHqTfHfQ"" shows a K♦, 9♥.",2026-10-01T02:13:47.549Z,179082082754900
"-- ending hand #83 --",2026-10-01T02:13:45.351Z,179082082535102
"""arash @ 21jHaBYWIi"" collected 180 from pot",2026-10-01T02:13:45.351Z,179082082535101
"Uncalled bet of 150 returned to ""arash @ 21jHaBYWIi""",2026-10-01T02:13:45.351Z,179082082535100
"""Jonah @ xrBY5OZYCv"" folds",2026-10-01T02:13:44.522Z,179082082452200
"""arash @ 21jHaBYWIi"" bets 150",2026-10-01T02:13:43.347Z,179082082334700
"Turn: 7♠, 2♦, 6♥ [K♠]",2026-10-01T02:13:39.378Z,179082081937800
"""Spenny @ S8ENkJ8OQS"" folds",2026-10-01T02:13:38.558Z,179082081855800
"""georgeoge @ wgzHqTfHfQ"" folds",2026-10-01T02:13:30.931Z,179082081093100
"""Jonah @ xrBY5OZYCv"" calls 50",2026-10-01T02:13:30.032Z,179082081003200
"""arash @ 21jHaBYWIi"" bets 50",2026-10-01T02:13:28.633Z,179082080863300
"""Spenny @ S8ENkJ8OQS"" checks",2026-10-01T02:13:26.031Z,179082080603100
"""georgeoge @ wgzHqTfHfQ"" checks",2026-10-01T02:13:22.931Z,179082080293100
"Flop:  [7♠, 2♦, 6♥]",2026-10-01T02:13:21.490Z,179082080149000
"""Spenny @ S8ENkJ8OQS"" checks",2026-10-01T02:13:20.568Z,179082080056800
"""georgeoge @ wgzHqTfHfQ"" calls 20",2026-10-01T02:13:19.591Z,179082079959100
"""Jonah @ xrBY5OZYCv"" calls 20",2026-10-01T02:13:18.748Z,179082079874800
"""arash @ 21jHaBYWIi"" calls 20",2026-10-01T02:13:17.869Z,179082079786900
"""Stevo @ kI2bCqDOyl"" folds",2026-10-01T02:13:14.348Z,179082079434800
"""Spenny @ S8ENkJ8OQS"" posts a big blind of 20",2026-10-01T02:13:12.706Z,179082079270608
"""georgeoge @ wgzHqTfHfQ"" posts a small blind of 10",2026-10-01T02:13:12.706Z,179082079270607
"Your hand is 2♠, 4♠",2026-10-01T02:13:12.706Z,179082079270606
"Player stacks: #2 ""Jonah @ xrBY5OZYCv"" (1610) | #4 ""georgeoge @ wgzHqTfHfQ"" (1510) | #7 ""Spenny @ S8ENkJ8OQS"" (1490) | #9 ""Stevo @ kI2bCqDOyl"" (1180) | #10 ""arash @ 21jHaBYWIi"" (1210)",2026-10-01T02:13:12.706Z,179082079270601
"-- starting hand #83 (id: zl5oz01ovuax)  No Limit Texas Hold'em (dealer: ""Jonah @ xrBY5OZYCv"") --",2026-10-01T02:13:12.706Z,179082079270600
"""Spenny @ S8ENkJ8OQS"" shows a A♥, 6♥.",2026-10-01T02:13:06.836Z,179082078683600
"""georgeoge @ wgzHqTfHfQ"" shows a 6♣, 7♦.",2026-10-01T02:13:06.764Z,179082078676400
"-- ending hand #82 --",2026-10-01T02:13:05.684Z,179082078568402
"""arash @ 21jHaBYWIi"" collected 910 from pot with Straight, 9 High (combination: 5♥, 6♠, 7♥, 8♣, 9♥)",2026-10-01T02:13:05.684Z,179082078568401
"""arash @ 21jHaBYWIi"" shows a 5♥, 9♥.",2026-10-01T02:13:05.684Z,179082078568400
"""Spenny @ S8ENkJ8OQS"" calls 250",2026-10-01T02:13:04.766Z,179082078476600
"""georgeoge @ wgzHqTfHfQ"" folds",2026-10-01T02:13:03.863Z,179082078386300
"""arash @ 21jHaBYWIi"" raises to 250",2026-10-01T02:13:01.588Z,179082078158800
"""Stevo @ kI2bCqDOyl"" folds",2026-10-01T02:12:57.828Z,179082077782800
"""Spenny @ S8ENkJ8OQS"" calls 80",2026-10-01T02:12:56.882Z,179082077688200
"""georgeoge @ wgzHqTfHfQ"" bets 80",2026-10-01T02:12:55.214Z,179082077521400
"River: A♠, 7♥, 6♠, 2♦ [8♣]",2026-10-01T02:12:52.163Z,179082077216300
"""arash @ 21jHaBYWIi"" calls 40",2026-10-01T02:12:51.347Z,179082077134700
"""Stevo @ kI2bCqDOyl"" calls 40",2026-10-01T02:12:49.457Z,179082076945700
"""Spenny @ S8ENkJ8OQS"" calls 40",2026-10-01T02:12:48.365Z,179082076836500
"""georgeoge @ wgzHqTfHfQ"" bets 40",2026-10-01T02:12:46.446Z,179082076644600
"Turn: A♠, 7♥, 6♠ [2♦]",2026-10-01T02:12:43.953Z,179082076395300
"""arash @ 21jHaBYWIi"" calls 20",2026-10-01T02:12:43.140Z,179082076314000
"""Stevo @ kI2bCqDOyl"" calls 20",2026-10-01T02:12:42.217Z,179082076221700
"""Spenny @ S8ENkJ8OQS"" calls 20",2026-10-01T02:12:41.266Z,179082076126600
"""georgeoge @ wgzHqTfHfQ"" bets 20",2026-10-01T02:12:35.696Z,179082075569600
"Flop:  [A♠, 7♥, 6♠]",2026-10-01T02:12:33.281Z,179082075328100
"""georgeoge @ wgzHqTfHfQ"" checks",2026-10-01T02:12:32.456Z,179082075245600
"""Jonah @ xrBY5OZYCv"" folds",2026-10-01T02:12:31.584Z,179082075158400
"""arash @ 21jHaBYWIi"" calls 20",2026-10-01T02:12:30.711Z,179082075071100
"""Stevo @ kI2bCqDOyl"" calls 20",2026-10-01T02:12:29.745Z,179082074974500
"""Spenny @ S8ENkJ8OQS"" calls 20",2026-10-01T02:12:28.801Z,179082074880100
"""georgeoge @ wgzHqTfHfQ"" posts a big blind of 20",2026-10-01T02:12:22.931Z,179082074293108
"""Jonah @ xrBY5OZYCv"" posts a small blind of 10",2026-10-01T02:12:22.931Z,179082074293107
"Your hand is 5♥, 9♥",2026-10-01T02:12:22.931Z,179082074293106
"Player stacks: #2 ""Jonah @ xrBY5OZYCv"" (1620) | #4 ""georgeoge @ wgzHqTfHfQ"" (1670) | #7 ""Spenny @ S8ENkJ8OQS"" (1820) | #9 ""Stevo @ kI2bCqDOyl"" (1260) | #10 ""arash @ 21jHaBYWIi"" (630)",2026-10-01T02:12:22.931Z,179082074293101
"-- starting hand #82 (id: rz1fdw1x8mx3)  No Limit Texas Hold'em (dealer: ""arash @ 21jHaBYWIi"") --",2026-10-01T02:12:22.931Z,179082074293100
"Undealt cards: J♦, 5♦, 10♠, 6♣ [K♦]",2026-10-01T02:12:20.904Z,179082074090400
"-- ending hand #81 --",2026-10-01T02:12:17.016Z,179082073701602
"""arash @ 21jHaBYWIi"" collected 160 from pot",2026-10-01T02:12:17.016Z,179082073701601
"Uncalled bet of 50 returned to ""arash @ 21jHaBYWIi""",2026-10-01T02:12:17.016Z,179082073701600
"""Stevo @ kI2bCqDOyl"" folds",2026-10-01T02:12:16.197Z,179082073619700
"""Spenny @ S8ENkJ8OQS"" folds",2026-10-01T02:12:15.161Z,179082073516100
"""arash @ 21jHaBYWIi"" bets 50",2026-10-01T02:12:08.601Z,179082072860100
"Turn: J♦, 5♦, 10♠ [6♣]",2026-10-01T02:11:58.697Z,179082071869700
"""Spenny @ S8ENkJ8OQS"" calls 20",2026-10-01T02:11:57.865Z,179082071786500
"""georgeoge @ wgzHqTfHfQ"" folds",2026-10-01T02:11:56.222Z,179082071622200
"""Jonah @ xrBY5OZYCv"" folds",2026-10-01T02:11:55.347Z,179082071534700
"""arash @ 21jHaBYWIi"" calls 20",2026-10-01T02:11:52.910Z,179082071291000
"""Stevo @ kI2bCqDOyl"" bets 20",2026-10-01T02:11:48.034Z,179082070803400
"""Spenny @ S8ENkJ8OQS"" checks",2026-10-01T02:11:46.535Z,179082070653500
"""georgeoge @ wgzHqTfHfQ"" checks",2026-10-01T02:11:44.480Z,179082070448000
"""Jonah @ xrBY5OZYCv"" checks",2026-10-01T02:11:43.643Z,179082070364300
"""arash @ 21jHaBYWIi"" checks",2026-10-01T02:11:42.712Z,179082070271200
"Flop:  [J♦, 5♦, 10♠]",2026-10-01T02:11:38.442Z,179082069844200
"""Jonah @ xrBY5OZYCv"" checks",2026-10-01T02:11:37.636Z,179082069763600
"""arash @ 21jHaBYWIi"" calls 20",2026-10-01T02:11:36.736Z,179082069673600
"""Stevo @ kI2bCqDOyl"" calls 20",2026-10-01T02:11:32.413Z,179082069241300
"""Spenny @ S8ENkJ8OQS"" calls 20",2026-10-01T02:11:31.464Z,179082069146400
"""georgeoge @ wgzHqTfHfQ"" calls 20",2026-10-01T02:11:30.564Z,179082069056400
"""Jonah @ xrBY5OZYCv"" posts a big blind of 20",2026-10-01T02:11:29.083Z,179082068908308
"""arash @ 21jHaBYWIi"" posts a small blind of 10",2026-10-01T02:11:29.083Z,179082068908307
"Your hand is 8♦, 8♠",2026-10-01T02:11:29.083Z,179082068908306
"Player stacks: #2 ""Jonah @ xrBY5OZYCv"" (1640) | #4 ""georgeoge @ wgzHqTfHfQ"" (1690) | #7 ""Spenny @ S8ENkJ8OQS"" (1860) | #9 ""Stevo @ kI2bCqDOyl"" (1300) | #10 ""arash @ 21jHaBYWIi"" (510)",2026-10-01T02:11:29.083Z,179082068908301
"-- starting hand #81 (id: 7ilgl9nwsmza)  No Limit Texas Hold'em (dealer: ""Stevo @ kI2bCqDOyl"") --",2026-10-01T02:11:29.083Z,179082068908300
"""georgeoge @ wgzHqTfHfQ"" shows a 2♣, 7♣.",2026-10-01T02:11:23.483Z,179082068348300
"-- ending hand #80 --",2026-10-01T02:11:22.565Z,179082068256503
"""arash @ 21jHaBYWIi"" collected 120 from pot with Two Pair, 9's & 3's (combination: K♣, 3♥, 3♦, 9♠, 9♦)",2026-10-01T02:11:22.565Z,179082068256502
"""arash @ 21jHaBYWIi"" shows a 9♠, 3♥.",2026-10-01T02:11:22.565Z,179082068256501
"""Stevo @ kI2bCqDOyl"" shows a 5♥, 4♠.",2026-10-01T02:11:22.565Z,179082068256500
"""Spenny @ S8ENkJ8OQS"" folds",2026-10-01T02:11:21.701Z,179082068170100
"""georgeoge @ wgzHqTfHfQ"" folds",2026-10-01T02:11:16.707Z,179082067670700
"""arash @ 21jHaBYWIi"" calls 20",2026-10-01T02:11:15.826Z,179082067582600
"""Stevo @ kI2bCqDOyl"" bets 20",2026-10-01T02:11:09.579Z,179082066957900
"River: K♣, 4♦, 3♦, 9♦ [8♠]",2026-10-01T02:11:08.165Z,179082066816500
"""Spenny @ S8ENkJ8OQS"" checks",2026-10-01T02:11:07.347Z,179082066734700
"""georgeoge @ wgzHqTfHfQ"" checks",2026-10-01T02:11:04.362Z,179082066436200
"""arash @ 21jHaBYWIi"" checks",2026-10-01T02:11:03.529Z,179082066352900
"""Stevo @ kI2bCqDOyl"" checks",2026-10-01T02:11:00.519Z,179082066051900
"Turn: K♣, 4♦, 3♦ [9♦]",2026-10-01T02:10:59.490Z,179082065949000
"""Spenny @ S8ENkJ8OQS"" checks",2026-10-01T02:10:58.631Z,179082065863100
"""georgeoge @ wgzHqTfHfQ"" checks",2026-10-01T02:10:57.719Z,179082065771900
"""arash @ 21jHaBYWIi"" checks",2026-10-01T02:10:56.826Z,179082065682600
"""Stevo @ kI2bCqDOyl"" checks",2026-10-01T02:10:55.397Z,179082065539700
"Flop:  [K♣, 4♦, 3♦]",2026-10-01T02:10:53.992Z,179082065399200
"""arash @ 21jHaBYWIi"" checks",2026-10-01T02:10:53.174Z,179082065317400
"""Stevo @ kI2bCqDOyl"" calls 20",2026-10-01T02:10:52.206Z,179082065220600
"""Spenny @ S8ENkJ8OQS"" calls 20",2026-10-01T02:10:51.273Z,179082065127300
"""georgeoge @ wgzHqTfHfQ"" calls 20",2026-10-01T02:10:48.705Z,179082064870500
"""Jonah @ xrBY5OZYCv"" folds",2026-10-01T02:10:47.854Z,179082064785400
"""arash @ 21jHaBYWIi"" posts a big blind of 20",2026-10-01T02:10:46.075Z,179082064607508
"""Stevo @ kI2bCqDOyl"" posts a small blind of 10",2026-10-01T02:10:46.075Z,179082064607507
"Your hand is 9♠, 3♥",2026-10-01T02:10:46.075Z,179082064607506
"Player stacks: #2 ""Jonah @ xrBY5OZYCv"" (1640) | #4 ""georgeoge @ wgzHqTfHfQ"" (1710) | #7 ""Spenny @ S8ENkJ8OQS"" (1880) | #9 ""Stevo @ kI2bCqDOyl"" (1340) | #10 ""arash @ 21jHaBYWIi"" (430)",2026-10-01T02:10:46.075Z,179082064607501
"-- starting hand #80 (id: 300wmvjzd29m)  No Limit Texas Hold'em (dealer: ""Spenny @ S8ENkJ8OQS"") --",2026-10-01T02:10:46.075Z,179082064607500
"""Stevo @ kI2bCqDOyl"" shows a K♣, 6♦.",2026-10-01T02:10:40.941Z,179082064094100
"Undealt cards: K♥, 8♥, 3♥ [K♦, 8♠]",2026-10-01T02:10:40.737Z,179082064073700
"""georgeoge @ wgzHqTfHfQ"" shows a 8♦, A♦.",2026-10-01T02:10:40.619Z,179082064061900
"-- ending hand #79 --",2026-10-01T02:10:38.718Z,179082063871802
"""Stevo @ kI2bCqDOyl"" collected 80 from pot",2026-10-01T02:10:38.718Z,179082063871801
"Uncalled bet of 20 returned to ""Stevo @ kI2bCqDOyl""",2026-10-01T02:10:38.718Z,179082063871800
"""Spenny @ S8ENkJ8OQS"" folds",2026-10-01T02:10:37.872Z,179082063787200
"""georgeoge @ wgzHqTfHfQ"" folds",2026-10-01T02:10:26.997Z,179082062699700
"""arash @ 21jHaBYWIi"" folds",2026-10-01T02:10:26.159Z,179082062615900
"""Stevo @ kI2bCqDOyl"" bets 20",2026-10-01T02:10:25.268Z,179082062526800
"""Spenny @ S8ENkJ8OQS"" checks",2026-10-01T02:10:24.108Z,179082062410800
"Flop:  [K♥, 8♥, 3♥]",2026-10-01T02:10:18.838Z,179082061883800
"""Stevo @ kI2bCqDOyl"" checks",2026-10-01T02:10:17.976Z,179082061797600
"""Spenny @ S8ENkJ8OQS"" calls 20",2026-10-01T02:10:17.009Z,179082061700900
"""georgeoge @ wgzHqTfHfQ"" calls 20",2026-10-01T02:10:15.267Z,179082061526700
"""Jonah @ xrBY5OZYCv"" folds",2026-10-01T02:10:14.396Z,179082061439600
"""arash @ 21jHaBYWIi"" calls 20",2026-10-01T02:10:12.032Z,179082061203200
"""Stevo @ kI2bCqDOyl"" posts a big blind of 20",2026-10-01T02:10:09.230Z,179082060923008
"""Spenny @ S8ENkJ8OQS"" posts a small blind of 10",2026-10-01T02:10:09.230Z,179082060923007
"Your hand is 4♥, A♠",2026-10-01T02:10:09.230Z,179082060923006
"Player stacks: #2 ""Jonah @ xrBY5OZYCv"" (1640) | #4 ""georgeoge @ wgzHqTfHfQ"" (1730) | #7 ""Spenny @ S8ENkJ8OQS"" (1900) | #9 ""Stevo @ kI2bCqDOyl"" (1280) | #10 ""arash @ 21jHaBYWIi"" (450)",2026-10-01T02:10:09.230Z,179082060923001
"-- starting hand #79 (id: 5rybxwjmogj0)  No Limit Texas Hold'em (dealer: ""georgeoge @ wgzHqTfHfQ"") --",2026-10-01T02:10:09.230Z,179082060923000
"""georgeoge @ wgzHqTfHfQ"" shows a 10♥, Q♦.",2026-10-01T02:10:06.398Z,179082060639800
"-- ending hand #78 --",2026-10-01T02:10:05.623Z,179082060562302
"""georgeoge @ wgzHqTfHfQ"" collected 280 from pot",2026-10-01T02:10:05.623Z,179082060562301
"Uncalled bet of 80 returned to ""georgeoge @ wgzHqTfHfQ""",2026-10-01T02:10:05.623Z,179082060562300
"""arash @ 21jHaBYWIi"" folds",2026-10-01T02:10:04.777Z,179082060477700
"""Spenny @ S8ENkJ8OQS"" folds",2026-10-01T02:10:00.219Z,179082060021900
"""georgeoge @ wgzHqTfHfQ"" bets 80",2026-10-01T02:09:54.747Z,179082059474700
"River: 2♦, A♣, J♠, K♦ [9♣]",2026-10-01T02:09:51.161Z,179082059116100
"""arash @ 21jHaBYWIi"" calls 40",2026-10-01T02:09:50.327Z,179082059032700
"""Stevo @ kI2bCqDOyl"" folds",2026-10-01T02:09:44.399Z,179082058439900
"""Spenny @ S8ENkJ8OQS"" calls 40",2026-10-01T02:09:43.397Z,179082058339700
"""georgeoge @ wgzHqTfHfQ"" bets 40",2026-10-01T02:09:34.281Z,179082057428100
"Turn: 2♦, A♣, J♠ [K♦]",2026-10-01T02:09:31.088Z,179082057108800
"""georgeoge @ wgzHqTfHfQ"" calls 20",2026-10-01T02:09:30.263Z,179082057026300
"""arash @ 21jHaBYWIi"" calls 20",2026-10-01T02:09:28.196Z,179082056819600
"""Stevo @ kI2bCqDOyl"" calls 20",2026-10-01T02:09:22.942Z,179082056294200
"""Spenny @ S8ENkJ8OQS"" bets 20",2026-10-01T02:09:21.858Z,179082056185800
"""georgeoge @ wgzHqTfHfQ"" checks",2026-10-01T02:09:15.498Z,179082055549800
"Flop:  [2♦, A♣, J♠]",2026-10-01T02:09:12.056Z,179082055205600
"""Spenny @ S8ENkJ8OQS"" checks",2026-10-01T02:09:11.204Z,179082055120400
"""georgeoge @ wgzHqTfHfQ"" calls 20",2026-10-01T02:09:10.300Z,179082055030000
"""Jonah @ xrBY5OZYCv"" folds",2026-10-01T02:09:09.462Z,179082054946200
"""arash @ 21jHaBYWIi"" calls 20",2026-10-01T02:09:03.808Z,179082054380800
"""Stevo @ kI2bCqDOyl"" calls 20",2026-10-01T02:08:55.150Z,179082053515000
"""Spenny @ S8ENkJ8OQS"" posts a big blind of 20",2026-10-01T02:08:54.203Z,179082053420308
"""georgeoge @ wgzHqTfHfQ"" posts a small blind of 10",2026-10-01T02:08:54.203Z,179082053420307
"Your hand is 8♦, 6♥",2026-10-01T02:08:54.203Z,179082053420306
"Player stacks: #2 ""Jonah @ xrBY5OZYCv"" (1640) | #4 ""georgeoge @ wgzHqTfHfQ"" (1530) | #7 ""Spenny @ S8ENkJ8OQS"" (1980) | #9 ""Stevo @ kI2bCqDOyl"" (1320) | #10 ""arash @ 21jHaBYWIi"" (530)",2026-10-01T02:08:54.203Z,179082053420301
"-- starting hand #78 (id: u9ywzblkoaiv)  No Limit Texas Hold'em (dealer: ""Jonah @ xrBY5OZYCv"") --",2026-10-01T02:08:54.203Z,179082053420300
"-- ending hand #77 --",2026-10-01T02:08:48.190Z,179082052819002
"""Jonah @ xrBY5OZYCv"" collected 240 from pot with Straight, 6 High (combination: 2♠, 3♠, 4♥, 5♠, 6♣)",2026-10-01T02:08:48.190Z,179082052819001
"""Jonah @ xrBY5OZYCv"" shows a 3♠, 5♠.",2026-10-01T02:08:48.190Z,179082052819000
"""arash @ 21jHaBYWIi"" calls 50",2026-10-01T02:08:47.370Z,179082052737000
"""Spenny @ S8ENkJ8OQS"" folds",2026-10-01T02:08:42.869Z,179082052286900
"""Jonah @ xrBY5OZYCv"" bets 50",2026-10-01T02:08:39.007Z,179082051900700
"River: 2♣, Q♣, 6♣, 4♥ [2♠]",2026-10-01T02:08:34.577Z,179082051457700
"""arash @ 21jHaBYWIi"" calls 20",2026-10-01T02:08:33.728Z,179082051372800
"""Spenny @ S8ENkJ8OQS"" calls 20",2026-10-01T02:08:24.822Z,179082050482200
"""georgeoge @ wgzHqTfHfQ"" folds",2026-10-01T02:08:17.579Z,179082049757900
"""Jonah @ xrBY5OZYCv"" bets 20",2026-10-01T02:08:07.706Z,179082048770600
"Turn: 2♣, Q♣, 6♣ [4♥]",2026-10-01T02:08:03.563Z,179082048356300
"""arash @ 21jHaBYWIi"" checks",2026-10-01T02:08:02.754Z,179082048275400
"""Spenny @ S8ENkJ8OQS"" checks",2026-10-01T02:07:56.898Z,179082047689800
"""georgeoge @ wgzHqTfHfQ"" checks",2026-10-01T02:07:52.681Z,179082047268100
"""Jonah @ xrBY5OZYCv"" checks",2026-10-01T02:07:50.371Z,179082047037100
"Flop:  [2♣, Q♣, 6♣]",2026-10-01T02:07:46.085Z,179082046608500
"""georgeoge @ wgzHqTfHfQ"" checks",2026-10-01T02:07:45.224Z,179082046522400
"""Jonah @ xrBY5OZYCv"" calls 20",2026-10-01T02:07:44.364Z,179082046436400
"""arash @ 21jHaBYWIi"" calls 20",2026-10-01T02:07:43.488Z,179082046348800
"""Stevo @ kI2bCqDOyl"" folds",2026-10-01T02:07:39.310Z,179082045931000
"""Spenny @ S8ENkJ8OQS"" calls 20",2026-10-01T02:07:38.363Z,179082045836300
"""georgeoge @ wgzHqTfHfQ"" posts a big blind of 20",2026-10-01T02:07:35.364Z,179082045536408
"""Jonah @ xrBY5OZYCv"" posts a small blind of 10",2026-10-01T02:07:35.364Z,179082045536407
"Your hand is J♣, Q♠",2026-10-01T02:07:35.364Z,179082045536406
"Player stacks: #2 ""Jonah @ xrBY5OZYCv"" (1490) | #4 ""georgeoge @ wgzHqTfHfQ"" (1550) | #7 ""Spenny @ S8ENkJ8OQS"" (2020) | #9 ""Stevo @ kI2bCqDOyl"" (1320) | #10 ""arash @ 21jHaBYWIi"" (620)",2026-10-01T02:07:35.364Z,179082045536401
"-- starting hand #77 (id: 2x1ksjb4wvme)  No Limit Texas Hold'em (dealer: ""arash @ 21jHaBYWIi"") --",2026-10-01T02:07:35.364Z,179082045536400
"""georgeoge @ wgzHqTfHfQ"" shows a 8♣, 10♠.",2026-10-01T02:07:34.148Z,179082045414800
"-- ending hand #76 --",2026-10-01T02:07:31.759Z,179082045175902
"""Spenny @ S8ENkJ8OQS"" collected 160 from pot",2026-10-01T02:07:31.759Z,179082045175901
"Uncalled bet of 20 returned to ""Spenny @ S8ENkJ8OQS""",2026-10-01T02:07:31.759Z,179082045175900
"""Jonah @ xrBY5OZYCv"" folds",2026-10-01T02:07:30.929Z,179082045092900
"""Spenny @ S8ENkJ8OQS"" bets 20",2026-10-01T02:07:30.030Z,179082045003000
"""Jonah @ xrBY5OZYCv"" checks",2026-10-01T02:07:23.413Z,179082044341300
"River: 8♠, 7♦, 5♣, A♦ [5♦]",2026-10-01T02:07:21.873Z,179082044187300
"""Jonah @ xrBY5OZYCv"" calls 20",2026-10-01T02:07:21.067Z,179082044106700
"""Spenny @ S8ENkJ8OQS"" bets 20",2026-10-01T02:07:19.636Z,179082043963600
"""Jonah @ xrBY5OZYCv"" checks",2026-10-01T02:07:16.071Z,179082043607100
"Turn: 8♠, 7♦, 5♣ [A♦]",2026-10-01T02:07:14.440Z,179082043444000
"""Jonah @ xrBY5OZYCv"" calls 20",2026-10-01T02:07:13.596Z,179082043359600
"""arash @ 21jHaBYWIi"" folds",2026-10-01T02:07:12.736Z,179082043273600
"""Stevo @ kI2bCqDOyl"" folds",2026-10-01T02:07:01.804Z,179082042180400
"""Spenny @ S8ENkJ8OQS"" bets 20",2026-10-01T02:07:00.786Z,179082042078600
"""Jonah @ xrBY5OZYCv"" checks",2026-10-01T02:06:52.114Z,179082041211400
"""arash @ 21jHaBYWIi"" checks",2026-10-01T02:06:51.262Z,179082041126200
"Flop:  [8♠, 7♦, 5♣]",2026-10-01T02:06:44.263Z,179082040426300
"""Jonah @ xrBY5OZYCv"" checks",2026-10-01T02:06:43.439Z,179082040343900
"""arash @ 21jHaBYWIi"" calls 20",2026-10-01T02:06:42.551Z,179082040255100
"""Stevo @ kI2bCqDOyl"" calls 20",2026-10-01T02:06:41.640Z,179082040164000
"""Spenny @ S8ENkJ8OQS"" calls 20",2026-10-01T02:06:40.667Z,179082040066700
"""georgeoge @ wgzHqTfHfQ"" folds",2026-10-01T02:06:39.764Z,179082039976400
"""Jonah @ xrBY5OZYCv"" posts a big blind of 20",2026-10-01T02:06:31.709Z,179082039170908
"""arash @ 21jHaBYWIi"" posts a small blind of 10",2026-10-01T02:06:31.709Z,179082039170907
"Your hand is 4♥, 2♠",2026-10-01T02:06:31.709Z,179082039170906
"Player stacks: #2 ""Jonah @ xrBY5OZYCv"" (1550) | #4 ""georgeoge @ wgzHqTfHfQ"" (1550) | #7 ""Spenny @ S8ENkJ8OQS"" (1920) | #9 ""Stevo @ kI2bCqDOyl"" (1340) | #10 ""arash @ 21jHaBYWIi"" (640)",2026-10-01T02:06:31.709Z,179082039170901
"-- starting hand #76 (id: 6duojmzv698w)  No Limit Texas Hold'em (dealer: ""Stevo @ kI2bCqDOyl"") --",2026-10-01T02:06:31.709Z,179082039170900
"-- ending hand #75 --",2026-10-01T02:06:25.658Z,179082038565803
"""arash @ 21jHaBYWIi"" collected 160 from pot with Two Pair, 8's & 4's (combination: J♦, 4♣, 4♠, 8♥, 8♦)",2026-10-01T02:06:25.658Z,179082038565802
"""arash @ 21jHaBYWIi"" shows a 8♥, 5♠.",2026-10-01T02:06:25.658Z,179082038565801
"""Stevo @ kI2bCqDOyl"" shows a A♣, K♦.",2026-10-01T02:06:25.658Z,179082038565800
"""Jonah @ xrBY5OZYCv"" folds",2026-10-01T02:06:24.796Z,179082038479600
"""arash @ 21jHaBYWIi"" calls 20",2026-10-01T02:06:15.563Z,179082037556300
"""Stevo @ kI2bCqDOyl"" bets 20",2026-10-01T02:06:13.499Z,179082037349900
"River: 4♣, J♦, 4♠, 3♠ [8♦]",2026-10-01T02:06:12.367Z,179082037236700
"""Jonah @ xrBY5OZYCv"" checks",2026-10-01T02:06:11.543Z,179082037154300
"""arash @ 21jHaBYWIi"" checks",2026-10-01T02:06:09.599Z,179082036959900
"""Stevo @ kI2bCqDOyl"" checks",2026-10-01T02:06:03.588Z,179082036358800
"Turn: 4♣, J♦, 4♠ [3♠]",2026-10-01T02:06:02.214Z,179082036221400
"""Jonah @ xrBY5OZYCv"" checks",2026-10-01T02:06:01.125Z,179082036112500
"""arash @ 21jHaBYWIi"" checks",2026-10-01T02:06:00.222Z,179082036022200
"""Stevo @ kI2bCqDOyl"" checks",2026-10-01T02:05:57.378Z,179082035737800
"Flop:  [4♣, J♦, 4♠]",2026-10-01T02:05:55.770Z,179082035577000
"""Jonah @ xrBY5OZYCv"" calls 40",2026-10-01T02:05:54.966Z,179082035496600
"""arash @ 21jHaBYWIi"" calls 40",2026-10-01T02:05:51.837Z,179082035183700
"""Stevo @ kI2bCqDOyl"" raises to 40",2026-10-01T02:05:49.347Z,179082034934700
"""Spenny @ S8ENkJ8OQS"" folds",2026-10-01T02:05:47.554Z,179082034755400
"""georgeoge @ wgzHqTfHfQ"" folds",2026-10-01T02:05:44.557Z,179082034455700
"""Jonah @ xrBY5OZYCv"" calls 20",2026-10-01T02:05:43.677Z,179082034367700
"""arash @ 21jHaBYWIi"" posts a big blind of 20",2026-10-01T02:05:39.562Z,179082033956208
"""Stevo @ kI2bCqDOyl"" posts a small blind of 10",2026-10-01T02:05:39.562Z,179082033956207
"Your hand is 8♥, 5♠",2026-10-01T02:05:39.562Z,179082033956206
"Player stacks: #2 ""Jonah @ xrBY5OZYCv"" (1590) | #4 ""georgeoge @ wgzHqTfHfQ"" (1550) | #7 ""Spenny @ S8ENkJ8OQS"" (1920) | #9 ""Stevo @ kI2bCqDOyl"" (1400) | #10 ""arash @ 21jHaBYWIi"" (540)",2026-10-01T02:05:39.562Z,179082033956201
"-- starting hand #75 (id: ovpulgv4dzs7)  No Limit Texas Hold'em (dealer: ""Spenny @ S8ENkJ8OQS"") --",2026-10-01T02:05:39.562Z,179082033956200
"""georgeoge @ wgzHqTfHfQ"" shows a 5♣, 3♥.",2026-10-01T02:05:37.250Z,179082033725000
"Undealt cards: 5♠, J♠, 8♥, 9♣ [2♠]",2026-10-01T02:05:33.979Z,179082033397900
"-- ending hand #74 --",2026-10-01T02:05:32.877Z,179082033287702
"""arash @ 21jHaBYWIi"" collected 120 from pot",2026-10-01T02:05:32.877Z,179082033287701
"Uncalled bet of 50 returned to ""arash @ 21jHaBYWIi""",2026-10-01T02:05:32.877Z,179082033287700
"""Stevo @ kI2bCqDOyl"" folds",2026-10-01T02:05:31.999Z,179082033199900
"""Spenny @ S8ENkJ8OQS"" folds",2026-10-01T02:05:30.991Z,179082033099100
"""arash @ 21jHaBYWIi"" bets 50",2026-10-01T02:05:21.643Z,179082032164300
"""Stevo @ kI2bCqDOyl"" checks",2026-10-01T02:05:19.037Z,179082031903700
"""Spenny @ S8ENkJ8OQS"" checks",2026-10-01T02:05:18.096Z,179082031809600
"Turn: 5♠, J♠, 8♥ [9♣]",2026-10-01T02:05:14.578Z,179082031457800
"""arash @ 21jHaBYWIi"" checks",2026-10-01T02:05:13.754Z,179082031375400
"""Stevo @ kI2bCqDOyl"" checks",2026-10-01T02:05:12.847Z,179082031284700
"""Spenny @ S8ENkJ8OQS"" checks",2026-10-01T02:05:11.878Z,179082031187800
"Flop:  [5♠, J♠, 8♥]",2026-10-01T02:05:09.544Z,179082030954400
"""Spenny @ S8ENkJ8OQS"" calls 40",2026-10-01T02:05:08.713Z,179082030871300
"""arash @ 21jHaBYWIi"" calls 40",2026-10-01T02:05:03.802Z,179082030380200
"""Stevo @ kI2bCqDOyl"" raises to 40",2026-10-01T02:05:01.888Z,179082030188800
"""Spenny @ S8ENkJ8OQS"" calls 20",2026-10-01T02:04:59.500Z,179082029950000
"""georgeoge @ wgzHqTfHfQ"" folds",2026-10-01T02:04:58.615Z,179082029861500
"""Jonah @ xrBY5OZYCv"" folds",2026-10-01T02:04:49.520Z,179082028952000
"""arash @ 21jHaBYWIi"" calls 20",2026-10-01T02:04:48.665Z,179082028866500
"""Stevo @ kI2bCqDOyl"" posts a big blind of 20",2026-10-01T02:04:44.406Z,179082028440608
"""Spenny @ S8ENkJ8OQS"" posts a small blind of 10",2026-10-01T02:04:44.406Z,179082028440607
"Your hand is 9♦, Q♠",2026-10-01T02:04:44.406Z,179082028440606
"Player stacks: #2 ""Jonah @ xrBY5OZYCv"" (1590) | #4 ""georgeoge @ wgzHqTfHfQ"" (1550) | #7 ""Spenny @ S8ENkJ8OQS"" (1960) | #9 ""Stevo @ kI2bCqDOyl"" (1440) | #10 ""arash @ 21jHaBYWIi"" (460)",2026-10-01T02:04:44.406Z,179082028440601
"-- starting hand #74 (id: tfgorw1otmy1)  No Limit Texas Hold'em (dealer: ""georgeoge @ wgzHqTfHfQ"") --",2026-10-01T02:04:44.406Z,179082028440600
"""Stevo @ kI2bCqDOyl"" shows a 7♣, 10♣.",2026-10-01T02:04:39.387Z,179082027938700
"-- ending hand #73 --",2026-10-01T02:04:37.776Z,179082027777602
"""Stevo @ kI2bCqDOyl"" collected 80 from pot",2026-10-01T02:04:37.776Z,179082027777601
"Uncalled bet of 40 returned to ""Stevo @ kI2bCqDOyl""",2026-10-01T02:04:37.776Z,179082027777600
"""Spenny @ S8ENkJ8OQS"" folds",2026-10-01T02:04:36.960Z,179082027696000
"""georgeoge @ wgzHqTfHfQ"" folds",2026-10-01T02:04:26.944Z,179082026694400
"""arash @ 21jHaBYWIi"" folds",2026-10-01T02:04:23.882Z,179082026388200
"""Stevo @ kI2bCqDOyl"" bets 40",2026-10-01T02:04:20.022Z,179082026002200
"""Spenny @ S8ENkJ8OQS"" checks",2026-10-01T02:04:17.452Z,179082025745200
"""georgeoge @ wgzHqTfHfQ"" checks",2026-10-01T02:04:16.457Z,179082025645700
"Flop:  [7♦, 10♥, K♣]",2026-10-01T02:04:14.359Z,179082025435900
"""Spenny @ S8ENkJ8OQS"" checks",2026-10-01T02:04:13.441Z,179082025344100
"""georgeoge @ wgzHqTfHfQ"" calls 20",2026-10-01T02:04:12.448Z,179082025244800
"""Jonah @ xrBY5OZYCv"" folds",2026-10-01T02:04:11.611Z,179082025161100
"""arash @ 21jHaBYWIi"" calls 20",2026-10-01T02:04:10.716Z,179082025071600
"""Stevo @ kI2bCqDOyl"" calls 20",2026-10-01T02:04:07.548Z,179082024754800
"""Spenny @ S8ENkJ8OQS"" posts a big blind of 20",2026-10-01T02:04:05.120Z,179082024512008
"""georgeoge @ wgzHqTfHfQ"" posts a small blind of 10",2026-10-01T02:04:05.120Z,179082024512007
"Your hand is 9♠, A♣",2026-10-01T02:04:05.120Z,179082024512006
"Player stacks: #2 ""Jonah @ xrBY5OZYCv"" (1590) | #4 ""georgeoge @ wgzHqTfHfQ"" (1570) | #7 ""Spenny @ S8ENkJ8OQS"" (1980) | #9 ""Stevo @ kI2bCqDOyl"" (1380) | #10 ""arash @ 21jHaBYWIi"" (480)",2026-10-01T02:04:05.120Z,179082024512001
"-- starting hand #73 (id: lnxlfkxnbzd9)  No Limit Texas Hold'em (dealer: ""Jonah @ xrBY5OZYCv"") --",2026-10-01T02:04:05.120Z,179082024512000
"""Stevo @ kI2bCqDOyl"" shows a K♣, 7♦.",2026-10-01T02:04:00.212Z,179082024021200
"-- ending hand #72 --",2026-10-01T02:03:58.558Z,179082023855802
"""georgeoge @ wgzHqTfHfQ"" collected 260 from pot with Pair, K's (combination: 6♠, 10♥, Q♣, K♥, K♠)",2026-10-01T02:03:58.558Z,179082023855801
"""georgeoge @ wgzHqTfHfQ"" shows a Q♣, K♥.",2026-10-01T02:03:58.558Z,179082023855800
"""arash @ 21jHaBYWIi"" calls 20",2026-10-01T02:03:57.712Z,179082023771200
"""Stevo @ kI2bCqDOyl"" calls 20",2026-10-01T02:03:53.551Z,179082023355100
"""Spenny @ S8ENkJ8OQS"" calls 20",2026-10-01T02:03:51.408Z,179082023140800
"""georgeoge @ wgzHqTfHfQ"" bets 20",2026-10-01T02:03:44.516Z,179082022451600
"River: 10♥, 6♠, 3♦, K♠ [5♥]",2026-10-01T02:03:42.460Z,179082022246000
"""georgeoge @ wgzHqTfHfQ"" calls 20",2026-10-01T02:03:41.573Z,179082022157300
"""Jonah @ xrBY5OZYCv"" folds",2026-10-01T02:03:40.705Z,179082022070500
"""arash @ 21jHaBYWIi"" calls 20",2026-10-01T02:03:39.833Z,179082021983300
"""Stevo @ kI2bCqDOyl"" calls 20",2026-10-01T02:03:38.913Z,179082021891300
"""Spenny @ S8ENkJ8OQS"" bets 20",2026-10-01T02:03:36.345Z,179082021634500
"""georgeoge @ wgzHqTfHfQ"" checks",2026-10-01T02:03:32.435Z,179082021243500
"""Jonah @ xrBY5OZYCv"" checks",2026-10-01T02:03:31.571Z,179082021157100
"Turn: 10♥, 6♠, 3♦ [K♠]",2026-10-01T02:03:30.101Z,179082021010100
"""arash @ 21jHaBYWIi"" checks",2026-10-01T02:03:29.295Z,179082020929500
"""Stevo @ kI2bCqDOyl"" checks",2026-10-01T02:03:28.342Z,179082020834200
"""Spenny @ S8ENkJ8OQS"" checks",2026-10-01T02:03:23.083Z,179082020308300
"""georgeoge @ wgzHqTfHfQ"" checks",2026-10-01T02:03:22.197Z,179082020219700
"""Jonah @ xrBY5OZYCv"" checks",2026-10-01T02:03:19.247Z,179082019924700
"Flop:  [10♥, 6♠, 3♦]",2026-10-01T02:03:17.199Z,179082019719900
"""georgeoge @ wgzHqTfHfQ"" checks",2026-10-01T02:03:16.337Z,179082019633700
"""Jonah @ xrBY5OZYCv"" calls 20",2026-10-01T02:03:15.423Z,179082019542300
"""arash @ 21jHaBYWIi"" calls 20",2026-10-01T02:03:10.077Z,179082019007700
"""Stevo @ kI2bCqDOyl"" calls 20",2026-10-01T02:03:06.227Z,179082018622700
"""Spenny @ S8ENkJ8OQS"" calls 20",2026-10-01T02:03:05.280Z,179082018528000
"""georgeoge @ wgzHqTfHfQ"" posts a big blind of 20",2026-10-01T02:03:03.489Z,179082018348908
"""Jonah @ xrBY5OZYCv"" posts a small blind of 10",2026-10-01T02:03:03.489Z,179082018348907
"Your hand is A♥, 6♣",2026-10-01T02:03:03.489Z,179082018348906
"Player stacks: #2 ""Jonah @ xrBY5OZYCv"" (1610) | #4 ""georgeoge @ wgzHqTfHfQ"" (1370) | #7 ""Spenny @ S8ENkJ8OQS"" (2040) | #9 ""Stevo @ kI2bCqDOyl"" (1440) | #10 ""arash @ 21jHaBYWIi"" (540)",2026-10-01T02:03:03.489Z,179082018348901
"-- starting hand #72 (id: ka0x1el3p6mu)  No Limit Texas Hold'em (dealer: ""arash @ 21jHaBYWIi"") --",2026-10-01T02:03:03.489Z,179082018348900
"""georgeoge @ wgzHqTfHfQ"" shows a Q♦, 6♥.",2026-10-01T02:03:00.232Z,179082018023200
"-- ending hand #71 --",2026-10-01T02:02:56.843Z,179082017684302
"""Stevo @ kI2bCqDOyl"" collected 80 from pot",2026-10-01T02:02:56.843Z,179082017684301
"Uncalled bet of 20 returned to ""Stevo @ kI2bCqDOyl""",2026-10-01T02:02:56.843Z,179082017684300
"""Spenny @ S8ENkJ8OQS"" folds",2026-10-01T02:02:56.014Z,179082017601400
"""Jonah @ xrBY5OZYCv"" folds",2026-10-01T02:02:51.303Z,179082017130300
"""arash @ 21jHaBYWIi"" folds",2026-10-01T02:02:50.412Z,179082017041200
"""Stevo @ kI2bCqDOyl"" bets 20",2026-10-01T02:02:46.721Z,179082016672100
"""Spenny @ S8ENkJ8OQS"" checks",2026-10-01T02:02:45.649Z,179082016564900
"""Jonah @ xrBY5OZYCv"" checks",2026-10-01T02:02:42.755Z,179082016275500
"""arash @ 21jHaBYWIi"" checks",2026-10-01T02:02:38.503Z,179082015850300
"Turn: 2♥, 9♠, Q♥ [10♦]",2026-10-01T02:02:36.443Z,179082015644300
"""Stevo @ kI2bCqDOyl"" checks",2026-10-01T02:02:35.636Z,179082015563600
"""Spenny @ S8ENkJ8OQS"" checks",2026-10-01T02:02:34.646Z,179082015464600
"""Jonah @ xrBY5OZYCv"" checks",2026-10-01T02:02:33.716Z,179082015371600
"""arash @ 21jHaBYWIi"" checks",2026-10-01T02:02:31.782Z,179082015178200
"Flop:  [2♥, 9♠, Q♥]",2026-10-01T02:02:29.899Z,179082014989900
"""Jonah @ xrBY5OZYCv"" checks",2026-10-01T02:02:29.043Z,179082014904300
"""arash @ 21jHaBYWIi"" calls 20",2026-10-01T02:02:28.169Z,179082014816900
"""Stevo @ kI2bCqDOyl"" calls 20",2026-10-01T02:02:22.208Z,179082014220800
"""Spenny @ S8ENkJ8OQS"" calls 20",2026-10-01T02:02:21.281Z,179082014128100
"""georgeoge @ wgzHqTfHfQ"" folds",2026-10-01T02:02:20.364Z,179082014036400
"""Jonah @ xrBY5OZYCv"" posts a big blind of 20",2026-10-01T02:02:18.562Z,179082013856208
"""arash @ 21jHaBYWIi"" posts a small blind of 10",2026-10-01T02:02:18.562Z,179082013856207
"Your hand is A♦, 6♣",2026-10-01T02:02:18.562Z,179082013856206
"Player stacks: #2 ""Jonah @ xrBY5OZYCv"" (1630) | #4 ""georgeoge @ wgzHqTfHfQ"" (1370) | #7 ""Spenny @ S8ENkJ8OQS"" (2060) | #9 ""Stevo @ kI2bCqDOyl"" (1380) | #10 ""arash @ 21jHaBYWIi"" (560)",2026-10-01T02:02:18.562Z,179082013856201
"-- starting hand #71 (id: kucu4yswxavj)  No Limit Texas Hold'em (dealer: ""Stevo @ kI2bCqDOyl"") --",2026-10-01T02:02:18.562Z,179082013856200
"""Spenny @ S8ENkJ8OQS"" shows a 10♥, 9♠.",2026-10-01T02:02:16.291Z,179082013629100
"""georgeoge @ wgzHqTfHfQ"" shows a 3♣, 9♥.",2026-10-01T02:02:15.315Z,179082013531500
"-- ending hand #70 --",2026-10-01T02:02:14.233Z,179082013423302
"""Spenny @ S8ENkJ8OQS"" collected 60 from pot",2026-10-01T02:02:14.233Z,179082013423301
"Uncalled bet of 40 returned to ""Spenny @ S8ENkJ8OQS""",2026-10-01T02:02:14.233Z,179082013423300
"""arash @ 21jHaBYWIi"" folds",2026-10-01T02:02:13.381Z,179082013338100
"""Stevo @ kI2bCqDOyl"" folds",2026-10-01T02:02:08.956Z,179082012895600
"""Spenny @ S8ENkJ8OQS"" bets 40",2026-10-01T02:02:07.988Z,179082012798800
"""arash @ 21jHaBYWIi"" checks",2026-10-01T02:02:04.545Z,179082012454500
"""Stevo @ kI2bCqDOyl"" checks",2026-10-01T02:02:01.573Z,179082012157300
"River: 8♥, 8♦, Q♠, 6♦ [7♦]",2026-10-01T02:02:00.590Z,179082012059000
"""Spenny @ S8ENkJ8OQS"" checks",2026-10-01T02:01:59.762Z,179082011976200
"""arash @ 21jHaBYWIi"" checks",2026-10-01T02:01:56.893Z,179082011689300
"""Stevo @ kI2bCqDOyl"" checks",2026-10-01T02:01:53.520Z,179082011352000
"Turn: 8♥, 8♦, Q♠ [6♦]",2026-10-01T02:01:52.268Z,179082011226800
"""Spenny @ S8ENkJ8OQS"" checks",2026-10-01T02:01:51.457Z,179082011145700
"""arash @ 21jHaBYWIi"" checks",2026-10-01T02:01:50.561Z,179082011056100
"""Stevo @ kI2bCqDOyl"" checks",2026-10-01T02:01:48.240Z,179082010824000
"Flop:  [8♥, 8♦, Q♠]",2026-10-01T02:01:46.373Z,179082010637300
"""arash @ 21jHaBYWIi"" checks",2026-10-01T02:01:45.510Z,179082010551000
"""Stevo @ kI2bCqDOyl"" calls 20",2026-10-01T02:01:40.074Z,179082010007400
"""Spenny @ S8ENkJ8OQS"" calls 20",2026-10-01T02:01:39.110Z,179082009911000
"""georgeoge @ wgzHqTfHfQ"" folds",2026-10-01T02:01:37.507Z,179082009750700
"""Jonah @ xrBY5OZYCv"" folds",2026-10-01T02:01:36.659Z,179082009665900
"""arash @ 21jHaBYWIi"" posts a big blind of 20",2026-10-01T02:01:34.747Z,179082009474708
"""Stevo @ kI2bCqDOyl"" posts a small blind of 10",2026-10-01T02:01:34.747Z,179082009474707
"Your hand is 6♥, J♦",2026-10-01T02:01:34.747Z,179082009474706
"Player stacks: #2 ""Jonah @ xrBY5OZYCv"" (1630) | #4 ""georgeoge @ wgzHqTfHfQ"" (1370) | #7 ""Spenny @ S8ENkJ8OQS"" (2020) | #9 ""Stevo @ kI2bCqDOyl"" (1400) | #10 ""arash @ 21jHaBYWIi"" (580)",2026-10-01T02:01:34.747Z,179082009474701
"-- starting hand #70 (id: uz2qjajywqxf)  No Limit Texas Hold'em (dealer: ""Spenny @ S8ENkJ8OQS"") --",2026-10-01T02:01:34.747Z,179082009474700
"-- ending hand #69 --",2026-10-01T02:01:31.809Z,179082009180902
"""Jonah @ xrBY5OZYCv"" collected 160 from pot",2026-10-01T02:01:31.809Z,179082009180901
"Uncalled bet of 70 returned to ""Jonah @ xrBY5OZYCv""",2026-10-01T02:01:31.809Z,179082009180900
"""arash @ 21jHaBYWIi"" folds",2026-10-01T02:01:30.977Z,179082009097700
"""Spenny @ S8ENkJ8OQS"" folds",2026-10-01T02:01:27.347Z,179082008734700
"""Jonah @ xrBY5OZYCv"" bets 70",2026-10-01T02:01:17.817Z,179082007781700
"""arash @ 21jHaBYWIi"" checks",2026-10-01T02:01:15.422Z,179082007542200
"""Spenny @ S8ENkJ8OQS"" checks",2026-10-01T02:01:12.341Z,179082007234100
"River: 10♠, A♣, 8♦, 10♥ [A♦]",2026-10-01T02:01:09.049Z,179082006904900
"""Jonah @ xrBY5OZYCv"" checks",2026-10-01T02:01:08.217Z,179082006821700
"""arash @ 21jHaBYWIi"" checks",2026-10-01T02:01:07.319Z,179082006731900
"""Spenny @ S8ENkJ8OQS"" checks",2026-10-01T02:01:02.898Z,179082006289800
"Turn: 10♠, A♣, 8♦ [10♥]",2026-10-01T02:00:59.269Z,179082005926900
"""arash @ 21jHaBYWIi"" calls 20",2026-10-01T02:00:58.418Z,179082005841800
"""Stevo @ kI2bCqDOyl"" folds",2026-10-01T02:00:56.195Z,179082005619500
"""Spenny @ S8ENkJ8OQS"" calls 20",2026-10-01T02:00:55.210Z,179082005521000
"""georgeoge @ wgzHqTfHfQ"" folds",2026-10-01T02:00:49.066Z,179082004906600
"""Jonah @ xrBY5OZYCv"" bets 20",2026-10-01T02:00:45.202Z,179082004520200
"""arash @ 21jHaBYWIi"" checks",2026-10-01T02:00:43.027Z,179082004302700
"""Stevo @ kI2bCqDOyl"" checks",2026-10-01T02:00:39.980Z,179082003998000
"""Spenny @ S8ENkJ8OQS"" checks",2026-10-01T02:00:39.004Z,179082003900400
"Flop:  [10♠, A♣, 8♦]",2026-10-01T02:00:34.676Z,179082003467600
"""Stevo @ kI2bCqDOyl"" checks",2026-10-01T02:00:33.853Z,179082003385300
"""Spenny @ S8ENkJ8OQS"" calls 20",2026-10-01T02:00:32.885Z,179082003288500
"""georgeoge @ wgzHqTfHfQ"" calls 20",2026-10-01T02:00:31.979Z,179082003197900
"""Jonah @ xrBY5OZYCv"" calls 20",2026-10-01T02:00:31.077Z,179082003107700
"""arash @ 21jHaBYWIi"" calls 20",2026-10-01T02:00:26.296Z,179082002629600
"""Stevo @ kI2bCqDOyl"" posts a big blind of 20",2026-10-01T02:00:24.270Z,179082002427008
"""Spenny @ S8ENkJ8OQS"" posts a small blind of 10",2026-10-01T02:00:24.270Z,179082002427007
"Your hand is 6♠, 9♣",2026-10-01T02:00:24.270Z,179082002427006
"Player stacks: #2 ""Jonah @ xrBY5OZYCv"" (1510) | #4 ""georgeoge @ wgzHqTfHfQ"" (1390) | #7 ""Spenny @ S8ENkJ8OQS"" (2060) | #9 ""Stevo @ kI2bCqDOyl"" (1420) | #10 ""arash @ 21jHaBYWIi"" (620)",2026-10-01T02:00:24.270Z,179082002427001
"-- starting hand #69 (id: pyw2gnrjhak4)  No Limit Texas Hold'em (dealer: ""georgeoge @ wgzHqTfHfQ"") --",2026-10-01T02:00:24.270Z,179082002427000
"""Stevo @ kI2bCqDOyl"" shows a 10♦, 2♦.",2026-10-01T02:00:21.385Z,179082002138500
"-- ending hand #68 --",2026-10-01T02:00:20.598Z,179082002059802
"""Stevo @ kI2bCqDOyl"" collected 160 from pot",2026-10-01T02:00:20.598Z,179082002059801
"Uncalled bet of 60 returned to ""Stevo @ kI2bCqDOyl""",2026-10-01T02:00:20.598Z,179082002059800
"""Spenny @ S8ENkJ8OQS"" folds",2026-10-01T02:00:19.791Z,179082001979100
"""arash @ 21jHaBYWIi"" folds",2026-10-01T02:00:18.878Z,179082001887800
"""Stevo @ kI2bCqDOyl"" bets 60",2026-10-01T02:00:12.653Z,179082001265300
"""Spenny @ S8ENkJ8OQS"" checks",2026-10-01T02:00:09.379Z,179082000937900
"River: A♣, J♦, 9♥, 3♦ [7♦]",2026-10-01T02:00:07.664Z,179082000766400
"""Spenny @ S8ENkJ8OQS"" calls 20",2026-10-01T02:00:06.785Z,179082000678500
"""georgeoge @ wgzHqTfHfQ"" folds",2026-10-01T01:59:57.033Z,179081999703300
"""Jonah @ xrBY5OZYCv"" folds",2026-10-01T01:59:54.036Z,179081999403600
"""arash @ 21jHaBYWIi"" calls 20",2026-10-01T01:59:53.169Z,179081999316900
"""Stevo @ kI2bCqDOyl"" bets 20",2026-10-01T01:59:50.725Z,179081999072500
"""Spenny @ S8ENkJ8OQS"" checks",2026-10-01T01:59:49.602Z,179081998960200
"""georgeoge @ wgzHqTfHfQ"" checks",2026-10-01T01:59:46.615Z,179081998661500
"Turn: A♣, J♦, 9♥ [3♦]",2026-10-01T01:59:45.438Z,179081998543800
"""Jonah @ xrBY5OZYCv"" checks",2026-10-01T01:59:44.626Z,179081998462600
"""arash @ 21jHaBYWIi"" checks",2026-10-01T01:59:43.771Z,179081998377100
"""Stevo @ kI2bCqDOyl"" checks",2026-10-01T01:59:42.878Z,179081998287800
"""Spenny @ S8ENkJ8OQS"" checks",2026-10-01T01:59:41.933Z,179081998193300
"""georgeoge @ wgzHqTfHfQ"" checks",2026-10-01T01:59:39.433Z,179081997943300
"Flop:  [A♣, J♦, 9♥]",2026-10-01T01:59:37.747Z,179081997774700
"""Spenny @ S8ENkJ8OQS"" checks",2026-10-01T01:59:36.926Z,179081997692600
"""georgeoge @ wgzHqTfHfQ"" calls 20",2026-10-01T01:59:33.978Z,179081997397800
"""Jonah @ xrBY5OZYCv"" calls 20",2026-10-01T01:59:33.122Z,179081997312200
"""arash @ 21jHaBYWIi"" calls 20",2026-10-01T01:59:32.211Z,179081997221100
"""Stevo @ kI2bCqDOyl"" calls 20",2026-10-01T01:59:30.992Z,179081997099200
"""Spenny @ S8ENkJ8OQS"" posts a big blind of 20",2026-10-01T01:59:29.870Z,179081996987008
"""georgeoge @ wgzHqTfHfQ"" posts a small blind of 10",2026-10-01T01:59:29.870Z,179081996987007
"Your hand is 5♦, 5♥",2026-10-01T01:59:29.870Z,179081996987006
"Player stacks: #2 ""Jonah @ xrBY5OZYCv"" (1530) | #4 ""georgeoge @ wgzHqTfHfQ"" (1410) | #7 ""Spenny @ S8ENkJ8OQS"" (2100) | #9 ""Stevo @ kI2bCqDOyl"" (1300) | #10 ""arash @ 21jHaBYWIi"" (660)",2026-10-01T01:59:29.870Z,179081996987001
"-- starting hand #68 (id: ouuz216burqe)  No Limit Texas Hold'em (dealer: ""Jonah @ xrBY5OZYCv"") --",2026-10-01T01:59:29.870Z,179081996987000
"""georgeoge @ wgzHqTfHfQ"" shows a J♣, 7♣.",2026-10-01T01:59:24.699Z,179081996469900
"-- ending hand #67 --",2026-10-01T01:59:23.322Z,179081996332202
"""Spenny @ S8ENkJ8OQS"" collected 460 from pot with Straight, K High (combination: 9♥, 10♦, J♦, Q♦, K♣)",2026-10-01T01:59:23.322Z,179081996332201
"""Spenny @ S8ENkJ8OQS"" shows a Q♦, 10♦.",2026-10-01T01:59:23.322Z,179081996332200
"""georgeoge @ wgzHqTfHfQ"" calls 120",2026-10-01T01:59:22.517Z,179081996251700
"""Spenny @ S8ENkJ8OQS"" raises to 120",2026-10-01T01:59:20.223Z,179081996022300
"""georgeoge @ wgzHqTfHfQ"" bets 60",2026-10-01T01:59:16.833Z,179081995683300
"River: J♦, 9♣, 9♥, K♣ [6♦]",2026-10-01T01:59:10.719Z,179081995071900
"""Spenny @ S8ENkJ8OQS"" calls 40",2026-10-01T01:59:09.901Z,179081994990100
"""georgeoge @ wgzHqTfHfQ"" bets 40",2026-10-01T01:59:08.132Z,179081994813200
"Turn: J♦, 9♣, 9♥ [K♣]",2026-10-01T01:59:03.722Z,179081994372200
"""Jonah @ xrBY5OZYCv"" folds",2026-10-01T01:59:02.907Z,179081994290700
"""Spenny @ S8ENkJ8OQS"" calls 40",2026-10-01T01:58:56.949Z,179081993694900
"""georgeoge @ wgzHqTfHfQ"" bets 40",2026-10-01T01:58:54.066Z,179081993406600
"""Jonah @ xrBY5OZYCv"" checks",2026-10-01T01:58:50.152Z,179081993015200
"Flop:  [J♦, 9♣, 9♥]",2026-10-01T01:58:47.279Z,179081992727900
"""georgeoge @ wgzHqTfHfQ"" checks",2026-10-01T01:58:46.468Z,179081992646800
"""Jonah @ xrBY5OZYCv"" calls 20",2026-10-01T01:58:43.853Z,179081992385300
"""arash @ 21jHaBYWIi"" folds",2026-10-01T01:58:42.944Z,179081992294400
"""Stevo @ kI2bCqDOyl"" folds",2026-10-01T01:58:40.857Z,179081992085700
"""Spenny @ S8ENkJ8OQS"" calls 20",2026-10-01T01:58:39.893Z,179081991989300
"""georgeoge @ wgzHqTfHfQ"" posts a big blind of 20",2026-10-01T01:58:36.822Z,179081991682208
"""Jonah @ xrBY5OZYCv"" posts a small blind of 10",2026-10-01T01:58:36.822Z,179081991682207
"Your hand is 9♦, 3♥",2026-10-01T01:58:36.822Z,179081991682206
"Player stacks: #2 ""Jonah @ xrBY5OZYCv"" (1550) | #4 ""georgeoge @ wgzHqTfHfQ"" (1630) | #7 ""Spenny @ S8ENkJ8OQS"" (1860) | #9 ""Stevo @ kI2bCqDOyl"" (1300) | #10 ""arash @ 21jHaBYWIi"" (660)",2026-10-01T01:58:36.822Z,179081991682201
"-- starting hand #67 (id: j1difsaiawy0)  No Limit Texas Hold'em (dealer: ""arash @ 21jHaBYWIi"") --",2026-10-01T01:58:36.822Z,179081991682200
"""Spenny @ S8ENkJ8OQS"" shows a 6♣, Q♣.",2026-10-01T01:58:33.648Z,179081991364800
"Undealt cards: 4♦, 6♦, 6♠, 9♥ [9♠]",2026-10-01T01:58:30.744Z,179081991074400
"-- ending hand #66 --",2026-10-01T01:58:30.219Z,179081991021902
"""Spenny @ S8ENkJ8OQS"" collected 220 from pot",2026-10-01T01:58:30.219Z,179081991021901
"Uncalled bet of 60 returned to ""Spenny @ S8ENkJ8OQS""",2026-10-01T01:58:30.219Z,179081991021900
"""arash @ 21jHaBYWIi"" folds",2026-10-01T01:58:29.404Z,179081990940400
"""Stevo @ kI2bCqDOyl"" folds",2026-10-01T01:58:24.451Z,179081990445100
"""Spenny @ S8ENkJ8OQS"" bets 60",2026-10-01T01:58:23.054Z,179081990305400
"""arash @ 21jHaBYWIi"" checks",2026-10-01T01:58:18.294Z,179081989829400
"Turn: 4♦, 6♦, 6♠ [9♥]",2026-10-01T01:58:16.893Z,179081989689300
"""georgeoge @ wgzHqTfHfQ"" folds",2026-10-01T01:58:16.083Z,179081989608300
"""Jonah @ xrBY5OZYCv"" folds",2026-10-01T01:58:11.498Z,179081989149800
"""arash @ 21jHaBYWIi"" calls 40",2026-10-01T01:58:10.011Z,179081989001100
"""Stevo @ kI2bCqDOyl"" calls 40",2026-10-01T01:58:05.938Z,179081988593800
"""Spenny @ S8ENkJ8OQS"" bets 40",2026-10-01T01:58:04.689Z,179081988468900
"""georgeoge @ wgzHqTfHfQ"" checks",2026-10-01T01:58:01.061Z,179081988106100
"""Jonah @ xrBY5OZYCv"" checks",2026-10-01T01:58:00.074Z,179081988007400
"""arash @ 21jHaBYWIi"" checks",2026-10-01T01:57:59.127Z,179081987912700
"Flop:  [4♦, 6♦, 6♠]",2026-10-01T01:57:57.033Z,179081987703300
"""Jonah @ xrBY5OZYCv"" checks",2026-10-01T01:57:56.221Z,179081987622100
"""arash @ 21jHaBYWIi"" calls 20",2026-10-01T01:57:55.310Z,179081987531000
"""Stevo @ kI2bCqDOyl"" calls 20",2026-10-01T01:57:53.794Z,179081987379400
"""Spenny @ S8ENkJ8OQS"" calls 20",2026-10-01T01:57:52.847Z,179081987284700
"""georgeoge @ wgzHqTfHfQ"" calls 20",2026-10-01T01:57:51.908Z,179081987190800
"""Jonah @ xrBY5OZYCv"" posts a big blind of 20",2026-10-01T01:57:46.473Z,179081986647308
"""arash @ 21jHaBYWIi"" posts a small blind of 10",2026-10-01T01:57:46.473Z,179081986647307
"Your hand is 8♠, 4♣",2026-10-01T01:57:46.473Z,179081986647306
"Player stacks: #2 ""Jonah @ xrBY5OZYCv"" (1570) | #4 ""georgeoge @ wgzHqTfHfQ"" (1650) | #7 ""Spenny @ S8ENkJ8OQS"" (1700) | #9 ""Stevo @ kI2bCqDOyl"" (1360) | #10 ""arash @ 21jHaBYWIi"" (720)",2026-10-01T01:57:46.473Z,179081986647301
"-- starting hand #66 (id: q1vxir2sqc8m)  No Limit Texas Hold'em (dealer: ""Stevo @ kI2bCqDOyl"") --",2026-10-01T01:57:46.473Z,179081986647300
"-- ending hand #65 --",2026-10-01T01:57:43.560Z,179081986356002
"""georgeoge @ wgzHqTfHfQ"" collected 80 from pot",2026-10-01T01:57:43.560Z,179081986356001
"Uncalled bet of 40 returned to ""georgeoge @ wgzHqTfHfQ""",2026-10-01T01:57:43.560Z,179081986356000
"""arash @ 21jHaBYWIi"" folds",2026-10-01T01:57:42.686Z,179081986268600
"""Stevo @ kI2bCqDOyl"" folds",2026-10-01T01:57:41.481Z,179081986148100
"""Spenny @ S8ENkJ8OQS"" folds",2026-10-01T01:57:40.515Z,179081986051500
"""georgeoge @ wgzHqTfHfQ"" bets 40",2026-10-01T01:57:35.138Z,179081985513800
"""arash @ 21jHaBYWIi"" checks",2026-10-01T01:57:32.520Z,179081985252000
"""Stevo @ kI2bCqDOyl"" checks",2026-10-01T01:57:29.349Z,179081984934900
"River: 2♥, 2♠, 10♠, 2♣ [4♣]",2026-10-01T01:57:28.160Z,179081984816000
"""Spenny @ S8ENkJ8OQS"" checks",2026-10-01T01:57:27.339Z,179081984733900
"""georgeoge @ wgzHqTfHfQ"" checks",2026-10-01T01:57:26.431Z,179081984643100
"""arash @ 21jHaBYWIi"" checks",2026-10-01T01:57:21.518Z,179081984151800
"""Stevo @ kI2bCqDOyl"" checks",2026-10-01T01:57:19.726Z,179081983972600
"Turn: 2♥, 2♠, 10♠ [2♣]",2026-10-01T01:57:17.853Z,179081983785300
"""Spenny @ S8ENkJ8OQS"" checks",2026-10-01T01:57:17.035Z,179081983703500
"""georgeoge @ wgzHqTfHfQ"" checks",2026-10-01T01:57:16.127Z,179081983612700
"""arash @ 21jHaBYWIi"" checks",2026-10-01T01:57:12.245Z,179081983224500
"""Stevo @ kI2bCqDOyl"" checks",2026-10-01T01:57:11.320Z,179081983132000
"Flop:  [2♥, 2♠, 10♠]",2026-10-01T01:57:09.853Z,179081982985300
"""arash @ 21jHaBYWIi"" checks",2026-10-01T01:57:09.043Z,179081982904300
"""Stevo @ kI2bCqDOyl"" calls 20",2026-10-01T01:57:08.073Z,179081982807300
"""Spenny @ S8ENkJ8OQS"" calls 20",2026-10-01T01:57:07.126Z,179081982712600
"""georgeoge @ wgzHqTfHfQ"" calls 20",2026-10-01T01:57:06.199Z,179081982619900
"""Jonah @ xrBY5OZYCv"" folds",2026-10-01T01:56:59.549Z,179081981954900
"""arash @ 21jHaBYWIi"" posts a big blind of 20",2026-10-01T01:56:58.415Z,179081981841508
"""Stevo @ kI2bCqDOyl"" posts a small blind of 10",2026-10-01T01:56:58.415Z,179081981841507
"Your hand is 6♥, 3♥",2026-10-01T01:56:58.415Z,179081981841506
"Player stacks: #2 ""Jonah @ xrBY5OZYCv"" (1570) | #4 ""georgeoge @ wgzHqTfHfQ"" (1590) | #7 ""Spenny @ S8ENkJ8OQS"" (1720) | #9 ""Stevo @ kI2bCqDOyl"" (1380) | #10 ""arash @ 21jHaBYWIi"" (740)",2026-10-01T01:56:58.415Z,179081981841501
"-- starting hand #65 (id: exog9th19hhd)  No Limit Texas Hold'em (dealer: ""Spenny @ S8ENkJ8OQS"") --",2026-10-01T01:56:58.415Z,179081981841500
"-- ending hand #64 --",2026-10-01T01:56:52.410Z,179081981241003
"""georgeoge @ wgzHqTfHfQ"" collected 80 from pot with Two Pair, 10's & 7's (combination: A♣, 7♥, 7♦, 10♦, 10♥)",2026-10-01T01:56:52.410Z,179081981241002
"""georgeoge @ wgzHqTfHfQ"" shows a 3♣, A♣.",2026-10-01T01:56:52.410Z,179081981241001
"""Spenny @ S8ENkJ8OQS"" shows a 8♣, Q♣.",2026-10-01T01:56:52.410Z,179081981241000
"""georgeoge @ wgzHqTfHfQ"" checks",2026-10-01T01:56:51.593Z,179081981159300
"""arash @ 21jHaBYWIi"" checks",2026-10-01T01:56:50.728Z,179081981072800
"""Stevo @ kI2bCqDOyl"" checks",2026-10-01T01:56:47.756Z,179081980775600
"""Spenny @ S8ENkJ8OQS"" checks",2026-10-01T01:56:46.796Z,179081980679600
"River: 7♥, 3♦, 7♦, 10♦ [10♥]",2026-10-01T01:56:41.166Z,179081980116600
"""georgeoge @ wgzHqTfHfQ"" checks",2026-10-01T01:56:40.333Z,179081980033300
"""arash @ 21jHaBYWIi"" checks",2026-10-01T01:56:34.246Z,179081979424600
"""Stevo @ kI2bCqDOyl"" checks",2026-10-01T01:56:32.006Z,179081979200600
"""Spenny @ S8ENkJ8OQS"" checks",2026-10-01T01:56:29.851Z,179081978985100
"Turn: 7♥, 3♦, 7♦ [10♦]",2026-10-01T01:56:27.080Z,179081978708000
"""georgeoge @ wgzHqTfHfQ"" checks",2026-10-01T01:56:26.213Z,179081978621300
"""arash @ 21jHaBYWIi"" checks",2026-10-01T01:56:25.368Z,179081978536800
"""Stevo @ kI2bCqDOyl"" checks",2026-10-01T01:56:24.462Z,179081978446200
"""Spenny @ S8ENkJ8OQS"" checks",2026-10-01T01:56:23.537Z,179081978353700
"Flop:  [7♥, 3♦, 7♦]",2026-10-01T01:56:19.480Z,179081977948000
"""Stevo @ kI2bCqDOyl"" checks",2026-10-01T01:56:18.599Z,179081977859900
"""Spenny @ S8ENkJ8OQS"" calls 20",2026-10-01T01:56:17.624Z,179081977762400
"""georgeoge @ wgzHqTfHfQ"" calls 20",2026-10-01T01:56:16.707Z,179081977670700
"""Jonah @ xrBY5OZYCv"" folds",2026-10-01T01:56:15.802Z,179081977580200
"""arash @ 21jHaBYWIi"" calls 20",2026-10-01T01:56:14.874Z,179081977487400
"""Stevo @ kI2bCqDOyl"" posts a big blind of 20",2026-10-01T01:56:13.474Z,179081977347408
"""Spenny @ S8ENkJ8OQS"" posts a small blind of 10",2026-10-01T01:56:13.474Z,179081977347407
"Your hand is J♥, 8♦",2026-10-01T01:56:13.474Z,179081977347406
"Player stacks: #2 ""Jonah @ xrBY5OZYCv"" (1570) | #4 ""georgeoge @ wgzHqTfHfQ"" (1530) | #7 ""Spenny @ S8ENkJ8OQS"" (1740) | #9 ""Stevo @ kI2bCqDOyl"" (1400) | #10 ""arash @ 21jHaBYWIi"" (760)",2026-10-01T01:56:13.474Z,179081977347401
"-- starting hand #64 (id: znaexzr8c65q)  No Limit Texas Hold'em (dealer: ""georgeoge @ wgzHqTfHfQ"") --",2026-10-01T01:56:13.474Z,179081977347400
"""Stevo @ kI2bCqDOyl"" shows a 10♠, K♠.",2026-10-01T01:56:08.447Z,179081976844700
"-- ending hand #63 --",2026-10-01T01:56:06.878Z,179081976687802
"""Jonah @ xrBY5OZYCv"" collected 1030 from pot with Flush, A High (combination: 3♠, 5♠, 8♠, J♠, A♠)",2026-10-01T01:56:06.878Z,179081976687801
"""Jonah @ xrBY5OZYCv"" shows a A♥, A♠.",2026-10-01T01:56:06.878Z,179081976687800
"""Stevo @ kI2bCqDOyl"" calls 200",2026-10-01T01:56:05.998Z,179081976599800
"""Spenny @ S8ENkJ8OQS"" folds",2026-10-01T01:56:03.223Z,179081976322300
"""Jonah @ xrBY5OZYCv"" raises to 200",2026-10-01T01:56:02.220Z,179081976222000
"""Stevo @ kI2bCqDOyl"" bets 80",2026-10-01T01:55:58.915Z,179081975891500
"""Spenny @ S8ENkJ8OQS"" checks",2026-10-01T01:55:55.849Z,179081975584900
"River: 5♦, 8♠, 3♠, 5♠ [J♠]",2026-10-01T01:55:53.441Z,179081975344100
"""Spenny @ S8ENkJ8OQS"" calls 60",2026-10-01T01:55:52.583Z,179081975258300
"""Jonah @ xrBY5OZYCv"" calls 60",2026-10-01T01:55:46.225Z,179081974622500
"""arash @ 21jHaBYWIi"" folds",2026-10-01T01:55:38.563Z,179081973856300
"""Stevo @ kI2bCqDOyl"" raises to 60",2026-10-01T01:55:35.627Z,179081973562700
"""Spenny @ S8ENkJ8OQS"" bets 20",2026-10-01T01:55:33.497Z,179081973349700
"Turn: 5♦, 8♠, 3♠ [5♠]",2026-10-01T01:55:28.180Z,179081972818000
"""arash @ 21jHaBYWIi"" calls 60",2026-10-01T01:55:27.366Z,179081972736600
"""Stevo @ kI2bCqDOyl"" calls 60",2026-10-01T01:55:19.125Z,179081971912500
"""Spenny @ S8ENkJ8OQS"" calls 60",2026-10-01T01:55:18.186Z,179081971818600
"""Jonah @ xrBY5OZYCv"" raises to 60",2026-10-01T01:55:15.080Z,179081971508000
"""arash @ 21jHaBYWIi"" calls 20",2026-10-01T01:55:10.475Z,179081971047500
"""Stevo @ kI2bCqDOyl"" calls 20",2026-10-01T01:55:04.953Z,179081970495300
"""Spenny @ S8ENkJ8OQS"" bets 20",2026-10-01T01:55:03.814Z,179081970381400
"Flop:  [5♦, 8♠, 3♠]",2026-10-01T01:55:01.462Z,179081970146200
"""arash @ 21jHaBYWIi"" calls 50",2026-10-01T01:55:00.600Z,179081970060000
"""Stevo @ kI2bCqDOyl"" calls 50",2026-10-01T01:54:53.073Z,179081969307300
"""Spenny @ S8ENkJ8OQS"" calls 50",2026-10-01T01:54:52.114Z,179081969211400
"""georgeoge @ wgzHqTfHfQ"" folds",2026-10-01T01:54:43.092Z,179081968309200
"""Jonah @ xrBY5OZYCv"" raises to 50",2026-10-01T01:54:42.212Z,179081968221200
"""arash @ 21jHaBYWIi"" calls 20",2026-10-01T01:54:38.697Z,179081967869700
"""Stevo @ kI2bCqDOyl"" calls 20",2026-10-01T01:54:36.860Z,179081967686000
"""Spenny @ S8ENkJ8OQS"" posts a big blind of 20",2026-10-01T01:54:35.261Z,179081967526108
"""georgeoge @ wgzHqTfHfQ"" posts a small blind of 10",2026-10-01T01:54:35.261Z,179081967526107
"Your hand is 10♣, 4♥",2026-10-01T01:54:35.261Z,179081967526106
"Player stacks: #2 ""Jonah @ xrBY5OZYCv"" (910) | #4 ""georgeoge @ wgzHqTfHfQ"" (1540) | #7 ""Spenny @ S8ENkJ8OQS"" (1910) | #9 ""Stevo @ kI2bCqDOyl"" (1770) | #10 ""arash @ 21jHaBYWIi"" (870)",2026-10-01T01:54:35.261Z,179081967526101
"-- starting hand #63 (id: t9vtgxfczeql)  No Limit Texas Hold'em (dealer: ""Jonah @ xrBY5OZYCv"") --",2026-10-01T01:54:35.261Z,179081967526100
"""georgeoge @ wgzHqTfHfQ"" shows a 3♦, 7♠.",2026-10-01T01:54:31.100Z,179081967110000
"Undealt cards: 4♣, 6♠, J♦, K♥ [2♣]",2026-10-01T01:54:30.314Z,179081967031400
"-- ending hand #62 --",2026-10-01T01:54:28.585Z,179081966858502
"""arash @ 21jHaBYWIi"" collected 170 from pot",2026-10-01T01:54:28.585Z,179081966858501
"Uncalled bet of 80 returned to ""arash @ 21jHaBYWIi""",2026-10-01T01:54:28.585Z,179081966858500
"""Spenny @ S8ENkJ8OQS"" folds",2026-10-01T01:54:27.752Z,179081966775200
"""arash @ 21jHaBYWIi"" bets 80",2026-10-01T01:54:19.262Z,179081965926200
"""Spenny @ S8ENkJ8OQS"" checks",2026-10-01T01:54:14.472Z,179081965447200
"Turn: 4♣, 6♠, J♦ [K♥]",2026-10-01T01:54:08.721Z,179081964872100
"""arash @ 21jHaBYWIi"" calls 20",2026-10-01T01:54:07.832Z,179081964783200
"""Spenny @ S8ENkJ8OQS"" bets 20",2026-10-01T01:54:06.245Z,179081964624500
"Flop:  [4♣, 6♠, J♦]",2026-10-01T01:54:00.365Z,179081964036500
"""Spenny @ S8ENkJ8OQS"" calls 50",2026-10-01T01:53:59.531Z,179081963953100
"""georgeoge @ wgzHqTfHfQ"" folds",2026-10-01T01:53:58.610Z,179081963861000
"""Jonah @ xrBY5OZYCv"" folds",2026-10-01T01:53:54.356Z,179081963435600
"""arash @ 21jHaBYWIi"" raises to 50",2026-10-01T01:53:50.197Z,179081963019700
"""Stevo @ kI2bCqDOyl"" folds",2026-10-01T01:53:47.210Z,179081962721000
"""Spenny @ S8ENkJ8OQS"" calls 20",2026-10-01T01:53:46.246Z,179081962624600
"""georgeoge @ wgzHqTfHfQ"" posts a big blind of 20",2026-10-01T01:53:44.155Z,179081962415508
"""Jonah @ xrBY5OZYCv"" posts a small blind of 10",2026-10-01T01:53:44.155Z,179081962415507
"Your hand is K♠, A♣",2026-10-01T01:53:44.155Z,179081962415506
"Player stacks: #2 ""Jonah @ xrBY5OZYCv"" (920) | #4 ""georgeoge @ wgzHqTfHfQ"" (1560) | #7 ""Spenny @ S8ENkJ8OQS"" (1980) | #9 ""Stevo @ kI2bCqDOyl"" (1770) | #10 ""arash @ 21jHaBYWIi"" (770)",2026-10-01T01:53:44.155Z,179081962415501
"-- starting hand #62 (id: 35ruzq8fbqo6)  No Limit Texas Hold'em (dealer: ""arash @ 21jHaBYWIi"") --",2026-10-01T01:53:44.155Z,179081962415500
"-- ending hand #61 --",2026-10-01T01:53:38.084Z,179081961808403
"""Jonah @ xrBY5OZYCv"" collected 220 from pot with Pair, 10's (combination: 6♣, J♦, A♣, 10♠, 10♣)",2026-10-01T01:53:38.084Z,179081961808402
"""Jonah @ xrBY5OZYCv"" shows a 6♣, 10♠.",2026-10-01T01:53:38.084Z,179081961808401
"""arash @ 21jHaBYWIi"" shows a 8♣, 2♠.",2026-10-01T01:53:38.084Z,179081961808400
"""Spenny @ S8ENkJ8OQS"" checks",2026-10-01T01:53:37.276Z,179081961727600
"""georgeoge @ wgzHqTfHfQ"" checks",2026-10-01T01:53:34.660Z,179081961466000
"""Jonah @ xrBY5OZYCv"" checks",2026-10-01T01:53:33.766Z,179081961376600
"""arash @ 21jHaBYWIi"" checks",2026-10-01T01:53:26.700Z,179081960670000
"River: 5♠, 2♥, 10♣, J♦ [A♣]",2026-10-01T01:53:25.345Z,179081960534500
"""Spenny @ S8ENkJ8OQS"" checks",2026-10-01T01:53:24.479Z,179081960447900
"""georgeoge @ wgzHqTfHfQ"" checks",2026-10-01T01:53:23.561Z,179081960356100
"""Jonah @ xrBY5OZYCv"" checks",2026-10-01T01:53:12.741Z,179081959274100
"""arash @ 21jHaBYWIi"" checks",2026-10-01T01:53:11.703Z,179081959170300
"Turn: 5♠, 2♥, 10♣ [J♦]",2026-10-01T01:53:10.059Z,179081959005900
"""arash @ 21jHaBYWIi"" calls 30",2026-10-01T01:53:09.234Z,179081958923400
"""Stevo @ kI2bCqDOyl"" folds",2026-10-01T01:53:08.256Z,179081958825600
"""Spenny @ S8ENkJ8OQS"" calls 30",2026-10-01T01:53:07.273Z,179081958727300
"""georgeoge @ wgzHqTfHfQ"" calls 30",2026-10-01T01:53:06.352Z,179081958635200
"""Jonah @ xrBY5OZYCv"" bets 30",2026-10-01T01:53:04.172Z,179081958417200
"""arash @ 21jHaBYWIi"" checks",2026-10-01T01:53:01.703Z,179081958170300
"Flop:  [5♠, 2♥, 10♣]",2026-10-01T01:52:58.680Z,179081957868000
"""Jonah @ xrBY5OZYCv"" checks",2026-10-01T01:52:57.832Z,179081957783200
"""arash @ 21jHaBYWIi"" calls 20",2026-10-01T01:52:56.969Z,179081957696900
"""Stevo @ kI2bCqDOyl"" calls 20",2026-10-01T01:52:56.007Z,179081957600700
"""Spenny @ S8ENkJ8OQS"" calls 20",2026-10-01T01:52:55.024Z,179081957502400
"""georgeoge @ wgzHqTfHfQ"" calls 20",2026-10-01T01:52:52.383Z,179081957238300
"""Jonah @ xrBY5OZYCv"" posts a big blind of 20",2026-10-01T01:52:49.373Z,179081956937308
"""arash @ 21jHaBYWIi"" posts a small blind of 10",2026-10-01T01:52:49.373Z,179081956937307
"Your hand is 8♣, 2♠",2026-10-01T01:52:49.373Z,179081956937306
"Player stacks: #2 ""Jonah @ xrBY5OZYCv"" (750) | #4 ""georgeoge @ wgzHqTfHfQ"" (1610) | #7 ""Spenny @ S8ENkJ8OQS"" (2030) | #9 ""Stevo @ kI2bCqDOyl"" (1790) | #10 ""arash @ 21jHaBYWIi"" (820)",2026-10-01T01:52:49.373Z,179081956937301
"-- starting hand #61 (id: crcc5bhbg4gr)  No Limit Texas Hold'em (dealer: ""Stevo @ kI2bCqDOyl"") --",2026-10-01T01:52:49.373Z,179081956937300
"-- ending hand #60 --",2026-10-01T01:52:43.367Z,179081956336702
"""Spenny @ S8ENkJ8OQS"" collected 570 from pot with Pair, K's (combination: 7♠, 10♥, J♥, K♥, K♦)",2026-10-01T01:52:43.367Z,179081956336701
"""Spenny @ S8ENkJ8OQS"" shows a 10♥, K♥.",2026-10-01T01:52:43.367Z,179081956336700
"""Jonah @ xrBY5OZYCv"" calls 60",2026-10-01T01:52:42.526Z,179081956252600
"""arash @ 21jHaBYWIi"" folds",2026-10-01T01:52:37.614Z,179081955761400
"""Spenny @ S8ENkJ8OQS"" bets 60",2026-10-01T01:52:33.102Z,179081955310200
"""Jonah @ xrBY5OZYCv"" checks",2026-10-01T01:52:29.112Z,179081954911200
"""arash @ 21jHaBYWIi"" checks",2026-10-01T01:52:28.232Z,179081954823200
"River: 2♦, K♦, 6♠, J♥ [7♠]",2026-10-01T01:52:26.692Z,179081954669200
"""Stevo @ kI2bCqDOyl"" folds",2026-10-01T01:52:25.878Z,179081954587800
"""Spenny @ S8ENkJ8OQS"" calls 50",2026-10-01T01:52:24.892Z,179081954489200
"""georgeoge @ wgzHqTfHfQ"" folds",2026-10-01T01:52:23.986Z,179081954398600
"""Jonah @ xrBY5OZYCv"" calls 50",2026-10-01T01:52:23.088Z,179081954308800
"""arash @ 21jHaBYWIi"" bets 50",2026-10-01T01:52:12.813Z,179081953281300
"""Stevo @ kI2bCqDOyl"" checks",2026-10-01T01:52:04.005Z,179081952400500
"Turn: 2♦, K♦, 6♠ [J♥]",2026-10-01T01:52:02.835Z,179081952283500
"""arash @ 21jHaBYWIi"" calls 40",2026-10-01T01:52:02.014Z,179081952201400
"""Stevo @ kI2bCqDOyl"" calls 40",2026-10-01T01:51:57.499Z,179081951749900
"""Spenny @ S8ENkJ8OQS"" calls 40",2026-10-01T01:51:56.036Z,179081951603600
"""georgeoge @ wgzHqTfHfQ"" calls 40",2026-10-01T01:51:53.734Z,179081951373400
"""Jonah @ xrBY5OZYCv"" bets 40",2026-10-01T01:51:52.546Z,179081951254600
"""arash @ 21jHaBYWIi"" checks",2026-10-01T01:51:47.395Z,179081950739500
"""Stevo @ kI2bCqDOyl"" checks",2026-10-01T01:51:45.621Z,179081950562100
"Flop:  [2♦, K♦, 6♠]",2026-10-01T01:51:44.387Z,179081950438700
"""arash @ 21jHaBYWIi"" checks",2026-10-01T01:51:43.575Z,179081950357500
"""Stevo @ kI2bCqDOyl"" calls 20",2026-10-01T01:51:40.593Z,179081950059300
"""Spenny @ S8ENkJ8OQS"" calls 20",2026-10-01T01:51:39.466Z,179081949946600
"""georgeoge @ wgzHqTfHfQ"" calls 20",2026-10-01T01:51:38.577Z,179081949857700
"""Jonah @ xrBY5OZYCv"" calls 20",2026-10-01T01:51:37.696Z,179081949769600
"""arash @ 21jHaBYWIi"" posts a big blind of 20",2026-10-01T01:51:36.783Z,179081949678308
"""Stevo @ kI2bCqDOyl"" posts a small blind of 10",2026-10-01T01:51:36.783Z,179081949678307
"Your hand is Q♦, 10♠",2026-10-01T01:51:36.783Z,179081949678306
"Player stacks: #2 ""Jonah @ xrBY5OZYCv"" (920) | #4 ""georgeoge @ wgzHqTfHfQ"" (1670) | #7 ""Spenny @ S8ENkJ8OQS"" (1630) | #9 ""Stevo @ kI2bCqDOyl"" (1850) | #10 ""arash @ 21jHaBYWIi"" (930)",2026-10-01T01:51:36.783Z,179081949678301
"-- starting hand #60 (id: teq97tctbfbt)  No Limit Texas Hold'em (dealer: ""Spenny @ S8ENkJ8OQS"") --",2026-10-01T01:51:36.783Z,179081949678300
"-- ending hand #59 --",2026-10-01T01:51:33.852Z,179081949385202
"""arash @ 21jHaBYWIi"" collected 200 from pot",2026-10-01T01:51:33.852Z,179081949385201
"Uncalled bet of 120 returned to ""arash @ 21jHaBYWIi""",2026-10-01T01:51:33.852Z,179081949385200
"""Jonah @ xrBY5OZYCv"" folds",2026-10-01T01:51:33.004Z,179081949300400
"""arash @ 21jHaBYWIi"" bets 120",2026-10-01T01:51:27.990Z,179081948799000
"River: 8♠, 5♠, 4♦, 7♣ [K♦]",2026-10-01T01:51:24.850Z,179081948485000
"""Stevo @ kI2bCqDOyl"" folds",2026-10-01T01:51:24.020Z,179081948402000
"""Spenny @ S8ENkJ8OQS"" folds",2026-10-01T01:51:23.081Z,179081948308100
"""Jonah @ xrBY5OZYCv"" calls 60",2026-10-01T01:51:18.813Z,179081947881300
"""arash @ 21jHaBYWIi"" bets 60",2026-10-01T01:51:09.044Z,179081946904400
"""Stevo @ kI2bCqDOyl"" checks",2026-10-01T01:51:04.606Z,179081946460600
"""Spenny @ S8ENkJ8OQS"" checks",2026-10-01T01:51:03.627Z,179081946362700
"Turn: 8♠, 5♠, 4♦ [7♣]",2026-10-01T01:51:01.190Z,179081946119000
"""Jonah @ xrBY5OZYCv"" checks",2026-10-01T01:51:00.361Z,179081946036100
"""arash @ 21jHaBYWIi"" checks",2026-10-01T01:50:59.472Z,179081945947200
"""Stevo @ kI2bCqDOyl"" checks",2026-10-01T01:50:58.526Z,179081945852600
"""Spenny @ S8ENkJ8OQS"" checks",2026-10-01T01:50:55.509Z,179081945550900
"Flop:  [8♠, 5♠, 4♦]",2026-10-01T01:50:50.177Z,179081945017700
"""Stevo @ kI2bCqDOyl"" checks",2026-10-01T01:50:49.368Z,179081944936800
"""Spenny @ S8ENkJ8OQS"" calls 20",2026-10-01T01:50:48.439Z,179081944843900
"""georgeoge @ wgzHqTfHfQ"" folds",2026-10-01T01:50:46.371Z,179081944637100
"""Jonah @ xrBY5OZYCv"" calls 20",2026-10-01T01:50:43.527Z,179081944352700
"""arash @ 21jHaBYWIi"" calls 20",2026-10-01T01:50:42.407Z,179081944240700
"""Stevo @ kI2bCqDOyl"" posts a big blind of 20",2026-10-01T01:50:41.170Z,179081944117009
"""Spenny @ S8ENkJ8OQS"" posts a small blind of 10",2026-10-01T01:50:41.170Z,179081944117008
"Your hand is 4♠, 5♥",2026-10-01T01:50:41.170Z,179081944117007
"Player stacks: #2 ""Jonah @ xrBY5OZYCv"" (1000) | #4 ""georgeoge @ wgzHqTfHfQ"" (1670) | #7 ""Spenny @ S8ENkJ8OQS"" (1650) | #9 ""Stevo @ kI2bCqDOyl"" (1870) | #10 ""arash @ 21jHaBYWIi"" (810)",2026-10-01T01:50:41.170Z,179081944117002
"-- starting hand #59 (id: 9umupannlper)  No Limit Texas Hold'em (dealer: ""georgeoge @ wgzHqTfHfQ"") --",2026-10-01T01:50:41.170Z,179081944117001
"The player ""Jonah @ xrBY5OZYCv"" joined the game with a stack of 1000.",2026-10-01T01:50:41.170Z,179081944117000
"-- ending hand #58 --",2026-10-01T01:50:35.165Z,179081943516502
"""Spenny @ S8ENkJ8OQS"" collected 240 from pot with Two Pair, 6's & 5's (combination: K♦, 5♠, 5♥, 6♠, 6♥)",2026-10-01T01:50:35.165Z,179081943516501
"""Spenny @ S8ENkJ8OQS"" shows a J♠, 6♠.",2026-10-01T01:50:35.165Z,179081943516500
"""georgeoge @ wgzHqTfHfQ"" folds",2026-10-01T01:50:34.317Z,179081943431700
"""arash @ 21jHaBYWIi"" calls 20",2026-10-01T01:50:33.407Z,179081943340700
"""Spenny @ S8ENkJ8OQS"" bets 20",2026-10-01T01:50:30.181Z,179081943018100
"""georgeoge @ wgzHqTfHfQ"" checks",2026-10-01T01:50:24.536Z,179081942453600
"River: 5♠, 6♥, K♦, 2♥ [5♥]",2026-10-01T01:50:23.286Z,179081942328600
"""georgeoge @ wgzHqTfHfQ"" calls 20",2026-10-01T01:50:22.450Z,179081942245000
"""arash @ 21jHaBYWIi"" calls 20",2026-10-01T01:50:21.484Z,179081942148400
"""Spenny @ S8ENkJ8OQS"" bets 20",2026-10-01T01:50:18.934Z,179081941893400
"""georgeoge @ wgzHqTfHfQ"" checks",2026-10-01T01:50:16.400Z,179081941640000
"Turn: 5♠, 6♥, K♦ [2♥]",2026-10-01T01:50:15.009Z,179081941500900
"""georgeoge @ wgzHqTfHfQ"" calls 20",2026-10-01T01:50:14.181Z,179081941418100
"""arash @ 21jHaBYWIi"" calls 20",2026-10-01T01:50:13.295Z,179081941329500
"""Stevo @ kI2bCqDOyl"" folds",2026-10-01T01:50:12.398Z,179081941239800
"""Spenny @ S8ENkJ8OQS"" bets 20",2026-10-01T01:50:11.422Z,179081941142200
"""georgeoge @ wgzHqTfHfQ"" checks",2026-10-01T01:50:09.656Z,179081940965600
"Flop:  [5♠, 6♥, K♦]",2026-10-01T01:50:07.996Z,179081940799600
"""Spenny @ S8ENkJ8OQS"" checks",2026-10-01T01:50:07.147Z,179081940714700
"""georgeoge @ wgzHqTfHfQ"" calls 20",2026-10-01T01:50:06.196Z,179081940619600
"""arash @ 21jHaBYWIi"" calls 20",2026-10-01T01:50:05.276Z,179081940527600
"""Stevo @ kI2bCqDOyl"" calls 20",2026-10-01T01:50:02.449Z,179081940244900
"""Spenny @ S8ENkJ8OQS"" posts a big blind of 20",2026-10-01T01:49:59.577Z,179081939957707
"""georgeoge @ wgzHqTfHfQ"" posts a small blind of 10",2026-10-01T01:49:59.577Z,179081939957706
"Your hand is Q♦, 7♣",2026-10-01T01:49:59.577Z,179081939957705
"Player stacks: #4 ""georgeoge @ wgzHqTfHfQ"" (1730) | #7 ""Spenny @ S8ENkJ8OQS"" (1490) | #9 ""Stevo @ kI2bCqDOyl"" (1890) | #10 ""arash @ 21jHaBYWIi"" (890)",2026-10-01T01:49:59.577Z,179081939957701
"-- starting hand #58 (id: vk11ysdgmbtp)  No Limit Texas Hold'em (dead button) --",2026-10-01T01:49:59.577Z,179081939957700
"-- ending hand #57 --",2026-10-01T01:49:53.570Z,179081939357003
"""arash @ 21jHaBYWIi"" collected 180 from pot with Pair, 9's (combination: 6♠, J♥, K♥, 9♥, 9♣)",2026-10-01T01:49:53.570Z,179081939357002
"""arash @ 21jHaBYWIi"" shows a 2♦, 9♥.",2026-10-01T01:49:53.570Z,179081939357001
"""Spenny @ S8ENkJ8OQS"" shows a 4♦, Q♦.",2026-10-01T01:49:53.570Z,179081939357000
"""arash @ 21jHaBYWIi"" checks",2026-10-01T01:49:52.731Z,179081939273100
"""Spenny @ S8ENkJ8OQS"" checks",2026-10-01T01:49:50.641Z,179081939064100
"River: 3♠, K♥, 9♣, J♥ [6♠]",2026-10-01T01:49:49.371Z,179081938937100
"""Stevo @ kI2bCqDOyl"" folds",2026-10-01T01:49:48.493Z,179081938849300
"""Spenny @ S8ENkJ8OQS"" calls 50",2026-10-01T01:49:47.515Z,179081938751500
"""georgeoge @ wgzHqTfHfQ"" folds",2026-10-01T01:49:39.834Z,179081937983400
"""arash @ 21jHaBYWIi"" bets 50",2026-10-01T01:49:38.102Z,179081937810200
"""Stevo @ kI2bCqDOyl"" checks",2026-10-01T01:49:34.176Z,179081937417600
"""Spenny @ S8ENkJ8OQS"" checks",2026-10-01T01:49:33.177Z,179081937317700
"""georgeoge @ wgzHqTfHfQ"" checks",2026-10-01T01:49:29.316Z,179081936931600
"Turn: 3♠, K♥, 9♣ [J♥]",2026-10-01T01:49:27.743Z,179081936774300
"""arash @ 21jHaBYWIi"" checks",2026-10-01T01:49:26.876Z,179081936687600
"""Stevo @ kI2bCqDOyl"" checks",2026-10-01T01:49:23.091Z,179081936309100
"""Spenny @ S8ENkJ8OQS"" checks",2026-10-01T01:49:22.128Z,179081936212800
"The admin approved the player ""Jonah @ xrBY5OZYCv"" participation with a stack of 1000.",2026-10-01T01:49:18.313Z,179081935831300
"""georgeoge @ wgzHqTfHfQ"" checks",2026-10-01T01:49:18.297Z,179081935829700
"The player ""Jonah @ xrBY5OZYCv"" requested a seat.",2026-10-01T01:49:17.198Z,179081935719800
"Flop:  [3♠, K♥, 9♣]",2026-10-01T01:49:16.834Z,179081935683400
"""georgeoge @ wgzHqTfHfQ"" checks",2026-10-01T01:49:15.989Z,179081935598900
"""arash @ 21jHaBYWIi"" calls 20",2026-10-01T01:49:15.139Z,179081935513900
"""Stevo @ kI2bCqDOyl"" calls 20",2026-10-01T01:49:14.243Z,179081935424300
"""Spenny @ S8ENkJ8OQS"" calls 20",2026-10-01T01:49:13.291Z,179081935329100
"""georgeoge @ wgzHqTfHfQ"" posts a big blind of 20",2026-10-01T01:49:10.833Z,179081935083308
"Dead Small Blind",2026-10-01T01:49:10.833Z,179081935083307
"Your hand is 2♦, 9♥",2026-10-01T01:49:10.833Z,179081935083306
"Player stacks: #4 ""georgeoge @ wgzHqTfHfQ"" (1750) | #7 ""Spenny @ S8ENkJ8OQS"" (1560) | #9 ""Stevo @ kI2bCqDOyl"" (1910) | #10 ""arash @ 21jHaBYWIi"" (780)",2026-10-01T01:49:10.833Z,179081935083302
"-- starting hand #57 (id: o5rxruj558sq)  No Limit Texas Hold'em (dealer: ""arash @ 21jHaBYWIi"") --",2026-10-01T01:49:10.833Z,179081935083301
"The player ""Jonah @ xrBY5OZYCv"" quits the game with a stack of 0.",2026-10-01T01:49:10.833Z,179081935083300
"-- ending hand #56 --",2026-10-01T01:49:04.827Z,179081934482701
"""Stevo @ kI2bCqDOyl"" collected 910 from pot with Three of a Kind, J's (combination: Q♠, K♦, J♠, J♣, J♦)",2026-10-01T01:49:04.827Z,179081934482700
"River: 7♠, 6♦, J♦, Q♠ [K♦]",2026-10-01T01:49:00.777Z,179081934077700
"Turn: 7♠, 6♦, J♦ [Q♠]",2026-10-01T01:48:56.771Z,179081933677100
"""Stevo @ kI2bCqDOyl"" shows a J♠, J♣.",2026-10-01T01:48:52.767Z,179081933276701
"""Jonah @ xrBY5OZYCv"" shows a K♣, A♦.",2026-10-01T01:48:52.767Z,179081933276700
"""arash @ 21jHaBYWIi"" folds",2026-10-01T01:48:51.920Z,179081933192000
"""Stevo @ kI2bCqDOyl"" calls 380",2026-10-01T01:48:48.971Z,179081932897100
"""Jonah @ xrBY5OZYCv"" bets 380 and go all in",2026-10-01T01:48:46.618Z,179081932661800
"""arash @ 21jHaBYWIi"" checks",2026-10-01T01:48:44.328Z,179081932432800
"Flop:  [7♠, 6♦, J♦]",2026-10-01T01:48:42.853Z,179081932285300
"""arash @ 21jHaBYWIi"" calls 50",2026-10-01T01:48:42.022Z,179081932202200
"""Stevo @ kI2bCqDOyl"" calls 50",2026-10-01T01:48:37.682Z,179081931768200
"""Jonah @ xrBY5OZYCv"" raises to 50",2026-10-01T01:48:36.191Z,179081931619100
"""arash @ 21jHaBYWIi"" calls 20",2026-10-01T01:48:32.475Z,179081931247500
"""Stevo @ kI2bCqDOyl"" calls 20",2026-10-01T01:48:31.549Z,179081931154900
"""Spenny @ S8ENkJ8OQS"" folds",2026-10-01T01:48:30.391Z,179081931039100
"""georgeoge @ wgzHqTfHfQ"" folds",2026-10-01T01:48:25.633Z,179081930563300
"""Jonah @ xrBY5OZYCv"" posts a big blind of 20",2026-10-01T01:48:24.046Z,179081930404608
"""arash @ 21jHaBYWIi"" posts a small blind of 10",2026-10-01T01:48:24.046Z,179081930404607
"Your hand is 10♦, 4♣",2026-10-01T01:48:24.046Z,179081930404606
"Player stacks: #1 ""Jonah @ xrBY5OZYCv"" (430) | #4 ""georgeoge @ wgzHqTfHfQ"" (1750) | #7 ""Spenny @ S8ENkJ8OQS"" (1560) | #9 ""Stevo @ kI2bCqDOyl"" (1430) | #10 ""arash @ 21jHaBYWIi"" (830)",2026-10-01T01:48:24.046Z,179081930404601
"-- starting hand #56 (id: wlpicwowkjjl)  No Limit Texas Hold'em (dealer: ""Stevo @ kI2bCqDOyl"") --",2026-10-01T01:48:24.046Z,179081930404600
"""georgeoge @ wgzHqTfHfQ"" shows a 10♥, 9♦.",2026-10-01T01:48:20.952Z,179081930095200
"""Jonah @ xrBY5OZYCv"" shows a 3♠.",2026-10-01T01:48:20.583Z,179081930058300
"-- ending hand #55 --",2026-10-01T01:48:19.741Z,179081929974102
"""Spenny @ S8ENkJ8OQS"" collected 120 from pot",2026-10-01T01:48:19.741Z,179081929974101
"Uncalled bet of 20 returned to ""Spenny @ S8ENkJ8OQS""",2026-10-01T01:48:19.741Z,179081929974100
"""arash @ 21jHaBYWIi"" folds",2026-10-01T01:48:18.879Z,179081929887900
"""Spenny @ S8ENkJ8OQS"" bets 20",2026-10-01T01:48:16.502Z,179081929650200
"""arash @ 21jHaBYWIi"" checks",2026-10-01T01:48:13.028Z,179081929302800
"River: 3♦, 3♥, 4♥, 2♣ [3♣]",2026-10-01T01:48:06.147Z,179081928614700
"""georgeoge @ wgzHqTfHfQ"" folds",2026-10-01T01:48:05.284Z,179081928528400
"""arash @ 21jHaBYWIi"" calls 20",2026-10-01T01:47:56.230Z,179081927623000
"""Stevo @ kI2bCqDOyl"" folds",2026-10-01T01:47:55.307Z,179081927530700
"""Spenny @ S8ENkJ8OQS"" bets 20",2026-10-01T01:47:51.332Z,179081927133200
"""georgeoge @ wgzHqTfHfQ"" checks",2026-10-01T01:47:47.280Z,179081926728000
"""arash @ 21jHaBYWIi"" checks",2026-10-01T01:47:46.341Z,179081926634100
"""Stevo @ kI2bCqDOyl"" checks",2026-10-01T01:47:45.407Z,179081926540700
"Turn: 3♦, 3♥, 4♥ [2♣]",2026-10-01T01:47:43.385Z,179081926338500
"""Spenny @ S8ENkJ8OQS"" checks",2026-10-01T01:47:42.574Z,179081926257400
"""georgeoge @ wgzHqTfHfQ"" checks",2026-10-01T01:47:40.270Z,179081926027000
"""arash @ 21jHaBYWIi"" checks",2026-10-01T01:47:39.398Z,179081925939800
"""Stevo @ kI2bCqDOyl"" checks",2026-10-01T01:47:37.814Z,179081925781400
"Flop:  [3♦, 3♥, 4♥]",2026-10-01T01:47:36.110Z,179081925611000
"""arash @ 21jHaBYWIi"" checks",2026-10-01T01:47:35.279Z,179081925527900
"""Stevo @ kI2bCqDOyl"" calls 20",2026-10-01T01:47:34.384Z,179081925438400
"""Spenny @ S8ENkJ8OQS"" calls 20",2026-10-01T01:47:33.392Z,179081925339200
"""georgeoge @ wgzHqTfHfQ"" calls 20",2026-10-01T01:47:32.456Z,179081925245600
"""Jonah @ xrBY5OZYCv"" folds",2026-10-01T01:47:30.284Z,179081925028400
"""arash @ 21jHaBYWIi"" posts a big blind of 20",2026-10-01T01:47:29.457Z,179081924945708
"""Stevo @ kI2bCqDOyl"" posts a small blind of 10",2026-10-01T01:47:29.457Z,179081924945707
"Your hand is 6♥, 8♠",2026-10-01T01:47:29.457Z,179081924945706
"Player stacks: #1 ""Jonah @ xrBY5OZYCv"" (430) | #4 ""georgeoge @ wgzHqTfHfQ"" (1770) | #7 ""Spenny @ S8ENkJ8OQS"" (1480) | #9 ""Stevo @ kI2bCqDOyl"" (1450) | #10 ""arash @ 21jHaBYWIi"" (870)",2026-10-01T01:47:29.457Z,179081924945701
"-- starting hand #55 (id: etdzi9kfzfmp)  No Limit Texas Hold'em (dealer: ""Spenny @ S8ENkJ8OQS"") --",2026-10-01T01:47:29.457Z,179081924945700
"""georgeoge @ wgzHqTfHfQ"" shows a 5♣, 10♣.",2026-10-01T01:47:23.998Z,179081924399800
"-- ending hand #54 --",2026-10-01T01:47:22.935Z,179081924293502
"""Spenny @ S8ENkJ8OQS"" collected 640 from pot with Full House, K's over 5's (combination: 5♠, 5♥, K♦, K♥, K♠)",2026-10-01T01:47:22.935Z,179081924293501
"""Spenny @ S8ENkJ8OQS"" shows a 6♠, K♦.",2026-10-01T01:47:22.935Z,179081924293500
"""georgeoge @ wgzHqTfHfQ"" calls 180",2026-10-01T01:47:22.119Z,179081924211900
"""Spenny @ S8ENkJ8OQS"" raises to 180",2026-10-01T01:47:20.756Z,179081924075600
"""georgeoge @ wgzHqTfHfQ"" raises to 120",2026-10-01T01:47:17.437Z,179081923743700
"""Stevo @ kI2bCqDOyl"" folds",2026-10-01T01:47:14.643Z,179081923464300
"""Spenny @ S8ENkJ8OQS"" bets 60",2026-10-01T01:47:13.708Z,179081923370800
"River: 5♠, 5♥, Q♦, K♥ [K♠]",2026-10-01T01:47:09.122Z,179081922912200
"""Stevo @ kI2bCqDOyl"" calls 40",2026-10-01T01:47:08.305Z,179081922830500
"""Spenny @ S8ENkJ8OQS"" calls 40",2026-10-01T01:47:06.700Z,179081922670000
"""georgeoge @ wgzHqTfHfQ"" raises to 40",2026-10-01T01:47:02.720Z,179081922272000
"""arash @ 21jHaBYWIi"" folds",2026-10-01T01:46:59.282Z,179081921928200
"""Stevo @ kI2bCqDOyl"" calls 20",2026-10-01T01:46:53.950Z,179081921395000
"""Spenny @ S8ENkJ8OQS"" bets 20",2026-10-01T01:46:52.079Z,179081921207900
"Turn: 5♠, 5♥, Q♦ [K♥]",2026-10-01T01:46:46.148Z,179081920614800
"""georgeoge @ wgzHqTfHfQ"" checks",2026-10-01T01:46:45.302Z,179081920530200
"""arash @ 21jHaBYWIi"" checks",2026-10-01T01:46:44.429Z,179081920442900
"""Stevo @ kI2bCqDOyl"" checks",2026-10-01T01:46:43.473Z,179081920347300
"""Spenny @ S8ENkJ8OQS"" checks",2026-10-01T01:46:42.482Z,179081920248200
"Flop:  [5♠, 5♥, Q♦]",2026-10-01T01:46:39.987Z,179081919998700
"""Spenny @ S8ENkJ8OQS"" calls 40",2026-10-01T01:46:39.170Z,179081919917000
"""georgeoge @ wgzHqTfHfQ"" calls 40",2026-10-01T01:46:35.520Z,179081919552000
"""arash @ 21jHaBYWIi"" calls 40",2026-10-01T01:46:34.607Z,179081919460700
"""Stevo @ kI2bCqDOyl"" raises to 40",2026-10-01T01:46:28.472Z,179081918847200
"""Spenny @ S8ENkJ8OQS"" calls 20",2026-10-01T01:46:25.445Z,179081918544500
"""georgeoge @ wgzHqTfHfQ"" calls 20",2026-10-01T01:46:24.549Z,179081918454900
"""Jonah @ xrBY5OZYCv"" folds",2026-10-01T01:46:23.698Z,179081918369800
"""arash @ 21jHaBYWIi"" calls 20",2026-10-01T01:46:22.782Z,179081918278200
"""Stevo @ kI2bCqDOyl"" posts a big blind of 20",2026-10-01T01:46:18.747Z,179081917874708
"""Spenny @ S8ENkJ8OQS"" posts a small blind of 10",2026-10-01T01:46:18.747Z,179081917874707
"Your hand is 7♣, 9♣",2026-10-01T01:46:18.747Z,179081917874706
"Player stacks: #1 ""Jonah @ xrBY5OZYCv"" (430) | #4 ""georgeoge @ wgzHqTfHfQ"" (2030) | #7 ""Spenny @ S8ENkJ8OQS"" (1100) | #9 ""Stevo @ kI2bCqDOyl"" (1530) | #10 ""arash @ 21jHaBYWIi"" (910)",2026-10-01T01:46:18.747Z,179081917874701
"-- starting hand #54 (id: h2kfhwwkoau2)  No Limit Texas Hold'em (dealer: ""georgeoge @ wgzHqTfHfQ"") --",2026-10-01T01:46:18.747Z,179081917874700
"-- ending hand #53 --",2026-10-01T01:46:12.717Z,179081917271703
"""Stevo @ kI2bCqDOyl"" collected 160 from pot with K High (combination: 6♣, 10♠, J♠, Q♥, K♦)",2026-10-01T01:46:12.717Z,179081917271702
"""Stevo @ kI2bCqDOyl"" shows a Q♥, 10♠.",2026-10-01T01:46:12.717Z,179081917271701
"""Spenny @ S8ENkJ8OQS"" shows a 7♠, 9♣.",2026-10-01T01:46:12.717Z,179081917271700
"""Stevo @ kI2bCqDOyl"" checks",2026-10-01T01:46:11.840Z,179081917184000
"""Spenny @ S8ENkJ8OQS"" checks",2026-10-01T01:46:10.843Z,179081917084300
"River: K♦, 6♣, J♠, 5♥ [3♣]",2026-10-01T01:46:07.422Z,179081916742200
"""Spenny @ S8ENkJ8OQS"" calls 20",2026-10-01T01:46:06.584Z,179081916658400
"""Stevo @ kI2bCqDOyl"" bets 20",2026-10-01T01:46:00.845Z,179081916084500
"""Spenny @ S8ENkJ8OQS"" checks",2026-10-01T01:45:59.677Z,179081915967700
"Turn: K♦, 6♣, J♠ [5♥]",2026-10-01T01:45:57.661Z,179081915766100
"""Spenny @ S8ENkJ8OQS"" calls 20",2026-10-01T01:45:56.805Z,179081915680500
"""georgeoge @ wgzHqTfHfQ"" folds",2026-10-01T01:45:48.302Z,179081914830200
"""Jonah @ xrBY5OZYCv"" folds",2026-10-01T01:45:45.174Z,179081914517400
"""Stevo @ kI2bCqDOyl"" bets 20",2026-10-01T01:45:41.353Z,179081914135300
"""Spenny @ S8ENkJ8OQS"" checks",2026-10-01T01:45:40.153Z,179081914015300
"""georgeoge @ wgzHqTfHfQ"" checks",2026-10-01T01:45:39.268Z,179081913926800
"Flop:  [K♦, 6♣, J♠]",2026-10-01T01:45:32.689Z,179081913268900
"""Spenny @ S8ENkJ8OQS"" checks",2026-10-01T01:45:31.862Z,179081913186200
"""georgeoge @ wgzHqTfHfQ"" calls 20",2026-10-01T01:45:30.952Z,179081913095200
"""Jonah @ xrBY5OZYCv"" calls 20",2026-10-01T01:45:30.029Z,179081913002900
"""arash @ 21jHaBYWIi"" folds",2026-10-01T01:45:29.132Z,179081912913200
"""Stevo @ kI2bCqDOyl"" calls 20",2026-10-01T01:45:23.648Z,179081912364800
"""Spenny @ S8ENkJ8OQS"" posts a big blind of 20",2026-10-01T01:45:21.862Z,179081912186208
"""georgeoge @ wgzHqTfHfQ"" posts a small blind of 10",2026-10-01T01:45:21.862Z,179081912186207
"Your hand is 3♠, 10♦",2026-10-01T01:45:21.862Z,179081912186206
"Player stacks: #1 ""Jonah @ xrBY5OZYCv"" (450) | #4 ""georgeoge @ wgzHqTfHfQ"" (2050) | #7 ""Spenny @ S8ENkJ8OQS"" (1160) | #9 ""Stevo @ kI2bCqDOyl"" (1430) | #10 ""arash @ 21jHaBYWIi"" (910)",2026-10-01T01:45:21.862Z,179081912186201
"-- starting hand #53 (id: yogzxgsaf9pr)  No Limit Texas Hold'em (dealer: ""Jonah @ xrBY5OZYCv"") --",2026-10-01T01:45:21.862Z,179081912186200
"""georgeoge @ wgzHqTfHfQ"" shows a 7♦, A♥.",2026-10-01T01:45:17.685Z,179081911768500
"-- ending hand #52 --",2026-10-01T01:45:15.353Z,179081911535303
"""Stevo @ kI2bCqDOyl"" collected 480 from pot with Straight, Q High (combination: 8♦, 9♠, 10♠, J♥, Q♥)",2026-10-01T01:45:15.353Z,179081911535302
"""Stevo @ kI2bCqDOyl"" shows a 10♠, 9♠.",2026-10-01T01:45:15.353Z,179081911535301
"""Spenny @ S8ENkJ8OQS"" shows a J♣, 6♥.",2026-10-01T01:45:15.353Z,179081911535300
"""Stevo @ kI2bCqDOyl"" calls 20",2026-10-01T01:45:14.500Z,179081911450000
"""Spenny @ S8ENkJ8OQS"" bets 20",2026-10-01T01:45:13.330Z,179081911333000
"River: J♥, 8♦, Q♠, 4♣ [Q♥]",2026-10-01T01:45:10.331Z,179081911033100
"""Spenny @ S8ENkJ8OQS"" calls 80",2026-10-01T01:45:09.511Z,179081910951100
"""arash @ 21jHaBYWIi"" folds",2026-10-01T01:45:07.822Z,179081910782200
"""Stevo @ kI2bCqDOyl"" raises to 80",2026-10-01T01:44:56.996Z,179081909699600
"""Spenny @ S8ENkJ8OQS"" bets 20",2026-10-01T01:44:54.096Z,179081909409600
"Turn: J♥, 8♦, Q♠ [4♣]",2026-10-01T01:44:48.593Z,179081908859300
"""Spenny @ S8ENkJ8OQS"" calls 60",2026-10-01T01:44:47.769Z,179081908776900
"""georgeoge @ wgzHqTfHfQ"" folds",2026-10-01T01:44:43.788Z,179081908378800
"""Jonah @ xrBY5OZYCv"" folds",2026-10-01T01:44:42.854Z,179081908285400
"""arash @ 21jHaBYWIi"" calls 60",2026-10-01T01:44:41.977Z,179081908197700
"""Stevo @ kI2bCqDOyl"" raises to 60",2026-10-01T01:44:36.865Z,179081907686500
"""Spenny @ S8ENkJ8OQS"" bets 20",2026-10-01T01:44:34.713Z,179081907471300
"""georgeoge @ wgzHqTfHfQ"" checks",2026-10-01T01:44:33.405Z,179081907340500
"""Jonah @ xrBY5OZYCv"" checks",2026-10-01T01:44:32.540Z,179081907254000
"Flop:  [J♥, 8♦, Q♠]",2026-10-01T01:44:30.177Z,179081907017700
"""georgeoge @ wgzHqTfHfQ"" checks",2026-10-01T01:44:29.331Z,179081906933100
"""Jonah @ xrBY5OZYCv"" calls 20",2026-10-01T01:44:28.463Z,179081906846300
"""arash @ 21jHaBYWIi"" calls 20",2026-10-01T01:44:27.588Z,179081906758800
"""Stevo @ kI2bCqDOyl"" calls 20",2026-10-01T01:44:26.630Z,179081906663000
"""Spenny @ S8ENkJ8OQS"" calls 20",2026-10-01T01:44:25.652Z,179081906565200
"""georgeoge @ wgzHqTfHfQ"" posts a big blind of 20",2026-10-01T01:44:23.378Z,179081906337808
"""Jonah @ xrBY5OZYCv"" posts a small blind of 10",2026-10-01T01:44:23.378Z,179081906337807
"Your hand is 6♣, Q♣",2026-10-01T01:44:23.378Z,179081906337806
"Player stacks: #1 ""Jonah @ xrBY5OZYCv"" (470) | #4 ""georgeoge @ wgzHqTfHfQ"" (2070) | #7 ""Spenny @ S8ENkJ8OQS"" (1340) | #9 ""Stevo @ kI2bCqDOyl"" (1130) | #10 ""arash @ 21jHaBYWIi"" (990)",2026-10-01T01:44:23.378Z,179081906337801
"-- starting hand #52 (id: 0lyzqhrgrfnn)  No Limit Texas Hold'em (dealer: ""arash @ 21jHaBYWIi"") --",2026-10-01T01:44:23.378Z,179081906337800
"""georgeoge @ wgzHqTfHfQ"" shows a K♦, 2♠.",2026-10-01T01:44:17.983Z,179081905798300
"-- ending hand #51 --",2026-10-01T01:44:16.801Z,179081905680102
"""arash @ 21jHaBYWIi"" collected 300 from pot with Three of a Kind, 4's (combination: 10♦, Q♦, 4♣, 4♥, 4♦)",2026-10-01T01:44:16.801Z,179081905680101
"""arash @ 21jHaBYWIi"" shows a 10♦, 4♣.",2026-10-01T01:44:16.801Z,179081905680100
"""georgeoge @ wgzHqTfHfQ"" calls 120",2026-10-01T01:44:15.985Z,179081905598500
"""Jonah @ xrBY5OZYCv"" folds",2026-10-01T01:44:14.411Z,179081905441100
"""arash @ 21jHaBYWIi"" raises to 120",2026-10-01T01:44:13.497Z,179081905349700
"""georgeoge @ wgzHqTfHfQ"" bets 20",2026-10-01T01:44:08.836Z,179081904883600
"""Jonah @ xrBY5OZYCv"" checks",2026-10-01T01:44:04.823Z,179081904482300
"""arash @ 21jHaBYWIi"" checks",2026-10-01T01:44:03.968Z,179081904396800
"River: 2♣, 4♥, 8♥, Q♦ [4♦]",2026-10-01T01:44:02.137Z,179081904213700
"""georgeoge @ wgzHqTfHfQ"" checks",2026-10-01T01:44:01.189Z,179081904118900
"""Jonah @ xrBY5OZYCv"" checks",2026-10-01T01:43:59.559Z,179081903955900
"""arash @ 21jHaBYWIi"" checks",2026-10-01T01:43:58.668Z,179081903866800
"Turn: 2♣, 4♥, 8♥ [Q♦]",2026-10-01T01:43:57.105Z,179081903710500
"""georgeoge @ wgzHqTfHfQ"" checks",2026-10-01T01:43:56.215Z,179081903621500
"""Jonah @ xrBY5OZYCv"" checks",2026-10-01T01:43:55.369Z,179081903536900
"""arash @ 21jHaBYWIi"" checks",2026-10-01T01:43:51.160Z,179081903116000
"Flop:  [2♣, 4♥, 8♥]",2026-10-01T01:43:49.555Z,179081902955500
"""Jonah @ xrBY5OZYCv"" checks",2026-10-01T01:43:48.749Z,179081902874900
"""arash @ 21jHaBYWIi"" calls 20",2026-10-01T01:43:47.868Z,179081902786800
"""Stevo @ kI2bCqDOyl"" folds",2026-10-01T01:43:46.425Z,179081902642500
"""Spenny @ S8ENkJ8OQS"" folds",2026-10-01T01:43:45.454Z,179081902545400
"""georgeoge @ wgzHqTfHfQ"" calls 20",2026-10-01T01:43:40.568Z,179081902056800
"""Jonah @ xrBY5OZYCv"" posts a big blind of 20",2026-10-01T01:43:39.165Z,179081901916508
"""arash @ 21jHaBYWIi"" posts a small blind of 10",2026-10-01T01:43:39.165Z,179081901916507
"Your hand is 10♦, 4♣",2026-10-01T01:43:39.165Z,179081901916506
"Player stacks: #1 ""Jonah @ xrBY5OZYCv"" (490) | #4 ""georgeoge @ wgzHqTfHfQ"" (2210) | #7 ""Spenny @ S8ENkJ8OQS"" (1340) | #9 ""Stevo @ kI2bCqDOyl"" (1130) | #10 ""arash @ 21jHaBYWIi"" (830)",2026-10-01T01:43:39.165Z,179081901916501
"-- starting hand #51 (id: dzsgh0lhuhmx)  No Limit Texas Hold'em (dealer: ""Stevo @ kI2bCqDOyl"") --",2026-10-01T01:43:39.165Z,179081901916500
"-- ending hand #50 --",2026-10-01T01:43:33.148Z,179081901314803
"""georgeoge @ wgzHqTfHfQ"" collected 130 from pot with Pair, 9's (combination: 7♥, J♣, A♠, 9♥, 9♦)",2026-10-01T01:43:33.148Z,179081901314802
"""georgeoge @ wgzHqTfHfQ"" shows a 7♥, 9♥.",2026-10-01T01:43:33.148Z,179081901314801
"""arash @ 21jHaBYWIi"" shows a 8♣, Q♦.",2026-10-01T01:43:33.148Z,179081901314800
"""Spenny @ S8ENkJ8OQS"" checks",2026-10-01T01:43:32.332Z,179081901233200
"""georgeoge @ wgzHqTfHfQ"" checks",2026-10-01T01:43:28.335Z,179081900833500
"""arash @ 21jHaBYWIi"" checks",2026-10-01T01:43:25.576Z,179081900557600
"River: J♣, A♠, 9♦, 6♥ [5♥]",2026-10-01T01:43:24.081Z,179081900408100
"""Spenny @ S8ENkJ8OQS"" checks",2026-10-01T01:43:23.251Z,179081900325100
"""georgeoge @ wgzHqTfHfQ"" checks",2026-10-01T01:43:18.125Z,179081899812500
"""arash @ 21jHaBYWIi"" checks",2026-10-01T01:43:17.203Z,179081899720300
"Turn: J♣, A♠, 9♦ [6♥]",2026-10-01T01:43:15.856Z,179081899585600
"""georgeoge @ wgzHqTfHfQ"" calls 20",2026-10-01T01:43:14.968Z,179081899496800
"""arash @ 21jHaBYWIi"" calls 20",2026-10-01T01:43:06.605Z,179081898660500
"""Spenny @ S8ENkJ8OQS"" bets 20",2026-10-01T01:43:04.243Z,179081898424300
"""georgeoge @ wgzHqTfHfQ"" checks",2026-10-01T01:43:01.892Z,179081898189200
"""arash @ 21jHaBYWIi"" checks",2026-10-01T01:43:00.971Z,179081898097100
"Flop:  [J♣, A♠, 9♦]",2026-10-01T01:42:59.007Z,179081897900700
"""arash @ 21jHaBYWIi"" checks",2026-10-01T01:42:58.106Z,179081897810600
"""Stevo @ kI2bCqDOyl"" folds",2026-10-01T01:42:57.125Z,179081897712500
"""Spenny @ S8ENkJ8OQS"" calls 20",2026-10-01T01:42:56.144Z,179081897614400
"""georgeoge @ wgzHqTfHfQ"" calls 20",2026-10-01T01:42:55.258Z,179081897525800
"""Jonah @ xrBY5OZYCv"" folds",2026-10-01T01:42:54.368Z,179081897436800
"""arash @ 21jHaBYWIi"" posts a big blind of 20",2026-10-01T01:42:53.001Z,179081897300108
"""Stevo @ kI2bCqDOyl"" posts a small blind of 10",2026-10-01T01:42:53.001Z,179081897300107
"Your hand is 8♣, Q♦",2026-10-01T01:42:53.001Z,179081897300106
"Player stacks: #1 ""Jonah @ xrBY5OZYCv"" (490) | #4 ""georgeoge @ wgzHqTfHfQ"" (2120) | #7 ""Spenny @ S8ENkJ8OQS"" (1380) | #9 ""Stevo @ kI2bCqDOyl"" (1140) | #10 ""arash @ 21jHaBYWIi"" (870)",2026-10-01T01:42:53.001Z,179081897300101
"-- starting hand #50 (id: 2nem8hn9ifqc)  No Limit Texas Hold'em (dealer: ""Spenny @ S8ENkJ8OQS"") --",2026-10-01T01:42:53.001Z,179081897300100
"""georgeoge @ wgzHqTfHfQ"" shows a 7♥, 5♦.",2026-10-01T01:42:49.185Z,179081896918500
"-- ending hand #49 --",2026-10-01T01:42:46.400Z,179081896640004
"""Stevo @ kI2bCqDOyl"" collected 20 from pot with Pair, K's (combination: 7♦, 8♥, Q♠, K♥, K♣)",2026-10-01T01:42:46.400Z,179081896640003
"""Spenny @ S8ENkJ8OQS"" collected 20 from pot with Pair, K's (combination: 7♦, 8♥, Q♦, K♥, K♣)",2026-10-01T01:42:46.400Z,179081896640002
"""Stevo @ kI2bCqDOyl"" shows a Q♠, 3♦.",2026-10-01T01:42:46.400Z,179081896640001
"""Spenny @ S8ENkJ8OQS"" shows a Q♦, 3♠.",2026-10-01T01:42:46.400Z,179081896640000
"""Stevo @ kI2bCqDOyl"" checks",2026-10-01T01:42:45.533Z,179081896553300
"""Spenny @ S8ENkJ8OQS"" checks",2026-10-01T01:42:44.578Z,179081896457800
"River: 8♥, K♥, 7♦, K♣ [5♥]",2026-10-01T01:42:39.601Z,179081895960100
"""Stevo @ kI2bCqDOyl"" checks",2026-10-01T01:42:38.720Z,179081895872000
"""Spenny @ S8ENkJ8OQS"" checks",2026-10-01T01:42:37.746Z,179081895774600
"Turn: 8♥, K♥, 7♦ [K♣]",2026-10-01T01:42:34.580Z,179081895458000
"""Stevo @ kI2bCqDOyl"" checks",2026-10-01T01:42:33.700Z,179081895370000
"""Spenny @ S8ENkJ8OQS"" checks",2026-10-01T01:42:32.654Z,179081895265400
"Flop:  [8♥, K♥, 7♦]",2026-10-01T01:42:29.778Z,179081894977800
"""Stevo @ kI2bCqDOyl"" checks",2026-10-01T01:42:28.920Z,179081894892000
"""Spenny @ S8ENkJ8OQS"" calls 20",2026-10-01T01:42:27.979Z,179081894797900
"""georgeoge @ wgzHqTfHfQ"" folds",2026-10-01T01:42:24.520Z,179081894452000
"""Jonah @ xrBY5OZYCv"" folds",2026-10-01T01:42:21.644Z,179081894164400
"""arash @ 21jHaBYWIi"" folds",2026-10-01T01:42:20.778Z,179081894077800
"""Stevo @ kI2bCqDOyl"" posts a big blind of 20",2026-10-01T01:42:19.368Z,179081893936808
"""Spenny @ S8ENkJ8OQS"" posts a small blind of 10",2026-10-01T01:42:19.368Z,179081893936807
"Your hand is J♥, 4♣",2026-10-01T01:42:19.368Z,179081893936806
"Player stacks: #1 ""Jonah @ xrBY5OZYCv"" (490) | #4 ""georgeoge @ wgzHqTfHfQ"" (2120) | #7 ""Spenny @ S8ENkJ8OQS"" (1380) | #9 ""Stevo @ kI2bCqDOyl"" (1140) | #10 ""arash @ 21jHaBYWIi"" (870)",2026-10-01T01:42:19.368Z,179081893936801
"-- starting hand #49 (id: clwhl9b9gyv4)  No Limit Texas Hold'em (dealer: ""georgeoge @ wgzHqTfHfQ"") --",2026-10-01T01:42:19.368Z,179081893936800
"""Spenny @ S8ENkJ8OQS"" shows a 2♣.",2026-10-01T01:42:15.462Z,179081893546200
"-- ending hand #48 --",2026-10-01T01:42:12.769Z,179081893276903
"""georgeoge @ wgzHqTfHfQ"" shows a 6♦, 4♥.",2026-10-01T01:42:12.769Z,179081893276902
"""arash @ 21jHaBYWIi"" collected 870 from pot with Flush, A High (combination: 3♣, 5♣, 8♣, Q♣, A♣)",2026-10-01T01:42:12.769Z,179081893276901
"""arash @ 21jHaBYWIi"" shows a 3♠, A♣.",2026-10-01T01:42:12.769Z,179081893276900
"""georgeoge @ wgzHqTfHfQ"" calls 175",2026-10-01T01:42:11.889Z,179081893188900
"""arash @ 21jHaBYWIi"" raises to 175 and go all in",2026-10-01T01:42:10.482Z,179081893048200
"""Spenny @ S8ENkJ8OQS"" folds",2026-10-01T01:42:07.320Z,179081892732000
"""georgeoge @ wgzHqTfHfQ"" bets 80",2026-10-01T01:41:58.945Z,179081891894500
"River: 5♣, 2♠, 8♣, 3♣ [Q♣]",2026-10-01T01:41:55.615Z,179081891561500
"""Jonah @ xrBY5OZYCv"" folds",2026-10-01T01:41:54.790Z,179081891479000
"""arash @ 21jHaBYWIi"" calls 60",2026-10-01T01:41:47.142Z,179081890714200
"""Spenny @ S8ENkJ8OQS"" calls 60",2026-10-01T01:41:44.768Z,179081890476800
"""georgeoge @ wgzHqTfHfQ"" bets 60",2026-10-01T01:41:35.352Z,179081889535200
"Turn: 5♣, 2♠, 8♣ [3♣]",2026-10-01T01:41:32.599Z,179081889259900
"""Stevo @ kI2bCqDOyl"" folds",2026-10-01T01:41:31.784Z,179081889178400
"""Spenny @ S8ENkJ8OQS"" calls 60",2026-10-01T01:41:30.833Z,179081889083300
"""georgeoge @ wgzHqTfHfQ"" calls 60",2026-10-01T01:41:29.935Z,179081888993500
"""Jonah @ xrBY5OZYCv"" calls 60",2026-10-01T01:41:26.405Z,179081888640500
"""arash @ 21jHaBYWIi"" bets 60",2026-10-01T01:41:19.311Z,179081887931100
"""Stevo @ kI2bCqDOyl"" checks",2026-10-01T01:41:13.577Z,179081887357700
"""Spenny @ S8ENkJ8OQS"" checks",2026-10-01T01:41:11.498Z,179081887149800
"""georgeoge @ wgzHqTfHfQ"" checks",2026-10-01T01:41:08.452Z,179081886845200
"Flop:  [5♣, 2♠, 8♣]",2026-10-01T01:41:07.102Z,179081886710200
"""Spenny @ S8ENkJ8OQS"" checks",2026-10-01T01:41:06.236Z,179081886623600
"""georgeoge @ wgzHqTfHfQ"" calls 20",2026-10-01T01:41:05.333Z,179081886533300
"""Jonah @ xrBY5OZYCv"" calls 20",2026-10-01T01:41:04.489Z,179081886448900
"""arash @ 21jHaBYWIi"" calls 20",2026-10-01T01:41:02.648Z,179081886264800
"""Stevo @ kI2bCqDOyl"" calls 20",2026-10-01T01:41:01.139Z,179081886113900
"""Spenny @ S8ENkJ8OQS"" posts a big blind of 20",2026-10-01T01:40:58.984Z,179081885898408
"""georgeoge @ wgzHqTfHfQ"" posts a small blind of 10",2026-10-01T01:40:58.984Z,179081885898407
"Your hand is 3♠, A♣",2026-10-01T01:40:58.984Z,179081885898406
"Player stacks: #1 ""Jonah @ xrBY5OZYCv"" (570) | #4 ""georgeoge @ wgzHqTfHfQ"" (2435) | #7 ""Spenny @ S8ENkJ8OQS"" (1520) | #9 ""Stevo @ kI2bCqDOyl"" (1160) | #10 ""arash @ 21jHaBYWIi"" (315)",2026-10-01T01:40:58.984Z,179081885898401
"-- starting hand #48 (id: gvwfiqtvb0ol)  No Limit Texas Hold'em (dealer: ""Jonah @ xrBY5OZYCv"") --",2026-10-01T01:40:58.984Z,179081885898400
"""Spenny @ S8ENkJ8OQS"" shows a 8♥.",2026-10-01T01:40:54.395Z,179081885439500
"-- ending hand #47 --",2026-10-01T01:40:52.423Z,179081885242302
"""georgeoge @ wgzHqTfHfQ"" collected 310 from pot with Three of a Kind, 4's (combination: 8♠, 10♥, 4♦, 4♥, 4♣)",2026-10-01T01:40:52.423Z,179081885242301
"""georgeoge @ wgzHqTfHfQ"" shows a 6♦, 4♦.",2026-10-01T01:40:52.423Z,179081885242300
"""Spenny @ S8ENkJ8OQS"" calls 60",2026-10-01T01:40:51.617Z,179081885161700
"""georgeoge @ wgzHqTfHfQ"" bets 60",2026-10-01T01:40:46.795Z,179081884679500
"River: 5♣, 10♥, 4♥, 8♠ [4♣]",2026-10-01T01:40:43.778Z,179081884377800
"""georgeoge @ wgzHqTfHfQ"" calls 20",2026-10-01T01:40:42.954Z,179081884295400
"""arash @ 21jHaBYWIi"" folds",2026-10-01T01:40:39.224Z,179081883922400
"""Spenny @ S8ENkJ8OQS"" bets 20",2026-10-01T01:40:36.452Z,179081883645200
"""georgeoge @ wgzHqTfHfQ"" checks",2026-10-01T01:40:31.301Z,179081883130100
"Turn: 5♣, 10♥, 4♥ [8♠]",2026-10-01T01:40:24.825Z,179081882482500
"""georgeoge @ wgzHqTfHfQ"" calls 20",2026-10-01T01:40:23.985Z,179081882398500
"""arash @ 21jHaBYWIi"" calls 20",2026-10-01T01:40:20.923Z,179081882092300
"""Stevo @ kI2bCqDOyl"" folds",2026-10-01T01:40:18.575Z,179081881857500
"""Spenny @ S8ENkJ8OQS"" bets 20",2026-10-01T01:40:16.665Z,179081881666500
"""georgeoge @ wgzHqTfHfQ"" checks",2026-10-01T01:40:12.453Z,179081881245300
"Flop:  [5♣, 10♥, 4♥]",2026-10-01T01:40:10.748Z,179081881074800
"""georgeoge @ wgzHqTfHfQ"" checks",2026-10-01T01:40:09.849Z,179081880984900
"""Jonah @ xrBY5OZYCv"" folds",2026-10-01T01:40:08.963Z,179081880896300
"""arash @ 21jHaBYWIi"" calls 20",2026-10-01T01:40:08.047Z,179081880804700
"""Stevo @ kI2bCqDOyl"" calls 20",2026-10-01T01:40:07.141Z,179081880714100
"""Spenny @ S8ENkJ8OQS"" calls 20",2026-10-01T01:40:06.159Z,179081880615900
"""georgeoge @ wgzHqTfHfQ"" posts a big blind of 20",2026-10-01T01:40:03.320Z,179081880332008
"""Jonah @ xrBY5OZYCv"" posts a small blind of 10",2026-10-01T01:40:03.320Z,179081880332007
"Your hand is J♠, K♦",2026-10-01T01:40:03.320Z,179081880332006
"Player stacks: #1 ""Jonah @ xrBY5OZYCv"" (580) | #4 ""georgeoge @ wgzHqTfHfQ"" (2245) | #7 ""Spenny @ S8ENkJ8OQS"" (1640) | #9 ""Stevo @ kI2bCqDOyl"" (1180) | #10 ""arash @ 21jHaBYWIi"" (355)",2026-10-01T01:40:03.320Z,179081880332001
"-- starting hand #47 (id: noitezn4rnvp)  No Limit Texas Hold'em (dealer: ""arash @ 21jHaBYWIi"") --",2026-10-01T01:40:03.320Z,179081880332000
"""Stevo @ kI2bCqDOyl"" shows a A♥, K♥.",2026-10-01T01:39:58.428Z,179081879842800
"""arash @ 21jHaBYWIi"" shows a 8♦, A♦.",2026-10-01T01:39:57.520Z,179081879752000
"-- ending hand #46 --",2026-10-01T01:39:56.273Z,179081879627302
"""georgeoge @ wgzHqTfHfQ"" collected 1180 from pot with Full House, 9's over Q's (combination: Q♠, Q♦, 9♣, 9♥, 9♦)",2026-10-01T01:39:56.273Z,179081879627301
"""georgeoge @ wgzHqTfHfQ"" shows a 9♣, Q♠.",2026-10-01T01:39:56.273Z,179081879627300
"""arash @ 21jHaBYWIi"" calls 340",2026-10-01T01:39:55.457Z,179081879545700
"""georgeoge @ wgzHqTfHfQ"" raises to 340",2026-10-01T01:39:47.737Z,179081878773700
"""arash @ 21jHaBYWIi"" raises to 150",2026-10-01T01:39:43.326Z,179081878332600
"""Stevo @ kI2bCqDOyl"" folds",2026-10-01T01:39:33.996Z,179081877399600
"""Spenny @ S8ENkJ8OQS"" folds",2026-10-01T01:39:33.059Z,179081877305900
"""georgeoge @ wgzHqTfHfQ"" bets 40",2026-10-01T01:39:24.903Z,179081876490300
"""arash @ 21jHaBYWIi"" checks",2026-10-01T01:39:21.439Z,179081876143900
"River: 4♥, 9♥, Q♦, J♦ [9♦]",2026-10-01T01:39:18.169Z,179081875816900
"""Spenny @ S8ENkJ8OQS"" calls 40",2026-10-01T01:39:17.327Z,179081875732700
"""georgeoge @ wgzHqTfHfQ"" calls 40",2026-10-01T01:39:16.425Z,179081875642500
"""arash @ 21jHaBYWIi"" calls 40",2026-10-01T01:39:15.066Z,179081875506600
"""Stevo @ kI2bCqDOyl"" raises to 40",2026-10-01T01:39:11.018Z,179081875101800
"""Spenny @ S8ENkJ8OQS"" calls 20",2026-10-01T01:39:09.181Z,179081874918100
"""georgeoge @ wgzHqTfHfQ"" bets 20",2026-10-01T01:39:03.455Z,179081874345500
"""arash @ 21jHaBYWIi"" checks",2026-10-01T01:38:56.930Z,179081873693000
"Turn: 4♥, 9♥, Q♦ [J♦]",2026-10-01T01:38:53.813Z,179081873381300
"""Spenny @ S8ENkJ8OQS"" calls 40",2026-10-01T01:38:52.984Z,179081873298400
"""georgeoge @ wgzHqTfHfQ"" calls 40",2026-10-01T01:38:49.373Z,179081872937300
"""arash @ 21jHaBYWIi"" calls 40",2026-10-01T01:38:47.549Z,179081872754900
"""Stevo @ kI2bCqDOyl"" raises to 40",2026-10-01T01:38:43.979Z,179081872397900
"""Spenny @ S8ENkJ8OQS"" calls 20",2026-10-01T01:38:41.847Z,179081872184700
"""georgeoge @ wgzHqTfHfQ"" bets 20",2026-10-01T01:38:38.476Z,179081871847600
"""arash @ 21jHaBYWIi"" checks",2026-10-01T01:38:37.249Z,179081871724900
"Flop:  [4♥, 9♥, Q♦]",2026-10-01T01:38:35.359Z,179081871535900
"""Spenny @ S8ENkJ8OQS"" calls 40",2026-10-01T01:38:34.441Z,179081871444100
"""georgeoge @ wgzHqTfHfQ"" calls 40",2026-10-01T01:38:33.443Z,179081871344300
"""Jonah @ xrBY5OZYCv"" folds",2026-10-01T01:38:32.465Z,179081871246500
"""arash @ 21jHaBYWIi"" calls 40",2026-10-01T01:38:31.606Z,179081871160600
"""Stevo @ kI2bCqDOyl"" raises to 40",2026-10-01T01:38:27.911Z,179081870791100
"""Spenny @ S8ENkJ8OQS"" calls 20",2026-10-01T01:38:26.266Z,179081870626600
"""georgeoge @ wgzHqTfHfQ"" calls 20",2026-10-01T01:38:24.522Z,179081870452200
"""Jonah @ xrBY5OZYCv"" posts a big blind of 20",2026-10-01T01:38:22.959Z,179081870295908
"""arash @ 21jHaBYWIi"" posts a small blind of 10",2026-10-01T01:38:22.959Z,179081870295907
"Your hand is 8♦, A♦",2026-10-01T01:38:22.959Z,179081870295906
"Player stacks: #1 ""Jonah @ xrBY5OZYCv"" (600) | #4 ""georgeoge @ wgzHqTfHfQ"" (1525) | #7 ""Spenny @ S8ENkJ8OQS"" (1760) | #9 ""Stevo @ kI2bCqDOyl"" (1300) | #10 ""arash @ 21jHaBYWIi"" (815)",2026-10-01T01:38:22.959Z,179081870295901
"-- starting hand #46 (id: qnqixlzhgmo0)  No Limit Texas Hold'em (dealer: ""Stevo @ kI2bCqDOyl"") --",2026-10-01T01:38:22.959Z,179081870295900
"-- ending hand #45 --",2026-10-01T01:38:16.950Z,179081869695002
"""arash @ 21jHaBYWIi"" collected 250 from pot with Two Pair, A's & 10's (combination: J♦, 10♦, 10♣, A♦, A♥)",2026-10-01T01:38:16.950Z,179081869695001
"""arash @ 21jHaBYWIi"" shows a 3♥, A♦.",2026-10-01T01:38:16.950Z,179081869695000
"""Spenny @ S8ENkJ8OQS"" checks",2026-10-01T01:38:16.049Z,179081869604900
"""georgeoge @ wgzHqTfHfQ"" checks",2026-10-01T01:38:13.025Z,179081869302500
"""arash @ 21jHaBYWIi"" checks",2026-10-01T01:38:12.149Z,179081869214900
"River: 10♦, J♦, A♥, 2♣ [10♣]",2026-10-01T01:38:02.139Z,179081868213900
"""Spenny @ S8ENkJ8OQS"" checks",2026-10-01T01:38:01.206Z,179081868120600
"""georgeoge @ wgzHqTfHfQ"" checks",2026-10-01T01:38:00.240Z,179081868024000
"""arash @ 21jHaBYWIi"" checks",2026-10-01T01:37:59.282Z,179081867928200
"Turn: 10♦, J♦, A♥ [2♣]",2026-10-01T01:37:53.300Z,179081867330000
"""Stevo @ kI2bCqDOyl"" folds",2026-10-01T01:37:52.463Z,179081867246300
"""Spenny @ S8ENkJ8OQS"" calls 50",2026-10-01T01:37:48.774Z,179081866877400
"""georgeoge @ wgzHqTfHfQ"" calls 50",2026-10-01T01:37:39.971Z,179081865997100
"""Jonah @ xrBY5OZYCv"" folds",2026-10-01T01:37:39.011Z,179081865901100
"""arash @ 21jHaBYWIi"" bets 50",2026-10-01T01:37:32.149Z,179081865214900
"""Stevo @ kI2bCqDOyl"" checks",2026-10-01T01:37:24.255Z,179081864425500
"Flop:  [10♦, J♦, A♥]",2026-10-01T01:37:19.961Z,179081863996100
"""arash @ 21jHaBYWIi"" checks",2026-10-01T01:37:19.155Z,179081863915500
"""Stevo @ kI2bCqDOyl"" calls 20",2026-10-01T01:37:18.183Z,179081863818300
"""Spenny @ S8ENkJ8OQS"" calls 20",2026-10-01T01:37:17.175Z,179081863717500
"""georgeoge @ wgzHqTfHfQ"" calls 20",2026-10-01T01:37:16.287Z,179081863628700
"""Jonah @ xrBY5OZYCv"" calls 20",2026-10-01T01:37:15.376Z,179081863537600
"""arash @ 21jHaBYWIi"" posts a big blind of 20",2026-10-01T01:37:11.958Z,179081863195808
"""Stevo @ kI2bCqDOyl"" posts a small blind of 10",2026-10-01T01:37:11.958Z,179081863195807
"Your hand is 3♥, A♦",2026-10-01T01:37:11.958Z,179081863195806
"Player stacks: #1 ""Jonah @ xrBY5OZYCv"" (620) | #4 ""georgeoge @ wgzHqTfHfQ"" (1595) | #7 ""Spenny @ S8ENkJ8OQS"" (1830) | #9 ""Stevo @ kI2bCqDOyl"" (1320) | #10 ""arash @ 21jHaBYWIi"" (635)",2026-10-01T01:37:11.958Z,179081863195801
"-- starting hand #45 (id: ckkv9qdjporw)  No Limit Texas Hold'em (dealer: ""Spenny @ S8ENkJ8OQS"") --",2026-10-01T01:37:11.958Z,179081863195800
"""georgeoge @ wgzHqTfHfQ"" shows a 6♥, J♥.",2026-10-01T01:37:09.024Z,179081862902400
"""Spenny @ S8ENkJ8OQS"" shows a 7♦, 8♦.",2026-10-01T01:37:08.636Z,179081862863600
"-- ending hand #44 --",2026-10-01T01:37:07.636Z,179081862763602
"""Spenny @ S8ENkJ8OQS"" collected 300 from pot",2026-10-01T01:37:07.636Z,179081862763601
"Uncalled bet of 80 returned to ""Spenny @ S8ENkJ8OQS""",2026-10-01T01:37:07.636Z,179081862763600
"""georgeoge @ wgzHqTfHfQ"" folds",2026-10-01T01:37:06.783Z,179081862678300
"""Stevo @ kI2bCqDOyl"" folds",2026-10-01T01:37:05.871Z,179081862587100
"""Spenny @ S8ENkJ8OQS"" bets 80",2026-10-01T01:37:04.628Z,179081862462800
"River: 9♣, 10♦, J♣, 7♠ [Q♥]",2026-10-01T01:37:00.964Z,179081862096400
"""georgeoge @ wgzHqTfHfQ"" calls 40",2026-10-01T01:37:00.126Z,179081862012600
"""arash @ 21jHaBYWIi"" folds",2026-10-01T01:36:58.821Z,179081861882100
"""Stevo @ kI2bCqDOyl"" calls 40",2026-10-01T01:36:52.328Z,179081861232800
"""Spenny @ S8ENkJ8OQS"" bets 40",2026-10-01T01:36:50.608Z,179081861060800
"Turn: 9♣, 10♦, J♣ [7♠]",2026-10-01T01:36:46.154Z,179081860615400
"""georgeoge @ wgzHqTfHfQ"" calls 20",2026-10-01T01:36:45.246Z,179081860524600
"""Jonah @ xrBY5OZYCv"" folds",2026-10-01T01:36:44.246Z,179081860424600
"""arash @ 21jHaBYWIi"" calls 20",2026-10-01T01:36:37.834Z,179081859783400
"""Stevo @ kI2bCqDOyl"" calls 20",2026-10-01T01:36:36.849Z,179081859684900
"""Spenny @ S8ENkJ8OQS"" bets 20",2026-10-01T01:36:35.508Z,179081859550800
"Flop:  [9♣, 10♦, J♣]",2026-10-01T01:36:30.904Z,179081859090400
"""Stevo @ kI2bCqDOyl"" checks",2026-10-01T01:36:30.067Z,179081859006700
"""Spenny @ S8ENkJ8OQS"" calls 20",2026-10-01T01:36:29.102Z,179081858910200
"""georgeoge @ wgzHqTfHfQ"" calls 20",2026-10-01T01:36:28.214Z,179081858821400
"""Jonah @ xrBY5OZYCv"" calls 20",2026-10-01T01:36:26.467Z,179081858646700
"""arash @ 21jHaBYWIi"" calls 20",2026-10-01T01:36:25.580Z,179081858558000
"""Stevo @ kI2bCqDOyl"" posts a big blind of 20",2026-10-01T01:36:24.097Z,179081858409708
"""Spenny @ S8ENkJ8OQS"" posts a small blind of 10",2026-10-01T01:36:24.097Z,179081858409707
"Your hand is 5♠, A♠",2026-10-01T01:36:24.097Z,179081858409706
"Player stacks: #1 ""Jonah @ xrBY5OZYCv"" (640) | #4 ""georgeoge @ wgzHqTfHfQ"" (1675) | #7 ""Spenny @ S8ENkJ8OQS"" (1610) | #9 ""Stevo @ kI2bCqDOyl"" (1400) | #10 ""arash @ 21jHaBYWIi"" (675)",2026-10-01T01:36:24.097Z,179081858409701
"-- starting hand #44 (id: zahploywobmy)  No Limit Texas Hold'em (dealer: ""georgeoge @ wgzHqTfHfQ"") --",2026-10-01T01:36:24.097Z,179081858409700
"Undealt cards: 5♦, A♦, Q♥ [8♣, 10♦]",2026-10-01T01:36:22.932Z,179081858293200
"""georgeoge @ wgzHqTfHfQ"" shows a 4♠, 7♦.",2026-10-01T01:36:19.286Z,179081857928600
"""Spenny @ S8ENkJ8OQS"" shows a 4♦, 3♦.",2026-10-01T01:36:18.559Z,179081857855900
"-- ending hand #43 --",2026-10-01T01:36:16.728Z,179081857672802
"""Spenny @ S8ENkJ8OQS"" collected 70 from pot",2026-10-01T01:36:16.728Z,179081857672801
"Uncalled bet of 40 returned to ""Spenny @ S8ENkJ8OQS""",2026-10-01T01:36:16.728Z,179081857672800
"""arash @ 21jHaBYWIi"" folds",2026-10-01T01:36:15.903Z,179081857590300
"""Stevo @ kI2bCqDOyl"" folds",2026-10-01T01:36:12.201Z,179081857220100
"""Spenny @ S8ENkJ8OQS"" bets 40",2026-10-01T01:36:07.430Z,179081856743000
"Flop:  [5♦, A♦, Q♥]",2026-10-01T01:36:03.688Z,179081856368800
"""Spenny @ S8ENkJ8OQS"" checks",2026-10-01T01:36:02.859Z,179081856285900
"""georgeoge @ wgzHqTfHfQ"" folds",2026-10-01T01:36:01.683Z,179081856168300
"""Jonah @ xrBY5OZYCv"" folds",2026-10-01T01:36:00.770Z,179081856077000
"""arash @ 21jHaBYWIi"" calls 20",2026-10-01T01:35:59.875Z,179081855987500
"""Stevo @ kI2bCqDOyl"" calls 20",2026-10-01T01:35:55.632Z,179081855563200
"""Spenny @ S8ENkJ8OQS"" posts a big blind of 20",2026-10-01T01:35:53.722Z,179081855372208
"""georgeoge @ wgzHqTfHfQ"" posts a small blind of 10",2026-10-01T01:35:53.722Z,179081855372207
"Your hand is 5♥, K♦",2026-10-01T01:35:53.722Z,179081855372206
"Player stacks: #1 ""Jonah @ xrBY5OZYCv"" (640) | #4 ""georgeoge @ wgzHqTfHfQ"" (1685) | #7 ""Spenny @ S8ENkJ8OQS"" (1560) | #9 ""Stevo @ kI2bCqDOyl"" (1420) | #10 ""arash @ 21jHaBYWIi"" (695)",2026-10-01T01:35:53.722Z,179081855372201
"-- starting hand #43 (id: uhyuibs5ujqq)  No Limit Texas Hold'em (dealer: ""Jonah @ xrBY5OZYCv"") --",2026-10-01T01:35:53.722Z,179081855372200
"""Spenny @ S8ENkJ8OQS"" shows a 7♣, J♠.",2026-10-01T01:35:51.036Z,179081855103600
"-- ending hand #42 --",2026-10-01T01:35:50.119Z,179081855011902
"""Spenny @ S8ENkJ8OQS"" collected 160 from pot",2026-10-01T01:35:50.119Z,179081855011901
"Uncalled bet of 60 returned to ""Spenny @ S8ENkJ8OQS""",2026-10-01T01:35:50.119Z,179081855011900
"""Jonah @ xrBY5OZYCv"" folds",2026-10-01T01:35:49.315Z,179081854931500
"""arash @ 21jHaBYWIi"" folds",2026-10-01T01:35:45.839Z,179081854583900
"""Spenny @ S8ENkJ8OQS"" bets 60",2026-10-01T01:35:37.181Z,179081853718100
"""Jonah @ xrBY5OZYCv"" checks",2026-10-01T01:35:33.833Z,179081853383300
"River: A♣, 10♠, J♦, 7♠ [3♣]",2026-10-01T01:35:23.826Z,179081852382600
"""georgeoge @ wgzHqTfHfQ"" folds",2026-10-01T01:35:22.986Z,179081852298600
"""Jonah @ xrBY5OZYCv"" calls 20",2026-10-01T01:35:13.832Z,179081851383200
"""arash @ 21jHaBYWIi"" calls 20",2026-10-01T01:35:07.961Z,179081850796100
"""Stevo @ kI2bCqDOyl"" folds",2026-10-01T01:35:07.071Z,179081850707100
"""Spenny @ S8ENkJ8OQS"" bets 20",2026-10-01T01:35:02.475Z,179081850247500
"""georgeoge @ wgzHqTfHfQ"" checks",2026-10-01T01:34:58.782Z,179081849878200
"""Jonah @ xrBY5OZYCv"" checks",2026-10-01T01:34:56.343Z,179081849634300
"Turn: A♣, 10♠, J♦ [7♠]",2026-10-01T01:34:55.173Z,179081849517300
"""arash @ 21jHaBYWIi"" checks",2026-10-01T01:34:54.316Z,179081849431600
"""Stevo @ kI2bCqDOyl"" checks",2026-10-01T01:34:51.829Z,179081849182900
"""Spenny @ S8ENkJ8OQS"" checks",2026-10-01T01:34:50.877Z,179081849087700
"""georgeoge @ wgzHqTfHfQ"" checks",2026-10-01T01:34:49.979Z,179081848997900
"""Jonah @ xrBY5OZYCv"" checks",2026-10-01T01:34:46.328Z,179081848632800
"Flop:  [A♣, 10♠, J♦]",2026-10-01T01:34:43.781Z,179081848378100
"""georgeoge @ wgzHqTfHfQ"" checks",2026-10-01T01:34:42.976Z,179081848297600
"""Jonah @ xrBY5OZYCv"" calls 20",2026-10-01T01:34:42.061Z,179081848206100
"""arash @ 21jHaBYWIi"" calls 20",2026-10-01T01:34:41.181Z,179081848118100
"""Stevo @ kI2bCqDOyl"" calls 20",2026-10-01T01:34:40.285Z,179081848028500
"""Spenny @ S8ENkJ8OQS"" calls 20",2026-10-01T01:34:39.352Z,179081847935200
"""georgeoge @ wgzHqTfHfQ"" posts a big blind of 20",2026-10-01T01:34:35.794Z,179081847579408
"""Jonah @ xrBY5OZYCv"" posts a small blind of 10",2026-10-01T01:34:35.794Z,179081847579407
"Your hand is 8♣, 10♣",2026-10-01T01:34:35.794Z,179081847579406
"Player stacks: #1 ""Jonah @ xrBY5OZYCv"" (680) | #4 ""georgeoge @ wgzHqTfHfQ"" (1705) | #7 ""Spenny @ S8ENkJ8OQS"" (1440) | #9 ""Stevo @ kI2bCqDOyl"" (1440) | #10 ""arash @ 21jHaBYWIi"" (735)",2026-10-01T01:34:35.794Z,179081847579401
"-- starting hand #42 (id: k5kahgu3aeiu)  No Limit Texas Hold'em (dealer: ""arash @ 21jHaBYWIi"") --",2026-10-01T01:34:35.794Z,179081847579400
"-- ending hand #41 --",2026-10-01T01:34:32.890Z,179081847289002
"""Spenny @ S8ENkJ8OQS"" collected 280 from pot",2026-10-01T01:34:32.890Z,179081847289001
"Uncalled bet of 60 returned to ""Spenny @ S8ENkJ8OQS""",2026-10-01T01:34:32.890Z,179081847289000
"""arash @ 21jHaBYWIi"" folds",2026-10-01T01:34:32.026Z,179081847202600
"""Spenny @ S8ENkJ8OQS"" bets 60",2026-10-01T01:34:29.135Z,179081846913500
"""arash @ 21jHaBYWIi"" checks",2026-10-01T01:34:21.479Z,179081846147900
"River: 6♥, 6♠, 7♦, 4♥ [10♦]",2026-10-01T01:34:20.076Z,179081846007600
"""arash @ 21jHaBYWIi"" calls 40",2026-10-01T01:34:19.262Z,179081845926200
"""Stevo @ kI2bCqDOyl"" folds",2026-10-01T01:34:17.491Z,179081845749100
"""Spenny @ S8ENkJ8OQS"" bets 40",2026-10-01T01:34:14.680Z,179081845468000
"""arash @ 21jHaBYWIi"" checks",2026-10-01T01:34:08.446Z,179081844844600
"Turn: 6♥, 6♠, 7♦ [4♥]",2026-10-01T01:34:06.554Z,179081844655400
"""Jonah @ xrBY5OZYCv"" folds",2026-10-01T01:34:05.725Z,179081844572500
"""arash @ 21jHaBYWIi"" calls 40",2026-10-01T01:34:04.769Z,179081844476900
"""Stevo @ kI2bCqDOyl"" calls 40",2026-10-01T01:34:03.823Z,179081844382300
"""Spenny @ S8ENkJ8OQS"" bets 40",2026-10-01T01:34:02.078Z,179081844207800
"""Jonah @ xrBY5OZYCv"" checks",2026-10-01T01:33:58.072Z,179081843807200
"""arash @ 21jHaBYWIi"" checks",2026-10-01T01:33:54.746Z,179081843474600
"Flop:  [6♥, 6♠, 7♦]",2026-10-01T01:33:53.303Z,179081843330300
"""Jonah @ xrBY5OZYCv"" checks",2026-10-01T01:33:52.494Z,179081843249400
"""arash @ 21jHaBYWIi"" calls 20",2026-10-01T01:33:51.562Z,179081843156200
"""Stevo @ kI2bCqDOyl"" calls 20",2026-10-01T01:33:50.597Z,179081843059700
"""Spenny @ S8ENkJ8OQS"" calls 20",2026-10-01T01:33:49.630Z,179081842963000
"""georgeoge @ wgzHqTfHfQ"" folds",2026-10-01T01:33:46.521Z,179081842652100
"""Jonah @ xrBY5OZYCv"" posts a big blind of 20",2026-10-01T01:33:44.899Z,179081842489908
"""arash @ 21jHaBYWIi"" posts a small blind of 10",2026-10-01T01:33:44.899Z,179081842489907
"Your hand is 5♠, 4♦",2026-10-01T01:33:44.899Z,179081842489906
"Player stacks: #1 ""Jonah @ xrBY5OZYCv"" (700) | #4 ""georgeoge @ wgzHqTfHfQ"" (1705) | #7 ""Spenny @ S8ENkJ8OQS"" (1260) | #9 ""Stevo @ kI2bCqDOyl"" (1500) | #10 ""arash @ 21jHaBYWIi"" (835)",2026-10-01T01:33:44.899Z,179081842489901
"-- starting hand #41 (id: 7binhlgwbjf5)  No Limit Texas Hold'em (dealer: ""Stevo @ kI2bCqDOyl"") --",2026-10-01T01:33:44.899Z,179081842489900
"""georgeoge @ wgzHqTfHfQ"" shows a K♣, 6♥.",2026-10-01T01:33:43.522Z,179081842352200
"""arash @ 21jHaBYWIi"" shows a A♦, J♦.",2026-10-01T01:33:40.354Z,179081842035400
"Undealt cards: 3♠, 5♣, 3♣ [2♥, 4♥]",2026-10-01T01:33:38.745Z,179081841874500
"""Stevo @ kI2bCqDOyl"" shows a A♠, Q♦.",2026-10-01T01:33:38.729Z,179081841872900
"-- ending hand #40 --",2026-10-01T01:33:36.884Z,179081841688402
"""arash @ 21jHaBYWIi"" collected 160 from pot",2026-10-01T01:33:36.884Z,179081841688401
"Uncalled bet of 80 returned to ""arash @ 21jHaBYWIi""",2026-10-01T01:33:36.884Z,179081841688400
"""Stevo @ kI2bCqDOyl"" folds",2026-10-01T01:33:36.063Z,179081841606300
"""arash @ 21jHaBYWIi"" bets 80",2026-10-01T01:33:34.531Z,179081841453100
"""Stevo @ kI2bCqDOyl"" checks",2026-10-01T01:33:31.067Z,179081841106700
"Flop:  [3♠, 5♣, 3♣]",2026-10-01T01:33:29.581Z,179081840958100
"""Stevo @ kI2bCqDOyl"" calls 60",2026-10-01T01:33:28.719Z,179081840871900
"""georgeoge @ wgzHqTfHfQ"" folds",2026-10-01T01:33:27.477Z,179081840747700
"""Jonah @ xrBY5OZYCv"" folds",2026-10-01T01:33:26.574Z,179081840657400
"""arash @ 21jHaBYWIi"" raises to 60",2026-10-01T01:33:25.386Z,179081840538600
"""Stevo @ kI2bCqDOyl"" calls 20",2026-10-01T01:33:21.286Z,179081840128600
"""Spenny @ S8ENkJ8OQS"" folds",2026-10-01T01:33:20.295Z,179081840029500
"""georgeoge @ wgzHqTfHfQ"" calls 20",2026-10-01T01:33:15.852Z,179081839585200
"""Jonah @ xrBY5OZYCv"" calls 20",2026-10-01T01:33:14.411Z,179081839441100
"""arash @ 21jHaBYWIi"" posts a big blind of 20",2026-10-01T01:33:13.473Z,179081839347308
"""Stevo @ kI2bCqDOyl"" posts a small blind of 10",2026-10-01T01:33:13.473Z,179081839347307
"Your hand is A♦, J♦",2026-10-01T01:33:13.473Z,179081839347306
"Player stacks: #1 ""Jonah @ xrBY5OZYCv"" (720) | #4 ""georgeoge @ wgzHqTfHfQ"" (1725) | #7 ""Spenny @ S8ENkJ8OQS"" (1260) | #9 ""Stevo @ kI2bCqDOyl"" (1560) | #10 ""arash @ 21jHaBYWIi"" (735)",2026-10-01T01:33:13.473Z,179081839347301
"-- starting hand #40 (id: wnibhekywcin)  No Limit Texas Hold'em (dealer: ""Spenny @ S8ENkJ8OQS"") --",2026-10-01T01:33:13.473Z,179081839347300
"""georgeoge @ wgzHqTfHfQ"" shows a J♥, 3♠.",2026-10-01T01:33:11.339Z,179081839133900
"""Stevo @ kI2bCqDOyl"" shows a 10♠, 6♦.",2026-10-01T01:33:10.020Z,179081839002000
"-- ending hand #39 --",2026-10-01T01:33:09.149Z,179081838914902
"""Stevo @ kI2bCqDOyl"" collected 320 from pot",2026-10-01T01:33:09.149Z,179081838914901
"Uncalled bet of 80 returned to ""Stevo @ kI2bCqDOyl""",2026-10-01T01:33:09.149Z,179081838914900
"""Jonah @ xrBY5OZYCv"" folds",2026-10-01T01:33:08.319Z,179081838831900
"""arash @ 21jHaBYWIi"" folds",2026-10-01T01:33:07.435Z,179081838743500
"""Stevo @ kI2bCqDOyl"" bets 80",2026-10-01T01:33:06.503Z,179081838650300
"River: 10♣, 6♥, 5♥, 4♥ [J♦]",2026-10-01T01:33:03.073Z,179081838307300
"""Jonah @ xrBY5OZYCv"" calls 60",2026-10-01T01:33:02.266Z,179081838226600
"""arash @ 21jHaBYWIi"" calls 60",2026-10-01T01:33:00.856Z,179081838085600
"""Stevo @ kI2bCqDOyl"" bets 60",2026-10-01T01:32:59.876Z,179081837987600
"Turn: 10♣, 6♥, 5♥ [4♥]",2026-10-01T01:32:56.772Z,179081837677200
"""Spenny @ S8ENkJ8OQS"" folds",2026-10-01T01:32:55.962Z,179081837596200
"""Jonah @ xrBY5OZYCv"" calls 20",2026-10-01T01:32:47.197Z,179081836719700
"""arash @ 21jHaBYWIi"" calls 20",2026-10-01T01:32:45.552Z,179081836555200
"""Stevo @ kI2bCqDOyl"" bets 20",2026-10-01T01:32:43.686Z,179081836368600
"""Spenny @ S8ENkJ8OQS"" checks",2026-10-01T01:32:42.548Z,179081836254800
"Flop:  [10♣, 6♥, 5♥]",2026-10-01T01:32:38.315Z,179081835831500
"""Stevo @ kI2bCqDOyl"" checks",2026-10-01T01:32:37.487Z,179081835748700
"""Spenny @ S8ENkJ8OQS"" calls 20",2026-10-01T01:32:36.565Z,179081835656500
"""georgeoge @ wgzHqTfHfQ"" folds",2026-10-01T01:32:35.637Z,179081835563700
"""Jonah @ xrBY5OZYCv"" calls 20",2026-10-01T01:32:33.838Z,179081835383800
"""arash @ 21jHaBYWIi"" calls 20",2026-10-01T01:32:31.485Z,179081835148500
"""Stevo @ kI2bCqDOyl"" posts a big blind of 20",2026-10-01T01:32:29.883Z,179081834988308
"""Spenny @ S8ENkJ8OQS"" posts a small blind of 10",2026-10-01T01:32:29.883Z,179081834988307
"Your hand is 8♦, K♥",2026-10-01T01:32:29.883Z,179081834988306
"Player stacks: #1 ""Jonah @ xrBY5OZYCv"" (820) | #4 ""georgeoge @ wgzHqTfHfQ"" (1725) | #7 ""Spenny @ S8ENkJ8OQS"" (1280) | #9 ""Stevo @ kI2bCqDOyl"" (1340) | #10 ""arash @ 21jHaBYWIi"" (835)",2026-10-01T01:32:29.883Z,179081834988301
"-- starting hand #39 (id: q4x1yw3nppve)  No Limit Texas Hold'em (dealer: ""georgeoge @ wgzHqTfHfQ"") --",2026-10-01T01:32:29.883Z,179081834988300
"""Stevo @ kI2bCqDOyl"" shows a J♠, 2♥.",2026-10-01T01:32:24.715Z,179081834471500
"-- ending hand #38 --",2026-10-01T01:32:23.353Z,179081834335302
"""Spenny @ S8ENkJ8OQS"" collected 150 from pot with Two Pair, 7's & 4's (combination: Q♠, 4♥, 4♦, 7♥, 7♦)",2026-10-01T01:32:23.353Z,179081834335301
"""Spenny @ S8ENkJ8OQS"" shows a 4♥, 8♦.",2026-10-01T01:32:23.353Z,179081834335300
"""Stevo @ kI2bCqDOyl"" checks",2026-10-01T01:32:22.542Z,179081834254200
"""Spenny @ S8ENkJ8OQS"" checks",2026-10-01T01:32:21.573Z,179081834157300
"River: 7♥, 2♦, 7♦, 4♦ [Q♠]",2026-10-01T01:32:19.352Z,179081833935200
"""Stevo @ kI2bCqDOyl"" calls 20",2026-10-01T01:32:18.506Z,179081833850600
"""Spenny @ S8ENkJ8OQS"" bets 20",2026-10-01T01:32:16.094Z,179081833609400
"Turn: 7♥, 2♦, 7♦ [4♦]",2026-10-01T01:32:13.101Z,179081833310100
"""Spenny @ S8ENkJ8OQS"" calls 20",2026-10-01T01:32:12.281Z,179081833228100
"""arash @ 21jHaBYWIi"" folds",2026-10-01T01:32:03.406Z,179081832340600
"""Stevo @ kI2bCqDOyl"" bets 20",2026-10-01T01:32:00.262Z,179081832026200
"""Spenny @ S8ENkJ8OQS"" checks",2026-10-01T01:31:59.053Z,179081831905300
"Flop:  [7♥, 2♦, 7♦]",2026-10-01T01:31:55.060Z,179081831506000
"""Spenny @ S8ENkJ8OQS"" checks",2026-10-01T01:31:54.246Z,179081831424600
"""georgeoge @ wgzHqTfHfQ"" folds",2026-10-01T01:31:51.673Z,179081831167300
"""Jonah @ xrBY5OZYCv"" folds",2026-10-01T01:31:50.812Z,179081831081200
"""arash @ 21jHaBYWIi"" calls 20",2026-10-01T01:31:49.930Z,179081830993000
"""Stevo @ kI2bCqDOyl"" calls 20",2026-10-01T01:31:48.989Z,179081830898900
"""Spenny @ S8ENkJ8OQS"" posts a big blind of 20",2026-10-01T01:31:45.444Z,179081830544408
"""georgeoge @ wgzHqTfHfQ"" posts a small blind of 10",2026-10-01T01:31:45.444Z,179081830544407
"Your hand is K♥, 6♠",2026-10-01T01:31:45.444Z,179081830544406
"Player stacks: #1 ""Jonah @ xrBY5OZYCv"" (820) | #4 ""georgeoge @ wgzHqTfHfQ"" (1735) | #7 ""Spenny @ S8ENkJ8OQS"" (1190) | #9 ""Stevo @ kI2bCqDOyl"" (1400) | #10 ""arash @ 21jHaBYWIi"" (855)",2026-10-01T01:31:45.444Z,179081830544401
"-- starting hand #38 (id: 2fluyxgdt5o8)  No Limit Texas Hold'em (dealer: ""Jonah @ xrBY5OZYCv"") --",2026-10-01T01:31:45.444Z,179081830544400
"-- ending hand #37 --",2026-10-01T01:31:39.439Z,179081829943903
"""Spenny @ S8ENkJ8OQS"" collected 500 from pot with Three of a Kind, 6's (combination: 8♦, J♦, 6♦, 6♥, 6♣)",2026-10-01T01:31:39.439Z,179081829943902
"""Spenny @ S8ENkJ8OQS"" shows a 6♦, 3♦.",2026-10-01T01:31:39.439Z,179081829943901
"""arash @ 21jHaBYWIi"" shows a J♠, 8♥.",2026-10-01T01:31:39.439Z,179081829943900
"""Spenny @ S8ENkJ8OQS"" calls 120",2026-10-01T01:31:38.612Z,179081829861200
"""arash @ 21jHaBYWIi"" raises to 120",2026-10-01T01:31:36.629Z,179081829662900
"""Spenny @ S8ENkJ8OQS"" bets 40",2026-10-01T01:31:28.388Z,179081828838800
"River: 6♥, 7♠, J♦, 8♦ [6♣]",2026-10-01T01:31:21.977Z,179081828197700
"""Spenny @ S8ENkJ8OQS"" calls 60",2026-10-01T01:31:21.164Z,179081828116400
"""arash @ 21jHaBYWIi"" raises to 60",2026-10-01T01:31:16.007Z,179081827600700
"""Spenny @ S8ENkJ8OQS"" bets 20",2026-10-01T01:31:10.383Z,179081827038300
"Turn: 6♥, 7♠, J♦ [8♦]",2026-10-01T01:31:07.361Z,179081826736100
"""georgeoge @ wgzHqTfHfQ"" folds",2026-10-01T01:31:06.555Z,179081826655500
"""Jonah @ xrBY5OZYCv"" folds",2026-10-01T01:30:57.583Z,179081825758300
"""arash @ 21jHaBYWIi"" calls 20",2026-10-01T01:30:56.728Z,179081825672800
"""Stevo @ kI2bCqDOyl"" folds",2026-10-01T01:30:51.609Z,179081825160900
"""Spenny @ S8ENkJ8OQS"" bets 20",2026-10-01T01:30:49.109Z,179081824910900
"""georgeoge @ wgzHqTfHfQ"" checks",2026-10-01T01:30:45.532Z,179081824553200
"""Jonah @ xrBY5OZYCv"" checks",2026-10-01T01:30:44.592Z,179081824459200
"Flop:  [6♥, 7♠, J♦]",2026-10-01T01:30:41.922Z,179081824192200
"""georgeoge @ wgzHqTfHfQ"" checks",2026-10-01T01:30:41.116Z,179081824111600
"""Jonah @ xrBY5OZYCv"" calls 20",2026-10-01T01:30:40.225Z,179081824022500
"""arash @ 21jHaBYWIi"" calls 20",2026-10-01T01:30:39.368Z,179081823936800
"""Stevo @ kI2bCqDOyl"" calls 20",2026-10-01T01:30:38.446Z,179081823844600
"""Spenny @ S8ENkJ8OQS"" calls 20",2026-10-01T01:30:37.489Z,179081823748900
"""georgeoge @ wgzHqTfHfQ"" posts a big blind of 20",2026-10-01T01:30:35.717Z,179081823571708
"""Jonah @ xrBY5OZYCv"" posts a small blind of 10",2026-10-01T01:30:35.717Z,179081823571707
"Your hand is J♠, 8♥",2026-10-01T01:30:35.717Z,179081823571706
"Player stacks: #1 ""Jonah @ xrBY5OZYCv"" (840) | #4 ""georgeoge @ wgzHqTfHfQ"" (1755) | #7 ""Spenny @ S8ENkJ8OQS"" (910) | #9 ""Stevo @ kI2bCqDOyl"" (1420) | #10 ""arash @ 21jHaBYWIi"" (1075)",2026-10-01T01:30:35.717Z,179081823571701
"-- starting hand #37 (id: dnwoljk9ddzt)  No Limit Texas Hold'em (dealer: ""arash @ 21jHaBYWIi"") --",2026-10-01T01:30:35.717Z,179081823571700
"""Stevo @ kI2bCqDOyl"" shows a 3♣, 3♥.",2026-10-01T01:30:32.926Z,179081823292600
"-- ending hand #36 --",2026-10-01T01:30:32.101Z,179081823210102
"""Stevo @ kI2bCqDOyl"" collected 260 from pot",2026-10-01T01:30:32.101Z,179081823210101
"Uncalled bet of 100 returned to ""Stevo @ kI2bCqDOyl""",2026-10-01T01:30:32.101Z,179081823210100
"""georgeoge @ wgzHqTfHfQ"" folds",2026-10-01T01:30:31.269Z,179081823126900
"""Stevo @ kI2bCqDOyl"" bets 100",2026-10-01T01:30:30.353Z,179081823035300
"""georgeoge @ wgzHqTfHfQ"" checks",2026-10-01T01:30:27.639Z,179081822763900
"River: A♥, 9♣, 3♠, J♣ [2♥]",2026-10-01T01:30:26.174Z,179081822617400
"""georgeoge @ wgzHqTfHfQ"" calls 60",2026-10-01T01:30:25.369Z,179081822536900
"""Jonah @ xrBY5OZYCv"" folds",2026-10-01T01:30:15.701Z,179081821570100
"""Stevo @ kI2bCqDOyl"" bets 60",2026-10-01T01:30:12.737Z,179081821273700
"""georgeoge @ wgzHqTfHfQ"" checks",2026-10-01T01:30:10.337Z,179081821033700
"""Jonah @ xrBY5OZYCv"" checks",2026-10-01T01:30:04.334Z,179081820433400
"Turn: A♥, 9♣, 3♠ [J♣]",2026-10-01T01:30:02.685Z,179081820268500
"""georgeoge @ wgzHqTfHfQ"" calls 20",2026-10-01T01:30:01.450Z,179081820145000
"""Jonah @ xrBY5OZYCv"" calls 20",2026-10-01T01:29:53.106Z,179081819310600
"""arash @ 21jHaBYWIi"" folds",2026-10-01T01:29:50.480Z,179081819048000
"""Stevo @ kI2bCqDOyl"" bets 20",2026-10-01T01:29:49.044Z,179081818904400
"""georgeoge @ wgzHqTfHfQ"" checks",2026-10-01T01:29:46.320Z,179081818632000
"""Jonah @ xrBY5OZYCv"" checks",2026-10-01T01:29:41.298Z,179081818129800
"""arash @ 21jHaBYWIi"" checks",2026-10-01T01:29:40.414Z,179081818041400
"Flop:  [A♥, 9♣, 3♠]",2026-10-01T01:29:37.175Z,179081817717500
"""Jonah @ xrBY5OZYCv"" checks",2026-10-01T01:29:36.331Z,179081817633100
"""arash @ 21jHaBYWIi"" calls 20",2026-10-01T01:29:35.460Z,179081817546000
"""Stevo @ kI2bCqDOyl"" calls 20",2026-10-01T01:29:34.489Z,179081817448900
"""Spenny @ S8ENkJ8OQS"" folds",2026-10-01T01:29:33.540Z,179081817354000
"""georgeoge @ wgzHqTfHfQ"" calls 20",2026-10-01T01:29:29.205Z,179081816920500
"""Jonah @ xrBY5OZYCv"" posts a big blind of 20",2026-10-01T01:29:27.966Z,179081816796608
"""arash @ 21jHaBYWIi"" posts a small blind of 10",2026-10-01T01:29:27.966Z,179081816796607
"Your hand is 8♥, J♥",2026-10-01T01:29:27.966Z,179081816796606
"Player stacks: #1 ""Jonah @ xrBY5OZYCv"" (880) | #4 ""georgeoge @ wgzHqTfHfQ"" (1855) | #7 ""Spenny @ S8ENkJ8OQS"" (910) | #9 ""Stevo @ kI2bCqDOyl"" (1260) | #10 ""arash @ 21jHaBYWIi"" (1095)",2026-10-01T01:29:27.966Z,179081816796601
"-- starting hand #36 (id: ybv1ig1yo83k)  No Limit Texas Hold'em (dealer: ""Stevo @ kI2bCqDOyl"") --",2026-10-01T01:29:27.966Z,179081816796600
"""arash @ 21jHaBYWIi"" shows a 5♠.",2026-10-01T01:29:25.345Z,179081816534500
"Undealt cards: 4♦, J♥, 2♠, Q♠ [2♣]",2026-10-01T01:29:22.947Z,179081816294700
"-- ending hand #35 --",2026-10-01T01:29:21.282Z,179081816128202
"""arash @ 21jHaBYWIi"" collected 160 from pot",2026-10-01T01:29:21.282Z,179081816128201
"Uncalled bet of 50 returned to ""arash @ 21jHaBYWIi""",2026-10-01T01:29:21.282Z,179081816128200
"""Spenny @ S8ENkJ8OQS"" folds",2026-10-01T01:29:20.444Z,179081816044400
"""georgeoge @ wgzHqTfHfQ"" folds",2026-10-01T01:29:09.617Z,179081814961700
"""arash @ 21jHaBYWIi"" bets 50",2026-10-01T01:29:08.715Z,179081814871500
"Turn: 4♦, J♥, 2♠ [Q♠]",2026-10-01T01:29:03.511Z,179081814351100
"""georgeoge @ wgzHqTfHfQ"" calls 20",2026-10-01T01:29:02.676Z,179081814267600
"""Jonah @ xrBY5OZYCv"" folds",2026-10-01T01:28:57.840Z,179081813784000
"""arash @ 21jHaBYWIi"" calls 20",2026-10-01T01:28:56.295Z,179081813629500
"""Stevo @ kI2bCqDOyl"" folds",2026-10-01T01:28:55.343Z,179081813534300
"""Spenny @ S8ENkJ8OQS"" bets 20",2026-10-01T01:28:52.060Z,179081813206000
"""georgeoge @ wgzHqTfHfQ"" checks",2026-10-01T01:28:50.423Z,179081813042300
"""Jonah @ xrBY5OZYCv"" checks",2026-10-01T01:28:49.450Z,179081812945000
"""arash @ 21jHaBYWIi"" checks",2026-10-01T01:28:48.588Z,179081812858800
"""Stevo @ kI2bCqDOyl"" checks",2026-10-01T01:28:41.783Z,179081812178300
"Flop:  [4♦, J♥, 2♠]",2026-10-01T01:28:39.993Z,179081811999300
"""arash @ 21jHaBYWIi"" checks",2026-10-01T01:28:39.113Z,179081811911300
"""Stevo @ kI2bCqDOyl"" calls 20",2026-10-01T01:28:38.211Z,179081811821100
"""Spenny @ S8ENkJ8OQS"" calls 20",2026-10-01T01:28:37.274Z,179081811727400
"""georgeoge @ wgzHqTfHfQ"" calls 20",2026-10-01T01:28:36.321Z,179081811632100
"""Jonah @ xrBY5OZYCv"" calls 20",2026-10-01T01:28:34.577Z,179081811457700
"""arash @ 21jHaBYWIi"" posts a big blind of 20",2026-10-01T01:28:31.791Z,179081811179108
"""Stevo @ kI2bCqDOyl"" posts a small blind of 10",2026-10-01T01:28:31.791Z,179081811179107
"Your hand is 5♠, J♠",2026-10-01T01:28:31.791Z,179081811179106
"Player stacks: #1 ""Jonah @ xrBY5OZYCv"" (900) | #4 ""georgeoge @ wgzHqTfHfQ"" (1895) | #7 ""Spenny @ S8ENkJ8OQS"" (950) | #9 ""Stevo @ kI2bCqDOyl"" (1280) | #10 ""arash @ 21jHaBYWIi"" (975)",2026-10-01T01:28:31.791Z,179081811179101
"-- starting hand #35 (id: begc5futwduy)  No Limit Texas Hold'em (dealer: ""Spenny @ S8ENkJ8OQS"") --",2026-10-01T01:28:31.791Z,179081811179100
"-- ending hand #34 --",2026-10-01T01:28:25.769Z,179081810576903
"""georgeoge @ wgzHqTfHfQ"" collected 280 from pot with Pair, A's (combination: 9♦, J♣, Q♣, A♦, A♣)",2026-10-01T01:28:25.769Z,179081810576902
"""georgeoge @ wgzHqTfHfQ"" shows a A♦, J♣.",2026-10-01T01:28:25.769Z,179081810576901
"""Stevo @ kI2bCqDOyl"" shows a A♥, 5♣.",2026-10-01T01:28:25.769Z,179081810576900
"""Spenny @ S8ENkJ8OQS"" folds",2026-10-01T01:28:24.958Z,179081810495800
"""georgeoge @ wgzHqTfHfQ"" calls 20",2026-10-01T01:28:19.821Z,179081809982100
"""arash @ 21jHaBYWIi"" folds",2026-10-01T01:28:16.256Z,179081809625600
"""Stevo @ kI2bCqDOyl"" bets 20",2026-10-01T01:28:15.290Z,179081809529000
"""Spenny @ S8ENkJ8OQS"" checks",2026-10-01T01:28:13.195Z,179081809319500
"River: 9♦, A♣, 3♣, 2♠ [Q♣]",2026-10-01T01:28:10.946Z,179081809094600
"""Spenny @ S8ENkJ8OQS"" calls 20",2026-10-01T01:28:10.103Z,179081809010300
"""georgeoge @ wgzHqTfHfQ"" calls 20",2026-10-01T01:28:02.411Z,179081808241100
"""arash @ 21jHaBYWIi"" calls 20",2026-10-01T01:27:59.710Z,179081807971000
"""Stevo @ kI2bCqDOyl"" bets 20",2026-10-01T01:27:56.129Z,179081807612900
"""Spenny @ S8ENkJ8OQS"" checks",2026-10-01T01:27:54.743Z,179081807474300
"Turn: 9♦, A♣, 3♣ [2♠]",2026-10-01T01:27:52.558Z,179081807255800
"""Spenny @ S8ENkJ8OQS"" calls 20",2026-10-01T01:27:51.712Z,179081807171200
"""georgeoge @ wgzHqTfHfQ"" calls 20",2026-10-01T01:27:44.538Z,179081806453800
"""arash @ 21jHaBYWIi"" calls 20",2026-10-01T01:27:43.209Z,179081806320900
"""Stevo @ kI2bCqDOyl"" bets 20",2026-10-01T01:27:42.190Z,179081806219000
"""Spenny @ S8ENkJ8OQS"" checks",2026-10-01T01:27:40.300Z,179081806030000
"Flop:  [9♦, A♣, 3♣]",2026-10-01T01:27:37.095Z,179081805709500
"""Stevo @ kI2bCqDOyl"" checks",2026-10-01T01:27:36.282Z,179081805628200
"""Spenny @ S8ENkJ8OQS"" calls 20",2026-10-01T01:27:35.296Z,179081805529600
"""georgeoge @ wgzHqTfHfQ"" calls 20",2026-10-01T01:27:34.389Z,179081805438900
"""Jonah @ xrBY5OZYCv"" folds",2026-10-01T01:27:33.537Z,179081805353700
"""arash @ 21jHaBYWIi"" calls 20",2026-10-01T01:27:32.678Z,179081805267800
"""Stevo @ kI2bCqDOyl"" posts a big blind of 20",2026-10-01T01:27:29.252Z,179081804925208
"""Spenny @ S8ENkJ8OQS"" posts a small blind of 10",2026-10-01T01:27:29.252Z,179081804925207
"Your hand is J♦, 8♥",2026-10-01T01:27:29.252Z,179081804925206
"Player stacks: #1 ""Jonah @ xrBY5OZYCv"" (900) | #4 ""georgeoge @ wgzHqTfHfQ"" (1695) | #7 ""Spenny @ S8ENkJ8OQS"" (1010) | #9 ""Stevo @ kI2bCqDOyl"" (1360) | #10 ""arash @ 21jHaBYWIi"" (1035)",2026-10-01T01:27:29.252Z,179081804925201
"-- starting hand #34 (id: nsnqgzotbzgi)  No Limit Texas Hold'em (dealer: ""georgeoge @ wgzHqTfHfQ"") --",2026-10-01T01:27:29.252Z,179081804925200
"-- ending hand #33 --",2026-10-01T01:27:23.210Z,179081804321002
"""Spenny @ S8ENkJ8OQS"" collected 290 from pot with Three of a Kind, 3's (combination: Q♠, K♥, 3♣, 3♥, 3♦)",2026-10-01T01:27:23.210Z,179081804321001
"""Spenny @ S8ENkJ8OQS"" shows a Q♠, 3♣.",2026-10-01T01:27:23.210Z,179081804321000
"""Jonah @ xrBY5OZYCv"" calls 20",2026-10-01T01:27:22.392Z,179081804239200
"""arash @ 21jHaBYWIi"" folds",2026-10-01T01:27:21.503Z,179081804150300
"""Spenny @ S8ENkJ8OQS"" bets 20",2026-10-01T01:27:18.598Z,179081803859800
"River: 3♥, 2♣, 3♦, K♥ [9♥]",2026-10-01T01:27:11.096Z,179081803109600
"""arash @ 21jHaBYWIi"" calls 50",2026-10-01T01:27:10.262Z,179081803026200
"""Spenny @ S8ENkJ8OQS"" calls 50",2026-10-01T01:27:05.084Z,179081802508400
"""georgeoge @ wgzHqTfHfQ"" folds",2026-10-01T01:27:04.164Z,179081802416400
"""Jonah @ xrBY5OZYCv"" raises to 50",2026-10-01T01:26:56.356Z,179081801635600
"""arash @ 21jHaBYWIi"" calls 20",2026-10-01T01:26:52.639Z,179081801263900
"""Stevo @ kI2bCqDOyl"" folds",2026-10-01T01:26:51.667Z,179081801166700
"""Spenny @ S8ENkJ8OQS"" bets 20",2026-10-01T01:26:50.701Z,179081801070100
"""georgeoge @ wgzHqTfHfQ"" checks",2026-10-01T01:26:48.343Z,179081800834300
"Turn: 3♥, 2♣, 3♦ [K♥]",2026-10-01T01:26:41.970Z,179081800197000
"""Jonah @ xrBY5OZYCv"" checks",2026-10-01T01:26:41.153Z,179081800115300
"""arash @ 21jHaBYWIi"" checks",2026-10-01T01:26:40.295Z,179081800029500
"""Stevo @ kI2bCqDOyl"" checks",2026-10-01T01:26:39.384Z,179081799938400
"""Spenny @ S8ENkJ8OQS"" checks",2026-10-01T01:26:36.653Z,179081799665300
"""georgeoge @ wgzHqTfHfQ"" checks",2026-10-01T01:26:33.137Z,179081799313700
"Flop:  [3♥, 2♣, 3♦]",2026-10-01T01:26:26.985Z,179081798698500
"""Spenny @ S8ENkJ8OQS"" checks",2026-10-01T01:26:26.175Z,179081798617500
"""georgeoge @ wgzHqTfHfQ"" calls 20",2026-10-01T01:26:23.240Z,179081798324000
"""Jonah @ xrBY5OZYCv"" calls 20",2026-10-01T01:26:21.465Z,179081798146500
"""arash @ 21jHaBYWIi"" calls 20",2026-10-01T01:26:20.584Z,179081798058400
"""Stevo @ kI2bCqDOyl"" calls 20",2026-10-01T01:26:19.664Z,179081797966400
"""Spenny @ S8ENkJ8OQS"" posts a big blind of 20",2026-10-01T01:26:17.689Z,179081797768908
"""georgeoge @ wgzHqTfHfQ"" posts a small blind of 10",2026-10-01T01:26:17.689Z,179081797768907
"Your hand is Q♦, A♣",2026-10-01T01:26:17.689Z,179081797768906
"Player stacks: #1 ""Jonah @ xrBY5OZYCv"" (990) | #4 ""georgeoge @ wgzHqTfHfQ"" (1715) | #7 ""Spenny @ S8ENkJ8OQS"" (810) | #9 ""Stevo @ kI2bCqDOyl"" (1380) | #10 ""arash @ 21jHaBYWIi"" (1105)",2026-10-01T01:26:17.689Z,179081797768901
"-- starting hand #33 (id: hoiyzsenmnic)  No Limit Texas Hold'em (dealer: ""Jonah @ xrBY5OZYCv"") --",2026-10-01T01:26:17.689Z,179081797768900
"-- ending hand #32 --",2026-10-01T01:26:14.749Z,179081797474902
"""arash @ 21jHaBYWIi"" collected 160 from pot",2026-10-01T01:26:14.749Z,179081797474901
"Uncalled bet of 50 returned to ""arash @ 21jHaBYWIi""",2026-10-01T01:26:14.749Z,179081797474900
"""Spenny @ S8ENkJ8OQS"" folds",2026-10-01T01:26:13.929Z,179081797392900
"""Jonah @ xrBY5OZYCv"" folds",2026-10-01T01:26:03.494Z,179081796349400
"""arash @ 21jHaBYWIi"" bets 50",2026-10-01T01:26:01.609Z,179081796160900
"""Spenny @ S8ENkJ8OQS"" checks",2026-10-01T01:25:56.557Z,179081795655700
"""Jonah @ xrBY5OZYCv"" checks",2026-10-01T01:25:52.950Z,179081795295000
"River: A♣, 9♣, Q♦, 7♥ [6♠]",2026-10-01T01:25:51.178Z,179081795117800
"""georgeoge @ wgzHqTfHfQ"" folds",2026-10-01T01:25:50.336Z,179081795033600
"""Jonah @ xrBY5OZYCv"" calls 20",2026-10-01T01:25:39.476Z,179081793947600
"""arash @ 21jHaBYWIi"" calls 20",2026-10-01T01:25:33.426Z,179081793342600
"""Stevo @ kI2bCqDOyl"" folds",2026-10-01T01:25:30.429Z,179081793042900
"""Spenny @ S8ENkJ8OQS"" bets 20",2026-10-01T01:25:27.443Z,179081792744300
"""georgeoge @ wgzHqTfHfQ"" checks",2026-10-01T01:25:25.740Z,179081792574000
"""Jonah @ xrBY5OZYCv"" checks",2026-10-01T01:25:22.741Z,179081792274100
"Turn: A♣, 9♣, Q♦ [7♥]",2026-10-01T01:25:19.282Z,179081791928200
"""arash @ 21jHaBYWIi"" checks",2026-10-01T01:25:18.388Z,179081791838800
"""Stevo @ kI2bCqDOyl"" checks",2026-10-01T01:25:17.391Z,179081791739100
"""Spenny @ S8ENkJ8OQS"" checks",2026-10-01T01:25:12.398Z,179081791239800
"""georgeoge @ wgzHqTfHfQ"" checks",2026-10-01T01:25:11.472Z,179081791147200
"""Jonah @ xrBY5OZYCv"" checks",2026-10-01T01:25:10.342Z,179081791034200
"Flop:  [A♣, 9♣, Q♦]",2026-10-01T01:25:08.563Z,179081790856300
"""georgeoge @ wgzHqTfHfQ"" checks",2026-10-01T01:25:07.734Z,179081790773400
"""Jonah @ xrBY5OZYCv"" calls 20",2026-10-01T01:25:06.891Z,179081790689100
"""arash @ 21jHaBYWIi"" calls 20",2026-10-01T01:25:05.996Z,179081790599600
"""Stevo @ kI2bCqDOyl"" calls 20",2026-10-01T01:25:05.100Z,179081790510000
"""Spenny @ S8ENkJ8OQS"" calls 20",2026-10-01T01:25:01.824Z,179081790182400
"""georgeoge @ wgzHqTfHfQ"" posts a big blind of 20",2026-10-01T01:25:00.188Z,179081790018808
"""Jonah @ xrBY5OZYCv"" posts a small blind of 10",2026-10-01T01:25:00.188Z,179081790018807
"Your hand is 5♠, 6♦",2026-10-01T01:25:00.188Z,179081790018806
"Player stacks: #1 ""Jonah @ xrBY5OZYCv"" (1030) | #4 ""georgeoge @ wgzHqTfHfQ"" (1735) | #7 ""Spenny @ S8ENkJ8OQS"" (850) | #9 ""Stevo @ kI2bCqDOyl"" (1400) | #10 ""arash @ 21jHaBYWIi"" (985)",2026-10-01T01:25:00.188Z,179081790018801
"-- starting hand #32 (id: jfblmpnbu72n)  No Limit Texas Hold'em (dealer: ""arash @ 21jHaBYWIi"") --",2026-10-01T01:25:00.188Z,179081790018800
"Undealt cards: K♥, A♣, J♣, 6♥ [10♣]",2026-10-01T01:24:57.728Z,179081789772800
"""georgeoge @ wgzHqTfHfQ"" shows a Q♦, J♠.",2026-10-01T01:24:55.944Z,179081789594400
"-- ending hand #31 --",2026-10-01T01:24:53.558Z,179081789355802
"""georgeoge @ wgzHqTfHfQ"" collected 100 from pot",2026-10-01T01:24:53.558Z,179081789355801
"Uncalled bet of 40 returned to ""georgeoge @ wgzHqTfHfQ""",2026-10-01T01:24:53.558Z,179081789355800
"""arash @ 21jHaBYWIi"" folds",2026-10-01T01:24:52.703Z,179081789270300
"""georgeoge @ wgzHqTfHfQ"" bets 40",2026-10-01T01:24:49.340Z,179081788934000
"""arash @ 21jHaBYWIi"" checks",2026-10-01T01:24:46.228Z,179081788622800
"Turn: K♥, A♣, J♣ [6♥]",2026-10-01T01:24:40.993Z,179081788099300
"""Jonah @ xrBY5OZYCv"" folds",2026-10-01T01:24:40.162Z,179081788016200
"""arash @ 21jHaBYWIi"" calls 20",2026-10-01T01:24:39.296Z,179081787929600
"""georgeoge @ wgzHqTfHfQ"" bets 20",2026-10-01T01:24:36.825Z,179081787682500
"""Jonah @ xrBY5OZYCv"" checks",2026-10-01T01:24:31.710Z,179081787171000
"""arash @ 21jHaBYWIi"" checks",2026-10-01T01:24:30.816Z,179081787081600
"Flop:  [K♥, A♣, J♣]",2026-10-01T01:24:28.457Z,179081786845700
"""Jonah @ xrBY5OZYCv"" checks",2026-10-01T01:24:27.633Z,179081786763300
"""arash @ 21jHaBYWIi"" calls 20",2026-10-01T01:24:26.744Z,179081786674400
"""Stevo @ kI2bCqDOyl"" folds",2026-10-01T01:24:25.828Z,179081786582800
"""Spenny @ S8ENkJ8OQS"" folds",2026-10-01T01:24:23.063Z,179081786306300
"""georgeoge @ wgzHqTfHfQ"" calls 20",2026-10-01T01:24:22.139Z,179081786213900
"""Jonah @ xrBY5OZYCv"" posts a big blind of 20",2026-10-01T01:24:18.584Z,179081785858408
"""arash @ 21jHaBYWIi"" posts a small blind of 10",2026-10-01T01:24:18.584Z,179081785858407
"Your hand is 10♠, 2♠",2026-10-01T01:24:18.584Z,179081785858406
"Player stacks: #1 ""Jonah @ xrBY5OZYCv"" (1050) | #4 ""georgeoge @ wgzHqTfHfQ"" (1675) | #7 ""Spenny @ S8ENkJ8OQS"" (850) | #9 ""Stevo @ kI2bCqDOyl"" (1400) | #10 ""arash @ 21jHaBYWIi"" (1025)",2026-10-01T01:24:18.584Z,179081785858401
"-- starting hand #31 (id: qy4y1jqcwqh7)  No Limit Texas Hold'em (dealer: ""Stevo @ kI2bCqDOyl"") --",2026-10-01T01:24:18.584Z,179081785858400
"""Spenny @ S8ENkJ8OQS"" shows a 4♠, J♦.",2026-10-01T01:24:14.572Z,179081785457200
"-- ending hand #30 --",2026-10-01T01:24:12.042Z,179081785204202
"""georgeoge @ wgzHqTfHfQ"" collected 200 from pot with Pair, J's (combination: 5♥, 8♣, 9♥, J♥, J♣)",2026-10-01T01:24:12.042Z,179081785204201
"""georgeoge @ wgzHqTfHfQ"" shows a J♥, 9♥.",2026-10-01T01:24:12.042Z,179081785204200
"""arash @ 21jHaBYWIi"" calls 20",2026-10-01T01:24:11.219Z,179081785121900
"""georgeoge @ wgzHqTfHfQ"" bets 20",2026-10-01T01:24:07.239Z,179081784723900
"""arash @ 21jHaBYWIi"" checks",2026-10-01T01:24:03.568Z,179081784356800
"River: 8♣, 5♥, J♣, 4♥ [2♣]",2026-10-01T01:23:59.302Z,179081783930200
"""arash @ 21jHaBYWIi"" calls 20",2026-10-01T01:23:58.477Z,179081783847700
"""georgeoge @ wgzHqTfHfQ"" bets 20",2026-10-01T01:23:54.805Z,179081783480500
"""arash @ 21jHaBYWIi"" checks",2026-10-01T01:23:50.468Z,179081783046800
"Turn: 8♣, 5♥, J♣ [4♥]",2026-10-01T01:23:46.589Z,179081782658900
"""Jonah @ xrBY5OZYCv"" folds",2026-10-01T01:23:45.713Z,179081782571300
"""arash @ 21jHaBYWIi"" calls 20",2026-10-01T01:23:44.817Z,179081782481700
"""Stevo @ kI2bCqDOyl"" folds",2026-10-01T01:23:39.225Z,179081781922500
"""georgeoge @ wgzHqTfHfQ"" bets 20",2026-10-01T01:23:36.671Z,179081781667100
"""Jonah @ xrBY5OZYCv"" checks",2026-10-01T01:23:33.104Z,179081781310400
"""arash @ 21jHaBYWIi"" checks",2026-10-01T01:23:32.184Z,179081781218400
"""Stevo @ kI2bCqDOyl"" checks",2026-10-01T01:23:28.601Z,179081780860100
"Flop:  [8♣, 5♥, J♣]",2026-10-01T01:23:26.971Z,179081780697100
"""arash @ 21jHaBYWIi"" checks",2026-10-01T01:23:26.136Z,179081780613600
"""Stevo @ kI2bCqDOyl"" calls 20",2026-10-01T01:23:25.190Z,179081780519000
"""Spenny @ S8ENkJ8OQS"" folds",2026-10-01T01:23:24.254Z,179081780425400
"""georgeoge @ wgzHqTfHfQ"" calls 20",2026-10-01T01:23:17.693Z,179081779769300
"""Jonah @ xrBY5OZYCv"" calls 20",2026-10-01T01:23:16.818Z,179081779681800
"""arash @ 21jHaBYWIi"" posts a big blind of 20",2026-10-01T01:23:14.610Z,179081779461008
"""Stevo @ kI2bCqDOyl"" posts a small blind of 10",2026-10-01T01:23:14.610Z,179081779461007
"Your hand is 5♠, 6♠",2026-10-01T01:23:14.610Z,179081779461006
"Player stacks: #1 ""Jonah @ xrBY5OZYCv"" (1070) | #4 ""georgeoge @ wgzHqTfHfQ"" (1555) | #7 ""Spenny @ S8ENkJ8OQS"" (850) | #9 ""Stevo @ kI2bCqDOyl"" (1420) | #10 ""arash @ 21jHaBYWIi"" (1105)",2026-10-01T01:23:14.610Z,179081779461001
"-- starting hand #30 (id: cj8pn1ix3enx)  No Limit Texas Hold'em (dealer: ""Spenny @ S8ENkJ8OQS"") --",2026-10-01T01:23:14.610Z,179081779461000
"-- ending hand #29 --",2026-10-01T01:23:08.608Z,179081778860802
"""Spenny @ S8ENkJ8OQS"" collected 100 from pot with Two Pair, Q's & 9's (combination: 7♠, 9♥, 9♠, Q♠, Q♥)",2026-10-01T01:23:08.608Z,179081778860801
"""Spenny @ S8ENkJ8OQS"" shows a 7♠, 9♥.",2026-10-01T01:23:08.608Z,179081778860800
"""arash @ 21jHaBYWIi"" checks",2026-10-01T01:23:07.769Z,179081778776900
"""Spenny @ S8ENkJ8OQS"" checks",2026-10-01T01:23:06.853Z,179081778685300
"River: Q♠, 6♣, 9♠, Q♥ [2♣]",2026-10-01T01:23:02.397Z,179081778239700
"""arash @ 21jHaBYWIi"" checks",2026-10-01T01:23:01.570Z,179081778157000
"""Spenny @ S8ENkJ8OQS"" checks",2026-10-01T01:22:58.876Z,179081777887600
"Turn: Q♠, 6♣, 9♠ [Q♥]",2026-10-01T01:22:56.687Z,179081777668700
"""arash @ 21jHaBYWIi"" calls 20",2026-10-01T01:22:55.866Z,179081777586600
"""Stevo @ kI2bCqDOyl"" folds",2026-10-01T01:22:48.976Z,179081776897600
"""Spenny @ S8ENkJ8OQS"" bets 20",2026-10-01T01:22:44.666Z,179081776466600
"Flop:  [Q♠, 6♣, 9♠]",2026-10-01T01:22:41.966Z,179081776196600
"""Stevo @ kI2bCqDOyl"" checks",2026-10-01T01:22:41.144Z,179081776114400
"""Spenny @ S8ENkJ8OQS"" calls 20",2026-10-01T01:22:36.560Z,179081775656000
"""georgeoge @ wgzHqTfHfQ"" folds",2026-10-01T01:22:35.609Z,179081775560900
"""Jonah @ xrBY5OZYCv"" folds",2026-10-01T01:22:30.566Z,179081775056600
"""arash @ 21jHaBYWIi"" calls 20",2026-10-01T01:22:29.674Z,179081774967400
"""Stevo @ kI2bCqDOyl"" posts a big blind of 20",2026-10-01T01:22:28.509Z,179081774850908
"""Spenny @ S8ENkJ8OQS"" posts a small blind of 10",2026-10-01T01:22:28.509Z,179081774850907
"Your hand is 7♦, K♥",2026-10-01T01:22:28.509Z,179081774850906
"Player stacks: #1 ""Jonah @ xrBY5OZYCv"" (1070) | #4 ""georgeoge @ wgzHqTfHfQ"" (1555) | #7 ""Spenny @ S8ENkJ8OQS"" (790) | #9 ""Stevo @ kI2bCqDOyl"" (1440) | #10 ""arash @ 21jHaBYWIi"" (1145)",2026-10-01T01:22:28.509Z,179081774850901
"-- starting hand #29 (id: ikk2u2uplme8)  No Limit Texas Hold'em (dealer: ""georgeoge @ wgzHqTfHfQ"") --",2026-10-01T01:22:28.509Z,179081774850900
"""georgeoge @ wgzHqTfHfQ"" shows a J♦, Q♦.",2026-10-01T01:22:26.238Z,179081774623800
"-- ending hand #28 --",2026-10-01T01:22:24.855Z,179081774485502
"""georgeoge @ wgzHqTfHfQ"" collected 240 from pot",2026-10-01T01:22:24.855Z,179081774485501
"Uncalled bet of 80 returned to ""georgeoge @ wgzHqTfHfQ""",2026-10-01T01:22:24.855Z,179081774485500
"""arash @ 21jHaBYWIi"" folds",2026-10-01T01:22:23.998Z,179081774399800
"""georgeoge @ wgzHqTfHfQ"" bets 80",2026-10-01T01:22:22.824Z,179081774282400
"River: 4♦, 10♦, 7♣, 9♦ [J♠]",2026-10-01T01:22:19.192Z,179081773919200
"""arash @ 21jHaBYWIi"" calls 40",2026-10-01T01:22:18.359Z,179081773835900
"""Stevo @ kI2bCqDOyl"" folds",2026-10-01T01:22:16.581Z,179081773658100
"""georgeoge @ wgzHqTfHfQ"" bets 40",2026-10-01T01:22:15.060Z,179081773506000
"Turn: 4♦, 10♦, 7♣ [9♦]",2026-10-01T01:22:07.984Z,179081772798400
"""Jonah @ xrBY5OZYCv"" folds",2026-10-01T01:22:07.174Z,179081772717400
"""arash @ 21jHaBYWIi"" calls 20",2026-10-01T01:22:04.739Z,179081772473900
"""Stevo @ kI2bCqDOyl"" calls 20",2026-10-01T01:21:59.978Z,179081771997800
"""Spenny @ S8ENkJ8OQS"" folds",2026-10-01T01:21:58.988Z,179081771898800
"""georgeoge @ wgzHqTfHfQ"" bets 20",2026-10-01T01:21:49.907Z,179081770990700
"Flop:  [4♦, 10♦, 7♣]",2026-10-01T01:21:41.642Z,179081770164200
"""Spenny @ S8ENkJ8OQS"" checks",2026-10-01T01:21:40.800Z,179081770080000
"""georgeoge @ wgzHqTfHfQ"" calls 20",2026-10-01T01:21:39.870Z,179081769987000
"""Jonah @ xrBY5OZYCv"" calls 20",2026-10-01T01:21:38.990Z,179081769899000
"""arash @ 21jHaBYWIi"" calls 20",2026-10-01T01:21:38.138Z,179081769813800
"""Stevo @ kI2bCqDOyl"" calls 20",2026-10-01T01:21:34.313Z,179081769431300
"""Spenny @ S8ENkJ8OQS"" posts a big blind of 20",2026-10-01T01:21:32.341Z,179081769234108
"""georgeoge @ wgzHqTfHfQ"" posts a small blind of 10",2026-10-01T01:21:32.341Z,179081769234107
"Your hand is 3♥, 6♣",2026-10-01T01:21:32.341Z,179081769234106
"Player stacks: #1 ""Jonah @ xrBY5OZYCv"" (1090) | #4 ""georgeoge @ wgzHqTfHfQ"" (1395) | #7 ""Spenny @ S8ENkJ8OQS"" (810) | #9 ""Stevo @ kI2bCqDOyl"" (1480) | #10 ""arash @ 21jHaBYWIi"" (1225)",2026-10-01T01:21:32.341Z,179081769234101
"-- starting hand #28 (id: ijm1gzlq2kdy)  No Limit Texas Hold'em (dealer: ""Jonah @ xrBY5OZYCv"") --",2026-10-01T01:21:32.341Z,179081769234100
"-- ending hand #27 --",2026-10-01T01:21:26.336Z,179081768633603
"""georgeoge @ wgzHqTfHfQ"" collected 80 from pot with Pair, 2's (combination: 7♥, 9♣, A♦, 2♥, 2♣)",2026-10-01T01:21:26.336Z,179081768633602
"""georgeoge @ wgzHqTfHfQ"" shows a A♦, 2♥.",2026-10-01T01:21:26.336Z,179081768633601
"""Jonah @ xrBY5OZYCv"" shows a K♦, 10♦.",2026-10-01T01:21:26.336Z,179081768633600
"""arash @ 21jHaBYWIi"" checks",2026-10-01T01:21:25.524Z,179081768552400
"""Spenny @ S8ENkJ8OQS"" checks",2026-10-01T01:21:21.377Z,179081768137700
"""georgeoge @ wgzHqTfHfQ"" checks",2026-10-01T01:21:20.404Z,179081768040400
"""Jonah @ xrBY5OZYCv"" checks",2026-10-01T01:21:18.136Z,179081767813600
"River: 2♣, 7♥, 9♣, 5♣ [3♥]",2026-10-01T01:21:16.693Z,179081767669300
"""arash @ 21jHaBYWIi"" checks",2026-10-01T01:21:15.808Z,179081767580800
"""Spenny @ S8ENkJ8OQS"" checks",2026-10-01T01:21:10.609Z,179081767060900
"""georgeoge @ wgzHqTfHfQ"" checks",2026-10-01T01:21:09.723Z,179081766972300
"""Jonah @ xrBY5OZYCv"" checks",2026-10-01T01:21:07.123Z,179081766712300
"Turn: 2♣, 7♥, 9♣ [5♣]",2026-10-01T01:21:05.782Z,179081766578200
"""arash @ 21jHaBYWIi"" checks",2026-10-01T01:21:04.942Z,179081766494200
"""Spenny @ S8ENkJ8OQS"" checks",2026-10-01T01:20:56.162Z,179081765616200
"""georgeoge @ wgzHqTfHfQ"" checks",2026-10-01T01:20:55.252Z,179081765525200
"""Jonah @ xrBY5OZYCv"" checks",2026-10-01T01:20:54.377Z,179081765437700
"Flop:  [2♣, 7♥, 9♣]",2026-10-01T01:20:52.674Z,179081765267400
"""georgeoge @ wgzHqTfHfQ"" checks",2026-10-01T01:20:51.797Z,179081765179700
"""Jonah @ xrBY5OZYCv"" calls 20",2026-10-01T01:20:50.926Z,179081765092600
"""arash @ 21jHaBYWIi"" calls 20",2026-10-01T01:20:50.049Z,179081765004900
"""Stevo @ kI2bCqDOyl"" folds",2026-10-01T01:20:49.107Z,179081764910700
"""Spenny @ S8ENkJ8OQS"" calls 20",2026-10-01T01:20:44.970Z,179081764497000
"""georgeoge @ wgzHqTfHfQ"" posts a big blind of 20",2026-10-01T01:20:41.164Z,179081764116408
"""Jonah @ xrBY5OZYCv"" posts a small blind of 10",2026-10-01T01:20:41.164Z,179081764116407
"Your hand is K♣, 4♦",2026-10-01T01:20:41.164Z,179081764116406
"Player stacks: #1 ""Jonah @ xrBY5OZYCv"" (1110) | #4 ""georgeoge @ wgzHqTfHfQ"" (1335) | #7 ""Spenny @ S8ENkJ8OQS"" (830) | #9 ""Stevo @ kI2bCqDOyl"" (1480) | #10 ""arash @ 21jHaBYWIi"" (1245)",2026-10-01T01:20:41.164Z,179081764116401
"-- starting hand #27 (id: k4pf7tm7bbzl)  No Limit Texas Hold'em (dealer: ""arash @ 21jHaBYWIi"") --",2026-10-01T01:20:41.164Z,179081764116400
"""Spenny @ S8ENkJ8OQS"" shows a A♦.",2026-10-01T01:20:36.244Z,179081763624400
"-- ending hand #26 --",2026-10-01T01:20:34.658Z,179081763465802
"""Stevo @ kI2bCqDOyl"" collected 260 from pot with Two Pair, Q's & 2's (combination: J♥, 2♣, 2♠, Q♠, Q♣)",2026-10-01T01:20:34.658Z,179081763465801
"""Stevo @ kI2bCqDOyl"" shows a Q♠, 2♣.",2026-10-01T01:20:34.658Z,179081763465800
"""Spenny @ S8ENkJ8OQS"" calls 20",2026-10-01T01:20:33.844Z,179081763384400
"""Stevo @ kI2bCqDOyl"" bets 20",2026-10-01T01:20:32.426Z,179081763242600
"""Spenny @ S8ENkJ8OQS"" checks",2026-10-01T01:20:31.069Z,179081763106900
"River: 2♠, 5♣, J♥, Q♣ [6♠]",2026-10-01T01:20:29.537Z,179081762953700
"""Spenny @ S8ENkJ8OQS"" calls 40",2026-10-01T01:20:28.730Z,179081762873000
"""arash @ 21jHaBYWIi"" folds",2026-10-01T01:20:22.192Z,179081762219200
"""Stevo @ kI2bCqDOyl"" bets 40",2026-10-01T01:20:20.379Z,179081762037900
"""Spenny @ S8ENkJ8OQS"" checks",2026-10-01T01:20:18.269Z,179081761826900
"""arash @ 21jHaBYWIi"" checks",2026-10-01T01:20:14.441Z,179081761444100
"Turn: 2♠, 5♣, J♥ [Q♣]",2026-10-01T01:20:12.650Z,179081761265000
"""Jonah @ xrBY5OZYCv"" folds",2026-10-01T01:20:11.735Z,179081761173500
"""arash @ 21jHaBYWIi"" calls 20",2026-10-01T01:20:05.372Z,179081760537200
"""Stevo @ kI2bCqDOyl"" calls 20",2026-10-01T01:20:01.427Z,179081760142700
"""Spenny @ S8ENkJ8OQS"" bets 20",2026-10-01T01:19:58.383Z,179081759838300
"""Jonah @ xrBY5OZYCv"" checks",2026-10-01T01:19:54.426Z,179081759442600
"""arash @ 21jHaBYWIi"" checks",2026-10-01T01:19:53.511Z,179081759351100
"Flop:  [2♠, 5♣, J♥]",2026-10-01T01:19:51.173Z,179081759117300
"""Jonah @ xrBY5OZYCv"" checks",2026-10-01T01:19:50.221Z,179081759022100
"""arash @ 21jHaBYWIi"" calls 20",2026-10-01T01:19:49.260Z,179081758926000
"""Stevo @ kI2bCqDOyl"" calls 20",2026-10-01T01:19:48.296Z,179081758829600
"""Spenny @ S8ENkJ8OQS"" calls 20",2026-10-01T01:19:47.252Z,179081758725200
"""georgeoge @ wgzHqTfHfQ"" folds",2026-10-01T01:19:46.213Z,179081758621300
"""Jonah @ xrBY5OZYCv"" posts a big blind of 20",2026-10-01T01:19:42.768Z,179081758276808
"""arash @ 21jHaBYWIi"" posts a small blind of 10",2026-10-01T01:19:42.768Z,179081758276807
"Your hand is 9♥, 5♥",2026-10-01T01:19:42.768Z,179081758276806
"Player stacks: #1 ""Jonah @ xrBY5OZYCv"" (1130) | #4 ""georgeoge @ wgzHqTfHfQ"" (1335) | #7 ""Spenny @ S8ENkJ8OQS"" (930) | #9 ""Stevo @ kI2bCqDOyl"" (1320) | #10 ""arash @ 21jHaBYWIi"" (1285)",2026-10-01T01:19:42.768Z,179081758276801
"-- starting hand #26 (id: hr8f2qncxyau)  No Limit Texas Hold'em (dealer: ""Stevo @ kI2bCqDOyl"") --",2026-10-01T01:19:42.768Z,179081758276800
"-- ending hand #25 --",2026-10-01T01:19:36.726Z,179081757672602
"""Jonah @ xrBY5OZYCv"" collected 350 from pot with Pair, K's (combination: 7♣, 10♥, Q♣, K♦, K♣)",2026-10-01T01:19:36.726Z,179081757672601
"""Jonah @ xrBY5OZYCv"" shows a K♦, Q♣.",2026-10-01T01:19:36.726Z,179081757672600
"""arash @ 21jHaBYWIi"" calls 50",2026-10-01T01:19:35.796Z,179081757579600
"""Spenny @ S8ENkJ8OQS"" folds",2026-10-01T01:19:30.569Z,179081757056900
"""Jonah @ xrBY5OZYCv"" bets 50",2026-10-01T01:19:26.745Z,179081756674500
"""arash @ 21jHaBYWIi"" checks",2026-10-01T01:19:23.403Z,179081756340300
"River: 3♥, K♣, 2♥, 10♥ [7♣]",2026-10-01T01:19:21.519Z,179081756151900
"""Stevo @ kI2bCqDOyl"" folds",2026-10-01T01:19:20.653Z,179081756065300
"""Spenny @ S8ENkJ8OQS"" calls 50",2026-10-01T01:19:19.635Z,179081755963500
"""georgeoge @ wgzHqTfHfQ"" folds",2026-10-01T01:19:18.722Z,179081755872200
"""Jonah @ xrBY5OZYCv"" calls 50",2026-10-01T01:19:07.873Z,179081754787300
"""arash @ 21jHaBYWIi"" bets 50",2026-10-01T01:19:05.042Z,179081754504200
"""Stevo @ kI2bCqDOyl"" checks",2026-10-01T01:18:59.742Z,179081753974200
"Turn: 3♥, K♣, 2♥ [10♥]",2026-10-01T01:18:57.677Z,179081753767700
"""Spenny @ S8ENkJ8OQS"" checks",2026-10-01T01:18:56.765Z,179081753676500
"""georgeoge @ wgzHqTfHfQ"" checks",2026-10-01T01:18:55.855Z,179081753585500
"""Jonah @ xrBY5OZYCv"" checks",2026-10-01T01:18:46.333Z,179081752633300
"""arash @ 21jHaBYWIi"" checks",2026-10-01T01:18:37.240Z,179081751724000
"""Stevo @ kI2bCqDOyl"" checks",2026-10-01T01:18:34.894Z,179081751489400
"Flop:  [3♥, K♣, 2♥]",2026-10-01T01:18:33.447Z,179081751344700
"""arash @ 21jHaBYWIi"" checks",2026-10-01T01:18:32.532Z,179081751253200
"""Stevo @ kI2bCqDOyl"" calls 20",2026-10-01T01:18:31.583Z,179081751158300
"""Spenny @ S8ENkJ8OQS"" calls 20",2026-10-01T01:18:30.637Z,179081751063700
"""georgeoge @ wgzHqTfHfQ"" calls 20",2026-10-01T01:18:27.223Z,179081750722300
"""Jonah @ xrBY5OZYCv"" calls 20",2026-10-01T01:18:20.286Z,179081750028600
"""arash @ 21jHaBYWIi"" posts a big blind of 20",2026-10-01T01:18:19.203Z,179081749920309
"""Stevo @ kI2bCqDOyl"" posts a small blind of 10",2026-10-01T01:18:19.203Z,179081749920308
"Your hand is 10♦, 5♥",2026-10-01T01:18:19.203Z,179081749920307
"Player stacks: #1 ""Jonah @ xrBY5OZYCv"" (900) | #4 ""georgeoge @ wgzHqTfHfQ"" (1355) | #7 ""Spenny @ S8ENkJ8OQS"" (1000) | #9 ""Stevo @ kI2bCqDOyl"" (1340) | #10 ""arash @ 21jHaBYWIi"" (1405)",2026-10-01T01:18:19.203Z,179081749920302
"-- starting hand #25 (id: gszsbl3popqo)  No Limit Texas Hold'em (dead button) --",2026-10-01T01:18:19.203Z,179081749920301
"The player ""Spenny @ S8ENkJ8OQS"" joined the game with a stack of 1000.",2026-10-01T01:18:19.203Z,179081749920300
"-- ending hand #24 --",2026-10-01T01:18:13.199Z,179081749319903
"""arash @ 21jHaBYWIi"" collected 60 from pot with Two Pair, A's & Q's (combination: K♦, Q♣, Q♠, A♣, A♠)",2026-10-01T01:18:13.199Z,179081749319902
"""arash @ 21jHaBYWIi"" shows a A♣, 10♣.",2026-10-01T01:18:13.199Z,179081749319901
"""Jonah @ xrBY5OZYCv"" shows a 8♦, J♦.",2026-10-01T01:18:13.199Z,179081749319900
"""Jonah @ xrBY5OZYCv"" checks",2026-10-01T01:18:12.343Z,179081749234300
"The admin approved the player ""Spenny @ S8ENkJ8OQS"" participation with a stack of 1000.",2026-10-01T01:18:11.969Z,179081749196900
"""arash @ 21jHaBYWIi"" checks",2026-10-01T01:18:11.468Z,179081749146800
"The player ""Spenny @ S8ENkJ8OQS"" requested a seat.",2026-10-01T01:18:10.314Z,179081749031400
"""Stevo @ kI2bCqDOyl"" checks",2026-10-01T01:18:08.068Z,179081748806800
"River: Q♣, Q♠, A♠, 8♣ [K♦]",2026-10-01T01:18:07.195Z,179081748719500
"""Jonah @ xrBY5OZYCv"" checks",2026-10-01T01:18:06.343Z,179081748634300
"""arash @ 21jHaBYWIi"" checks",2026-10-01T01:18:05.455Z,179081748545500
"""Stevo @ kI2bCqDOyl"" checks",2026-10-01T01:18:01.258Z,179081748125800
"Turn: Q♣, Q♠, A♠ [8♣]",2026-10-01T01:18:00.170Z,179081748017000
"""Jonah @ xrBY5OZYCv"" checks",2026-10-01T01:17:59.312Z,179081747931200
"""arash @ 21jHaBYWIi"" checks",2026-10-01T01:17:58.457Z,179081747845700
"""Stevo @ kI2bCqDOyl"" checks",2026-10-01T01:17:54.925Z,179081747492500
"Flop:  [Q♣, Q♠, A♠]",2026-10-01T01:17:53.596Z,179081747359600
"""Stevo @ kI2bCqDOyl"" checks",2026-10-01T01:17:52.792Z,179081747279200
"""georgeoge @ wgzHqTfHfQ"" folds",2026-10-01T01:17:51.825Z,179081747182500
"""Jonah @ xrBY5OZYCv"" calls 20",2026-10-01T01:17:42.153Z,179081746215300
"""arash @ 21jHaBYWIi"" calls 20",2026-10-01T01:17:41.289Z,179081746128900
"""Stevo @ kI2bCqDOyl"" posts a big blind of 20",2026-10-01T01:17:38.192Z,179081745819208
"Dead Small Blind",2026-10-01T01:17:38.192Z,179081745819207
"Your hand is A♣, 10♣",2026-10-01T01:17:38.192Z,179081745819206
"Player stacks: #1 ""Jonah @ xrBY5OZYCv"" (920) | #4 ""georgeoge @ wgzHqTfHfQ"" (1355) | #9 ""Stevo @ kI2bCqDOyl"" (1360) | #10 ""arash @ 21jHaBYWIi"" (1365)",2026-10-01T01:17:38.192Z,179081745819202
"-- starting hand #24 (id: hwwbufnrscj6)  No Limit Texas Hold'em (dealer: ""georgeoge @ wgzHqTfHfQ"") --",2026-10-01T01:17:38.192Z,179081745819201
"The player ""Spenny @ S8ENkJ8OQS"" quits the game with a stack of 0.",2026-10-01T01:17:38.192Z,179081745819200
"-- ending hand #23 --",2026-10-01T01:17:32.159Z,179081745215904
"""Spenny @ S8ENkJ8OQS"" shows a 9♦, J♠.",2026-10-01T01:17:32.159Z,179081745215903
"""arash @ 21jHaBYWIi"" collected 540 from pot with Flush, Q High (combination: 7♠, 8♠, 9♠, 10♠, Q♠)",2026-10-01T01:17:32.159Z,179081745215902
"""arash @ 21jHaBYWIi"" shows a 9♠, 8♠.",2026-10-01T01:17:32.159Z,179081745215901
"Uncalled bet of 825 returned to ""arash @ 21jHaBYWIi""",2026-10-01T01:17:32.159Z,179081745215900
"""Spenny @ S8ENkJ8OQS"" calls 190 and go all in",2026-10-01T01:17:31.331Z,179081745133100
"""arash @ 21jHaBYWIi"" raises to 1015 and go all in",2026-10-01T01:17:29.991Z,179081744999100
"""Spenny @ S8ENkJ8OQS"" bets 60",2026-10-01T01:17:26.629Z,179081744662900
"River: 8♥, Q♠, 7♠, 10♠ [2♣]",2026-10-01T01:17:22.687Z,179081744268700
"""georgeoge @ wgzHqTfHfQ"" folds",2026-10-01T01:17:21.848Z,179081744184800
"""Jonah @ xrBY5OZYCv"" folds",2026-10-01T01:17:17.783Z,179081743778300
"""arash @ 21jHaBYWIi"" calls 40",2026-10-01T01:17:15.548Z,179081743554800
"""Spenny @ S8ENkJ8OQS"" bets 40",2026-10-01T01:17:10.975Z,179081743097500
"""georgeoge @ wgzHqTfHfQ"" checks",2026-10-01T01:17:07.272Z,179081742727200
"Turn: 8♥, Q♠, 7♠ [10♠]",2026-10-01T01:17:01.074Z,179081742107400
"""Jonah @ xrBY5OZYCv"" checks",2026-10-01T01:17:00.240Z,179081742024000
"""arash @ 21jHaBYWIi"" checks",2026-10-01T01:16:59.242Z,179081741924200
"""Spenny @ S8ENkJ8OQS"" checks",2026-10-01T01:16:53.240Z,179081741324000
"""georgeoge @ wgzHqTfHfQ"" checks",2026-10-01T01:16:52.307Z,179081741230700
"Flop:  [8♥, Q♠, 7♠]",2026-10-01T01:16:45.404Z,179081740540400
"""Spenny @ S8ENkJ8OQS"" checks",2026-10-01T01:16:44.536Z,179081740453600
"""georgeoge @ wgzHqTfHfQ"" calls 20",2026-10-01T01:16:43.640Z,179081740364000
"""Jonah @ xrBY5OZYCv"" calls 20",2026-10-01T01:16:38.645Z,179081739864500
"""arash @ 21jHaBYWIi"" calls 20",2026-10-01T01:16:37.723Z,179081739772300
"""Stevo @ kI2bCqDOyl"" folds",2026-10-01T01:16:36.311Z,179081739631100
"""Spenny @ S8ENkJ8OQS"" posts a big blind of 20",2026-10-01T01:16:35.040Z,179081739504008
"""georgeoge @ wgzHqTfHfQ"" posts a small blind of 10",2026-10-01T01:16:35.040Z,179081739504007
"Your hand is 9♠, 8♠",2026-10-01T01:16:35.040Z,179081739504006
"Player stacks: #1 ""Jonah @ xrBY5OZYCv"" (940) | #4 ""georgeoge @ wgzHqTfHfQ"" (1375) | #8 ""Spenny @ S8ENkJ8OQS"" (250) | #9 ""Stevo @ kI2bCqDOyl"" (1360) | #10 ""arash @ 21jHaBYWIi"" (1075)",2026-10-01T01:16:35.040Z,179081739504001
"-- starting hand #23 (id: 4foiqnrncqgx)  No Limit Texas Hold'em (dealer: ""Jonah @ xrBY5OZYCv"") --",2026-10-01T01:16:35.040Z,179081739504000
"""Stevo @ kI2bCqDOyl"" shows a 8♥, 6♠.",2026-10-01T01:16:28.888Z,179081738888800
"-- ending hand #22 --",2026-10-01T01:16:28.396Z,179081738839602
"""georgeoge @ wgzHqTfHfQ"" collected 120 from pot",2026-10-01T01:16:28.396Z,179081738839601
"Uncalled bet of 60 returned to ""georgeoge @ wgzHqTfHfQ""",2026-10-01T01:16:28.396Z,179081738839600
"""Jonah @ xrBY5OZYCv"" folds",2026-10-01T01:16:27.508Z,179081738750800
"""Spenny @ S8ENkJ8OQS"" folds",2026-10-01T01:16:26.654Z,179081738665400
"""georgeoge @ wgzHqTfHfQ"" bets 60",2026-10-01T01:16:15.842Z,179081737584200
"""Jonah @ xrBY5OZYCv"" checks",2026-10-01T01:16:06.462Z,179081736646200
"Turn: 7♦, 9♠, 5♠ [J♦]",2026-10-01T01:16:05.097Z,179081736509700
"""Jonah @ xrBY5OZYCv"" calls 20",2026-10-01T01:16:04.252Z,179081736425200
"""Spenny @ S8ENkJ8OQS"" calls 20",2026-10-01T01:16:03.118Z,179081736311800
"""georgeoge @ wgzHqTfHfQ"" bets 20",2026-10-01T01:15:55.011Z,179081735501100
"""Jonah @ xrBY5OZYCv"" checks",2026-10-01T01:15:46.045Z,179081734604500
"Flop:  [7♦, 9♠, 5♠]",2026-10-01T01:15:44.274Z,179081734427400
"""georgeoge @ wgzHqTfHfQ"" checks",2026-10-01T01:15:43.396Z,179081734339600
"""Jonah @ xrBY5OZYCv"" calls 20",2026-10-01T01:15:42.525Z,179081734252500
"""arash @ 21jHaBYWIi"" folds",2026-10-01T01:15:41.661Z,179081734166100
"""Stevo @ kI2bCqDOyl"" folds",2026-10-01T01:15:32.815Z,179081733281500
"""Spenny @ S8ENkJ8OQS"" calls 20",2026-10-01T01:15:31.790Z,179081733179000
"""georgeoge @ wgzHqTfHfQ"" posts a big blind of 20",2026-10-01T01:15:30.670Z,179081733067008
"""Jonah @ xrBY5OZYCv"" posts a small blind of 10",2026-10-01T01:15:30.670Z,179081733067007
"Your hand is 4♦, 2♣",2026-10-01T01:15:30.670Z,179081733067006
"Player stacks: #1 ""Jonah @ xrBY5OZYCv"" (980) | #4 ""georgeoge @ wgzHqTfHfQ"" (1295) | #8 ""Spenny @ S8ENkJ8OQS"" (290) | #9 ""Stevo @ kI2bCqDOyl"" (1360) | #10 ""arash @ 21jHaBYWIi"" (1075)",2026-10-01T01:15:30.670Z,179081733067001
"-- starting hand #22 (id: 5slnsqntmw74)  No Limit Texas Hold'em (dealer: ""arash @ 21jHaBYWIi"") --",2026-10-01T01:15:30.670Z,179081733067000
"-- ending hand #21 --",2026-10-01T01:15:27.759Z,179081732775902
"""Jonah @ xrBY5OZYCv"" collected 220 from pot",2026-10-01T01:15:27.759Z,179081732775901
"Uncalled bet of 40 returned to ""Jonah @ xrBY5OZYCv""",2026-10-01T01:15:27.759Z,179081732775900
"""arash @ 21jHaBYWIi"" folds",2026-10-01T01:15:26.921Z,179081732692100
"""Spenny @ S8ENkJ8OQS"" folds",2026-10-01T01:15:22.025Z,179081732202500
"""Jonah @ xrBY5OZYCv"" bets 40",2026-10-01T01:15:13.364Z,179081731336400
"""arash @ 21jHaBYWIi"" checks",2026-10-01T01:15:09.422Z,179081730942200
"River: 5♦, A♠, 3♥, 8♠ [Q♣]",2026-10-01T01:15:02.721Z,179081730272100
"""Spenny @ S8ENkJ8OQS"" checks",2026-10-01T01:15:01.871Z,179081730187100
"""Jonah @ xrBY5OZYCv"" checks",2026-10-01T01:15:00.819Z,179081730081900
"""arash @ 21jHaBYWIi"" checks",2026-10-01T01:14:59.243Z,179081729924300
"Turn: 5♦, A♠, 3♥ [8♠]",2026-10-01T01:14:51.565Z,179081729156500
"""arash @ 21jHaBYWIi"" calls 40",2026-10-01T01:14:50.727Z,179081729072700
"""Stevo @ kI2bCqDOyl"" folds",2026-10-01T01:14:44.082Z,179081728408200
"""Spenny @ S8ENkJ8OQS"" calls 40",2026-10-01T01:14:43.141Z,179081728314100
"""georgeoge @ wgzHqTfHfQ"" folds",2026-10-01T01:14:39.996Z,179081727999600
"""Jonah @ xrBY5OZYCv"" bets 40",2026-10-01T01:14:29.184Z,179081726918400
"""arash @ 21jHaBYWIi"" checks",2026-10-01T01:14:25.163Z,179081726516300
"Flop:  [5♦, A♠, 3♥]",2026-10-01T01:14:18.838Z,179081725883800
"""Jonah @ xrBY5OZYCv"" checks",2026-10-01T01:14:17.987Z,179081725798700
"""arash @ 21jHaBYWIi"" calls 20",2026-10-01T01:14:17.044Z,179081725704400
"""Stevo @ kI2bCqDOyl"" calls 20",2026-10-01T01:14:14.335Z,179081725433500
"""Spenny @ S8ENkJ8OQS"" calls 20",2026-10-01T01:14:13.396Z,179081725339600
"""georgeoge @ wgzHqTfHfQ"" calls 20",2026-10-01T01:14:11.428Z,179081725142800
"""Jonah @ xrBY5OZYCv"" posts a big blind of 20",2026-10-01T01:14:08.743Z,179081724874308
"""arash @ 21jHaBYWIi"" posts a small blind of 10",2026-10-01T01:14:08.743Z,179081724874307
"Your hand is 2♦, 2♣",2026-10-01T01:14:08.743Z,179081724874306
"Player stacks: #1 ""Jonah @ xrBY5OZYCv"" (820) | #4 ""georgeoge @ wgzHqTfHfQ"" (1315) | #8 ""Spenny @ S8ENkJ8OQS"" (350) | #9 ""Stevo @ kI2bCqDOyl"" (1380) | #10 ""arash @ 21jHaBYWIi"" (1135)",2026-10-01T01:14:08.743Z,179081724874301
"-- starting hand #21 (id: dd0ipfbs0czh)  No Limit Texas Hold'em (dealer: ""Stevo @ kI2bCqDOyl"") --",2026-10-01T01:14:08.743Z,179081724874300
"-- ending hand #20 --",2026-10-01T01:14:02.732Z,179081724273203
"""arash @ 21jHaBYWIi"" collected 140 from pot with Pair, 8's (combination: 6♣, 9♥, J♦, 8♦, 8♥)",2026-10-01T01:14:02.732Z,179081724273202
"""arash @ 21jHaBYWIi"" shows a 8♦, J♦.",2026-10-01T01:14:02.732Z,179081724273201
"""Stevo @ kI2bCqDOyl"" shows a 10♦, A♦.",2026-10-01T01:14:02.732Z,179081724273200
"""Spenny @ S8ENkJ8OQS"" checks",2026-10-01T01:14:01.843Z,179081724184300
"""arash @ 21jHaBYWIi"" checks",2026-10-01T01:14:00.786Z,179081724078600
"""Stevo @ kI2bCqDOyl"" checks",2026-10-01T01:13:55.837Z,179081723583700
"River: 4♥, 8♥, 5♦, 9♥ [6♣]",2026-10-01T01:13:54.271Z,179081723427100
"""Spenny @ S8ENkJ8OQS"" calls 20",2026-10-01T01:13:53.458Z,179081723345800
"""georgeoge @ wgzHqTfHfQ"" folds",2026-10-01T01:13:44.507Z,179081722450700
"""arash @ 21jHaBYWIi"" calls 20",2026-10-01T01:13:37.687Z,179081721768700
"""Stevo @ kI2bCqDOyl"" bets 20",2026-10-01T01:13:35.964Z,179081721596400
"Turn: 4♥, 8♥, 5♦ [9♥]",2026-10-01T01:13:34.047Z,179081721404700
"""Spenny @ S8ENkJ8OQS"" checks",2026-10-01T01:13:33.129Z,179081721312900
"""georgeoge @ wgzHqTfHfQ"" checks",2026-10-01T01:13:32.226Z,179081721222600
"""arash @ 21jHaBYWIi"" checks",2026-10-01T01:13:24.857Z,179081720485700
"""Stevo @ kI2bCqDOyl"" checks",2026-10-01T01:13:21.530Z,179081720153000
"Flop:  [4♥, 8♥, 5♦]",2026-10-01T01:13:19.236Z,179081719923600
"""arash @ 21jHaBYWIi"" checks",2026-10-01T01:13:18.324Z,179081719832400
"""Stevo @ kI2bCqDOyl"" calls 20",2026-10-01T01:13:17.362Z,179081719736200
"""Spenny @ S8ENkJ8OQS"" calls 20",2026-10-01T01:13:16.356Z,179081719635600
"""georgeoge @ wgzHqTfHfQ"" calls 20",2026-10-01T01:13:15.448Z,179081719544800
"""Jonah @ xrBY5OZYCv"" folds",2026-10-01T01:13:06.531Z,179081718653100
"""arash @ 21jHaBYWIi"" posts a big blind of 20",2026-10-01T01:13:05.288Z,179081718528808
"""Stevo @ kI2bCqDOyl"" posts a small blind of 10",2026-10-01T01:13:05.288Z,179081718528807
"Your hand is 8♦, J♦",2026-10-01T01:13:05.288Z,179081718528806
"Player stacks: #1 ""Jonah @ xrBY5OZYCv"" (820) | #4 ""georgeoge @ wgzHqTfHfQ"" (1335) | #8 ""Spenny @ S8ENkJ8OQS"" (390) | #9 ""Stevo @ kI2bCqDOyl"" (1420) | #10 ""arash @ 21jHaBYWIi"" (1035)",2026-10-01T01:13:05.288Z,179081718528801
"-- starting hand #20 (id: bq2pfzwvzk3a)  No Limit Texas Hold'em (dealer: ""Spenny @ S8ENkJ8OQS"") --",2026-10-01T01:13:05.288Z,179081718528800
"""Stevo @ kI2bCqDOyl"" shows a 10♥, J♥.",2026-10-01T01:13:02.550Z,179081718255000
"-- ending hand #19 --",2026-10-01T01:13:01.682Z,179081718168202
"""Stevo @ kI2bCqDOyl"" collected 260 from pot",2026-10-01T01:13:01.682Z,179081718168201
"Uncalled bet of 70 returned to ""Stevo @ kI2bCqDOyl""",2026-10-01T01:13:01.682Z,179081718168200
"""Spenny @ S8ENkJ8OQS"" folds",2026-10-01T01:13:00.838Z,179081718083800
"""arash @ 21jHaBYWIi"" folds",2026-10-01T01:12:55.604Z,179081717560400
"""Stevo @ kI2bCqDOyl"" bets 70",2026-10-01T01:12:54.665Z,179081717466500
"""Spenny @ S8ENkJ8OQS"" checks",2026-10-01T01:12:51.740Z,179081717174000
"River: Q♠, J♠, Q♥, 5♦ [J♦]",2026-10-01T01:12:48.765Z,179081716876500
"""Spenny @ S8ENkJ8OQS"" calls 40",2026-10-01T01:12:47.943Z,179081716794300
"""arash @ 21jHaBYWIi"" calls 40",2026-10-01T01:12:44.503Z,179081716450300
"""Stevo @ kI2bCqDOyl"" bets 40",2026-10-01T01:12:36.545Z,179081715654500
"""Spenny @ S8ENkJ8OQS"" checks",2026-10-01T01:12:33.522Z,179081715352200
"Turn: Q♠, J♠, Q♥ [5♦]",2026-10-01T01:12:31.685Z,179081715168500
"""Spenny @ S8ENkJ8OQS"" calls 20",2026-10-01T01:12:30.762Z,179081715076200
"""Jonah @ xrBY5OZYCv"" folds",2026-10-01T01:12:27.223Z,179081714722300
"""arash @ 21jHaBYWIi"" calls 20",2026-10-01T01:12:25.770Z,179081714577000
"""Stevo @ kI2bCqDOyl"" bets 20",2026-10-01T01:12:24.772Z,179081714477200
"""Spenny @ S8ENkJ8OQS"" checks",2026-10-01T01:12:23.429Z,179081714342900
"Flop:  [Q♠, J♠, Q♥]",2026-10-01T01:12:19.689Z,179081713968900
"""Stevo @ kI2bCqDOyl"" checks",2026-10-01T01:12:18.813Z,179081713881300
"""Spenny @ S8ENkJ8OQS"" calls 20",2026-10-01T01:12:17.163Z,179081713716300
"""georgeoge @ wgzHqTfHfQ"" folds",2026-10-01T01:12:16.212Z,179081713621200
"""Jonah @ xrBY5OZYCv"" calls 20",2026-10-01T01:12:15.327Z,179081713532700
"""arash @ 21jHaBYWIi"" calls 20",2026-10-01T01:12:14.336Z,179081713433600
"""Stevo @ kI2bCqDOyl"" posts a big blind of 20",2026-10-01T01:12:11.469Z,179081713146908
"""Spenny @ S8ENkJ8OQS"" posts a small blind of 10",2026-10-01T01:12:11.469Z,179081713146907
"Your hand is 10♠, 9♠",2026-10-01T01:12:11.469Z,179081713146906
"Player stacks: #1 ""Jonah @ xrBY5OZYCv"" (840) | #4 ""georgeoge @ wgzHqTfHfQ"" (1335) | #8 ""Spenny @ S8ENkJ8OQS"" (470) | #9 ""Stevo @ kI2bCqDOyl"" (1240) | #10 ""arash @ 21jHaBYWIi"" (1115)",2026-10-01T01:12:11.469Z,179081713146901
"-- starting hand #19 (id: hpwvtswnhlnz)  No Limit Texas Hold'em (dealer: ""georgeoge @ wgzHqTfHfQ"") --",2026-10-01T01:12:11.469Z,179081713146900
"""Stevo @ kI2bCqDOyl"" shows a 10♠, 9♣.",2026-10-01T01:12:07.518Z,179081712751800
"-- ending hand #18 --",2026-10-01T01:12:04.849Z,179081712484902
"""georgeoge @ wgzHqTfHfQ"" collected 320 from pot with Three of a Kind, 10's (combination: K♠, A♥, 10♥, 10♣, 10♦)",2026-10-01T01:12:04.849Z,179081712484901
"""georgeoge @ wgzHqTfHfQ"" shows a K♠, 10♥.",2026-10-01T01:12:04.849Z,179081712484900
"""Jonah @ xrBY5OZYCv"" calls 20",2026-10-01T01:12:03.971Z,179081712397100
"""arash @ 21jHaBYWIi"" folds",2026-10-01T01:12:02.978Z,179081712297800
"""Spenny @ S8ENkJ8OQS"" calls 20",2026-10-01T01:12:00.993Z,179081712099300
"""georgeoge @ wgzHqTfHfQ"" bets 20",2026-10-01T01:11:58.076Z,179081711807600
"River: J♥, A♥, 3♥, 10♣ [10♦]",2026-10-01T01:11:54.883Z,179081711488300
"""Jonah @ xrBY5OZYCv"" calls 20",2026-10-01T01:11:54.075Z,179081711407500
"""arash @ 21jHaBYWIi"" calls 20",2026-10-01T01:11:53.187Z,179081711318700
"""Spenny @ S8ENkJ8OQS"" calls 20",2026-10-01T01:11:50.090Z,179081711009000
"""georgeoge @ wgzHqTfHfQ"" bets 20",2026-10-01T01:11:47.708Z,179081710770800
"Turn: J♥, A♥, 3♥ [10♣]",2026-10-01T01:11:40.229Z,179081710022900
"""georgeoge @ wgzHqTfHfQ"" calls 20",2026-10-01T01:11:39.408Z,179081709940800
"""Jonah @ xrBY5OZYCv"" calls 20",2026-10-01T01:11:32.803Z,179081709280300
"""arash @ 21jHaBYWIi"" calls 20",2026-10-01T01:11:29.536Z,179081708953600
"""Stevo @ kI2bCqDOyl"" folds",2026-10-01T01:11:27.422Z,179081708742200
"""Spenny @ S8ENkJ8OQS"" bets 20",2026-10-01T01:11:26.487Z,179081708648700
"""georgeoge @ wgzHqTfHfQ"" checks",2026-10-01T01:11:24.520Z,179081708452000
"Flop:  [J♥, A♥, 3♥]",2026-10-01T01:11:21.265Z,179081708126500
"""Spenny @ S8ENkJ8OQS"" checks",2026-10-01T01:11:20.457Z,179081708045700
"""georgeoge @ wgzHqTfHfQ"" calls 20",2026-10-01T01:11:19.507Z,179081707950700
"""Jonah @ xrBY5OZYCv"" calls 20",2026-10-01T01:11:08.705Z,179081706870500
"""arash @ 21jHaBYWIi"" calls 20",2026-10-01T01:11:07.802Z,179081706780200
"""Stevo @ kI2bCqDOyl"" calls 20",2026-10-01T01:11:06.607Z,179081706660700
"""Spenny @ S8ENkJ8OQS"" posts a big blind of 20",2026-10-01T01:11:05.602Z,179081706560208
"""georgeoge @ wgzHqTfHfQ"" posts a small blind of 10",2026-10-01T01:11:05.602Z,179081706560207
"Your hand is 5♦, 2♦",2026-10-01T01:11:05.602Z,179081706560206
"Player stacks: #1 ""Jonah @ xrBY5OZYCv"" (920) | #4 ""georgeoge @ wgzHqTfHfQ"" (1095) | #8 ""Spenny @ S8ENkJ8OQS"" (550) | #9 ""Stevo @ kI2bCqDOyl"" (1260) | #10 ""arash @ 21jHaBYWIi"" (1175)",2026-10-01T01:11:05.602Z,179081706560201
"-- starting hand #18 (id: odct9p9uvoqf)  No Limit Texas Hold'em (dealer: ""Jonah @ xrBY5OZYCv"") --",2026-10-01T01:11:05.602Z,179081706560200
"-- ending hand #17 --",2026-10-01T01:10:59.694Z,179081705969402
"""Jonah @ xrBY5OZYCv"" collected 100 from pot",2026-10-01T01:10:59.694Z,179081705969401
"Uncalled bet of 20 returned to ""Jonah @ xrBY5OZYCv""",2026-10-01T01:10:59.694Z,179081705969400
"""arash @ 21jHaBYWIi"" folds",2026-10-01T01:10:58.879Z,179081705887900
"""Stevo @ kI2bCqDOyl"" folds",2026-10-01T01:10:55.187Z,179081705518700
"""Spenny @ S8ENkJ8OQS"" folds",2026-10-01T01:10:54.181Z,179081705418100
"""georgeoge @ wgzHqTfHfQ"" folds",2026-10-01T01:10:51.047Z,179081705104700
"""Jonah @ xrBY5OZYCv"" bets 20",2026-10-01T01:10:41.793Z,179081704179300
"Flop:  [3♦, Q♣, A♣]",2026-10-01T01:10:36.825Z,179081703682500
"""georgeoge @ wgzHqTfHfQ"" checks",2026-10-01T01:10:35.998Z,179081703599800
"""Jonah @ xrBY5OZYCv"" calls 20",2026-10-01T01:10:35.134Z,179081703513400
"""arash @ 21jHaBYWIi"" calls 20",2026-10-01T01:10:34.248Z,179081703424800
"""Stevo @ kI2bCqDOyl"" calls 20",2026-10-01T01:10:32.353Z,179081703235300
"""Spenny @ S8ENkJ8OQS"" calls 20",2026-10-01T01:10:31.369Z,179081703136900
"""georgeoge @ wgzHqTfHfQ"" posts a big blind of 20",2026-10-01T01:10:23.821Z,179081702382108
"""Jonah @ xrBY5OZYCv"" posts a small blind of 10",2026-10-01T01:10:23.821Z,179081702382107
"Your hand is 10♣, 6♥",2026-10-01T01:10:23.821Z,179081702382106
"Player stacks: #1 ""Jonah @ xrBY5OZYCv"" (840) | #4 ""georgeoge @ wgzHqTfHfQ"" (1115) | #8 ""Spenny @ S8ENkJ8OQS"" (570) | #9 ""Stevo @ kI2bCqDOyl"" (1280) | #10 ""arash @ 21jHaBYWIi"" (1195)",2026-10-01T01:10:23.821Z,179081702382101
"-- starting hand #17 (id: nlfu4njbkwjq)  No Limit Texas Hold'em (dealer: ""arash @ 21jHaBYWIi"") --",2026-10-01T01:10:23.821Z,179081702382100
"-- ending hand #16 --",2026-10-01T01:10:17.816Z,179081701781603
"""Stevo @ kI2bCqDOyl"" collected 220 from pot with Pair, A's (combination: 9♦, J♥, K♣, A♠, A♥)",2026-10-01T01:10:17.816Z,179081701781602
"""Stevo @ kI2bCqDOyl"" shows a A♠, 9♦.",2026-10-01T01:10:17.816Z,179081701781601
"""Spenny @ S8ENkJ8OQS"" shows a A♦, 4♠.",2026-10-01T01:10:17.816Z,179081701781600
"""Jonah @ xrBY5OZYCv"" folds",2026-10-01T01:10:17.006Z,179081701700600
"""Stevo @ kI2bCqDOyl"" calls 40",2026-10-01T01:10:06.724Z,179081700672400
"""Spenny @ S8ENkJ8OQS"" bets 40",2026-10-01T01:10:05.567Z,179081700556700
"""Jonah @ xrBY5OZYCv"" checks",2026-10-01T01:10:01.431Z,179081700143100
"River: J♥, 7♠, K♣, A♥ [5♣]",2026-10-01T01:10:00.218Z,179081700021800
"""Jonah @ xrBY5OZYCv"" calls 20",2026-10-01T01:09:59.366Z,179081699936600
"""arash @ 21jHaBYWIi"" folds",2026-10-01T01:09:58.494Z,179081699849400
"""Stevo @ kI2bCqDOyl"" calls 20",2026-10-01T01:09:53.513Z,179081699351300
"""Spenny @ S8ENkJ8OQS"" bets 20",2026-10-01T01:09:52.557Z,179081699255700
"""Jonah @ xrBY5OZYCv"" checks",2026-10-01T01:09:50.530Z,179081699053000
"""arash @ 21jHaBYWIi"" checks",2026-10-01T01:09:49.628Z,179081698962800
"Turn: J♥, 7♠, K♣ [A♥]",2026-10-01T01:09:47.879Z,179081698787900
"""Stevo @ kI2bCqDOyl"" checks",2026-10-01T01:09:47.011Z,179081698701100
"""Spenny @ S8ENkJ8OQS"" checks",2026-10-01T01:09:45.977Z,179081698597700
"""Jonah @ xrBY5OZYCv"" checks",2026-10-01T01:09:43.624Z,179081698362400
"""arash @ 21jHaBYWIi"" checks",2026-10-01T01:09:42.747Z,179081698274700
"Flop:  [J♥, 7♠, K♣]",2026-10-01T01:09:37.669Z,179081697766900
"""Jonah @ xrBY5OZYCv"" checks",2026-10-01T01:09:36.823Z,179081697682300
"""arash @ 21jHaBYWIi"" calls 20",2026-10-01T01:09:35.961Z,179081697596100
"""Stevo @ kI2bCqDOyl"" calls 20",2026-10-01T01:09:33.231Z,179081697323100
"""Spenny @ S8ENkJ8OQS"" calls 20",2026-10-01T01:09:32.277Z,179081697227700
"""georgeoge @ wgzHqTfHfQ"" folds",2026-10-01T01:09:29.323Z,179081696932300
"""Jonah @ xrBY5OZYCv"" posts a big blind of 20",2026-10-01T01:09:26.495Z,179081696649508
"""arash @ 21jHaBYWIi"" posts a small blind of 10",2026-10-01T01:09:26.495Z,179081696649507
"Your hand is 3♦, 8♦",2026-10-01T01:09:26.495Z,179081696649506
"Player stacks: #1 ""Jonah @ xrBY5OZYCv"" (880) | #4 ""georgeoge @ wgzHqTfHfQ"" (1115) | #8 ""Spenny @ S8ENkJ8OQS"" (650) | #9 ""Stevo @ kI2bCqDOyl"" (1140) | #10 ""arash @ 21jHaBYWIi"" (1215)",2026-10-01T01:09:26.495Z,179081696649501
"-- starting hand #16 (id: uzgcyyh2da54)  No Limit Texas Hold'em (dealer: ""Stevo @ kI2bCqDOyl"") --",2026-10-01T01:09:26.495Z,179081696649500
"-- ending hand #15 --",2026-10-01T01:09:20.461Z,179081696046102
"""Stevo @ kI2bCqDOyl"" collected 220 from pot with Three of a Kind, 7's (combination: Q♦, K♦, 7♦, 7♠, 7♥)",2026-10-01T01:09:20.461Z,179081696046101
"""Stevo @ kI2bCqDOyl"" shows a J♣, 7♦.",2026-10-01T01:09:20.461Z,179081696046100
"""Jonah @ xrBY5OZYCv"" calls 60",2026-10-01T01:09:19.582Z,179081695958200
"""Stevo @ kI2bCqDOyl"" bets 60",2026-10-01T01:09:11.168Z,179081695116800
"River: K♦, Q♦, 7♠, 7♥ [5♣]",2026-10-01T01:09:08.256Z,179081694825600
"""Jonah @ xrBY5OZYCv"" calls 20",2026-10-01T01:09:07.321Z,179081694732100
"""arash @ 21jHaBYWIi"" folds",2026-10-01T01:09:05.379Z,179081694537900
"""Stevo @ kI2bCqDOyl"" bets 20",2026-10-01T01:09:00.346Z,179081694034600
"Turn: K♦, Q♦, 7♠ [7♥]",2026-10-01T01:08:58.586Z,179081693858600
"""Jonah @ xrBY5OZYCv"" checks",2026-10-01T01:08:57.766Z,179081693776600
"""arash @ 21jHaBYWIi"" checks",2026-10-01T01:08:55.887Z,179081693588700
"""Stevo @ kI2bCqDOyl"" checks",2026-10-01T01:08:52.399Z,179081693239900
"Flop:  [K♦, Q♦, 7♠]",2026-10-01T01:08:49.767Z,179081692976700
"""arash @ 21jHaBYWIi"" checks",2026-10-01T01:08:48.853Z,179081692885300
"""Stevo @ kI2bCqDOyl"" calls 20",2026-10-01T01:08:47.941Z,179081692794100
"""Spenny @ S8ENkJ8OQS"" folds",2026-10-01T01:08:47.008Z,179081692700800
"""georgeoge @ wgzHqTfHfQ"" folds",2026-10-01T01:08:41.403Z,179081692140300
"""Jonah @ xrBY5OZYCv"" calls 20",2026-10-01T01:08:40.461Z,179081692046100
"""arash @ 21jHaBYWIi"" posts a big blind of 20",2026-10-01T01:08:38.610Z,179081691861008
"""Stevo @ kI2bCqDOyl"" posts a small blind of 10",2026-10-01T01:08:38.610Z,179081691861007
"Your hand is A♦, 8♠",2026-10-01T01:08:38.610Z,179081691861006
"Player stacks: #1 ""Jonah @ xrBY5OZYCv"" (980) | #4 ""georgeoge @ wgzHqTfHfQ"" (1115) | #8 ""Spenny @ S8ENkJ8OQS"" (650) | #9 ""Stevo @ kI2bCqDOyl"" (1020) | #10 ""arash @ 21jHaBYWIi"" (1235)",2026-10-01T01:08:38.610Z,179081691861001
"-- starting hand #15 (id: fvlfiquyyvx5)  No Limit Texas Hold'em (dealer: ""Spenny @ S8ENkJ8OQS"") --",2026-10-01T01:08:38.610Z,179081691861000
"-- ending hand #14 --",2026-10-01T01:08:32.585Z,179081691258504
"""arash @ 21jHaBYWIi"" collected 80 from pot with Two Pair, 10's & 7's (combination: K♥, 7♠, 7♣, 10♣, 10♥)",2026-10-01T01:08:32.585Z,179081691258503
"""arash @ 21jHaBYWIi"" shows a 7♠, K♥.",2026-10-01T01:08:32.585Z,179081691258502
"""Stevo @ kI2bCqDOyl"" shows a Q♦, 2♣.",2026-10-01T01:08:32.585Z,179081691258501
"""Spenny @ S8ENkJ8OQS"" shows a 3♣, 8♦.",2026-10-01T01:08:32.585Z,179081691258500
"""Jonah @ xrBY5OZYCv"" checks",2026-10-01T01:08:31.766Z,179081691176600
"""arash @ 21jHaBYWIi"" checks",2026-10-01T01:08:30.889Z,179081691088900
"""Stevo @ kI2bCqDOyl"" checks",2026-10-01T01:08:26.114Z,179081690611400
"""Spenny @ S8ENkJ8OQS"" checks",2026-10-01T01:08:25.165Z,179081690516500
"River: 10♣, 10♥, 7♣, 5♥ [9♦]",2026-10-01T01:08:21.701Z,179081690170100
"""Jonah @ xrBY5OZYCv"" checks",2026-10-01T01:08:20.818Z,179081690081800
"""arash @ 21jHaBYWIi"" checks",2026-10-01T01:08:19.969Z,179081689996900
"""Stevo @ kI2bCqDOyl"" checks",2026-10-01T01:08:15.486Z,179081689548600
"""Spenny @ S8ENkJ8OQS"" checks",2026-10-01T01:08:14.518Z,179081689451800
"Turn: 10♣, 10♥, 7♣ [5♥]",2026-10-01T01:08:12.572Z,179081689257200
"""Jonah @ xrBY5OZYCv"" checks",2026-10-01T01:08:11.747Z,179081689174700
"""arash @ 21jHaBYWIi"" checks",2026-10-01T01:08:10.819Z,179081689081900
"""Stevo @ kI2bCqDOyl"" checks",2026-10-01T01:08:07.312Z,179081688731200
"""Spenny @ S8ENkJ8OQS"" checks",2026-10-01T01:08:06.069Z,179081688606900
"Flop:  [10♣, 10♥, 7♣]",2026-10-01T01:08:03.891Z,179081688389100
"""Stevo @ kI2bCqDOyl"" checks",2026-10-01T01:08:03.025Z,179081688302500
"""Spenny @ S8ENkJ8OQS"" calls 20",2026-10-01T01:08:02.036Z,179081688203600
"""georgeoge @ wgzHqTfHfQ"" folds",2026-10-01T01:08:01.105Z,179081688110500
"""Jonah @ xrBY5OZYCv"" calls 20",2026-10-01T01:08:00.225Z,179081688022500
"""arash @ 21jHaBYWIi"" calls 20",2026-10-01T01:07:59.270Z,179081687927000
"""Stevo @ kI2bCqDOyl"" posts a big blind of 20",2026-10-01T01:07:56.506Z,179081687650608
"""Spenny @ S8ENkJ8OQS"" posts a small blind of 10",2026-10-01T01:07:56.506Z,179081687650607
"Your hand is 7♠, K♥",2026-10-01T01:07:56.506Z,179081687650606
"Player stacks: #1 ""Jonah @ xrBY5OZYCv"" (1000) | #4 ""georgeoge @ wgzHqTfHfQ"" (1115) | #8 ""Spenny @ S8ENkJ8OQS"" (670) | #9 ""Stevo @ kI2bCqDOyl"" (1040) | #10 ""arash @ 21jHaBYWIi"" (1175)",2026-10-01T01:07:56.506Z,179081687650601
"-- starting hand #14 (id: e6fnypnnzogr)  No Limit Texas Hold'em (dealer: ""georgeoge @ wgzHqTfHfQ"") --",2026-10-01T01:07:56.506Z,179081687650600
"""Spenny @ S8ENkJ8OQS"" shows a 9♠, K♥.",2026-10-01T01:07:55.051Z,179081687505100
"""Stevo @ kI2bCqDOyl"" shows a 9♥.",2026-10-01T01:07:53.862Z,179081687386200
"""georgeoge @ wgzHqTfHfQ"" shows a 3♦, K♣.",2026-10-01T01:07:52.034Z,179081687203400
"-- ending hand #13 --",2026-10-01T01:07:51.468Z,179081687146802
"""arash @ 21jHaBYWIi"" collected 220 from pot",2026-10-01T01:07:51.468Z,179081687146801
"Uncalled bet of 140 returned to ""arash @ 21jHaBYWIi""",2026-10-01T01:07:51.468Z,179081687146800
"""georgeoge @ wgzHqTfHfQ"" folds",2026-10-01T01:07:50.644Z,179081687064400
"""arash @ 21jHaBYWIi"" raises to 200",2026-10-01T01:07:43.650Z,179081686365000
"""georgeoge @ wgzHqTfHfQ"" bets 60",2026-10-01T01:07:36.343Z,179081685634300
"River: 7♠, 3♠, 4♦, 3♣ [9♣]",2026-10-01T01:07:29.449Z,179081684944900
"""arash @ 21jHaBYWIi"" calls 20",2026-10-01T01:07:28.534Z,179081684853400
"""Spenny @ S8ENkJ8OQS"" folds",2026-10-01T01:07:27.607Z,179081684760700
"""georgeoge @ wgzHqTfHfQ"" bets 20",2026-10-01T01:07:17.792Z,179081683779200
"Turn: 7♠, 3♠, 4♦ [3♣]",2026-10-01T01:07:13.183Z,179081683318300
"""arash @ 21jHaBYWIi"" checks",2026-10-01T01:07:12.303Z,179081683230300
"""Spenny @ S8ENkJ8OQS"" checks",2026-10-01T01:07:08.077Z,179081682807700
"""georgeoge @ wgzHqTfHfQ"" checks",2026-10-01T01:07:05.664Z,179081682566400
"Flop:  [7♠, 3♠, 4♦]",2026-10-01T01:07:01.489Z,179081682148900
"""Spenny @ S8ENkJ8OQS"" checks",2026-10-01T01:07:00.635Z,179081682063500
"""georgeoge @ wgzHqTfHfQ"" calls 20",2026-10-01T01:06:59.746Z,179081681974600
"""Jonah @ xrBY5OZYCv"" folds",2026-10-01T01:06:58.864Z,179081681886400
"""arash @ 21jHaBYWIi"" calls 20",2026-10-01T01:06:57.999Z,179081681799900
"""Stevo @ kI2bCqDOyl"" folds",2026-10-01T01:06:53.276Z,179081681327600
"""Spenny @ S8ENkJ8OQS"" posts a big blind of 20",2026-10-01T01:06:52.116Z,179081681211608
"""georgeoge @ wgzHqTfHfQ"" posts a small blind of 10",2026-10-01T01:06:52.116Z,179081681211607
"Your hand is 5♣, 6♥",2026-10-01T01:06:52.116Z,179081681211606
"Player stacks: #1 ""Jonah @ xrBY5OZYCv"" (1000) | #4 ""georgeoge @ wgzHqTfHfQ"" (1215) | #8 ""Spenny @ S8ENkJ8OQS"" (690) | #9 ""Stevo @ kI2bCqDOyl"" (1040) | #10 ""arash @ 21jHaBYWIi"" (1055)",2026-10-01T01:06:52.116Z,179081681211601
"-- starting hand #13 (id: qcveq352fymy)  No Limit Texas Hold'em (dealer: ""Jonah @ xrBY5OZYCv"") --",2026-10-01T01:06:52.116Z,179081681211600
"-- ending hand #12 --",2026-10-01T01:06:46.109Z,179081680610904
"""arash @ 21jHaBYWIi"" collected 35 from pot with Three of a Kind, J's (combination: 10♣, K♥, J♣, J♦, J♠)",2026-10-01T01:06:46.109Z,179081680610903
"""georgeoge @ wgzHqTfHfQ"" collected 35 from pot with Three of a Kind, J's (combination: 10♣, K♣, J♣, J♦, J♠)",2026-10-01T01:06:46.109Z,179081680610902
"""arash @ 21jHaBYWIi"" shows a 8♥, K♥.",2026-10-01T01:06:46.109Z,179081680610901
"""georgeoge @ wgzHqTfHfQ"" shows a 3♠, K♣.",2026-10-01T01:06:46.109Z,179081680610900
"""arash @ 21jHaBYWIi"" checks",2026-10-01T01:06:45.237Z,179081680523700
"""Spenny @ S8ENkJ8OQS"" checks",2026-10-01T01:06:39.671Z,179081679967100
"""georgeoge @ wgzHqTfHfQ"" checks",2026-10-01T01:06:38.763Z,179081679876300
"River: J♣, 10♣, J♦, 9♣ [J♠]",2026-10-01T01:06:31.200Z,179081679120000
"""arash @ 21jHaBYWIi"" checks",2026-10-01T01:06:30.385Z,179081679038500
"""Spenny @ S8ENkJ8OQS"" checks",2026-10-01T01:06:23.961Z,179081678396100
"""georgeoge @ wgzHqTfHfQ"" checks",2026-10-01T01:06:22.195Z,179081678219500
"Turn: J♣, 10♣, J♦ [9♣]",2026-10-01T01:06:12.094Z,179081677209400
"""arash @ 21jHaBYWIi"" checks",2026-10-01T01:06:11.283Z,179081677128300
"""Spenny @ S8ENkJ8OQS"" checks",2026-10-01T01:06:06.275Z,179081676627500
"""georgeoge @ wgzHqTfHfQ"" checks",2026-10-01T01:06:05.371Z,179081676537100
"Flop:  [J♣, 10♣, J♦]",2026-10-01T01:05:57.454Z,179081675745400
"""georgeoge @ wgzHqTfHfQ"" checks",2026-10-01T01:05:56.620Z,179081675662000
"""Jonah @ xrBY5OZYCv"" folds",2026-10-01T01:05:55.754Z,179081675575400
"""arash @ 21jHaBYWIi"" calls 20",2026-10-01T01:05:54.876Z,179081675487600
"""Stevo @ kI2bCqDOyl"" folds",2026-10-01T01:05:53.976Z,179081675397600
"""Spenny @ S8ENkJ8OQS"" calls 20",2026-10-01T01:05:53.018Z,179081675301800
"""georgeoge @ wgzHqTfHfQ"" posts a big blind of 20",2026-10-01T01:05:48.589Z,179081674858908
"""Jonah @ xrBY5OZYCv"" posts a small blind of 10",2026-10-01T01:05:48.589Z,179081674858907
"Your hand is 8♥, K♥",2026-10-01T01:05:48.589Z,179081674858906
"Player stacks: #1 ""Jonah @ xrBY5OZYCv"" (1010) | #4 ""georgeoge @ wgzHqTfHfQ"" (1200) | #8 ""Spenny @ S8ENkJ8OQS"" (710) | #9 ""Stevo @ kI2bCqDOyl"" (1040) | #10 ""arash @ 21jHaBYWIi"" (1040)",2026-10-01T01:05:48.589Z,179081674858901
"-- starting hand #12 (id: phe0qzz61r06)  No Limit Texas Hold'em (dealer: ""arash @ 21jHaBYWIi"") --",2026-10-01T01:05:48.589Z,179081674858900
"-- ending hand #11 --",2026-10-01T01:05:42.620Z,179081674262002
"""arash @ 21jHaBYWIi"" collected 60 from pot",2026-10-01T01:05:42.620Z,179081674262001
"Uncalled bet of 50 returned to ""arash @ 21jHaBYWIi""",2026-10-01T01:05:42.620Z,179081674262000
"""Stevo @ kI2bCqDOyl"" folds",2026-10-01T01:05:41.792Z,179081674179200
"""Jonah @ xrBY5OZYCv"" folds",2026-10-01T01:05:40.849Z,179081674084900
"""arash @ 21jHaBYWIi"" bets 50",2026-10-01T01:05:37.720Z,179081673772000
"Flop:  [4♠, 9♣, 2♠]",2026-10-01T01:05:30.968Z,179081673096800
"""Jonah @ xrBY5OZYCv"" checks",2026-10-01T01:05:30.066Z,179081673006600
"""arash @ 21jHaBYWIi"" calls 20",2026-10-01T01:05:29.174Z,179081672917400
"""Stevo @ kI2bCqDOyl"" calls 20",2026-10-01T01:05:25.895Z,179081672589500
"""Spenny @ S8ENkJ8OQS"" folds",2026-10-01T01:05:24.962Z,179081672496200
"""georgeoge @ wgzHqTfHfQ"" folds",2026-10-01T01:05:21.398Z,179081672139800
"""Jonah @ xrBY5OZYCv"" posts a big blind of 20",2026-10-01T01:05:19.596Z,179081671959608
"""arash @ 21jHaBYWIi"" posts a small blind of 10",2026-10-01T01:05:19.596Z,179081671959607
"Your hand is Q♠, 9♦",2026-10-01T01:05:19.596Z,179081671959606
"Player stacks: #1 ""Jonah @ xrBY5OZYCv"" (1030) | #4 ""georgeoge @ wgzHqTfHfQ"" (1200) | #8 ""Spenny @ S8ENkJ8OQS"" (710) | #9 ""Stevo @ kI2bCqDOyl"" (1060) | #10 ""arash @ 21jHaBYWIi"" (1000)",2026-10-01T01:05:19.596Z,179081671959601
"-- starting hand #11 (id: pn7soeman0xo)  No Limit Texas Hold'em (dealer: ""Stevo @ kI2bCqDOyl"") --",2026-10-01T01:05:19.596Z,179081671959600
"-- ending hand #10 --",2026-10-01T01:05:13.560Z,179081671356003
"""Spenny @ S8ENkJ8OQS"" collected 180 from pot with Pair, 7's (combination: Q♠, K♣, A♦, 7♣, 7♦)",2026-10-01T01:05:13.560Z,179081671356002
"""Spenny @ S8ENkJ8OQS"" shows a A♦, Q♠.",2026-10-01T01:05:13.560Z,179081671356001
"""georgeoge @ wgzHqTfHfQ"" shows a 2♣, 9♣.",2026-10-01T01:05:13.560Z,179081671356000
"""Spenny @ S8ENkJ8OQS"" checks",2026-10-01T01:05:12.673Z,179081671267300
"""georgeoge @ wgzHqTfHfQ"" checks",2026-10-01T01:05:11.762Z,179081671176200
"River: 3♦, 7♣, K♣, 7♦ [6♦]",2026-10-01T01:05:06.985Z,179081670698500
"""arash @ 21jHaBYWIi"" folds",2026-10-01T01:05:06.126Z,179081670612600
"""Spenny @ S8ENkJ8OQS"" calls 20",2026-10-01T01:04:59.245Z,179081669924500
"""georgeoge @ wgzHqTfHfQ"" bets 20",2026-10-01T01:04:51.514Z,179081669151400
"""arash @ 21jHaBYWIi"" checks",2026-10-01T01:04:46.480Z,179081668648000
"Turn: 3♦, 7♣, K♣ [7♦]",2026-10-01T01:04:36.463Z,179081667646300
"""arash @ 21jHaBYWIi"" calls 20",2026-10-01T01:04:35.640Z,179081667564000
"""Stevo @ kI2bCqDOyl"" folds",2026-10-01T01:04:29.042Z,179081666904200
"""Spenny @ S8ENkJ8OQS"" calls 20",2026-10-01T01:04:26.875Z,179081666687500
"""georgeoge @ wgzHqTfHfQ"" bets 20",2026-10-01T01:04:19.079Z,179081665907900
"""arash @ 21jHaBYWIi"" checks",2026-10-01T01:04:13.610Z,179081665361000
"""Stevo @ kI2bCqDOyl"" checks",2026-10-01T01:04:08.766Z,179081664876600
"Flop:  [3♦, 7♣, K♣]",2026-10-01T01:04:06.916Z,179081664691600
"""arash @ 21jHaBYWIi"" checks",2026-10-01T01:04:06.108Z,179081664610800
"""Stevo @ kI2bCqDOyl"" calls 20",2026-10-01T01:04:00.714Z,179081664071400
"""Spenny @ S8ENkJ8OQS"" calls 20",2026-10-01T01:03:59.676Z,179081663967600
"""georgeoge @ wgzHqTfHfQ"" calls 20",2026-10-01T01:03:58.786Z,179081663878600
"""Jonah @ xrBY5OZYCv"" folds",2026-10-01T01:03:56.663Z,179081663666300
"""arash @ 21jHaBYWIi"" posts a big blind of 20",2026-10-01T01:03:55.593Z,179081663559308
"""Stevo @ kI2bCqDOyl"" posts a small blind of 10",2026-10-01T01:03:55.593Z,179081663559307
"Your hand is 4♣, J♠",2026-10-01T01:03:55.593Z,179081663559306
"Player stacks: #1 ""Jonah @ xrBY5OZYCv"" (1030) | #4 ""georgeoge @ wgzHqTfHfQ"" (1260) | #8 ""Spenny @ S8ENkJ8OQS"" (590) | #9 ""Stevo @ kI2bCqDOyl"" (1080) | #10 ""arash @ 21jHaBYWIi"" (1040)",2026-10-01T01:03:55.593Z,179081663559301
"-- starting hand #10 (id: o4en60euqhly)  No Limit Texas Hold'em (dealer: ""Spenny @ S8ENkJ8OQS"") --",2026-10-01T01:03:55.593Z,179081663559300
"""Jonah @ xrBY5OZYCv"" shows a 4♦.",2026-10-01T01:03:54.435Z,179081663443500
"""Jonah @ xrBY5OZYCv"" shows a 4♣.",2026-10-01T01:03:53.344Z,179081663334400
"-- ending hand #9 --",2026-10-01T01:03:49.073Z,179081662907302
"""Spenny @ S8ENkJ8OQS"" collected 180 from pot with Two Pair, K's & 7's (combination: A♥, 7♥, 7♦, K♣, K♠)",2026-10-01T01:03:49.073Z,179081662907301
"""Spenny @ S8ENkJ8OQS"" shows a K♣, A♥.",2026-10-01T01:03:49.073Z,179081662907300
"""Jonah @ xrBY5OZYCv"" calls 20",2026-10-01T01:03:48.222Z,179081662822200
"""Spenny @ S8ENkJ8OQS"" bets 20",2026-10-01T01:03:46.787Z,179081662678700
"River: 7♥, K♠, 5♥, 3♦ [7♦]",2026-10-01T01:03:42.756Z,179081662275600
"""Jonah @ xrBY5OZYCv"" calls 20",2026-10-01T01:03:41.898Z,179081662189800
"""Spenny @ S8ENkJ8OQS"" bets 20",2026-10-01T01:03:40.467Z,179081662046700
"Turn: 7♥, K♠, 5♥ [3♦]",2026-10-01T01:03:38.155Z,179081661815500
"""Jonah @ xrBY5OZYCv"" calls 20",2026-10-01T01:03:37.281Z,179081661728100
"""Stevo @ kI2bCqDOyl"" folds",2026-10-01T01:03:34.949Z,179081661494900
"""Spenny @ S8ENkJ8OQS"" bets 20",2026-10-01T01:03:33.664Z,179081661366400
"Flop:  [7♥, K♠, 5♥]",2026-10-01T01:03:29.347Z,179081660934700
"""Stevo @ kI2bCqDOyl"" checks",2026-10-01T01:03:28.495Z,179081660849500
"""Spenny @ S8ENkJ8OQS"" calls 20",2026-10-01T01:03:27.460Z,179081660746000
"""georgeoge @ wgzHqTfHfQ"" folds",2026-10-01T01:03:26.573Z,179081660657300
"""Jonah @ xrBY5OZYCv"" calls 20",2026-10-01T01:03:22.501Z,179081660250100
"""arash @ 21jHaBYWIi"" folds",2026-10-01T01:03:21.581Z,179081660158100
"""Stevo @ kI2bCqDOyl"" posts a big blind of 20",2026-10-01T01:03:19.945Z,179081659994508
"""Spenny @ S8ENkJ8OQS"" posts a small blind of 10",2026-10-01T01:03:19.945Z,179081659994507
"Your hand is Q♦, 3♠",2026-10-01T01:03:19.945Z,179081659994506
"Player stacks: #1 ""Jonah @ xrBY5OZYCv"" (1110) | #4 ""georgeoge @ wgzHqTfHfQ"" (1260) | #8 ""Spenny @ S8ENkJ8OQS"" (490) | #9 ""Stevo @ kI2bCqDOyl"" (1100) | #10 ""arash @ 21jHaBYWIi"" (1040)",2026-10-01T01:03:19.945Z,179081659994501
"-- starting hand #9 (id: a4wcpqa9yhv0)  No Limit Texas Hold'em (dealer: ""georgeoge @ wgzHqTfHfQ"") --",2026-10-01T01:03:19.945Z,179081659994500
"""Jonah @ xrBY5OZYCv"" shows a 10♦.",2026-10-01T01:03:14.520Z,179081659452000
"""Stevo @ kI2bCqDOyl"" shows a 2♦.",2026-10-01T01:03:13.945Z,179081659394500
"-- ending hand #8 --",2026-10-01T01:03:12.940Z,179081659294003
"""Spenny @ S8ENkJ8OQS"" collected 40 from pot with Two Pair, A's & 8's (combination: K♣, 8♠, 8♦, A♠, A♦)",2026-10-01T01:03:12.940Z,179081659294002
"""Spenny @ S8ENkJ8OQS"" shows a 8♠, K♣.",2026-10-01T01:03:12.940Z,179081659294001
"""georgeoge @ wgzHqTfHfQ"" shows a 6♣, K♠.",2026-10-01T01:03:12.940Z,179081659294000
"""Spenny @ S8ENkJ8OQS"" checks",2026-10-01T01:03:12.055Z,179081659205500
"""georgeoge @ wgzHqTfHfQ"" checks",2026-10-01T01:03:08.612Z,179081658861200
"River: 8♦, 6♦, A♠, 9♦ [A♦]",2026-10-01T01:03:06.116Z,179081658611600
"""Spenny @ S8ENkJ8OQS"" checks",2026-10-01T01:03:05.276Z,179081658527600
"""georgeoge @ wgzHqTfHfQ"" checks",2026-10-01T01:03:03.325Z,179081658332500
"Turn: 8♦, 6♦, A♠ [9♦]",2026-10-01T01:02:58.798Z,179081657879800
"""Spenny @ S8ENkJ8OQS"" checks",2026-10-01T01:02:57.955Z,179081657795500
"""georgeoge @ wgzHqTfHfQ"" checks",2026-10-01T01:02:54.710Z,179081657471000
"Flop:  [8♦, 6♦, A♠]",2026-10-01T01:02:50.685Z,179081657068500
"""Spenny @ S8ENkJ8OQS"" checks",2026-10-01T01:02:49.867Z,179081656986700
"""georgeoge @ wgzHqTfHfQ"" calls 20",2026-10-01T01:02:48.905Z,179081656890500
"""Jonah @ xrBY5OZYCv"" folds",2026-10-01T01:02:48.023Z,179081656802300
"""arash @ 21jHaBYWIi"" folds",2026-10-01T01:02:47.108Z,179081656710800
"""Stevo @ kI2bCqDOyl"" folds",2026-10-01T01:02:43.020Z,179081656302000
"""Spenny @ S8ENkJ8OQS"" posts a big blind of 20",2026-10-01T01:02:41.575Z,179081656157508
"""georgeoge @ wgzHqTfHfQ"" posts a small blind of 10",2026-10-01T01:02:41.575Z,179081656157507
"Your hand is 4♥, 8♣",2026-10-01T01:02:41.575Z,179081656157506
"Player stacks: #1 ""Jonah @ xrBY5OZYCv"" (1110) | #4 ""georgeoge @ wgzHqTfHfQ"" (1280) | #8 ""Spenny @ S8ENkJ8OQS"" (470) | #9 ""Stevo @ kI2bCqDOyl"" (1100) | #10 ""arash @ 21jHaBYWIi"" (1040)",2026-10-01T01:02:41.575Z,179081656157501
"-- starting hand #8 (id: ptyqbung3otx)  No Limit Texas Hold'em (dealer: ""Jonah @ xrBY5OZYCv"") --",2026-10-01T01:02:41.575Z,179081656157500
"""Spenny @ S8ENkJ8OQS"" shows a 8♦.",2026-10-01T01:02:39.394Z,179081655939400
"-- ending hand #7 --",2026-10-01T01:02:37.877Z,179081655787702
"""arash @ 21jHaBYWIi"" collected 190 from pot",2026-10-01T01:02:37.877Z,179081655787701
"Uncalled bet of 60 returned to ""arash @ 21jHaBYWIi""",2026-10-01T01:02:37.877Z,179081655787700
"""Spenny @ S8ENkJ8OQS"" folds",2026-10-01T01:02:37.038Z,179081655703800
"""arash @ 21jHaBYWIi"" bets 60",2026-10-01T01:02:32.505Z,179081655250500
"""Spenny @ S8ENkJ8OQS"" checks",2026-10-01T01:02:25.528Z,179081654552800
"River: J♥, 8♠, 10♣, Q♥ [3♣]",2026-10-01T01:02:24.191Z,179081654419100
"""Stevo @ kI2bCqDOyl"" folds",2026-10-01T01:02:23.317Z,179081654331700
"""Spenny @ S8ENkJ8OQS"" calls 50",2026-10-01T01:02:22.302Z,179081654230200
"""georgeoge @ wgzHqTfHfQ"" folds",2026-10-01T01:02:13.325Z,179081653332500
"""arash @ 21jHaBYWIi"" bets 50",2026-10-01T01:02:06.735Z,179081652673500
"""Stevo @ kI2bCqDOyl"" checks",2026-10-01T01:02:03.308Z,179081652330800
"""Spenny @ S8ENkJ8OQS"" checks",2026-10-01T01:02:02.315Z,179081652231500
"""georgeoge @ wgzHqTfHfQ"" checks",2026-10-01T01:01:58.295Z,179081651829500
"Turn: J♥, 8♠, 10♣ [Q♥]",2026-10-01T01:01:55.794Z,179081651579400
"""arash @ 21jHaBYWIi"" checks",2026-10-01T01:01:54.967Z,179081651496700
"""Stevo @ kI2bCqDOyl"" checks",2026-10-01T01:01:51.310Z,179081651131000
"""Spenny @ S8ENkJ8OQS"" checks",2026-10-01T01:01:50.366Z,179081651036600
"""georgeoge @ wgzHqTfHfQ"" checks",2026-10-01T01:01:49.477Z,179081650947700
"Flop:  [J♥, 8♠, 10♣]",2026-10-01T01:01:44.460Z,179081650446000
"""georgeoge @ wgzHqTfHfQ"" checks",2026-10-01T01:01:43.629Z,179081650362900
"""Jonah @ xrBY5OZYCv"" folds",2026-10-01T01:01:42.720Z,179081650272000
"""arash @ 21jHaBYWIi"" calls 20",2026-10-01T01:01:41.867Z,179081650186700
"""Stevo @ kI2bCqDOyl"" calls 20",2026-10-01T01:01:40.903Z,179081650090300
"""Spenny @ S8ENkJ8OQS"" calls 20",2026-10-01T01:01:39.871Z,179081649987100
"""georgeoge @ wgzHqTfHfQ"" posts a big blind of 20",2026-10-01T01:01:34.382Z,179081649438208
"""Jonah @ xrBY5OZYCv"" posts a small blind of 10",2026-10-01T01:01:34.382Z,179081649438207
"Your hand is K♥, Q♠",2026-10-01T01:01:34.382Z,179081649438206
"Player stacks: #1 ""Jonah @ xrBY5OZYCv"" (1120) | #4 ""georgeoge @ wgzHqTfHfQ"" (1300) | #8 ""Spenny @ S8ENkJ8OQS"" (540) | #9 ""Stevo @ kI2bCqDOyl"" (1120) | #10 ""arash @ 21jHaBYWIi"" (920)",2026-10-01T01:01:34.382Z,179081649438201
"-- starting hand #7 (id: f0gbjoutn9p0)  No Limit Texas Hold'em (dealer: ""arash @ 21jHaBYWIi"") --",2026-10-01T01:01:34.382Z,179081649438200
"-- ending hand #6 --",2026-10-01T01:01:31.437Z,179081649143702
"""arash @ 21jHaBYWIi"" collected 240 from pot",2026-10-01T01:01:31.437Z,179081649143701
"Uncalled bet of 120 returned to ""arash @ 21jHaBYWIi""",2026-10-01T01:01:31.437Z,179081649143700
"""Jonah @ xrBY5OZYCv"" folds",2026-10-01T01:01:30.621Z,179081649062100
"""arash @ 21jHaBYWIi"" bets 120",2026-10-01T01:01:29.725Z,179081648972500
"River: 4♣, 2♥, A♥, 4♦ [2♦]",2026-10-01T01:01:24.035Z,179081648403500
"""Jonah @ xrBY5OZYCv"" calls 20",2026-10-01T01:01:23.217Z,179081648321700
"""arash @ 21jHaBYWIi"" bets 20",2026-10-01T01:01:22.236Z,179081648223600
"Turn: 4♣, 2♥, A♥ [4♦]",2026-10-01T01:01:18.971Z,179081647897100
"""arash @ 21jHaBYWIi"" calls 60",2026-10-01T01:01:18.075Z,179081647807500
"""Stevo @ kI2bCqDOyl"" folds",2026-10-01T01:01:15.543Z,179081647554300
"""Spenny @ S8ENkJ8OQS"" folds",2026-10-01T01:01:14.626Z,179081647462600
"""Jonah @ xrBY5OZYCv"" bets 60",2026-10-01T01:01:06.599Z,179081646659900
"""arash @ 21jHaBYWIi"" checks",2026-10-01T01:01:04.333Z,179081646433300
"Flop:  [4♣, 2♥, A♥]",2026-10-01T01:01:02.076Z,179081646207600
"""Jonah @ xrBY5OZYCv"" checks",2026-10-01T01:01:01.185Z,179081646118500
"""arash @ 21jHaBYWIi"" calls 20",2026-10-01T01:01:00.235Z,179081646023500
"""Stevo @ kI2bCqDOyl"" calls 20",2026-10-01T01:00:58.519Z,179081645851900
"""Spenny @ S8ENkJ8OQS"" calls 20",2026-10-01T01:00:57.560Z,179081645756000
"""georgeoge @ wgzHqTfHfQ"" folds",2026-10-01T01:00:54.545Z,179081645454500
"""Jonah @ xrBY5OZYCv"" posts a big blind of 20",2026-10-01T01:00:50.703Z,179081645070308
"""arash @ 21jHaBYWIi"" posts a small blind of 10",2026-10-01T01:00:50.703Z,179081645070307
"Your hand is J♥, J♠",2026-10-01T01:00:50.703Z,179081645070306
"Player stacks: #1 ""Jonah @ xrBY5OZYCv"" (1220) | #4 ""georgeoge @ wgzHqTfHfQ"" (1300) | #8 ""Spenny @ S8ENkJ8OQS"" (560) | #9 ""Stevo @ kI2bCqDOyl"" (1140) | #10 ""arash @ 21jHaBYWIi"" (780)",2026-10-01T01:00:50.703Z,179081645070301
"-- starting hand #6 (id: fhfsg4hjehnb)  No Limit Texas Hold'em (dealer: ""Stevo @ kI2bCqDOyl"") --",2026-10-01T01:00:50.703Z,179081645070300
"-- ending hand #5 --",2026-10-01T01:00:47.789Z,179081644778902
"""Stevo @ kI2bCqDOyl"" collected 100 from pot",2026-10-01T01:00:47.789Z,179081644778901
"Uncalled bet of 60 returned to ""Stevo @ kI2bCqDOyl""",2026-10-01T01:00:47.789Z,179081644778900
"""arash @ 21jHaBYWIi"" folds",2026-10-01T01:00:46.978Z,179081644697800
"""Stevo @ kI2bCqDOyl"" bets 60",2026-10-01T01:00:43.564Z,179081644356400
"River: 4♦, 3♥, 4♠, 8♥ [7♦]",2026-10-01T01:00:39.981Z,179081643998100
"""georgeoge @ wgzHqTfHfQ"" folds",2026-10-01T01:00:39.127Z,179081643912700
"""arash @ 21jHaBYWIi"" calls 20",2026-10-01T01:00:34.949Z,179081643494900
"""Stevo @ kI2bCqDOyl"" bets 20",2026-10-01T01:00:30.416Z,179081643041600
"Turn: 4♦, 3♥, 4♠ [8♥]",2026-10-01T01:00:28.858Z,179081642885800
"""georgeoge @ wgzHqTfHfQ"" checks",2026-10-01T01:00:28.002Z,179081642800200
"""arash @ 21jHaBYWIi"" checks",2026-10-01T01:00:27.093Z,179081642709300
"""Stevo @ kI2bCqDOyl"" checks",2026-10-01T01:00:21.447Z,179081642144700
"Flop:  [4♦, 3♥, 4♠]",2026-10-01T01:00:19.974Z,179081641997400
"""arash @ 21jHaBYWIi"" checks",2026-10-01T01:00:19.062Z,179081641906200
"""Stevo @ kI2bCqDOyl"" calls 20",2026-10-01T01:00:18.090Z,179081641809000
"""Spenny @ S8ENkJ8OQS"" folds",2026-10-01T01:00:17.059Z,179081641705900
"""georgeoge @ wgzHqTfHfQ"" calls 20",2026-10-01T01:00:13.801Z,179081641380100
"""Jonah @ xrBY5OZYCv"" folds",2026-10-01T01:00:12.901Z,179081641290100
"""arash @ 21jHaBYWIi"" posts a big blind of 20",2026-10-01T01:00:11.368Z,179081641136808
"""Stevo @ kI2bCqDOyl"" posts a small blind of 10",2026-10-01T01:00:11.368Z,179081641136807
"Your hand is 5♣, A♥",2026-10-01T01:00:11.368Z,179081641136806
"Player stacks: #1 ""Jonah @ xrBY5OZYCv"" (1220) | #4 ""georgeoge @ wgzHqTfHfQ"" (1320) | #8 ""Spenny @ S8ENkJ8OQS"" (560) | #9 ""Stevo @ kI2bCqDOyl"" (1080) | #10 ""arash @ 21jHaBYWIi"" (820)",2026-10-01T01:00:11.368Z,179081641136801
"-- starting hand #5 (id: vtprrowdvtiq)  No Limit Texas Hold'em (dealer: ""Spenny @ S8ENkJ8OQS"") --",2026-10-01T01:00:11.368Z,179081641136800
"""Spenny @ S8ENkJ8OQS"" shows a 4♣, 5♣.",2026-10-01T01:00:05.767Z,179081640576700
"""georgeoge @ wgzHqTfHfQ"" shows a K♣, 8♣.",2026-10-01T01:00:05.724Z,179081640572400
"-- ending hand #4 --",2026-10-01T01:00:04.353Z,179081640435302
"""Stevo @ kI2bCqDOyl"" collected 220 from pot with Two Pair, Q's & 5's (combination: 7♦, 5♦, 5♥, Q♠, Q♣)",2026-10-01T01:00:04.353Z,179081640435301
"""Stevo @ kI2bCqDOyl"" shows a Q♠, 5♦.",2026-10-01T01:00:04.353Z,179081640435300
"""Spenny @ S8ENkJ8OQS"" calls 40",2026-10-01T01:00:03.450Z,179081640345000
"""Stevo @ kI2bCqDOyl"" raises to 40",2026-10-01T01:00:01.142Z,179081640114200
"""Spenny @ S8ENkJ8OQS"" bets 20",2026-10-01T00:59:59.285Z,179081639928500
"River: 6♦, 7♦, 5♥, Q♣ [4♦]",2026-10-01T00:59:52.982Z,179081639298200
"""Spenny @ S8ENkJ8OQS"" calls 20",2026-10-01T00:59:52.163Z,179081639216300
"""georgeoge @ wgzHqTfHfQ"" folds",2026-10-01T00:59:49.894Z,179081638989400
"""Jonah @ xrBY5OZYCv"" folds",2026-10-01T00:59:43.216Z,179081638321600
"""arash @ 21jHaBYWIi"" folds",2026-10-01T00:59:42.292Z,179081638229200
"""Stevo @ kI2bCqDOyl"" bets 20",2026-10-01T00:59:40.844Z,179081638084400
"""Spenny @ S8ENkJ8OQS"" checks",2026-10-01T00:59:39.613Z,179081637961300
"Turn: 6♦, 7♦, 5♥ [Q♣]",2026-10-01T00:59:37.962Z,179081637796200
"""georgeoge @ wgzHqTfHfQ"" checks",2026-10-01T00:59:37.003Z,179081637700300
"""Jonah @ xrBY5OZYCv"" checks",2026-10-01T00:59:36.035Z,179081637603500
"""arash @ 21jHaBYWIi"" checks",2026-10-01T00:59:35.166Z,179081637516600
"""Stevo @ kI2bCqDOyl"" checks",2026-10-01T00:59:29.483Z,179081636948300
"""Spenny @ S8ENkJ8OQS"" checks",2026-10-01T00:59:28.424Z,179081636842400
"Flop:  [6♦, 7♦, 5♥]",2026-10-01T00:59:22.333Z,179081636233300
"""Stevo @ kI2bCqDOyl"" checks",2026-10-01T00:59:21.459Z,179081636145900
"""Spenny @ S8ENkJ8OQS"" calls 20",2026-10-01T00:59:20.415Z,179081636041500
"""georgeoge @ wgzHqTfHfQ"" calls 20",2026-10-01T00:59:19.440Z,179081635944000
"""Jonah @ xrBY5OZYCv"" calls 20",2026-10-01T00:59:17.782Z,179081635778200
"""arash @ 21jHaBYWIi"" calls 20",2026-10-01T00:59:16.869Z,179081635686900
"""Stevo @ kI2bCqDOyl"" posts a big blind of 20",2026-10-01T00:59:15.134Z,179081635513408
"""Spenny @ S8ENkJ8OQS"" posts a small blind of 10",2026-10-01T00:59:15.134Z,179081635513407
"Your hand is 2♣, A♦",2026-10-01T00:59:15.134Z,179081635513406
"Player stacks: #1 ""Jonah @ xrBY5OZYCv"" (1240) | #4 ""georgeoge @ wgzHqTfHfQ"" (1340) | #8 ""Spenny @ S8ENkJ8OQS"" (640) | #9 ""Stevo @ kI2bCqDOyl"" (940) | #10 ""arash @ 21jHaBYWIi"" (840)",2026-10-01T00:59:15.134Z,179081635513401
"-- starting hand #4 (id: yt6q0dfzbhd0)  No Limit Texas Hold'em (dealer: ""georgeoge @ wgzHqTfHfQ"") --",2026-10-01T00:59:15.134Z,179081635513400
"""Spenny @ S8ENkJ8OQS"" shows a 10♣, J♦.",2026-10-01T00:59:10.643Z,179081635064300
"-- ending hand #3 --",2026-10-01T00:59:08.530Z,179081634853002
"""georgeoge @ wgzHqTfHfQ"" collected 340 from pot with Full House, 10's over 8's (combination: 8♥, 8♠, 10♠, 10♦, 10♥)",2026-10-01T00:59:08.530Z,179081634853001
"""georgeoge @ wgzHqTfHfQ"" shows a 8♥, 10♠.",2026-10-01T00:59:08.530Z,179081634853000
"""Spenny @ S8ENkJ8OQS"" calls 80",2026-10-01T00:59:07.655Z,179081634765500
"""georgeoge @ wgzHqTfHfQ"" bets 80",2026-10-01T00:59:06.013Z,179081634601300
"River: 6♠, 10♦, 2♦, 10♥ [8♠]",2026-10-01T00:58:59.266Z,179081633926600
"""Spenny @ S8ENkJ8OQS"" calls 40",2026-10-01T00:58:58.458Z,179081633845800
"""georgeoge @ wgzHqTfHfQ"" bets 40",2026-10-01T00:58:57.513Z,179081633751300
"Turn: 6♠, 10♦, 2♦ [10♥]",2026-10-01T00:58:53.673Z,179081633367300
"""Stevo @ kI2bCqDOyl"" folds",2026-10-01T00:58:52.819Z,179081633281900
"""Spenny @ S8ENkJ8OQS"" calls 20",2026-10-01T00:58:51.869Z,179081633186900
"""georgeoge @ wgzHqTfHfQ"" bets 20",2026-10-01T00:58:49.998Z,179081632999800
"Flop:  [6♠, 10♦, 2♦]",2026-10-01T00:58:43.158Z,179081632315800
"""Spenny @ S8ENkJ8OQS"" checks",2026-10-01T00:58:42.339Z,179081632233900
"""georgeoge @ wgzHqTfHfQ"" calls 20",2026-10-01T00:58:41.377Z,179081632137700
"""Jonah @ xrBY5OZYCv"" folds",2026-10-01T00:58:36.502Z,179081631650200
"""arash @ 21jHaBYWIi"" folds",2026-10-01T00:58:35.624Z,179081631562400
"""Stevo @ kI2bCqDOyl"" calls 20",2026-10-01T00:58:32.257Z,179081631225700
"""Spenny @ S8ENkJ8OQS"" posts a big blind of 20",2026-10-01T00:58:31.451Z,179081631145108
"""georgeoge @ wgzHqTfHfQ"" posts a small blind of 10",2026-10-01T00:58:31.451Z,179081631145107
"Your hand is 9♣, 4♦",2026-10-01T00:58:31.451Z,179081631145106
"Player stacks: #1 ""Jonah @ xrBY5OZYCv"" (1240) | #4 ""georgeoge @ wgzHqTfHfQ"" (1160) | #8 ""Spenny @ S8ENkJ8OQS"" (800) | #9 ""Stevo @ kI2bCqDOyl"" (960) | #10 ""arash @ 21jHaBYWIi"" (840)",2026-10-01T00:58:31.451Z,179081631145101
"-- starting hand #3 (id: nurlcng58q72)  No Limit Texas Hold'em (dealer: ""Jonah @ xrBY5OZYCv"") --",2026-10-01T00:58:31.451Z,179081631145100
"-- ending hand #2 --",2026-10-01T00:58:25.350Z,179081630535002
"""georgeoge @ wgzHqTfHfQ"" collected 260 from pot with Pair, Q's (combination: 7♣, 9♥, A♣, Q♦, Q♠)",2026-10-01T00:58:25.350Z,179081630535001
"""georgeoge @ wgzHqTfHfQ"" shows a 7♣, Q♦.",2026-10-01T00:58:25.350Z,179081630535000
"""arash @ 21jHaBYWIi"" calls 20",2026-10-01T00:58:24.509Z,179081630450900
"""Spenny @ S8ENkJ8OQS"" folds",2026-10-01T00:58:19.576Z,179081629957600
"""georgeoge @ wgzHqTfHfQ"" bets 20",2026-10-01T00:58:17.044Z,179081629704400
"River: Q♠, 6♣, 9♥, 2♠ [A♣]",2026-10-01T00:58:14.320Z,179081629432000
"""arash @ 21jHaBYWIi"" calls 20",2026-10-01T00:58:13.499Z,179081629349900
"""Spenny @ S8ENkJ8OQS"" calls 20",2026-10-01T00:58:05.385Z,179081628538500
"""georgeoge @ wgzHqTfHfQ"" bets 20",2026-10-01T00:57:56.910Z,179081627691000
"Turn: Q♠, 6♣, 9♥ [2♠]",2026-10-01T00:57:53.875Z,179081627387500
"""Jonah @ xrBY5OZYCv"" folds",2026-10-01T00:57:53.048Z,179081627304800
"""arash @ 21jHaBYWIi"" calls 20",2026-10-01T00:57:50.856Z,179081627085600
"""Stevo @ kI2bCqDOyl"" folds",2026-10-01T00:57:49.895Z,179081626989500
"""Spenny @ S8ENkJ8OQS"" calls 20",2026-10-01T00:57:48.896Z,179081626889600
"""georgeoge @ wgzHqTfHfQ"" bets 20",2026-10-01T00:57:41.194Z,179081626119400
"""Jonah @ xrBY5OZYCv"" checks",2026-10-01T00:57:36.860Z,179081625686000
"Flop:  [Q♠, 6♣, 9♥]",2026-10-01T00:57:35.046Z,179081625504600
"""georgeoge @ wgzHqTfHfQ"" checks",2026-10-01T00:57:34.215Z,179081625421500
"""Jonah @ xrBY5OZYCv"" calls 20",2026-10-01T00:57:33.339Z,179081625333900
"""arash @ 21jHaBYWIi"" calls 20",2026-10-01T00:57:32.485Z,179081625248500
"""Stevo @ kI2bCqDOyl"" calls 20",2026-10-01T00:57:31.577Z,179081625157700
"""Spenny @ S8ENkJ8OQS"" calls 20",2026-10-01T00:57:30.607Z,179081625060700
"""georgeoge @ wgzHqTfHfQ"" posts a big blind of 20",2026-10-01T00:57:27.386Z,179081624738608
"""Jonah @ xrBY5OZYCv"" posts a small blind of 10",2026-10-01T00:57:27.386Z,179081624738607
"Your hand is 6♥, J♣",2026-10-01T00:57:27.386Z,179081624738606
"Player stacks: #1 ""Jonah @ xrBY5OZYCv"" (1260) | #4 ""georgeoge @ wgzHqTfHfQ"" (980) | #8 ""Spenny @ S8ENkJ8OQS"" (860) | #9 ""Stevo @ kI2bCqDOyl"" (980) | #10 ""arash @ 21jHaBYWIi"" (920)",2026-10-01T00:57:27.386Z,179081624738601
"-- starting hand #2 (id: ttkdlg6hlnci)  No Limit Texas Hold'em (dealer: ""arash @ 21jHaBYWIi"") --",2026-10-01T00:57:27.386Z,179081624738600
"""Spenny @ S8ENkJ8OQS"" shows a A♠.",2026-10-01T00:57:22.193Z,179081624219300
"-- ending hand #1 --",2026-10-01T00:57:20.780Z,179081624078002
"""Jonah @ xrBY5OZYCv"" collected 400 from pot with Flush, A High (combination: 3♣, 9♣, 10♣, Q♣, A♣)",2026-10-01T00:57:20.780Z,179081624078001
"""Jonah @ xrBY5OZYCv"" shows a 10♣, 9♣.",2026-10-01T00:57:20.780Z,179081624078000
"""arash @ 21jHaBYWIi"" folds",2026-10-01T00:57:19.864Z,179081623986400
"""Spenny @ S8ENkJ8OQS"" calls 60",2026-10-01T00:57:18.863Z,179081623886300
"""Jonah @ xrBY5OZYCv"" bets 60",2026-10-01T00:57:16.306Z,179081623630600
"""arash @ 21jHaBYWIi"" checks",2026-10-01T00:57:13.741Z,179081623374100
"River: 3♣, 5♥, A♣, 10♠ [Q♣]",2026-10-01T00:57:10.978Z,179081623097800
"""arash @ 21jHaBYWIi"" calls 40",2026-10-01T00:57:10.126Z,179081623012600
"""Spenny @ S8ENkJ8OQS"" calls 40",2026-10-01T00:57:07.132Z,179081622713200
"""Jonah @ xrBY5OZYCv"" bets 40",2026-10-01T00:57:01.317Z,179081622131700
"""arash @ 21jHaBYWIi"" checks",2026-10-01T00:56:59.267Z,179081621926700
"Turn: 3♣, 5♥, A♣ [10♠]",2026-10-01T00:56:58.009Z,179081621800900
"""arash @ 21jHaBYWIi"" calls 20",2026-10-01T00:56:57.167Z,179081621716700
"""Stevo @ kI2bCqDOyl"" folds",2026-10-01T00:56:53.808Z,179081621380800
"""Spenny @ S8ENkJ8OQS"" calls 20",2026-10-01T00:56:52.863Z,179081621286300
"""georgeoge @ wgzHqTfHfQ"" folds",2026-10-01T00:56:49.692Z,179081620969200
"""Jonah @ xrBY5OZYCv"" bets 20",2026-10-01T00:56:41.903Z,179081620190300
"""arash @ 21jHaBYWIi"" checks",2026-10-01T00:56:40.141Z,179081620014100
"Flop:  [3♣, 5♥, A♣]",2026-10-01T00:56:38.269Z,179081619826900
"""Jonah @ xrBY5OZYCv"" checks",2026-10-01T00:56:37.427Z,179081619742700
"""arash @ 21jHaBYWIi"" calls 20",2026-10-01T00:56:36.555Z,179081619655500
"""Stevo @ kI2bCqDOyl"" calls 20",2026-10-01T00:56:35.293Z,179081619529300
"""Spenny @ S8ENkJ8OQS"" calls 20",2026-10-01T00:56:33.548Z,179081619354800
"""georgeoge @ wgzHqTfHfQ"" calls 20",2026-10-01T00:56:32.600Z,179081619260000
"""Jonah @ xrBY5OZYCv"" posts a big blind of 20",2026-10-01T00:56:27.475Z,179081618747513
"""arash @ 21jHaBYWIi"" posts a small blind of 10",2026-10-01T00:56:27.475Z,179081618747512
"Your hand is 8♥, 4♥",2026-10-01T00:56:27.475Z,179081618747511
"Player stacks: #1 ""Jonah @ xrBY5OZYCv"" (1000) | #4 ""georgeoge @ wgzHqTfHfQ"" (1000) | #8 ""Spenny @ S8ENkJ8OQS"" (1000) | #9 ""Stevo @ kI2bCqDOyl"" (1000) | #10 ""arash @ 21jHaBYWIi"" (1000)",2026-10-01T00:56:27.475Z,179081618747506
"The player ""arash @ 21jHaBYWIi"" joined the game with a stack of 1000.",2026-10-01T00:56:27.475Z,179081618747505
"The player ""Stevo @ kI2bCqDOyl"" joined the game with a stack of 1000.",2026-10-01T00:56:27.475Z,179081618747504
"The player ""Spenny @ S8ENkJ8OQS"" joined the game with a stack of 1000.",2026-10-01T00:56:27.475Z,179081618747503
"The player ""georgeoge @ wgzHqTfHfQ"" joined the game with a stack of 1000.",2026-10-01T00:56:27.475Z,179081618747502
"The player ""Jonah @ xrBY5OZYCv"" joined the game with a stack of 1000.",2026-10-01T00:56:27.475Z,179081618747501
"-- starting hand #1 (id: ly5lwqdi5hzy)  No Limit Texas Hold'em (dealer: ""Stevo @ kI2bCqDOyl"") --",2026-10-01T00:56:27.475Z,179081618747500
"The admin approved the player ""Spenny @ S8ENkJ8OQS"" participation with a stack of 1000.",2026-10-01T00:55:12.251Z,179081611225100
"The player ""Spenny @ S8ENkJ8OQS"" requested a seat.",2026-10-01T00:55:10.978Z,179081611097800
"The admin approved the player ""arash @ 21jHaBYWIi"" participation with a stack of 1000.",2026-10-01T00:54:34.043Z,179081607404300
"The player ""arash @ 21jHaBYWIi"" requested a seat.",2026-10-01T00:54:31.568Z,179081607156800
"The admin approved the player ""Jonah @ xrBY5OZYCv"" participation with a stack of 1000.",2026-10-01T00:49:25.800Z,179081576580000
"The player ""Jonah @ xrBY5OZYCv"" requested a seat.",2026-10-01T00:49:16.427Z,179081575642700
"The admin approved the player ""georgeoge @ wgzHqTfHfQ"" participation with a stack of 1000.",2026-10-01T00:40:56.962Z,179081525696200
"The player ""georgeoge @ wgzHqTfHfQ"" requested a seat.",2026-10-01T00:35:35.906Z,179081493590600
"Game Config Changes
* Allow Straddle: off » on
* Nit Minimum Players: off » 3
* Allow Rebuy: off » off
* Decision Limit Time: 20s » 9s
* Deal Cards to Away Players: off » on
* Rabbit Hunt: off » on
* Max Time Bank: 10s » 1s
* Hands to Full Refill Time Bank: 10 » 2",2026-10-01T00:31:21.053Z,179081468105300
"The admin approved the player ""Stevo @ kI2bCqDOyl"" participation with a stack of 1000.",2026-10-01T00:24:40.489Z,179081428048901
"The player ""Stevo @ kI2bCqDOyl"" requested a seat.",2026-10-01T00:24:40.489Z,179081428048900
