entry,at,order
"""peelic @ vOeqrOXpLT"" posts a big blind of 20",2026-09-17T01:31:06.106Z,178960866610608
"""Jonah @ xrBY5OZYCv"" posts a small blind of 10",2026-09-17T01:31:06.106Z,178960866610607
"Your hand is 7♠, 10♣",2026-09-17T01:31:06.106Z,178960866610606
"Player stacks: #1 ""Jonah @ xrBY5OZYCv"" (980) | #6 ""peelic @ vOeqrOXpLT"" (1160) | #7 ""Stevo @ kI2bCqDOyl"" (2860)",2026-09-17T01:31:06.106Z,178960866610603
"-- starting hand #64 (id: kftucs6oirkk)  No Limit Texas Hold'em (dead button) --",2026-09-17T01:31:06.106Z,178960866610602
"The player ""goeroge @ _sqcLETZ0C"" quits the game with a stack of 0.",2026-09-17T01:31:06.106Z,178960866610601
"The player ""arash @ 21jHaBYWIi"" quits the game with a stack of 0.",2026-09-17T01:31:06.106Z,178960866610600
"-- ending hand #63 --",2026-09-17T01:31:00.062Z,178960866006202
"""Stevo @ kI2bCqDOyl"" collected 1840 from pot with Two Pair, Q's & 4's (combination: 10♦, 4♦, 4♣, Q♣, Q♦)",2026-09-17T01:31:00.062Z,178960866006201
"""Stevo @ kI2bCqDOyl"" collected 470 from pot with Two Pair, Q's & 4's (combination: 10♦, 4♦, 4♣, Q♣, Q♦)",2026-09-17T01:31:00.062Z,178960866006200
"River: Q♦, 4♣, 5♠, 10♦ [2♣]",2026-09-17T01:30:55.975Z,178960865597500
"Turn: Q♦, 4♣, 5♠ [10♦]",2026-09-17T01:30:51.879Z,178960865187900
"""goeroge @ _sqcLETZ0C"" shows a A♣, A♦.",2026-09-17T01:30:47.875Z,178960864787502
"""Stevo @ kI2bCqDOyl"" shows a 4♦, Q♣.",2026-09-17T01:30:47.875Z,178960864787501
"""arash @ 21jHaBYWIi"" shows a 7♦, 9♦.",2026-09-17T01:30:47.875Z,178960864787500
"""goeroge @ _sqcLETZ0C"" calls 920 and go all in",2026-09-17T01:30:47.057Z,178960864705700
"""Stevo @ kI2bCqDOyl"" bets 920",2026-09-17T01:30:41.279Z,178960864127900
"""goeroge @ _sqcLETZ0C"" checks",2026-09-17T01:30:37.637Z,178960863763700
"Flop:  [Q♦, 4♣, 5♠]",2026-09-17T01:30:36.408Z,178960863640800
"""Jonah @ xrBY5OZYCv"" folds",2026-09-17T01:30:35.566Z,178960863556600
"""goeroge @ _sqcLETZ0C"" calls 150",2026-09-17T01:30:32.788Z,178960863278800
"""Stevo @ kI2bCqDOyl"" calls 150",2026-09-17T01:30:31.907Z,178960863190700
"""peelic @ vOeqrOXpLT"" folds",2026-09-17T01:30:28.411Z,178960862841100
"""arash @ 21jHaBYWIi"" raises to 150 and go all in",2026-09-17T01:30:26.542Z,178960862654200
"""Jonah @ xrBY5OZYCv"" posts a big blind of 20",2026-09-17T01:30:24.395Z,178960862439508
"""goeroge @ _sqcLETZ0C"" posts a small blind of 10",2026-09-17T01:30:24.395Z,178960862439507
"Your hand is 4♦, Q♣",2026-09-17T01:30:24.395Z,178960862439505
"Player stacks: #1 ""Jonah @ xrBY5OZYCv"" (1000) | #5 ""arash @ 21jHaBYWIi"" (150) | #6 ""peelic @ vOeqrOXpLT"" (1160) | #7 ""Stevo @ kI2bCqDOyl"" (1620) | #9 ""goeroge @ _sqcLETZ0C"" (1070)",2026-09-17T01:30:24.395Z,178960862439501
"-- starting hand #63 (id: ezbf3kdrrbb8)  No Limit Texas Hold'em (dealer: ""Stevo @ kI2bCqDOyl"") --",2026-09-17T01:30:24.395Z,178960862439500
"-- ending hand #62 --",2026-09-17T01:30:18.358Z,178960861835801
"""Stevo @ kI2bCqDOyl"" collected 1620 from pot with Three of a Kind, 4's (combination: 6♥, A♣, 4♠, 4♥, 4♣)",2026-09-17T01:30:18.358Z,178960861835800
"River: 5♣, 3♦, 4♥, 6♥ [4♣]",2026-09-17T01:30:14.353Z,178960861435300
"Turn: 5♣, 3♦, 4♥ [6♥]",2026-09-17T01:30:10.258Z,178960861025800
"""Stevo @ kI2bCqDOyl"" shows a A♣, 4♠.",2026-09-17T01:30:06.179Z,178960860617901
"""arash @ 21jHaBYWIi"" shows a J♠, 9♠.",2026-09-17T01:30:06.179Z,178960860617900
"""arash @ 21jHaBYWIi"" calls 580",2026-09-17T01:30:05.354Z,178960860535400
"""Stevo @ kI2bCqDOyl"" raises to 580 and go all in",2026-09-17T01:30:03.377Z,178960860337700
"""arash @ 21jHaBYWIi"" bets 250",2026-09-17T01:30:00.398Z,178960860039800
"""Stevo @ kI2bCqDOyl"" checks",2026-09-17T01:29:56.891Z,178960859689100
"Flop:  [5♣, 3♦, 4♥]",2026-09-17T01:29:54.362Z,178960859436200
"""peelic @ vOeqrOXpLT"" folds",2026-09-17T01:29:53.501Z,178960859350100
"""arash @ 21jHaBYWIi"" calls 210",2026-09-17T01:29:52.135Z,178960859213500
"""goeroge @ _sqcLETZ0C"" folds",2026-09-17T01:29:50.948Z,178960859094800
"""Stevo @ kI2bCqDOyl"" raises to 210",2026-09-17T01:29:47.811Z,178960858781100
"""peelic @ vOeqrOXpLT"" calls 20",2026-09-17T01:29:43.988Z,178960858398800
"""arash @ 21jHaBYWIi"" calls 20",2026-09-17T01:29:43.069Z,178960858306900
"""Jonah @ xrBY5OZYCv"" folds",2026-09-17T01:29:41.639Z,178960858163900
"""goeroge @ _sqcLETZ0C"" posts a big blind of 20",2026-09-17T01:29:40.470Z,178960858047008
"""Stevo @ kI2bCqDOyl"" posts a small blind of 10",2026-09-17T01:29:40.470Z,178960858047007
"Your hand is A♣, 4♠",2026-09-17T01:29:40.470Z,178960858047005
"Player stacks: #1 ""Jonah @ xrBY5OZYCv"" (1000) | #5 ""arash @ 21jHaBYWIi"" (940) | #6 ""peelic @ vOeqrOXpLT"" (1180) | #7 ""Stevo @ kI2bCqDOyl"" (790) | #9 ""goeroge @ _sqcLETZ0C"" (1090)",2026-09-17T01:29:40.470Z,178960858047001
"-- starting hand #62 (id: r5hjmmbheboj)  No Limit Texas Hold'em (dealer: ""peelic @ vOeqrOXpLT"") --",2026-09-17T01:29:40.470Z,178960858047000
"""goeroge @ _sqcLETZ0C"" shows a 2♠, Q♣.",2026-09-17T01:29:36.394Z,178960857639400
"Undealt cards: 2♦, 8♠, 7♦, 4♦ [K♦]",2026-09-17T01:29:35.548Z,178960857554800
"-- ending hand #61 --",2026-09-17T01:29:33.864Z,178960857386402
"""peelic @ vOeqrOXpLT"" collected 80 from pot",2026-09-17T01:29:33.864Z,178960857386401
"Uncalled bet of 60 returned to ""peelic @ vOeqrOXpLT""",2026-09-17T01:29:33.864Z,178960857386400
"""arash @ 21jHaBYWIi"" folds",2026-09-17T01:29:33.062Z,178960857306200
"""goeroge @ _sqcLETZ0C"" folds",2026-09-17T01:29:32.130Z,178960857213000
"""Stevo @ kI2bCqDOyl"" folds",2026-09-17T01:29:29.129Z,178960856912900
"""peelic @ vOeqrOXpLT"" bets 60",2026-09-17T01:29:27.579Z,178960856757900
"Turn: 2♦, 8♠, 7♦ [4♦]",2026-09-17T01:29:25.160Z,178960856516000
"""arash @ 21jHaBYWIi"" checks",2026-09-17T01:29:24.268Z,178960856426800
"""goeroge @ _sqcLETZ0C"" checks",2026-09-17T01:29:23.287Z,178960856328700
"""Stevo @ kI2bCqDOyl"" checks",2026-09-17T01:29:22.404Z,178960856240400
"""peelic @ vOeqrOXpLT"" checks",2026-09-17T01:29:21.434Z,178960856143400
"Flop:  [2♦, 8♠, 7♦]",2026-09-17T01:29:18.857Z,178960855885700
"""Stevo @ kI2bCqDOyl"" checks",2026-09-17T01:29:18.000Z,178960855800000
"""peelic @ vOeqrOXpLT"" calls 20",2026-09-17T01:29:17.005Z,178960855700500
"""arash @ 21jHaBYWIi"" calls 20",2026-09-17T01:29:16.162Z,178960855616200
"""Jonah @ xrBY5OZYCv"" folds",2026-09-17T01:29:15.235Z,178960855523500
"""goeroge @ _sqcLETZ0C"" calls 20",2026-09-17T01:29:13.083Z,178960855308300
"""Stevo @ kI2bCqDOyl"" posts a big blind of 20",2026-09-17T01:29:06.451Z,178960854645108
"""peelic @ vOeqrOXpLT"" posts a small blind of 10",2026-09-17T01:29:06.451Z,178960854645107
"Your hand is 4♠, Q♥",2026-09-17T01:29:06.451Z,178960854645105
"Player stacks: #1 ""Jonah @ xrBY5OZYCv"" (1000) | #5 ""arash @ 21jHaBYWIi"" (960) | #6 ""peelic @ vOeqrOXpLT"" (1120) | #7 ""Stevo @ kI2bCqDOyl"" (810) | #9 ""goeroge @ _sqcLETZ0C"" (1110)",2026-09-17T01:29:06.451Z,178960854645101
"-- starting hand #61 (id: ln8iufgftyt7)  No Limit Texas Hold'em (dealer: ""arash @ 21jHaBYWIi"") --",2026-09-17T01:29:06.451Z,178960854645100
"Undealt cards: 10♣, 6♠, 3♥, A♣ [Q♠]",2026-09-17T01:29:01.071Z,178960854107100
"-- ending hand #60 --",2026-09-17T01:29:00.517Z,178960854051702
"""Stevo @ kI2bCqDOyl"" collected 160 from pot",2026-09-17T01:29:00.517Z,178960854051701
"Uncalled bet of 20 returned to ""Stevo @ kI2bCqDOyl""",2026-09-17T01:29:00.517Z,178960854051700
"""goeroge @ _sqcLETZ0C"" folds",2026-09-17T01:28:59.625Z,178960853962500
"""Stevo @ kI2bCqDOyl"" bets 20",2026-09-17T01:28:58.020Z,178960853802000
"Turn: 10♣, 6♠, 3♥ [A♣]",2026-09-17T01:28:56.099Z,178960853609900
"""peelic @ vOeqrOXpLT"" folds",2026-09-17T01:28:55.293Z,178960853529300
"""arash @ 21jHaBYWIi"" folds",2026-09-17T01:28:52.418Z,178960853241800
"""goeroge @ _sqcLETZ0C"" calls 40",2026-09-17T01:28:49.482Z,178960852948200
"""Stevo @ kI2bCqDOyl"" bets 40",2026-09-17T01:28:48.507Z,178960852850700
"""peelic @ vOeqrOXpLT"" checks",2026-09-17T01:28:46.510Z,178960852651000
"""arash @ 21jHaBYWIi"" checks",2026-09-17T01:28:44.886Z,178960852488600
"Flop:  [10♣, 6♠, 3♥]",2026-09-17T01:28:43.455Z,178960852345500
"""peelic @ vOeqrOXpLT"" checks",2026-09-17T01:28:42.611Z,178960852261100
"""arash @ 21jHaBYWIi"" calls 20",2026-09-17T01:28:41.697Z,178960852169700
"""Jonah @ xrBY5OZYCv"" folds",2026-09-17T01:28:40.739Z,178960852073900
"""goeroge @ _sqcLETZ0C"" calls 20",2026-09-17T01:28:39.856Z,178960851985600
"""Stevo @ kI2bCqDOyl"" calls 20",2026-09-17T01:28:38.466Z,178960851846600
"""peelic @ vOeqrOXpLT"" posts a big blind of 20",2026-09-17T01:28:37.591Z,178960851759108
"""arash @ 21jHaBYWIi"" posts a small blind of 10",2026-09-17T01:28:37.591Z,178960851759107
"Your hand is 8♠, 10♥",2026-09-17T01:28:37.591Z,178960851759105
"Player stacks: #1 ""Jonah @ xrBY5OZYCv"" (1000) | #5 ""arash @ 21jHaBYWIi"" (980) | #6 ""peelic @ vOeqrOXpLT"" (1140) | #7 ""Stevo @ kI2bCqDOyl"" (710) | #9 ""goeroge @ _sqcLETZ0C"" (1170)",2026-09-17T01:28:37.591Z,178960851759101
"-- starting hand #60 (id: gm2xcrd7kxae)  No Limit Texas Hold'em (dealer: ""Jonah @ xrBY5OZYCv"") --",2026-09-17T01:28:37.591Z,178960851759100
"""goeroge @ _sqcLETZ0C"" shows a A♠, J♠.",2026-09-17T01:28:34.565Z,178960851456500
"-- ending hand #59 --",2026-09-17T01:28:33.982Z,178960851398202
"""goeroge @ _sqcLETZ0C"" collected 140 from pot",2026-09-17T01:28:33.982Z,178960851398201
"Uncalled bet of 40 returned to ""goeroge @ _sqcLETZ0C""",2026-09-17T01:28:33.982Z,178960851398200
"""Stevo @ kI2bCqDOyl"" folds",2026-09-17T01:28:33.130Z,178960851313000
"""peelic @ vOeqrOXpLT"" folds",2026-09-17T01:28:32.107Z,178960851210700
"""arash @ 21jHaBYWIi"" folds",2026-09-17T01:28:25.743Z,178960850574300
"""Jonah @ xrBY5OZYCv"" folds",2026-09-17T01:28:24.790Z,178960850479000
"""goeroge @ _sqcLETZ0C"" raises to 60",2026-09-17T01:28:20.454Z,178960850045400
"""Stevo @ kI2bCqDOyl"" bets 20",2026-09-17T01:28:15.509Z,178960849550900
"""peelic @ vOeqrOXpLT"" checks",2026-09-17T01:28:14.196Z,178960849419600
"""arash @ 21jHaBYWIi"" checks",2026-09-17T01:28:13.294Z,178960849329400
"""Jonah @ xrBY5OZYCv"" checks",2026-09-17T01:28:11.338Z,178960849133800
"River: K♠, J♦, 9♥, 7♠ [3♠]",2026-09-17T01:28:09.068Z,178960848906800
"""goeroge @ _sqcLETZ0C"" checks",2026-09-17T01:28:08.224Z,178960848822400
"""Stevo @ kI2bCqDOyl"" checks",2026-09-17T01:28:06.633Z,178960848663300
"""peelic @ vOeqrOXpLT"" checks",2026-09-17T01:28:04.252Z,178960848425200
"""arash @ 21jHaBYWIi"" checks",2026-09-17T01:28:01.971Z,178960848197100
"""Jonah @ xrBY5OZYCv"" checks",2026-09-17T01:28:00.685Z,178960848068500
"Turn: K♠, J♦, 9♥ [7♠]",2026-09-17T01:27:54.479Z,178960847447900
"""goeroge @ _sqcLETZ0C"" checks",2026-09-17T01:27:53.636Z,178960847363600
"""Stevo @ kI2bCqDOyl"" checks",2026-09-17T01:27:52.625Z,178960847262500
"""peelic @ vOeqrOXpLT"" checks",2026-09-17T01:27:51.638Z,178960847163800
"""arash @ 21jHaBYWIi"" checks",2026-09-17T01:27:50.203Z,178960847020300
"""Jonah @ xrBY5OZYCv"" checks",2026-09-17T01:27:48.802Z,178960846880200
"Flop:  [K♠, J♦, 9♥]",2026-09-17T01:27:45.473Z,178960846547300
"""arash @ 21jHaBYWIi"" checks",2026-09-17T01:27:44.633Z,178960846463300
"""Jonah @ xrBY5OZYCv"" calls 20",2026-09-17T01:27:43.718Z,178960846371800
"""goeroge @ _sqcLETZ0C"" calls 20",2026-09-17T01:27:42.821Z,178960846282100
"""Stevo @ kI2bCqDOyl"" calls 20",2026-09-17T01:27:41.946Z,178960846194600
"""peelic @ vOeqrOXpLT"" calls 20",2026-09-17T01:27:40.967Z,178960846096700
"""arash @ 21jHaBYWIi"" posts a big blind of 20",2026-09-17T01:27:39.715Z,178960845971508
"""Jonah @ xrBY5OZYCv"" posts a small blind of 10",2026-09-17T01:27:39.715Z,178960845971507
"Your hand is 9♠, 6♣",2026-09-17T01:27:39.715Z,178960845971505
"Player stacks: #1 ""Jonah @ xrBY5OZYCv"" (1020) | #5 ""arash @ 21jHaBYWIi"" (1000) | #6 ""peelic @ vOeqrOXpLT"" (1160) | #7 ""Stevo @ kI2bCqDOyl"" (750) | #9 ""goeroge @ _sqcLETZ0C"" (1070)",2026-09-17T01:27:39.715Z,178960845971501
"-- starting hand #59 (id: pwedtp6wnatn)  No Limit Texas Hold'em (dealer: ""goeroge @ _sqcLETZ0C"") --",2026-09-17T01:27:39.715Z,178960845971500
"-- ending hand #58 --",2026-09-17T01:27:33.711Z,178960845371103
"""peelic @ vOeqrOXpLT"" collected 320 from pot with Pair, Q's (combination: 6♥, 7♣, 10♥, Q♠, Q♦)",2026-09-17T01:27:33.711Z,178960845371102
"""peelic @ vOeqrOXpLT"" shows a 10♥, Q♠.",2026-09-17T01:27:33.711Z,178960845371101
"""Jonah @ xrBY5OZYCv"" shows a 4♠, J♣.",2026-09-17T01:27:33.711Z,178960845371100
"""peelic @ vOeqrOXpLT"" calls 120",2026-09-17T01:27:32.886Z,178960845288600
"""Jonah @ xrBY5OZYCv"" raises to 120",2026-09-17T01:27:30.579Z,178960845057900
"""goeroge @ _sqcLETZ0C"" folds",2026-09-17T01:27:23.888Z,178960844388800
"""Stevo @ kI2bCqDOyl"" folds",2026-09-17T01:27:23.006Z,178960844300600
"""peelic @ vOeqrOXpLT"" bets 60",2026-09-17T01:27:22.055Z,178960844205500
"""Jonah @ xrBY5OZYCv"" checks",2026-09-17T01:27:19.345Z,178960843934500
"""goeroge @ _sqcLETZ0C"" checks",2026-09-17T01:27:17.932Z,178960843793200
"River: 6♥, 7♣, 3♦, 4♥ [Q♦]",2026-09-17T01:27:16.461Z,178960843646100
"""Stevo @ kI2bCqDOyl"" checks",2026-09-17T01:27:15.614Z,178960843561400
"""peelic @ vOeqrOXpLT"" checks",2026-09-17T01:27:14.620Z,178960843462000
"""Jonah @ xrBY5OZYCv"" checks",2026-09-17T01:27:13.765Z,178960843376500
"""goeroge @ _sqcLETZ0C"" checks",2026-09-17T01:27:12.841Z,178960843284100
"Turn: 6♥, 7♣, 3♦ [4♥]",2026-09-17T01:27:11.386Z,178960843138600
"""Stevo @ kI2bCqDOyl"" checks",2026-09-17T01:27:10.564Z,178960843056400
"""peelic @ vOeqrOXpLT"" checks",2026-09-17T01:27:09.609Z,178960842960900
"""Jonah @ xrBY5OZYCv"" checks",2026-09-17T01:27:08.723Z,178960842872300
"""goeroge @ _sqcLETZ0C"" checks",2026-09-17T01:27:07.286Z,178960842728600
"Flop:  [6♥, 7♣, 3♦]",2026-09-17T01:27:05.901Z,178960842590100
"""Jonah @ xrBY5OZYCv"" checks",2026-09-17T01:27:05.068Z,178960842506800
"""goeroge @ _sqcLETZ0C"" calls 20",2026-09-17T01:27:04.208Z,178960842420800
"""Stevo @ kI2bCqDOyl"" calls 20",2026-09-17T01:27:03.252Z,178960842325200
"""peelic @ vOeqrOXpLT"" calls 20",2026-09-17T01:27:02.245Z,178960842224500
"""arash @ 21jHaBYWIi"" folds",2026-09-17T01:27:01.301Z,178960842130100
"""Jonah @ xrBY5OZYCv"" posts a big blind of 20",2026-09-17T01:26:59.257Z,178960841925708
"""goeroge @ _sqcLETZ0C"" posts a small blind of 10",2026-09-17T01:26:59.257Z,178960841925707
"Your hand is 8♣, J♥",2026-09-17T01:26:59.257Z,178960841925705
"Player stacks: #1 ""Jonah @ xrBY5OZYCv"" (1160) | #5 ""arash @ 21jHaBYWIi"" (1000) | #6 ""peelic @ vOeqrOXpLT"" (980) | #7 ""Stevo @ kI2bCqDOyl"" (770) | #9 ""goeroge @ _sqcLETZ0C"" (1090)",2026-09-17T01:26:59.257Z,178960841925701
"-- starting hand #58 (id: dueld7yvwlyi)  No Limit Texas Hold'em (dealer: ""Stevo @ kI2bCqDOyl"") --",2026-09-17T01:26:59.257Z,178960841925700
"""Stevo @ kI2bCqDOyl"" shows a 6♣, Q♦.",2026-09-17T01:26:53.981Z,178960841398100
"-- ending hand #57 --",2026-09-17T01:26:52.728Z,178960841272802
"""Jonah @ xrBY5OZYCv"" collected 320 from pot with Straight, Q High (combination: 8♣, 9♦, 10♣, J♠, Q♠)",2026-09-17T01:26:52.728Z,178960841272801
"""Jonah @ xrBY5OZYCv"" shows a 10♣, 8♣.",2026-09-17T01:26:52.728Z,178960841272800
"""Stevo @ kI2bCqDOyl"" calls 100",2026-09-17T01:26:51.884Z,178960841188400
"""Jonah @ xrBY5OZYCv"" raises to 100",2026-09-17T01:26:48.423Z,178960840842300
"""Stevo @ kI2bCqDOyl"" bets 50",2026-09-17T01:26:46.037Z,178960840603700
"River: 9♦, 2♥, J♠, Q♠ [6♦]",2026-09-17T01:26:40.964Z,178960840096400
"""peelic @ vOeqrOXpLT"" folds",2026-09-17T01:26:40.149Z,178960840014900
"""Jonah @ xrBY5OZYCv"" calls 20",2026-09-17T01:26:39.287Z,178960839928700
"""goeroge @ _sqcLETZ0C"" folds",2026-09-17T01:26:38.288Z,178960839828800
"""Stevo @ kI2bCqDOyl"" bets 20",2026-09-17T01:26:35.521Z,178960839552100
"Turn: 9♦, 2♥, J♠ [Q♠]",2026-09-17T01:26:34.437Z,178960839443700
"""peelic @ vOeqrOXpLT"" checks",2026-09-17T01:26:33.612Z,178960839361200
"""Jonah @ xrBY5OZYCv"" checks",2026-09-17T01:26:28.164Z,178960838816400
"""goeroge @ _sqcLETZ0C"" checks",2026-09-17T01:26:27.258Z,178960838725800
"""Stevo @ kI2bCqDOyl"" checks",2026-09-17T01:26:26.425Z,178960838642500
"Flop:  [9♦, 2♥, J♠]",2026-09-17T01:26:24.830Z,178960838483000
"""goeroge @ _sqcLETZ0C"" checks",2026-09-17T01:26:23.985Z,178960838398500
"""Stevo @ kI2bCqDOyl"" calls 20",2026-09-17T01:26:23.105Z,178960838310500
"""peelic @ vOeqrOXpLT"" calls 20",2026-09-17T01:26:22.129Z,178960838212900
"""arash @ 21jHaBYWIi"" folds",2026-09-17T01:26:21.276Z,178960838127600
"""Jonah @ xrBY5OZYCv"" calls 20",2026-09-17T01:26:18.693Z,178960837869300
"""goeroge @ _sqcLETZ0C"" posts a big blind of 20",2026-09-17T01:26:16.955Z,178960837695508
"""Stevo @ kI2bCqDOyl"" posts a small blind of 10",2026-09-17T01:26:16.955Z,178960837695507
"Your hand is 6♣, Q♦",2026-09-17T01:26:16.955Z,178960837695505
"Player stacks: #1 ""Jonah @ xrBY5OZYCv"" (980) | #5 ""arash @ 21jHaBYWIi"" (1000) | #6 ""peelic @ vOeqrOXpLT"" (1000) | #7 ""Stevo @ kI2bCqDOyl"" (910) | #9 ""goeroge @ _sqcLETZ0C"" (1110)",2026-09-17T01:26:16.955Z,178960837695501
"-- starting hand #57 (id: guruhhetfxnn)  No Limit Texas Hold'em (dealer: ""peelic @ vOeqrOXpLT"") --",2026-09-17T01:26:16.955Z,178960837695500
"""arash @ 21jHaBYWIi"" shows a 3♠, 4♠.",2026-09-17T01:26:14.650Z,178960837465000
"""goeroge @ _sqcLETZ0C"" shows a 10♥, 8♠.",2026-09-17T01:26:13.882Z,178960837388200
"-- ending hand #56 --",2026-09-17T01:26:12.626Z,178960837262602
"""arash @ 21jHaBYWIi"" collected 380 from pot",2026-09-17T01:26:12.626Z,178960837262601
"Uncalled bet of 300 returned to ""arash @ 21jHaBYWIi""",2026-09-17T01:26:12.626Z,178960837262600
"""peelic @ vOeqrOXpLT"" folds",2026-09-17T01:26:11.811Z,178960837181100
"""arash @ 21jHaBYWIi"" bets 300",2026-09-17T01:26:02.726Z,178960836272600
"""peelic @ vOeqrOXpLT"" checks",2026-09-17T01:25:58.548Z,178960835854800
"River: 7♠, 7♥, A♠, 2♦ [K♣]",2026-09-17T01:25:55.483Z,178960835548300
"""arash @ 21jHaBYWIi"" calls 100",2026-09-17T01:25:54.676Z,178960835467600
"""peelic @ vOeqrOXpLT"" bets 100",2026-09-17T01:25:50.375Z,178960835037500
"Turn: 7♠, 7♥, A♠ [2♦]",2026-09-17T01:25:44.480Z,178960834448000
"""arash @ 21jHaBYWIi"" calls 60",2026-09-17T01:25:43.669Z,178960834366900
"""Stevo @ kI2bCqDOyl"" folds",2026-09-17T01:25:42.541Z,178960834254100
"""peelic @ vOeqrOXpLT"" bets 60",2026-09-17T01:25:39.929Z,178960833992900
"Flop:  [7♠, 7♥, A♠]",2026-09-17T01:25:33.875Z,178960833387500
"""Stevo @ kI2bCqDOyl"" checks",2026-09-17T01:25:33.022Z,178960833302200
"""peelic @ vOeqrOXpLT"" calls 20",2026-09-17T01:25:32.033Z,178960833203300
"""arash @ 21jHaBYWIi"" calls 20",2026-09-17T01:25:31.181Z,178960833118100
"""Jonah @ xrBY5OZYCv"" folds",2026-09-17T01:25:30.246Z,178960833024600
"""goeroge @ _sqcLETZ0C"" folds",2026-09-17T01:25:29.358Z,178960832935800
"""Stevo @ kI2bCqDOyl"" posts a big blind of 20",2026-09-17T01:25:27.556Z,178960832755608
"""peelic @ vOeqrOXpLT"" posts a small blind of 10",2026-09-17T01:25:27.556Z,178960832755607
"Your hand is J♥, 8♥",2026-09-17T01:25:27.556Z,178960832755605
"Player stacks: #1 ""Jonah @ xrBY5OZYCv"" (980) | #5 ""arash @ 21jHaBYWIi"" (800) | #6 ""peelic @ vOeqrOXpLT"" (1180) | #7 ""Stevo @ kI2bCqDOyl"" (930) | #9 ""goeroge @ _sqcLETZ0C"" (1110)",2026-09-17T01:25:27.556Z,178960832755601
"-- starting hand #56 (id: 1ioxkepmh0jm)  No Limit Texas Hold'em (dealer: ""arash @ 21jHaBYWIi"") --",2026-09-17T01:25:27.556Z,178960832755600
"-- ending hand #55 --",2026-09-17T01:25:21.587Z,178960832158702
"""Jonah @ xrBY5OZYCv"" collected 100 from pot",2026-09-17T01:25:21.587Z,178960832158701
"Uncalled bet of 40 returned to ""Jonah @ xrBY5OZYCv""",2026-09-17T01:25:21.587Z,178960832158700
"""arash @ 21jHaBYWIi"" folds",2026-09-17T01:25:20.768Z,178960832076800
"""Jonah @ xrBY5OZYCv"" bets 40",2026-09-17T01:25:18.688Z,178960831868800
"""arash @ 21jHaBYWIi"" checks",2026-09-17T01:25:16.109Z,178960831610900
"Turn: 2♥, 9♣, J♠ [6♣]",2026-09-17T01:25:14.866Z,178960831486600
"""peelic @ vOeqrOXpLT"" folds",2026-09-17T01:25:14.043Z,178960831404300
"""arash @ 21jHaBYWIi"" calls 20",2026-09-17T01:25:04.292Z,178960830429200
"""Jonah @ xrBY5OZYCv"" bets 20",2026-09-17T01:25:02.647Z,178960830264700
"""peelic @ vOeqrOXpLT"" checks",2026-09-17T01:24:56.645Z,178960829664500
"""arash @ 21jHaBYWIi"" checks",2026-09-17T01:24:50.550Z,178960829055000
"Flop:  [2♥, 9♣, J♠]",2026-09-17T01:24:49.070Z,178960828907000
"""peelic @ vOeqrOXpLT"" checks",2026-09-17T01:24:48.257Z,178960828825700
"""arash @ 21jHaBYWIi"" calls 20",2026-09-17T01:24:47.324Z,178960828732400
"""Jonah @ xrBY5OZYCv"" calls 20",2026-09-17T01:24:45.088Z,178960828508800
"""goeroge @ _sqcLETZ0C"" folds",2026-09-17T01:24:44.228Z,178960828422800
"""Stevo @ kI2bCqDOyl"" folds",2026-09-17T01:24:41.375Z,178960828137500
"""peelic @ vOeqrOXpLT"" posts a big blind of 20",2026-09-17T01:24:40.229Z,178960828022908
"""arash @ 21jHaBYWIi"" posts a small blind of 10",2026-09-17T01:24:40.229Z,178960828022907
"Your hand is 4♠, 3♣",2026-09-17T01:24:40.229Z,178960828022905
"Player stacks: #1 ""Jonah @ xrBY5OZYCv"" (920) | #5 ""arash @ 21jHaBYWIi"" (840) | #6 ""peelic @ vOeqrOXpLT"" (1200) | #7 ""Stevo @ kI2bCqDOyl"" (930) | #9 ""goeroge @ _sqcLETZ0C"" (1110)",2026-09-17T01:24:40.229Z,178960828022901
"-- starting hand #55 (id: vdbo1vbzqbpw)  No Limit Texas Hold'em (dealer: ""Jonah @ xrBY5OZYCv"") --",2026-09-17T01:24:40.229Z,178960828022900
"Undealt cards: 2♥, 6♥, 9♦, 6♠ [K♠]",2026-09-17T01:24:37.111Z,178960827711100
"-- ending hand #54 --",2026-09-17T01:24:34.195Z,178960827419502
"""peelic @ vOeqrOXpLT"" collected 300 from pot",2026-09-17T01:24:34.195Z,178960827419501
"Uncalled bet of 100 returned to ""peelic @ vOeqrOXpLT""",2026-09-17T01:24:34.195Z,178960827419500
"""arash @ 21jHaBYWIi"" folds",2026-09-17T01:24:33.384Z,178960827338400
"""peelic @ vOeqrOXpLT"" bets 100",2026-09-17T01:24:32.118Z,178960827211800
"""arash @ 21jHaBYWIi"" checks",2026-09-17T01:24:25.917Z,178960826591700
"Turn: 2♥, 6♥, 9♦ [6♠]",2026-09-17T01:24:24.661Z,178960826466100
"""arash @ 21jHaBYWIi"" calls 100",2026-09-17T01:24:23.847Z,178960826384700
"""Jonah @ xrBY5OZYCv"" folds",2026-09-17T01:24:21.715Z,178960826171500
"""goeroge @ _sqcLETZ0C"" folds",2026-09-17T01:24:20.835Z,178960826083500
"""Stevo @ kI2bCqDOyl"" folds",2026-09-17T01:24:14.722Z,178960825472200
"""peelic @ vOeqrOXpLT"" raises to 100",2026-09-17T01:24:11.358Z,178960825135800
"""arash @ 21jHaBYWIi"" bets 50",2026-09-17T01:24:06.718Z,178960824671800
"""Jonah @ xrBY5OZYCv"" checks",2026-09-17T01:24:02.097Z,178960824209700
"Flop:  [2♥, 6♥, 9♦]",2026-09-17T01:24:00.149Z,178960824014900
"""arash @ 21jHaBYWIi"" checks",2026-09-17T01:23:59.209Z,178960823920900
"""Jonah @ xrBY5OZYCv"" calls 20",2026-09-17T01:23:56.615Z,178960823661500
"""goeroge @ _sqcLETZ0C"" calls 20",2026-09-17T01:23:55.752Z,178960823575200
"""Stevo @ kI2bCqDOyl"" calls 20",2026-09-17T01:23:54.881Z,178960823488100
"""peelic @ vOeqrOXpLT"" calls 20",2026-09-17T01:23:53.881Z,178960823388100
"""arash @ 21jHaBYWIi"" posts a big blind of 20",2026-09-17T01:23:48.460Z,178960822846008
"""Jonah @ xrBY5OZYCv"" posts a small blind of 10",2026-09-17T01:23:48.460Z,178960822846007
"Your hand is Q♠, 2♠",2026-09-17T01:23:48.460Z,178960822846005
"Player stacks: #1 ""Jonah @ xrBY5OZYCv"" (940) | #5 ""arash @ 21jHaBYWIi"" (960) | #6 ""peelic @ vOeqrOXpLT"" (1020) | #7 ""Stevo @ kI2bCqDOyl"" (950) | #9 ""goeroge @ _sqcLETZ0C"" (1130)",2026-09-17T01:23:48.460Z,178960822846001
"-- starting hand #54 (id: wyl1osjilb9z)  No Limit Texas Hold'em (dealer: ""goeroge @ _sqcLETZ0C"") --",2026-09-17T01:23:48.460Z,178960822846000
"""goeroge @ _sqcLETZ0C"" shows a 8♥, 2♣.",2026-09-17T01:23:43.475Z,178960822347500
"-- ending hand #53 --",2026-09-17T01:23:41.925Z,178960822192503
"""Stevo @ kI2bCqDOyl"" collected 50 from pot with Two Pair, Q's & 7's (combination: 10♦, 7♥, 7♠, Q♠, Q♦)",2026-09-17T01:23:41.925Z,178960822192502
"""Stevo @ kI2bCqDOyl"" shows a 6♦, 10♦.",2026-09-17T01:23:41.925Z,178960822192501
"""Jonah @ xrBY5OZYCv"" shows a 8♦, 2♥.",2026-09-17T01:23:41.925Z,178960822192500
"""Stevo @ kI2bCqDOyl"" checks",2026-09-17T01:23:41.092Z,178960822109200
"""Jonah @ xrBY5OZYCv"" checks",2026-09-17T01:23:39.878Z,178960821987800
"River: 7♥, Q♠, 7♠, Q♦ [6♣]",2026-09-17T01:23:38.524Z,178960821852400
"""Stevo @ kI2bCqDOyl"" checks",2026-09-17T01:23:37.685Z,178960821768500
"""Jonah @ xrBY5OZYCv"" checks",2026-09-17T01:23:35.543Z,178960821554300
"Turn: 7♥, Q♠, 7♠ [Q♦]",2026-09-17T01:23:34.456Z,178960821445600
"""Stevo @ kI2bCqDOyl"" checks",2026-09-17T01:23:33.592Z,178960821359200
"""Jonah @ xrBY5OZYCv"" checks",2026-09-17T01:23:32.550Z,178960821255000
"Flop:  [7♥, Q♠, 7♠]",2026-09-17T01:23:30.352Z,178960821035200
"""Jonah @ xrBY5OZYCv"" checks",2026-09-17T01:23:29.542Z,178960820954200
"""goeroge @ _sqcLETZ0C"" folds",2026-09-17T01:23:28.669Z,178960820866900
"""Stevo @ kI2bCqDOyl"" calls 20",2026-09-17T01:23:24.452Z,178960820445200
"""peelic @ vOeqrOXpLT"" folds",2026-09-17T01:23:23.510Z,178960820351000
"""arash @ 21jHaBYWIi"" folds",2026-09-17T01:23:22.681Z,178960820268100
"""Jonah @ xrBY5OZYCv"" posts a big blind of 20",2026-09-17T01:23:20.844Z,178960820084408
"""goeroge @ _sqcLETZ0C"" posts a small blind of 10",2026-09-17T01:23:20.844Z,178960820084407
"Your hand is 6♦, 10♦",2026-09-17T01:23:20.844Z,178960820084405
"Player stacks: #1 ""Jonah @ xrBY5OZYCv"" (960) | #5 ""arash @ 21jHaBYWIi"" (960) | #6 ""peelic @ vOeqrOXpLT"" (1020) | #7 ""Stevo @ kI2bCqDOyl"" (920) | #9 ""goeroge @ _sqcLETZ0C"" (1140)",2026-09-17T01:23:20.844Z,178960820084401
"-- starting hand #53 (id: mwx97r9jocug)  No Limit Texas Hold'em (dealer: ""Stevo @ kI2bCqDOyl"") --",2026-09-17T01:23:20.844Z,178960820084400
"""Jonah @ xrBY5OZYCv"" shows a K♥.",2026-09-17T01:23:19.048Z,178960819904800
"-- ending hand #52 --",2026-09-17T01:23:14.313Z,178960819431302
"""Stevo @ kI2bCqDOyl"" collected 220 from pot with Three of a Kind, A's (combination: Q♣, K♦, A♠, A♥, A♣)",2026-09-17T01:23:14.313Z,178960819431301
"""Stevo @ kI2bCqDOyl"" shows a 5♥, A♠.",2026-09-17T01:23:14.313Z,178960819431300
"""Jonah @ xrBY5OZYCv"" calls 20",2026-09-17T01:23:13.477Z,178960819347700
"""Stevo @ kI2bCqDOyl"" bets 20",2026-09-17T01:23:12.549Z,178960819254900
"River: A♥, K♦, A♣, Q♣ [3♣]",2026-09-17T01:23:11.834Z,178960819183400
"""Jonah @ xrBY5OZYCv"" calls 20",2026-09-17T01:23:11.013Z,178960819101300
"""Stevo @ kI2bCqDOyl"" bets 20",2026-09-17T01:23:10.040Z,178960819004000
"Turn: A♥, K♦, A♣ [Q♣]",2026-09-17T01:23:09.072Z,178960818907200
"""peelic @ vOeqrOXpLT"" folds",2026-09-17T01:23:08.239Z,178960818823900
"""arash @ 21jHaBYWIi"" folds",2026-09-17T01:23:01.516Z,178960818151600
"""Jonah @ xrBY5OZYCv"" calls 20",2026-09-17T01:22:59.624Z,178960817962400
"""goeroge @ _sqcLETZ0C"" folds",2026-09-17T01:22:58.672Z,178960817867200
"""Stevo @ kI2bCqDOyl"" bets 20",2026-09-17T01:22:56.104Z,178960817610400
"Flop:  [A♥, K♦, A♣]",2026-09-17T01:22:54.610Z,178960817461000
"""goeroge @ _sqcLETZ0C"" checks",2026-09-17T01:22:53.794Z,178960817379400
"""Stevo @ kI2bCqDOyl"" calls 20",2026-09-17T01:22:52.908Z,178960817290800
"""peelic @ vOeqrOXpLT"" calls 20",2026-09-17T01:22:51.903Z,178960817190300
"""arash @ 21jHaBYWIi"" calls 20",2026-09-17T01:22:51.033Z,178960817103300
"""Jonah @ xrBY5OZYCv"" calls 20",2026-09-17T01:22:46.082Z,178960816608200
"""goeroge @ _sqcLETZ0C"" posts a big blind of 20",2026-09-17T01:22:45.267Z,178960816526708
"""Stevo @ kI2bCqDOyl"" posts a small blind of 10",2026-09-17T01:22:45.267Z,178960816526707
"Your hand is 5♥, A♠",2026-09-17T01:22:45.267Z,178960816526705
"Player stacks: #1 ""Jonah @ xrBY5OZYCv"" (1040) | #5 ""arash @ 21jHaBYWIi"" (980) | #6 ""peelic @ vOeqrOXpLT"" (1040) | #7 ""Stevo @ kI2bCqDOyl"" (780) | #9 ""goeroge @ _sqcLETZ0C"" (1160)",2026-09-17T01:22:45.267Z,178960816526701
"-- starting hand #52 (id: iovlm6eh0rur)  No Limit Texas Hold'em (dealer: ""peelic @ vOeqrOXpLT"") --",2026-09-17T01:22:45.267Z,178960816526700
"""Stevo @ kI2bCqDOyl"" shows a J♣, A♠.",2026-09-17T01:22:40.733Z,178960816073300
"-- ending hand #51 --",2026-09-17T01:22:38.756Z,178960815875602
"""Jonah @ xrBY5OZYCv"" collected 440 from pot with Two Pair, K's & 8's (combination: A♣, 8♣, 8♥, K♠, K♣)",2026-09-17T01:22:38.756Z,178960815875601
"""Jonah @ xrBY5OZYCv"" shows a 8♣, K♠.",2026-09-17T01:22:38.756Z,178960815875600
"""Stevo @ kI2bCqDOyl"" calls 70",2026-09-17T01:22:37.894Z,178960815789400
"""Jonah @ xrBY5OZYCv"" raises to 70",2026-09-17T01:22:35.386Z,178960815538600
"""Stevo @ kI2bCqDOyl"" bets 20",2026-09-17T01:22:30.484Z,178960815048400
"River: K♣, A♣, 5♦, 8♥ [3♣]",2026-09-17T01:22:27.753Z,178960814775300
"""arash @ 21jHaBYWIi"" folds",2026-09-17T01:22:26.946Z,178960814694600
"""Jonah @ xrBY5OZYCv"" calls 40",2026-09-17T01:22:23.316Z,178960814331600
"""Stevo @ kI2bCqDOyl"" bets 40",2026-09-17T01:22:22.088Z,178960814208800
"Turn: K♣, A♣, 5♦ [8♥]",2026-09-17T01:22:18.749Z,178960813874900
"""peelic @ vOeqrOXpLT"" folds",2026-09-17T01:22:17.885Z,178960813788500
"""arash @ 21jHaBYWIi"" calls 20",2026-09-17T01:22:14.160Z,178960813416000
"""Jonah @ xrBY5OZYCv"" calls 20",2026-09-17T01:22:09.086Z,178960812908600
"""Stevo @ kI2bCqDOyl"" bets 20",2026-09-17T01:22:07.519Z,178960812751900
"""peelic @ vOeqrOXpLT"" checks",2026-09-17T01:22:04.735Z,178960812473500
"Flop:  [K♣, A♣, 5♦]",2026-09-17T01:21:55.098Z,178960811509800
"""peelic @ vOeqrOXpLT"" calls 40",2026-09-17T01:21:54.272Z,178960811427200
"""arash @ 21jHaBYWIi"" calls 40",2026-09-17T01:21:53.423Z,178960811342300
"""Jonah @ xrBY5OZYCv"" calls 40",2026-09-17T01:21:42.763Z,178960810276300
"""Stevo @ kI2bCqDOyl"" raises to 40",2026-09-17T01:21:34.927Z,178960809492700
"""peelic @ vOeqrOXpLT"" calls 20",2026-09-17T01:21:33.056Z,178960809305600
"""arash @ 21jHaBYWIi"" calls 20",2026-09-17T01:21:32.162Z,178960809216200
"""Jonah @ xrBY5OZYCv"" calls 20",2026-09-17T01:21:28.285Z,178960808828500
"""goeroge @ _sqcLETZ0C"" folds",2026-09-17T01:21:27.411Z,178960808741100
"""Stevo @ kI2bCqDOyl"" posts a big blind of 20",2026-09-17T01:21:23.026Z,178960808302608
"""peelic @ vOeqrOXpLT"" posts a small blind of 10",2026-09-17T01:21:23.026Z,178960808302607
"Your hand is J♣, A♠",2026-09-17T01:21:23.026Z,178960808302605
"Player stacks: #1 ""Jonah @ xrBY5OZYCv"" (770) | #5 ""arash @ 21jHaBYWIi"" (1040) | #6 ""peelic @ vOeqrOXpLT"" (1080) | #7 ""Stevo @ kI2bCqDOyl"" (950) | #9 ""goeroge @ _sqcLETZ0C"" (1160)",2026-09-17T01:21:23.026Z,178960808302601
"-- starting hand #51 (id: wocmflxmy9ud)  No Limit Texas Hold'em (dealer: ""arash @ 21jHaBYWIi"") --",2026-09-17T01:21:23.026Z,178960808302600
"-- ending hand #50 --",2026-09-17T01:21:20.027Z,178960808002702
"""arash @ 21jHaBYWIi"" collected 120 from pot",2026-09-17T01:21:20.027Z,178960808002701
"Uncalled bet of 100 returned to ""arash @ 21jHaBYWIi""",2026-09-17T01:21:20.027Z,178960808002700
"""Jonah @ xrBY5OZYCv"" folds",2026-09-17T01:21:19.133Z,178960807913300
"""arash @ 21jHaBYWIi"" bets 100",2026-09-17T01:21:18.278Z,178960807827800
"River: Q♥, J♣, J♦, 2♣ [8♥]",2026-09-17T01:21:15.218Z,178960807521800
"""goeroge @ _sqcLETZ0C"" folds",2026-09-17T01:21:14.278Z,178960807427800
"""peelic @ vOeqrOXpLT"" folds",2026-09-17T01:21:08.821Z,178960806882100
"""arash @ 21jHaBYWIi"" calls 20",2026-09-17T01:20:57.911Z,178960805791100
"""Jonah @ xrBY5OZYCv"" bets 20",2026-09-17T01:20:51.987Z,178960805198700
"""goeroge @ _sqcLETZ0C"" checks",2026-09-17T01:20:50.635Z,178960805063500
"""peelic @ vOeqrOXpLT"" checks",2026-09-17T01:20:47.544Z,178960804754400
"""arash @ 21jHaBYWIi"" checks",2026-09-17T01:20:44.613Z,178960804461300
"Turn: Q♥, J♣, J♦ [2♣]",2026-09-17T01:20:43.147Z,178960804314700
"""Jonah @ xrBY5OZYCv"" checks",2026-09-17T01:20:42.255Z,178960804225500
"""goeroge @ _sqcLETZ0C"" checks",2026-09-17T01:20:41.368Z,178960804136800
"""peelic @ vOeqrOXpLT"" checks",2026-09-17T01:20:40.473Z,178960804047300
"""arash @ 21jHaBYWIi"" checks",2026-09-17T01:20:34.675Z,178960803467500
"Flop:  [Q♥, J♣, J♦]",2026-09-17T01:20:25.752Z,178960802575200
"""peelic @ vOeqrOXpLT"" checks",2026-09-17T01:20:24.933Z,178960802493300
"""arash @ 21jHaBYWIi"" calls 20",2026-09-17T01:20:23.998Z,178960802399800
"""Jonah @ xrBY5OZYCv"" calls 20",2026-09-17T01:20:18.850Z,178960801885000
"""goeroge @ _sqcLETZ0C"" calls 20",2026-09-17T01:20:17.898Z,178960801789800
"""Stevo @ kI2bCqDOyl"" folds",2026-09-17T01:20:13.509Z,178960801350900
"""peelic @ vOeqrOXpLT"" posts a big blind of 20",2026-09-17T01:20:12.192Z,178960801219208
"""arash @ 21jHaBYWIi"" posts a small blind of 10",2026-09-17T01:20:12.192Z,178960801219207
"Your hand is 5♦, 8♣",2026-09-17T01:20:12.192Z,178960801219205
"Player stacks: #1 ""Jonah @ xrBY5OZYCv"" (810) | #5 ""arash @ 21jHaBYWIi"" (960) | #6 ""peelic @ vOeqrOXpLT"" (1100) | #7 ""Stevo @ kI2bCqDOyl"" (950) | #9 ""goeroge @ _sqcLETZ0C"" (1180)",2026-09-17T01:20:12.192Z,178960801219201
"-- starting hand #50 (id: faaedlrrpr8s)  No Limit Texas Hold'em (dealer: ""Jonah @ xrBY5OZYCv"") --",2026-09-17T01:20:12.192Z,178960801219200
"Undealt cards: 5♣, 5♥, 6♥ [9♦, 2♠]",2026-09-17T01:20:07.907Z,178960800790700
"-- ending hand #49 --",2026-09-17T01:20:06.269Z,178960800626902
"""peelic @ vOeqrOXpLT"" collected 80 from pot",2026-09-17T01:20:06.269Z,178960800626901
"Uncalled bet of 80 returned to ""peelic @ vOeqrOXpLT""",2026-09-17T01:20:06.269Z,178960800626900
"""arash @ 21jHaBYWIi"" folds",2026-09-17T01:20:05.418Z,178960800541800
"""Jonah @ xrBY5OZYCv"" folds",2026-09-17T01:19:55.928Z,178960799592800
"""Stevo @ kI2bCqDOyl"" folds",2026-09-17T01:19:55.069Z,178960799506900
"""peelic @ vOeqrOXpLT"" bets 80",2026-09-17T01:19:53.178Z,178960799317800
"""arash @ 21jHaBYWIi"" checks",2026-09-17T01:19:44.574Z,178960798457400
"""Jonah @ xrBY5OZYCv"" checks",2026-09-17T01:19:40.491Z,178960798049100
"Flop:  [5♣, 5♥, 6♥]",2026-09-17T01:19:37.670Z,178960797767000
"""arash @ 21jHaBYWIi"" checks",2026-09-17T01:19:36.775Z,178960797677500
"""Jonah @ xrBY5OZYCv"" calls 20",2026-09-17T01:19:35.779Z,178960797577900
"""goeroge @ _sqcLETZ0C"" folds",2026-09-17T01:19:34.895Z,178960797489500
"""Stevo @ kI2bCqDOyl"" calls 20",2026-09-17T01:19:34.012Z,178960797401200
"""peelic @ vOeqrOXpLT"" calls 20",2026-09-17T01:19:33.043Z,178960797304300
"""arash @ 21jHaBYWIi"" posts a big blind of 20",2026-09-17T01:19:31.371Z,178960797137108
"""Jonah @ xrBY5OZYCv"" posts a small blind of 10",2026-09-17T01:19:31.371Z,178960797137107
"Your hand is Q♦, 3♦",2026-09-17T01:19:31.371Z,178960797137105
"Player stacks: #1 ""Jonah @ xrBY5OZYCv"" (830) | #5 ""arash @ 21jHaBYWIi"" (980) | #6 ""peelic @ vOeqrOXpLT"" (1040) | #7 ""Stevo @ kI2bCqDOyl"" (970) | #9 ""goeroge @ _sqcLETZ0C"" (1180)",2026-09-17T01:19:31.371Z,178960797137101
"-- starting hand #49 (id: dvxbiyyepfq5)  No Limit Texas Hold'em (dealer: ""goeroge @ _sqcLETZ0C"") --",2026-09-17T01:19:31.371Z,178960797137100
"""Stevo @ kI2bCqDOyl"" shows a 8♦, A♥.",2026-09-17T01:19:27.397Z,178960796739700
"""goeroge @ _sqcLETZ0C"" shows a A♦, 3♣.",2026-09-17T01:19:25.766Z,178960796576600
"Undealt cards: 9♥, A♣, 4♣, K♠ [10♥]",2026-09-17T01:19:25.454Z,178960796545400
"-- ending hand #48 --",2026-09-17T01:19:24.066Z,178960796406602
"""peelic @ vOeqrOXpLT"" collected 200 from pot",2026-09-17T01:19:24.066Z,178960796406601
"Uncalled bet of 120 returned to ""peelic @ vOeqrOXpLT""",2026-09-17T01:19:24.066Z,178960796406600
"""goeroge @ _sqcLETZ0C"" folds",2026-09-17T01:19:23.232Z,178960796323200
"""Stevo @ kI2bCqDOyl"" folds",2026-09-17T01:19:18.947Z,178960795894700
"""peelic @ vOeqrOXpLT"" raises to 140",2026-09-17T01:19:16.591Z,178960795659100
"""Jonah @ xrBY5OZYCv"" folds",2026-09-17T01:19:07.735Z,178960794773500
"""goeroge @ _sqcLETZ0C"" bets 20",2026-09-17T01:19:05.846Z,178960794584600
"Turn: 9♥, A♣, 4♣ [K♠]",2026-09-17T01:19:03.191Z,178960794319100
"""Stevo @ kI2bCqDOyl"" calls 20",2026-09-17T01:19:02.367Z,178960794236700
"""peelic @ vOeqrOXpLT"" calls 20",2026-09-17T01:19:01.336Z,178960794133600
"""Jonah @ xrBY5OZYCv"" calls 20",2026-09-17T01:18:58.073Z,178960793807300
"""goeroge @ _sqcLETZ0C"" bets 20",2026-09-17T01:18:54.763Z,178960793476300
"Flop:  [9♥, A♣, 4♣]",2026-09-17T01:18:51.351Z,178960793135100
"""Jonah @ xrBY5OZYCv"" checks",2026-09-17T01:18:50.533Z,178960793053300
"""goeroge @ _sqcLETZ0C"" calls 20",2026-09-17T01:18:49.681Z,178960792968100
"""Stevo @ kI2bCqDOyl"" calls 20",2026-09-17T01:18:48.797Z,178960792879700
"""peelic @ vOeqrOXpLT"" calls 20",2026-09-17T01:18:47.710Z,178960792771000
"""arash @ 21jHaBYWIi"" folds",2026-09-17T01:18:44.284Z,178960792428400
"""Jonah @ xrBY5OZYCv"" posts a big blind of 20",2026-09-17T01:18:42.650Z,178960792265008
"""goeroge @ _sqcLETZ0C"" posts a small blind of 10",2026-09-17T01:18:42.650Z,178960792265007
"Your hand is 8♦, A♥",2026-09-17T01:18:42.650Z,178960792265005
"Player stacks: #1 ""Jonah @ xrBY5OZYCv"" (870) | #5 ""arash @ 21jHaBYWIi"" (980) | #6 ""peelic @ vOeqrOXpLT"" (900) | #7 ""Stevo @ kI2bCqDOyl"" (1010) | #9 ""goeroge @ _sqcLETZ0C"" (1240)",2026-09-17T01:18:42.650Z,178960792265001
"-- starting hand #48 (id: og4sjtc5unmb)  No Limit Texas Hold'em (dealer: ""Stevo @ kI2bCqDOyl"") --",2026-09-17T01:18:42.650Z,178960792265000
"""goeroge @ _sqcLETZ0C"" shows a K♠, 2♠.",2026-09-17T01:18:37.954Z,178960791795400
"-- ending hand #47 --",2026-09-17T01:18:36.040Z,178960791604002
"""goeroge @ _sqcLETZ0C"" collected 60 from pot",2026-09-17T01:18:36.040Z,178960791604001
"Uncalled bet of 20 returned to ""goeroge @ _sqcLETZ0C""",2026-09-17T01:18:36.040Z,178960791604000
"""Stevo @ kI2bCqDOyl"" folds",2026-09-17T01:18:35.232Z,178960791523200
"""arash @ 21jHaBYWIi"" folds",2026-09-17T01:18:34.250Z,178960791425000
"""goeroge @ _sqcLETZ0C"" bets 20",2026-09-17T01:18:32.745Z,178960791274500
"""Stevo @ kI2bCqDOyl"" checks",2026-09-17T01:18:29.624Z,178960790962400
"Turn: K♦, 3♥, 6♠ [A♠]",2026-09-17T01:18:27.894Z,178960790789400
"""arash @ 21jHaBYWIi"" checks",2026-09-17T01:18:27.080Z,178960790708000
"""goeroge @ _sqcLETZ0C"" checks",2026-09-17T01:18:26.098Z,178960790609800
"""Stevo @ kI2bCqDOyl"" checks",2026-09-17T01:18:21.157Z,178960790115700
"Flop:  [K♦, 3♥, 6♠]",2026-09-17T01:18:19.860Z,178960789986000
"""goeroge @ _sqcLETZ0C"" checks",2026-09-17T01:18:19.000Z,178960789900000
"""Stevo @ kI2bCqDOyl"" calls 20",2026-09-17T01:18:18.091Z,178960789809100
"""peelic @ vOeqrOXpLT"" folds",2026-09-17T01:18:16.090Z,178960789609000
"""arash @ 21jHaBYWIi"" calls 20",2026-09-17T01:18:15.240Z,178960789524000
"""Jonah @ xrBY5OZYCv"" folds",2026-09-17T01:18:13.068Z,178960789306800
"""goeroge @ _sqcLETZ0C"" posts a big blind of 20",2026-09-17T01:18:09.169Z,178960788916908
"""Stevo @ kI2bCqDOyl"" posts a small blind of 10",2026-09-17T01:18:09.169Z,178960788916907
"Your hand is J♠, 7♥",2026-09-17T01:18:09.169Z,178960788916905
"Player stacks: #1 ""Jonah @ xrBY5OZYCv"" (870) | #5 ""arash @ 21jHaBYWIi"" (1000) | #6 ""peelic @ vOeqrOXpLT"" (900) | #7 ""Stevo @ kI2bCqDOyl"" (1030) | #9 ""goeroge @ _sqcLETZ0C"" (1200)",2026-09-17T01:18:09.169Z,178960788916901
"-- starting hand #47 (id: 7lfuocii8w2q)  No Limit Texas Hold'em (dealer: ""peelic @ vOeqrOXpLT"") --",2026-09-17T01:18:09.169Z,178960788916900
"-- ending hand #46 --",2026-09-17T01:18:06.249Z,178960788624902
"""arash @ 21jHaBYWIi"" collected 250 from pot",2026-09-17T01:18:06.249Z,178960788624901
"Uncalled bet of 105 returned to ""arash @ 21jHaBYWIi""",2026-09-17T01:18:06.249Z,178960788624900
"""peelic @ vOeqrOXpLT"" folds",2026-09-17T01:18:05.363Z,178960788536300
"""arash @ 21jHaBYWIi"" raises to 150",2026-09-17T01:17:54.382Z,178960787438200
"""peelic @ vOeqrOXpLT"" bets 45",2026-09-17T01:17:49.157Z,178960786915700
"River: 2♠, 4♠, 2♦, A♦ [3♣]",2026-09-17T01:17:45.770Z,178960786577000
"""Stevo @ kI2bCqDOyl"" folds",2026-09-17T01:17:44.959Z,178960786495900
"""peelic @ vOeqrOXpLT"" calls 50",2026-09-17T01:17:41.455Z,178960786145500
"""arash @ 21jHaBYWIi"" bets 50",2026-09-17T01:17:36.699Z,178960785669900
"""Stevo @ kI2bCqDOyl"" checks",2026-09-17T01:17:34.263Z,178960785426300
"""peelic @ vOeqrOXpLT"" checks",2026-09-17T01:17:33.305Z,178960785330500
"Turn: 2♠, 4♠, 2♦ [A♦]",2026-09-17T01:17:31.488Z,178960785148800
"""arash @ 21jHaBYWIi"" checks",2026-09-17T01:17:30.601Z,178960785060100
"""Stevo @ kI2bCqDOyl"" checks",2026-09-17T01:17:29.676Z,178960784967600
"""peelic @ vOeqrOXpLT"" checks",2026-09-17T01:17:27.908Z,178960784790800
"Flop:  [2♠, 4♠, 2♦]",2026-09-17T01:17:23.908Z,178960784390800
"""Stevo @ kI2bCqDOyl"" checks",2026-09-17T01:17:23.091Z,178960784309100
"""peelic @ vOeqrOXpLT"" calls 20",2026-09-17T01:17:22.108Z,178960784210800
"""arash @ 21jHaBYWIi"" calls 20",2026-09-17T01:17:21.252Z,178960784125200
"""Jonah @ xrBY5OZYCv"" folds",2026-09-17T01:17:20.333Z,178960784033300
"""goeroge @ _sqcLETZ0C"" folds",2026-09-17T01:17:19.433Z,178960783943300
"""Stevo @ kI2bCqDOyl"" posts a big blind of 20",2026-09-17T01:17:15.282Z,178960783528208
"""peelic @ vOeqrOXpLT"" posts a small blind of 10",2026-09-17T01:17:15.282Z,178960783528207
"Your hand is 3♥, 7♦",2026-09-17T01:17:15.282Z,178960783528205
"Player stacks: #1 ""Jonah @ xrBY5OZYCv"" (870) | #5 ""arash @ 21jHaBYWIi"" (865) | #6 ""peelic @ vOeqrOXpLT"" (1015) | #7 ""Stevo @ kI2bCqDOyl"" (1050) | #9 ""goeroge @ _sqcLETZ0C"" (1200)",2026-09-17T01:17:15.282Z,178960783528201
"-- starting hand #46 (id: nnmetqykchsx)  No Limit Texas Hold'em (dealer: ""arash @ 21jHaBYWIi"") --",2026-09-17T01:17:15.282Z,178960783528200
"-- ending hand #45 --",2026-09-17T01:17:09.276Z,178960782927604
"""Stevo @ kI2bCqDOyl"" collected 215 from pot with Straight, 10 High (combination: 6♣, 7♦, 8♣, 9♠, 10♦)",2026-09-17T01:17:09.276Z,178960782927603
"""peelic @ vOeqrOXpLT"" collected 215 from pot with Straight, 10 High (combination: 6♣, 7♦, 8♣, 9♥, 10♦)",2026-09-17T01:17:09.276Z,178960782927602
"""Stevo @ kI2bCqDOyl"" shows a A♦, 9♠.",2026-09-17T01:17:09.276Z,178960782927601
"""peelic @ vOeqrOXpLT"" shows a 9♥, 6♥.",2026-09-17T01:17:09.276Z,178960782927600
"""Stevo @ kI2bCqDOyl"" calls 100",2026-09-17T01:17:08.364Z,178960782836400
"""peelic @ vOeqrOXpLT"" bets 100",2026-09-17T01:17:06.109Z,178960782610900
"River: 10♦, 8♣, 6♣, 7♦ [3♠]",2026-09-17T01:16:58.480Z,178960781848000
"""arash @ 21jHaBYWIi"" folds",2026-09-17T01:16:57.643Z,178960781764300
"""goeroge @ _sqcLETZ0C"" folds",2026-09-17T01:16:55.902Z,178960781590200
"""Stevo @ kI2bCqDOyl"" calls 75",2026-09-17T01:16:55.054Z,178960781505400
"""peelic @ vOeqrOXpLT"" bets 75",2026-09-17T01:16:53.714Z,178960781371400
"""arash @ 21jHaBYWIi"" checks",2026-09-17T01:16:48.274Z,178960780827400
"Turn: 10♦, 8♣, 6♣ [7♦]",2026-09-17T01:16:44.840Z,178960780484000
"""goeroge @ _sqcLETZ0C"" checks",2026-09-17T01:16:43.895Z,178960780389500
"""Stevo @ kI2bCqDOyl"" checks",2026-09-17T01:16:43.042Z,178960780304200
"""peelic @ vOeqrOXpLT"" checks",2026-09-17T01:16:42.076Z,178960780207600
"""arash @ 21jHaBYWIi"" checks",2026-09-17T01:16:41.141Z,178960780114100
"Flop:  [10♦, 8♣, 6♣]",2026-09-17T01:16:32.386Z,178960779238600
"""peelic @ vOeqrOXpLT"" checks",2026-09-17T01:16:31.511Z,178960779151100
"""arash @ 21jHaBYWIi"" calls 20",2026-09-17T01:16:30.665Z,178960779066500
"""Jonah @ xrBY5OZYCv"" folds",2026-09-17T01:16:24.290Z,178960778429000
"""goeroge @ _sqcLETZ0C"" calls 20",2026-09-17T01:16:23.396Z,178960778339600
"""Stevo @ kI2bCqDOyl"" calls 20",2026-09-17T01:16:22.009Z,178960778200900
"""peelic @ vOeqrOXpLT"" posts a big blind of 20",2026-09-17T01:16:20.982Z,178960778098208
"""arash @ 21jHaBYWIi"" posts a small blind of 10",2026-09-17T01:16:20.982Z,178960778098207
"Your hand is A♦, 9♠",2026-09-17T01:16:20.982Z,178960778098205
"Player stacks: #1 ""Jonah @ xrBY5OZYCv"" (870) | #5 ""arash @ 21jHaBYWIi"" (885) | #6 ""peelic @ vOeqrOXpLT"" (995) | #7 ""Stevo @ kI2bCqDOyl"" (1030) | #9 ""goeroge @ _sqcLETZ0C"" (1220)",2026-09-17T01:16:20.982Z,178960778098201
"-- starting hand #45 (id: 1p9aekkpupnh)  No Limit Texas Hold'em (dealer: ""Jonah @ xrBY5OZYCv"") --",2026-09-17T01:16:20.982Z,178960778098200
"""goeroge @ _sqcLETZ0C"" shows a 5♠, K♠.",2026-09-17T01:16:17.567Z,178960777756700
"-- ending hand #44 --",2026-09-17T01:16:17.237Z,178960777723702
"""arash @ 21jHaBYWIi"" collected 220 from pot",2026-09-17T01:16:17.237Z,178960777723701
"Uncalled bet of 120 returned to ""arash @ 21jHaBYWIi""",2026-09-17T01:16:17.237Z,178960777723700
"""Jonah @ xrBY5OZYCv"" folds",2026-09-17T01:16:16.427Z,178960777642700
"""arash @ 21jHaBYWIi"" bets 120",2026-09-17T01:16:15.485Z,178960777548500
"""Jonah @ xrBY5OZYCv"" checks",2026-09-17T01:16:12.343Z,178960777234300
"River: 10♠, K♦, 9♦, 8♠ [10♥]",2026-09-17T01:16:10.169Z,178960777016900
"""Jonah @ xrBY5OZYCv"" calls 40",2026-09-17T01:16:09.320Z,178960776932000
"""goeroge @ _sqcLETZ0C"" folds",2026-09-17T01:16:01.779Z,178960776177900
"""arash @ 21jHaBYWIi"" bets 40",2026-09-17T01:15:58.148Z,178960775814800
"""Jonah @ xrBY5OZYCv"" checks",2026-09-17T01:15:52.936Z,178960775293600
"Turn: 10♠, K♦, 9♦ [8♠]",2026-09-17T01:15:46.911Z,178960774691100
"""Jonah @ xrBY5OZYCv"" calls 20",2026-09-17T01:15:46.086Z,178960774608600
"""goeroge @ _sqcLETZ0C"" calls 20",2026-09-17T01:15:43.788Z,178960774378800
"""peelic @ vOeqrOXpLT"" folds",2026-09-17T01:15:39.101Z,178960773910100
"""arash @ 21jHaBYWIi"" bets 20",2026-09-17T01:15:31.751Z,178960773175100
"""Jonah @ xrBY5OZYCv"" checks",2026-09-17T01:15:28.577Z,178960772857700
"Flop:  [10♠, K♦, 9♦]",2026-09-17T01:15:25.982Z,178960772598200
"""arash @ 21jHaBYWIi"" checks",2026-09-17T01:15:25.091Z,178960772509100
"""Jonah @ xrBY5OZYCv"" calls 20",2026-09-17T01:15:21.828Z,178960772182800
"""goeroge @ _sqcLETZ0C"" calls 20",2026-09-17T01:15:20.900Z,178960772090000
"""Stevo @ kI2bCqDOyl"" folds",2026-09-17T01:15:20.046Z,178960772004600
"""peelic @ vOeqrOXpLT"" calls 20",2026-09-17T01:15:19.039Z,178960771903900
"""arash @ 21jHaBYWIi"" posts a big blind of 20",2026-09-17T01:15:15.233Z,178960771523308
"""Jonah @ xrBY5OZYCv"" posts a small blind of 10",2026-09-17T01:15:15.233Z,178960771523307
"Your hand is 8♦, 2♣",2026-09-17T01:15:15.233Z,178960771523305
"Player stacks: #1 ""Jonah @ xrBY5OZYCv"" (950) | #5 ""arash @ 21jHaBYWIi"" (745) | #6 ""peelic @ vOeqrOXpLT"" (1015) | #7 ""Stevo @ kI2bCqDOyl"" (1030) | #9 ""goeroge @ _sqcLETZ0C"" (1260)",2026-09-17T01:15:15.233Z,178960771523301
"-- starting hand #44 (id: j79eyfk0hvg5)  No Limit Texas Hold'em (dealer: ""goeroge @ _sqcLETZ0C"") --",2026-09-17T01:15:15.233Z,178960771523300
"""Stevo @ kI2bCqDOyl"" shows a 5♣, 4♦.",2026-09-17T01:15:12.343Z,178960771234300
"-- ending hand #43 --",2026-09-17T01:15:11.565Z,178960771156502
"""arash @ 21jHaBYWIi"" collected 60 from pot",2026-09-17T01:15:11.565Z,178960771156501
"Uncalled bet of 60 returned to ""arash @ 21jHaBYWIi""",2026-09-17T01:15:11.565Z,178960771156500
"""Jonah @ xrBY5OZYCv"" folds",2026-09-17T01:15:10.699Z,178960771069900
"""goeroge @ _sqcLETZ0C"" folds",2026-09-17T01:15:09.813Z,178960770981300
"""arash @ 21jHaBYWIi"" bets 60",2026-09-17T01:15:06.562Z,178960770656200
"""Jonah @ xrBY5OZYCv"" checks",2026-09-17T01:14:58.755Z,178960769875500
"""goeroge @ _sqcLETZ0C"" checks",2026-09-17T01:14:57.242Z,178960769724200
"River: 10♣, 8♠, 3♣, 6♠ [2♦]",2026-09-17T01:14:56.066Z,178960769606600
"""arash @ 21jHaBYWIi"" checks",2026-09-17T01:14:55.170Z,178960769517000
"""Jonah @ xrBY5OZYCv"" checks",2026-09-17T01:14:54.182Z,178960769418200
"""goeroge @ _sqcLETZ0C"" checks",2026-09-17T01:14:53.256Z,178960769325600
"Turn: 10♣, 8♠, 3♣ [6♠]",2026-09-17T01:14:52.070Z,178960769207000
"""arash @ 21jHaBYWIi"" checks",2026-09-17T01:14:51.188Z,178960769118800
"""Jonah @ xrBY5OZYCv"" checks",2026-09-17T01:14:50.109Z,178960769010900
"""goeroge @ _sqcLETZ0C"" checks",2026-09-17T01:14:49.158Z,178960768915800
"Flop:  [10♣, 8♠, 3♣]",2026-09-17T01:14:44.054Z,178960768405400
"""Jonah @ xrBY5OZYCv"" checks",2026-09-17T01:14:43.139Z,178960768313900
"""goeroge @ _sqcLETZ0C"" calls 20",2026-09-17T01:14:42.282Z,178960768228200
"""Stevo @ kI2bCqDOyl"" folds",2026-09-17T01:14:41.394Z,178960768139400
"""peelic @ vOeqrOXpLT"" folds",2026-09-17T01:14:40.336Z,178960768033600
"""arash @ 21jHaBYWIi"" calls 20",2026-09-17T01:14:32.373Z,178960767237300
"""Jonah @ xrBY5OZYCv"" posts a big blind of 20",2026-09-17T01:14:30.657Z,178960767065708
"""goeroge @ _sqcLETZ0C"" posts a small blind of 10",2026-09-17T01:14:30.657Z,178960767065707
"Your hand is 5♣, 4♦",2026-09-17T01:14:30.657Z,178960767065705
"Player stacks: #1 ""Jonah @ xrBY5OZYCv"" (970) | #5 ""arash @ 21jHaBYWIi"" (705) | #6 ""peelic @ vOeqrOXpLT"" (1015) | #7 ""Stevo @ kI2bCqDOyl"" (1030) | #9 ""goeroge @ _sqcLETZ0C"" (1280)",2026-09-17T01:14:30.657Z,178960767065701
"-- starting hand #43 (id: ilh4ypksicvd)  No Limit Texas Hold'em (dealer: ""Stevo @ kI2bCqDOyl"") --",2026-09-17T01:14:30.657Z,178960767065700
"-- ending hand #42 --",2026-09-17T01:14:24.640Z,178960766464002
"""goeroge @ _sqcLETZ0C"" collected 180 from pot with Flush, A High (combination: 3♣, 4♣, 9♣, Q♣, A♣)",2026-09-17T01:14:24.640Z,178960766464001
"""goeroge @ _sqcLETZ0C"" shows a 3♣, A♣.",2026-09-17T01:14:24.640Z,178960766464000
"""Stevo @ kI2bCqDOyl"" folds",2026-09-17T01:14:23.802Z,178960766380200
"""peelic @ vOeqrOXpLT"" folds",2026-09-17T01:14:22.840Z,178960766284000
"""arash @ 21jHaBYWIi"" calls 40",2026-09-17T01:14:11.996Z,178960765199600
"""Jonah @ xrBY5OZYCv"" folds",2026-09-17T01:14:06.806Z,178960764680600
"""goeroge @ _sqcLETZ0C"" bets 40",2026-09-17T01:14:05.721Z,178960764572100
"""Stevo @ kI2bCqDOyl"" checks",2026-09-17T01:13:59.127Z,178960763912700
"River: 10♠, 6♥, 9♣, 4♣ [Q♣]",2026-09-17T01:13:57.888Z,178960763788800
"""peelic @ vOeqrOXpLT"" checks",2026-09-17T01:13:57.075Z,178960763707500
"""arash @ 21jHaBYWIi"" checks",2026-09-17T01:13:56.234Z,178960763623400
"""Jonah @ xrBY5OZYCv"" checks",2026-09-17T01:13:51.088Z,178960763108800
"""goeroge @ _sqcLETZ0C"" checks",2026-09-17T01:13:50.199Z,178960763019900
"""Stevo @ kI2bCqDOyl"" checks",2026-09-17T01:13:45.159Z,178960762515900
"Turn: 10♠, 6♥, 9♣ [4♣]",2026-09-17T01:13:42.788Z,178960762278800
"""peelic @ vOeqrOXpLT"" checks",2026-09-17T01:13:41.941Z,178960762194100
"""arash @ 21jHaBYWIi"" checks",2026-09-17T01:13:34.411Z,178960761441100
"""Jonah @ xrBY5OZYCv"" checks",2026-09-17T01:13:32.876Z,178960761287600
"""goeroge @ _sqcLETZ0C"" checks",2026-09-17T01:13:32.010Z,178960761201000
"""Stevo @ kI2bCqDOyl"" checks",2026-09-17T01:13:28.691Z,178960760869100
"Flop:  [10♠, 6♥, 9♣]",2026-09-17T01:13:26.623Z,178960760662300
"""goeroge @ _sqcLETZ0C"" checks",2026-09-17T01:13:25.806Z,178960760580600
"""Stevo @ kI2bCqDOyl"" calls 20",2026-09-17T01:13:24.970Z,178960760497000
"""peelic @ vOeqrOXpLT"" calls 20",2026-09-17T01:13:24.002Z,178960760400200
"""arash @ 21jHaBYWIi"" calls 20",2026-09-17T01:13:23.164Z,178960760316400
"""Jonah @ xrBY5OZYCv"" calls 20",2026-09-17T01:13:12.283Z,178960759228300
"""goeroge @ _sqcLETZ0C"" posts a big blind of 20",2026-09-17T01:13:08.349Z,178960758834908
"""Stevo @ kI2bCqDOyl"" posts a small blind of 10",2026-09-17T01:13:08.349Z,178960758834907
"Your hand is K♠, 8♥",2026-09-17T01:13:08.349Z,178960758834905
"Player stacks: #1 ""Jonah @ xrBY5OZYCv"" (990) | #5 ""arash @ 21jHaBYWIi"" (765) | #6 ""peelic @ vOeqrOXpLT"" (1035) | #7 ""Stevo @ kI2bCqDOyl"" (1050) | #9 ""goeroge @ _sqcLETZ0C"" (1160)",2026-09-17T01:13:08.349Z,178960758834901
"-- starting hand #42 (id: 47wt0wgbj3vj)  No Limit Texas Hold'em (dealer: ""peelic @ vOeqrOXpLT"") --",2026-09-17T01:13:08.349Z,178960758834900
"-- ending hand #41 --",2026-09-17T01:13:02.331Z,178960758233102
"""Stevo @ kI2bCqDOyl"" collected 330 from pot with Two Pair, J's & 6's (combination: Q♥, 6♠, 6♣, J♥, J♣)",2026-09-17T01:13:02.331Z,178960758233101
"""Stevo @ kI2bCqDOyl"" shows a 6♠, J♥.",2026-09-17T01:13:02.331Z,178960758233100
"""peelic @ vOeqrOXpLT"" calls 50",2026-09-17T01:13:01.513Z,178960758151300
"""arash @ 21jHaBYWIi"" folds",2026-09-17T01:12:54.480Z,178960757448000
"""Stevo @ kI2bCqDOyl"" bets 50",2026-09-17T01:12:49.369Z,178960756936900
"""peelic @ vOeqrOXpLT"" checks",2026-09-17T01:12:45.590Z,178960756559000
"River: 2♠, 9♦, 6♣, J♣ [Q♥]",2026-09-17T01:12:43.586Z,178960756358600
"""peelic @ vOeqrOXpLT"" calls 50",2026-09-17T01:12:42.748Z,178960756274800
"""arash @ 21jHaBYWIi"" calls 50",2026-09-17T01:12:35.333Z,178960755533300
"""goeroge @ _sqcLETZ0C"" folds",2026-09-17T01:12:30.446Z,178960755044600
"""Stevo @ kI2bCqDOyl"" raises to 50",2026-09-17T01:12:22.755Z,178960754275500
"""peelic @ vOeqrOXpLT"" bets 25",2026-09-17T01:12:19.366Z,178960753936600
"Turn: 2♠, 9♦, 6♣ [J♣]",2026-09-17T01:12:14.452Z,178960753445200
"""arash @ 21jHaBYWIi"" checks",2026-09-17T01:12:13.581Z,178960753358100
"""goeroge @ _sqcLETZ0C"" checks",2026-09-17T01:12:11.661Z,178960753166100
"""Stevo @ kI2bCqDOyl"" checks",2026-09-17T01:12:07.787Z,178960752778700
"""peelic @ vOeqrOXpLT"" checks",2026-09-17T01:12:06.822Z,178960752682200
"Flop:  [2♠, 9♦, 6♣]",2026-09-17T01:12:04.424Z,178960752442400
"""Stevo @ kI2bCqDOyl"" checks",2026-09-17T01:12:03.606Z,178960752360600
"""peelic @ vOeqrOXpLT"" calls 20",2026-09-17T01:12:02.597Z,178960752259700
"""arash @ 21jHaBYWIi"" calls 20",2026-09-17T01:12:01.544Z,178960752154400
"""Jonah @ xrBY5OZYCv"" folds",2026-09-17T01:12:00.529Z,178960752052900
"""goeroge @ _sqcLETZ0C"" calls 20",2026-09-17T01:11:59.642Z,178960751964200
"""Stevo @ kI2bCqDOyl"" posts a big blind of 20",2026-09-17T01:11:57.240Z,178960751724008
"""peelic @ vOeqrOXpLT"" posts a small blind of 10",2026-09-17T01:11:57.240Z,178960751724007
"Your hand is 6♠, J♥",2026-09-17T01:11:57.240Z,178960751724005
"Player stacks: #1 ""Jonah @ xrBY5OZYCv"" (990) | #5 ""arash @ 21jHaBYWIi"" (835) | #6 ""peelic @ vOeqrOXpLT"" (1155) | #7 ""Stevo @ kI2bCqDOyl"" (840) | #9 ""goeroge @ _sqcLETZ0C"" (1180)",2026-09-17T01:11:57.240Z,178960751724001
"-- starting hand #41 (id: 0x2ppo8rii75)  No Limit Texas Hold'em (dealer: ""arash @ 21jHaBYWIi"") --",2026-09-17T01:11:57.240Z,178960751724000
"Undealt cards: Q♠, 8♦, 4♣, 9♠ [3♣]",2026-09-17T01:11:52.817Z,178960751281700
"-- ending hand #40 --",2026-09-17T01:11:51.275Z,178960751127502
"""Stevo @ kI2bCqDOyl"" collected 140 from pot",2026-09-17T01:11:51.275Z,178960751127501
"Uncalled bet of 40 returned to ""Stevo @ kI2bCqDOyl""",2026-09-17T01:11:51.275Z,178960751127500
"""peelic @ vOeqrOXpLT"" folds",2026-09-17T01:11:50.429Z,178960751042900
"""arash @ 21jHaBYWIi"" folds",2026-09-17T01:11:45.660Z,178960750566000
"""Stevo @ kI2bCqDOyl"" bets 40",2026-09-17T01:11:36.650Z,178960749665000
"""peelic @ vOeqrOXpLT"" checks",2026-09-17T01:11:34.273Z,178960749427300
"""arash @ 21jHaBYWIi"" checks",2026-09-17T01:11:30.574Z,178960749057400
"Turn: Q♠, 8♦, 4♣ [9♠]",2026-09-17T01:11:25.401Z,178960748540100
"""peelic @ vOeqrOXpLT"" calls 20",2026-09-17T01:11:24.575Z,178960748457500
"""arash @ 21jHaBYWIi"" calls 20",2026-09-17T01:11:22.035Z,178960748203500
"""goeroge @ _sqcLETZ0C"" folds",2026-09-17T01:11:13.889Z,178960747388900
"""Stevo @ kI2bCqDOyl"" bets 20",2026-09-17T01:11:06.138Z,178960746613800
"""peelic @ vOeqrOXpLT"" checks",2026-09-17T01:11:04.873Z,178960746487300
"""arash @ 21jHaBYWIi"" checks",2026-09-17T01:11:01.309Z,178960746130900
"Flop:  [Q♠, 8♦, 4♣]",2026-09-17T01:10:59.752Z,178960745975200
"""peelic @ vOeqrOXpLT"" checks",2026-09-17T01:10:58.799Z,178960745879900
"""arash @ 21jHaBYWIi"" calls 20",2026-09-17T01:10:57.951Z,178960745795100
"""Jonah @ xrBY5OZYCv"" folds",2026-09-17T01:10:51.194Z,178960745119400
"""goeroge @ _sqcLETZ0C"" calls 20",2026-09-17T01:10:50.195Z,178960745019500
"""Stevo @ kI2bCqDOyl"" calls 20",2026-09-17T01:10:49.363Z,178960744936300
"""peelic @ vOeqrOXpLT"" posts a big blind of 20",2026-09-17T01:10:47.753Z,178960744775308
"""arash @ 21jHaBYWIi"" posts a small blind of 10",2026-09-17T01:10:47.753Z,178960744775307
"Your hand is K♠, K♥",2026-09-17T01:10:47.753Z,178960744775305
"Player stacks: #1 ""Jonah @ xrBY5OZYCv"" (990) | #5 ""arash @ 21jHaBYWIi"" (875) | #6 ""peelic @ vOeqrOXpLT"" (1195) | #7 ""Stevo @ kI2bCqDOyl"" (740) | #9 ""goeroge @ _sqcLETZ0C"" (1200)",2026-09-17T01:10:47.753Z,178960744775301
"-- starting hand #40 (id: sb4rsw4saxrh)  No Limit Texas Hold'em (dealer: ""Jonah @ xrBY5OZYCv"") --",2026-09-17T01:10:47.753Z,178960744775300
"-- ending hand #39 --",2026-09-17T01:10:41.741Z,178960744174104
"""peelic @ vOeqrOXpLT"" collected 35 from pot with A High (combination: 5♥, 6♠, 7♥, 10♠, A♠)",2026-09-17T01:10:41.741Z,178960744174103
"""arash @ 21jHaBYWIi"" collected 35 from pot with A High (combination: 5♣, 6♠, 7♥, 10♠, A♣)",2026-09-17T01:10:41.741Z,178960744174102
"""peelic @ vOeqrOXpLT"" shows a 5♥, A♠.",2026-09-17T01:10:41.741Z,178960744174101
"""arash @ 21jHaBYWIi"" shows a A♣, 5♣.",2026-09-17T01:10:41.741Z,178960744174100
"""Stevo @ kI2bCqDOyl"" checks",2026-09-17T01:10:40.930Z,178960744093000
"""peelic @ vOeqrOXpLT"" checks",2026-09-17T01:10:39.964Z,178960743996400
"""arash @ 21jHaBYWIi"" checks",2026-09-17T01:10:37.117Z,178960743711700
"River: 7♥, 2♥, 3♥, 10♠ [6♠]",2026-09-17T01:10:30.689Z,178960743068900
"""Stevo @ kI2bCqDOyl"" checks",2026-09-17T01:10:29.836Z,178960742983600
"""peelic @ vOeqrOXpLT"" checks",2026-09-17T01:10:28.827Z,178960742882700
"""arash @ 21jHaBYWIi"" checks",2026-09-17T01:10:26.194Z,178960742619400
"Turn: 7♥, 2♥, 3♥ [10♠]",2026-09-17T01:10:22.480Z,178960742248000
"""Stevo @ kI2bCqDOyl"" checks",2026-09-17T01:10:21.612Z,178960742161200
"""peelic @ vOeqrOXpLT"" checks",2026-09-17T01:10:20.578Z,178960742057800
"""arash @ 21jHaBYWIi"" checks",2026-09-17T01:10:18.223Z,178960741822300
"Flop:  [7♥, 2♥, 3♥]",2026-09-17T01:10:13.272Z,178960741327200
"""arash @ 21jHaBYWIi"" checks",2026-09-17T01:10:12.460Z,178960741246000
"""Jonah @ xrBY5OZYCv"" folds",2026-09-17T01:10:11.515Z,178960741151500
"""goeroge @ _sqcLETZ0C"" folds",2026-09-17T01:10:10.580Z,178960741058000
"""Stevo @ kI2bCqDOyl"" calls 20",2026-09-17T01:10:09.691Z,178960740969100
"""peelic @ vOeqrOXpLT"" calls 20",2026-09-17T01:10:08.721Z,178960740872100
"""arash @ 21jHaBYWIi"" posts a big blind of 20",2026-09-17T01:10:07.551Z,178960740755108
"""Jonah @ xrBY5OZYCv"" posts a small blind of 10",2026-09-17T01:10:07.551Z,178960740755107
"Your hand is J♦, K♠",2026-09-17T01:10:07.551Z,178960740755105
"Player stacks: #1 ""Jonah @ xrBY5OZYCv"" (1000) | #5 ""arash @ 21jHaBYWIi"" (860) | #6 ""peelic @ vOeqrOXpLT"" (1180) | #7 ""Stevo @ kI2bCqDOyl"" (760) | #9 ""goeroge @ _sqcLETZ0C"" (1200)",2026-09-17T01:10:07.551Z,178960740755101
"-- starting hand #39 (id: gf2znbcnbgh7)  No Limit Texas Hold'em (dealer: ""goeroge @ _sqcLETZ0C"") --",2026-09-17T01:10:07.551Z,178960740755100
"""Jonah @ xrBY5OZYCv"" shows a 7♣.",2026-09-17T01:10:04.808Z,178960740480800
"""goeroge @ _sqcLETZ0C"" shows a J♦, 6♣.",2026-09-17T01:10:03.281Z,178960740328100
"Undealt cards: J♣, K♣, 2♣ [Q♠, 10♣]",2026-09-17T01:10:01.490Z,178960740149000
"-- ending hand #38 --",2026-09-17T01:10:00.213Z,178960740021302
"""peelic @ vOeqrOXpLT"" collected 80 from pot",2026-09-17T01:10:00.213Z,178960740021301
"Uncalled bet of 60 returned to ""peelic @ vOeqrOXpLT""",2026-09-17T01:10:00.213Z,178960740021300
"""arash @ 21jHaBYWIi"" folds",2026-09-17T01:09:59.392Z,178960739939200
"""Jonah @ xrBY5OZYCv"" folds",2026-09-17T01:09:56.298Z,178960739629800
"""goeroge @ _sqcLETZ0C"" folds",2026-09-17T01:09:55.389Z,178960739538900
"""peelic @ vOeqrOXpLT"" bets 60",2026-09-17T01:09:50.325Z,178960739032500
"""arash @ 21jHaBYWIi"" checks",2026-09-17T01:09:47.616Z,178960738761600
"""Jonah @ xrBY5OZYCv"" checks",2026-09-17T01:09:42.389Z,178960738238900
"""goeroge @ _sqcLETZ0C"" checks",2026-09-17T01:09:41.508Z,178960738150800
"Flop:  [J♣, K♣, 2♣]",2026-09-17T01:09:38.817Z,178960737881700
"""Jonah @ xrBY5OZYCv"" checks",2026-09-17T01:09:37.987Z,178960737798700
"""goeroge @ _sqcLETZ0C"" calls 20",2026-09-17T01:09:37.089Z,178960737708900
"""Stevo @ kI2bCqDOyl"" folds",2026-09-17T01:09:34.446Z,178960737444600
"""peelic @ vOeqrOXpLT"" calls 20",2026-09-17T01:09:33.448Z,178960737344800
"""arash @ 21jHaBYWIi"" calls 20",2026-09-17T01:09:32.579Z,178960737257900
"""Jonah @ xrBY5OZYCv"" posts a big blind of 20",2026-09-17T01:09:28.950Z,178960736895008
"""goeroge @ _sqcLETZ0C"" posts a small blind of 10",2026-09-17T01:09:28.950Z,178960736895007
"Your hand is 2♦, 6♠",2026-09-17T01:09:28.950Z,178960736895005
"Player stacks: #1 ""Jonah @ xrBY5OZYCv"" (1020) | #5 ""arash @ 21jHaBYWIi"" (880) | #6 ""peelic @ vOeqrOXpLT"" (1120) | #7 ""Stevo @ kI2bCqDOyl"" (760) | #9 ""goeroge @ _sqcLETZ0C"" (1220)",2026-09-17T01:09:28.950Z,178960736895001
"-- starting hand #38 (id: h2okny8e16ym)  No Limit Texas Hold'em (dealer: ""Stevo @ kI2bCqDOyl"") --",2026-09-17T01:09:28.950Z,178960736895000
"""Stevo @ kI2bCqDOyl"" shows a 6♦.",2026-09-17T01:09:23.314Z,178960736331400
"-- ending hand #37 --",2026-09-17T01:09:22.407Z,178960736240702
"""peelic @ vOeqrOXpLT"" collected 360 from pot with Two Pair, 10's & 9's (combination: Q♠, 9♣, 9♦, 10♥, 10♠)",2026-09-17T01:09:22.407Z,178960736240701
"""peelic @ vOeqrOXpLT"" shows a 9♣, 10♥.",2026-09-17T01:09:22.407Z,178960736240700
"""arash @ 21jHaBYWIi"" calls 70",2026-09-17T01:09:21.562Z,178960736156200
"""peelic @ vOeqrOXpLT"" bets 70",2026-09-17T01:09:20.363Z,178960736036300
"""arash @ 21jHaBYWIi"" checks",2026-09-17T01:09:13.078Z,178960735307800
"River: 9♦, Q♠, 6♠, 10♠ [6♥]",2026-09-17T01:09:10.275Z,178960735027500
"""arash @ 21jHaBYWIi"" calls 40",2026-09-17T01:09:09.430Z,178960734943000
"""Stevo @ kI2bCqDOyl"" folds",2026-09-17T01:09:07.257Z,178960734725700
"""peelic @ vOeqrOXpLT"" bets 40",2026-09-17T01:09:05.631Z,178960734563100
"""arash @ 21jHaBYWIi"" checks",2026-09-17T01:08:59.780Z,178960733978000
"""Stevo @ kI2bCqDOyl"" checks",2026-09-17T01:08:56.940Z,178960733694000
"Turn: 9♦, Q♠, 6♠ [10♠]",2026-09-17T01:08:55.488Z,178960733548800
"""peelic @ vOeqrOXpLT"" calls 20",2026-09-17T01:08:54.663Z,178960733466300
"""arash @ 21jHaBYWIi"" calls 20",2026-09-17T01:08:53.822Z,178960733382200
"""goeroge @ _sqcLETZ0C"" folds",2026-09-17T01:08:48.498Z,178960732849800
"""Stevo @ kI2bCqDOyl"" bets 20",2026-09-17T01:08:46.394Z,178960732639400
"Flop:  [9♦, Q♠, 6♠]",2026-09-17T01:08:44.881Z,178960732488100
"""goeroge @ _sqcLETZ0C"" checks",2026-09-17T01:08:44.021Z,178960732402100
"""Stevo @ kI2bCqDOyl"" calls 20",2026-09-17T01:08:43.142Z,178960732314200
"""peelic @ vOeqrOXpLT"" calls 20",2026-09-17T01:08:42.138Z,178960732213800
"""arash @ 21jHaBYWIi"" calls 20",2026-09-17T01:08:41.216Z,178960732121600
"""Jonah @ xrBY5OZYCv"" folds",2026-09-17T01:08:40.221Z,178960732022100
"""goeroge @ _sqcLETZ0C"" posts a big blind of 20",2026-09-17T01:08:38.680Z,178960731868008
"""Stevo @ kI2bCqDOyl"" posts a small blind of 10",2026-09-17T01:08:38.680Z,178960731868007
"Your hand is K♣, 6♦",2026-09-17T01:08:38.680Z,178960731868005
"Player stacks: #1 ""Jonah @ xrBY5OZYCv"" (1020) | #5 ""arash @ 21jHaBYWIi"" (1030) | #6 ""peelic @ vOeqrOXpLT"" (910) | #7 ""Stevo @ kI2bCqDOyl"" (800) | #9 ""goeroge @ _sqcLETZ0C"" (1240)",2026-09-17T01:08:38.680Z,178960731868001
"-- starting hand #37 (id: 5ecq1jgzhpcn)  No Limit Texas Hold'em (dealer: ""peelic @ vOeqrOXpLT"") --",2026-09-17T01:08:38.680Z,178960731868000
"-- ending hand #36 --",2026-09-17T01:08:32.668Z,178960731266803
"""goeroge @ _sqcLETZ0C"" collected 420 from pot with Two Pair, K's & J's (combination: 8♥, J♥, J♠, K♥, K♠)",2026-09-17T01:08:32.668Z,178960731266802
"""goeroge @ _sqcLETZ0C"" shows a J♥, K♥.",2026-09-17T01:08:32.668Z,178960731266801
"""Stevo @ kI2bCqDOyl"" shows a A♣, K♣.",2026-09-17T01:08:32.668Z,178960731266800
"""peelic @ vOeqrOXpLT"" calls 40",2026-09-17T01:08:31.811Z,178960731181100
"""goeroge @ _sqcLETZ0C"" calls 40",2026-09-17T01:08:30.919Z,178960731091900
"""Stevo @ kI2bCqDOyl"" bets 40",2026-09-17T01:08:26.847Z,178960730684700
"""peelic @ vOeqrOXpLT"" checks",2026-09-17T01:08:24.181Z,178960730418100
"River: 7♦, 7♥, K♠, 8♥ [J♠]",2026-09-17T01:08:21.980Z,178960730198000
"""goeroge @ _sqcLETZ0C"" calls 30",2026-09-17T01:08:21.113Z,178960730111300
"""Stevo @ kI2bCqDOyl"" calls 30",2026-09-17T01:08:12.817Z,178960729281700
"""peelic @ vOeqrOXpLT"" bets 30",2026-09-17T01:08:11.539Z,178960729153900
"Turn: 7♦, 7♥, K♠ [8♥]",2026-09-17T01:08:04.957Z,178960728495700
"""goeroge @ _sqcLETZ0C"" calls 30",2026-09-17T01:08:04.143Z,178960728414300
"""Stevo @ kI2bCqDOyl"" calls 30",2026-09-17T01:08:02.901Z,178960728290100
"""peelic @ vOeqrOXpLT"" bets 30",2026-09-17T01:08:01.892Z,178960728189200
"Flop:  [7♦, 7♥, K♠]",2026-09-17T01:07:57.912Z,178960727791200
"""peelic @ vOeqrOXpLT"" calls 40",2026-09-17T01:07:57.040Z,178960727704000
"""goeroge @ _sqcLETZ0C"" calls 40",2026-09-17T01:07:55.788Z,178960727578800
"""Stevo @ kI2bCqDOyl"" raises to 40",2026-09-17T01:07:53.161Z,178960727316100
"""peelic @ vOeqrOXpLT"" calls 20",2026-09-17T01:07:51.336Z,178960727133600
"""arash @ 21jHaBYWIi"" folds",2026-09-17T01:07:50.422Z,178960727042200
"""Jonah @ xrBY5OZYCv"" folds",2026-09-17T01:07:45.152Z,178960726515200
"""goeroge @ _sqcLETZ0C"" calls 20",2026-09-17T01:07:44.285Z,178960726428500
"""Stevo @ kI2bCqDOyl"" posts a big blind of 20",2026-09-17T01:07:42.904Z,178960726290408
"""peelic @ vOeqrOXpLT"" posts a small blind of 10",2026-09-17T01:07:42.904Z,178960726290407
"Your hand is A♣, K♣",2026-09-17T01:07:42.904Z,178960726290405
"Player stacks: #1 ""Jonah @ xrBY5OZYCv"" (1020) | #5 ""arash @ 21jHaBYWIi"" (1030) | #6 ""peelic @ vOeqrOXpLT"" (1050) | #7 ""Stevo @ kI2bCqDOyl"" (940) | #9 ""goeroge @ _sqcLETZ0C"" (960)",2026-09-17T01:07:42.904Z,178960726290401
"-- starting hand #36 (id: 0zn0eotd8zvh)  No Limit Texas Hold'em (dealer: ""arash @ 21jHaBYWIi"") --",2026-09-17T01:07:42.904Z,178960726290400
"Undealt cards: Q♦, 5♠, 8♦, 2♣ [J♥]",2026-09-17T01:07:37.972Z,178960725797200
"-- ending hand #35 --",2026-09-17T01:07:36.979Z,178960725697902
"""peelic @ vOeqrOXpLT"" collected 60 from pot",2026-09-17T01:07:36.979Z,178960725697901
"Uncalled bet of 80 returned to ""peelic @ vOeqrOXpLT""",2026-09-17T01:07:36.979Z,178960725697900
"""arash @ 21jHaBYWIi"" folds",2026-09-17T01:07:36.098Z,178960725609800
"""Stevo @ kI2bCqDOyl"" folds",2026-09-17T01:07:25.548Z,178960724554800
"""peelic @ vOeqrOXpLT"" bets 80",2026-09-17T01:07:24.595Z,178960724459500
"""arash @ 21jHaBYWIi"" checks",2026-09-17T01:07:21.445Z,178960724144500
"Turn: Q♦, 5♠, 8♦ [2♣]",2026-09-17T01:07:12.748Z,178960723274800
"""Stevo @ kI2bCqDOyl"" checks",2026-09-17T01:07:11.889Z,178960723188900
"""peelic @ vOeqrOXpLT"" checks",2026-09-17T01:07:10.908Z,178960723090800
"""arash @ 21jHaBYWIi"" checks",2026-09-17T01:07:07.222Z,178960722722200
"Flop:  [Q♦, 5♠, 8♦]",2026-09-17T01:06:57.870Z,178960721787000
"""peelic @ vOeqrOXpLT"" checks",2026-09-17T01:06:57.011Z,178960721701100
"""arash @ 21jHaBYWIi"" calls 20",2026-09-17T01:06:56.173Z,178960721617300
"""Jonah @ xrBY5OZYCv"" folds",2026-09-17T01:06:55.222Z,178960721522200
"""goeroge @ _sqcLETZ0C"" folds",2026-09-17T01:06:54.298Z,178960721429800
"""Stevo @ kI2bCqDOyl"" calls 20",2026-09-17T01:06:48.548Z,178960720854800
"""peelic @ vOeqrOXpLT"" posts a big blind of 20",2026-09-17T01:06:47.374Z,178960720737408
"""arash @ 21jHaBYWIi"" posts a small blind of 10",2026-09-17T01:06:47.374Z,178960720737407
"Your hand is 9♣, J♣",2026-09-17T01:06:47.374Z,178960720737405
"Player stacks: #1 ""Jonah @ xrBY5OZYCv"" (1020) | #5 ""arash @ 21jHaBYWIi"" (1050) | #6 ""peelic @ vOeqrOXpLT"" (1010) | #7 ""Stevo @ kI2bCqDOyl"" (960) | #9 ""goeroge @ _sqcLETZ0C"" (960)",2026-09-17T01:06:47.374Z,178960720737401
"-- starting hand #35 (id: pixy7zlcdovn)  No Limit Texas Hold'em (dealer: ""Jonah @ xrBY5OZYCv"") --",2026-09-17T01:06:47.374Z,178960720737400
"-- ending hand #34 --",2026-09-17T01:06:44.454Z,178960720445402
"""Jonah @ xrBY5OZYCv"" collected 270 from pot",2026-09-17T01:06:44.454Z,178960720445401
"Uncalled bet of 50 returned to ""Jonah @ xrBY5OZYCv""",2026-09-17T01:06:44.454Z,178960720445400
"""arash @ 21jHaBYWIi"" folds",2026-09-17T01:06:43.588Z,178960720358800
"""Jonah @ xrBY5OZYCv"" bets 50",2026-09-17T01:06:42.418Z,178960720241800
"River: 10♣, 6♣, 2♥, 6♠ [8♠]",2026-09-17T01:06:37.156Z,178960719715600
"""Stevo @ kI2bCqDOyl"" folds",2026-09-17T01:06:36.298Z,178960719629800
"""arash @ 21jHaBYWIi"" calls 50",2026-09-17T01:06:35.304Z,178960719530400
"""Jonah @ xrBY5OZYCv"" bets 50",2026-09-17T01:06:25.982Z,178960718598200
"Turn: 10♣, 6♣, 2♥ [6♠]",2026-09-17T01:06:20.830Z,178960718083000
"""Stevo @ kI2bCqDOyl"" calls 30",2026-09-17T01:06:20.006Z,178960718000600
"""peelic @ vOeqrOXpLT"" folds",2026-09-17T01:06:18.996Z,178960717899600
"""arash @ 21jHaBYWIi"" calls 30",2026-09-17T01:06:13.915Z,178960717391500
"""Jonah @ xrBY5OZYCv"" bets 30",2026-09-17T01:06:12.688Z,178960717268800
"Flop:  [10♣, 6♣, 2♥]",2026-09-17T01:06:08.297Z,178960716829700
"""arash @ 21jHaBYWIi"" checks",2026-09-17T01:06:07.480Z,178960716748000
"""Jonah @ xrBY5OZYCv"" calls 20",2026-09-17T01:06:06.543Z,178960716654300
"""goeroge @ _sqcLETZ0C"" folds",2026-09-17T01:06:05.620Z,178960716562000
"""Stevo @ kI2bCqDOyl"" calls 20",2026-09-17T01:06:04.723Z,178960716472300
"""peelic @ vOeqrOXpLT"" calls 20",2026-09-17T01:06:03.745Z,178960716374500
"""arash @ 21jHaBYWIi"" posts a big blind of 20",2026-09-17T01:06:01.331Z,178960716133108
"""Jonah @ xrBY5OZYCv"" posts a small blind of 10",2026-09-17T01:06:01.331Z,178960716133107
"Your hand is 5♦, 5♣",2026-09-17T01:06:01.331Z,178960716133105
"Player stacks: #1 ""Jonah @ xrBY5OZYCv"" (850) | #5 ""arash @ 21jHaBYWIi"" (1150) | #6 ""peelic @ vOeqrOXpLT"" (1030) | #7 ""Stevo @ kI2bCqDOyl"" (1010) | #9 ""goeroge @ _sqcLETZ0C"" (960)",2026-09-17T01:06:01.331Z,178960716133101
"-- starting hand #34 (id: burwdqir09uj)  No Limit Texas Hold'em (dealer: ""goeroge @ _sqcLETZ0C"") --",2026-09-17T01:06:01.331Z,178960716133100
"-- ending hand #33 --",2026-09-17T01:05:55.279Z,178960715527903
"""goeroge @ _sqcLETZ0C"" collected 180 from pot with Pair, 10's (combination: 7♥, K♣, A♠, 10♥, 10♦)",2026-09-17T01:05:55.279Z,178960715527902
"""goeroge @ _sqcLETZ0C"" shows a K♣, 10♥.",2026-09-17T01:05:55.279Z,178960715527901
"""Stevo @ kI2bCqDOyl"" shows a 6♣, Q♣.",2026-09-17T01:05:55.279Z,178960715527900
"""arash @ 21jHaBYWIi"" folds",2026-09-17T01:05:54.443Z,178960715444300
"""goeroge @ _sqcLETZ0C"" calls 20",2026-09-17T01:05:47.735Z,178960714773500
"""Stevo @ kI2bCqDOyl"" bets 20",2026-09-17T01:05:45.099Z,178960714509900
"""arash @ 21jHaBYWIi"" checks",2026-09-17T01:05:43.184Z,178960714318400
"""goeroge @ _sqcLETZ0C"" checks",2026-09-17T01:05:42.217Z,178960714221700
"River: A♠, 6♦, 3♣, 7♥ [10♦]",2026-09-17T01:05:40.962Z,178960714096200
"""Stevo @ kI2bCqDOyl"" checks",2026-09-17T01:05:40.132Z,178960714013200
"""arash @ 21jHaBYWIi"" checks",2026-09-17T01:05:38.726Z,178960713872600
"""goeroge @ _sqcLETZ0C"" checks",2026-09-17T01:05:36.490Z,178960713649000
"Turn: A♠, 6♦, 3♣ [7♥]",2026-09-17T01:05:35.069Z,178960713506900
"""arash @ 21jHaBYWIi"" calls 20",2026-09-17T01:05:34.235Z,178960713423500
"""Jonah @ xrBY5OZYCv"" folds",2026-09-17T01:05:29.612Z,178960712961200
"""goeroge @ _sqcLETZ0C"" calls 20",2026-09-17T01:05:28.737Z,178960712873700
"""Stevo @ kI2bCqDOyl"" bets 20",2026-09-17T01:05:18.379Z,178960711837900
"""arash @ 21jHaBYWIi"" checks",2026-09-17T01:05:16.990Z,178960711699000
"""Jonah @ xrBY5OZYCv"" checks",2026-09-17T01:05:14.315Z,178960711431500
"""goeroge @ _sqcLETZ0C"" checks",2026-09-17T01:05:13.438Z,178960711343800
"Flop:  [A♠, 6♦, 3♣]",2026-09-17T01:05:09.153Z,178960710915300
"""Jonah @ xrBY5OZYCv"" checks",2026-09-17T01:05:08.293Z,178960710829300
"""goeroge @ _sqcLETZ0C"" calls 20",2026-09-17T01:05:07.375Z,178960710737500
"""Stevo @ kI2bCqDOyl"" calls 20",2026-09-17T01:05:03.506Z,178960710350600
"""peelic @ vOeqrOXpLT"" folds",2026-09-17T01:05:02.450Z,178960710245000
"""arash @ 21jHaBYWIi"" calls 20",2026-09-17T01:05:01.030Z,178960710103000
"""Jonah @ xrBY5OZYCv"" posts a big blind of 20",2026-09-17T01:04:58.812Z,178960709881208
"""goeroge @ _sqcLETZ0C"" posts a small blind of 10",2026-09-17T01:04:58.812Z,178960709881207
"Your hand is 6♣, Q♣",2026-09-17T01:04:58.812Z,178960709881205
"Player stacks: #1 ""Jonah @ xrBY5OZYCv"" (870) | #5 ""arash @ 21jHaBYWIi"" (1190) | #6 ""peelic @ vOeqrOXpLT"" (1030) | #7 ""Stevo @ kI2bCqDOyl"" (1070) | #9 ""goeroge @ _sqcLETZ0C"" (840)",2026-09-17T01:04:58.812Z,178960709881201
"-- starting hand #33 (id: 76hft8qs8ptl)  No Limit Texas Hold'em (dealer: ""Stevo @ kI2bCqDOyl"") --",2026-09-17T01:04:58.812Z,178960709881200
"-- ending hand #32 --",2026-09-17T01:04:55.815Z,178960709581502
"""Jonah @ xrBY5OZYCv"" collected 240 from pot",2026-09-17T01:04:55.815Z,178960709581501
"Uncalled bet of 50 returned to ""Jonah @ xrBY5OZYCv""",2026-09-17T01:04:55.815Z,178960709581500
"""goeroge @ _sqcLETZ0C"" folds",2026-09-17T01:04:54.962Z,178960709496200
"""Stevo @ kI2bCqDOyl"" folds",2026-09-17T01:04:49.619Z,178960708961900
"""peelic @ vOeqrOXpLT"" folds",2026-09-17T01:04:48.670Z,178960708867000
"""Jonah @ xrBY5OZYCv"" bets 50",2026-09-17T01:04:38.077Z,178960707807700
"""goeroge @ _sqcLETZ0C"" checks",2026-09-17T01:04:34.462Z,178960707446200
"""Stevo @ kI2bCqDOyl"" checks",2026-09-17T01:04:33.351Z,178960707335100
"River: Q♣, 5♥, 4♣, 10♣ [K♦]",2026-09-17T01:04:31.022Z,178960707102200
"""peelic @ vOeqrOXpLT"" calls 20",2026-09-17T01:04:30.187Z,178960707018700
"""Jonah @ xrBY5OZYCv"" calls 20",2026-09-17T01:04:24.911Z,178960706491100
"""goeroge @ _sqcLETZ0C"" calls 20",2026-09-17T01:04:23.993Z,178960706399300
"""Stevo @ kI2bCqDOyl"" bets 20",2026-09-17T01:04:15.229Z,178960705522900
"Turn: Q♣, 5♥, 4♣ [10♣]",2026-09-17T01:04:13.979Z,178960705397900
"""peelic @ vOeqrOXpLT"" calls 20",2026-09-17T01:04:13.085Z,178960705308500
"""Jonah @ xrBY5OZYCv"" calls 20",2026-09-17T01:04:12.227Z,178960705222700
"""goeroge @ _sqcLETZ0C"" calls 20",2026-09-17T01:04:11.327Z,178960705132700
"""Stevo @ kI2bCqDOyl"" bets 20",2026-09-17T01:04:06.185Z,178960704618500
"Flop:  [Q♣, 5♥, 4♣]",2026-09-17T01:04:05.174Z,178960704517400
"""goeroge @ _sqcLETZ0C"" checks",2026-09-17T01:04:04.266Z,178960704426600
"""Stevo @ kI2bCqDOyl"" calls 20",2026-09-17T01:04:03.394Z,178960704339400
"""peelic @ vOeqrOXpLT"" calls 20",2026-09-17T01:04:02.412Z,178960704241200
"""arash @ 21jHaBYWIi"" folds",2026-09-17T01:04:01.465Z,178960704146500
"""Jonah @ xrBY5OZYCv"" calls 20",2026-09-17T01:04:00.496Z,178960704049600
"""goeroge @ _sqcLETZ0C"" posts a big blind of 20",2026-09-17T01:03:57.194Z,178960703719408
"""Stevo @ kI2bCqDOyl"" posts a small blind of 10",2026-09-17T01:03:57.194Z,178960703719407
"Your hand is Q♥, J♦",2026-09-17T01:03:57.194Z,178960703719405
"Player stacks: #1 ""Jonah @ xrBY5OZYCv"" (690) | #5 ""arash @ 21jHaBYWIi"" (1190) | #6 ""peelic @ vOeqrOXpLT"" (1090) | #7 ""Stevo @ kI2bCqDOyl"" (1130) | #9 ""goeroge @ _sqcLETZ0C"" (900)",2026-09-17T01:03:57.194Z,178960703719401
"-- starting hand #32 (id: pipxdl6zrv5a)  No Limit Texas Hold'em (dealer: ""peelic @ vOeqrOXpLT"") --",2026-09-17T01:03:57.194Z,178960703719400
"""goeroge @ _sqcLETZ0C"" shows a A♠, 10♦.",2026-09-17T01:03:54.233Z,178960703423300
"Undealt cards: 3♠, 8♥, 9♥, Q♣ [7♣]",2026-09-17T01:03:52.008Z,178960703200800
"-- ending hand #31 --",2026-09-17T01:03:50.589Z,178960703058902
"""arash @ 21jHaBYWIi"" collected 80 from pot",2026-09-17T01:03:50.589Z,178960703058901
"Uncalled bet of 50 returned to ""arash @ 21jHaBYWIi""",2026-09-17T01:03:50.589Z,178960703058900
"""goeroge @ _sqcLETZ0C"" folds",2026-09-17T01:03:49.762Z,178960702976200
"""Stevo @ kI2bCqDOyl"" folds",2026-09-17T01:03:41.131Z,178960702113100
"""peelic @ vOeqrOXpLT"" folds",2026-09-17T01:03:40.171Z,178960702017100
"""arash @ 21jHaBYWIi"" bets 50",2026-09-17T01:03:35.685Z,178960701568500
"""goeroge @ _sqcLETZ0C"" checks",2026-09-17T01:03:29.861Z,178960700986100
"""Stevo @ kI2bCqDOyl"" checks",2026-09-17T01:03:25.105Z,178960700510500
"""peelic @ vOeqrOXpLT"" checks",2026-09-17T01:03:22.843Z,178960700284300
"Turn: 3♠, 8♥, 9♥ [Q♣]",2026-09-17T01:03:20.776Z,178960700077600
"""arash @ 21jHaBYWIi"" checks",2026-09-17T01:03:19.934Z,178960699993400
"""goeroge @ _sqcLETZ0C"" checks",2026-09-17T01:03:15.659Z,178960699565900
"""Stevo @ kI2bCqDOyl"" checks",2026-09-17T01:03:10.706Z,178960699070600
"""peelic @ vOeqrOXpLT"" checks",2026-09-17T01:03:09.737Z,178960698973700
"Flop:  [3♠, 8♥, 9♥]",2026-09-17T01:03:07.651Z,178960698765100
"""Stevo @ kI2bCqDOyl"" checks",2026-09-17T01:03:06.817Z,178960698681700
"""peelic @ vOeqrOXpLT"" calls 20",2026-09-17T01:03:05.839Z,178960698583900
"""arash @ 21jHaBYWIi"" calls 20",2026-09-17T01:03:04.997Z,178960698499700
"""Jonah @ xrBY5OZYCv"" folds",2026-09-17T01:03:01.541Z,178960698154100
"""goeroge @ _sqcLETZ0C"" calls 20",2026-09-17T01:03:00.622Z,178960698062200
"""Stevo @ kI2bCqDOyl"" posts a big blind of 20",2026-09-17T01:02:59.479Z,178960697947908
"""peelic @ vOeqrOXpLT"" posts a small blind of 10",2026-09-17T01:02:59.479Z,178960697947907
"Your hand is 7♠, 4♦",2026-09-17T01:02:59.479Z,178960697947905
"Player stacks: #1 ""Jonah @ xrBY5OZYCv"" (690) | #5 ""arash @ 21jHaBYWIi"" (1130) | #6 ""peelic @ vOeqrOXpLT"" (1110) | #7 ""Stevo @ kI2bCqDOyl"" (1150) | #9 ""goeroge @ _sqcLETZ0C"" (920)",2026-09-17T01:02:59.479Z,178960697947901
"-- starting hand #31 (id: y99bevhk1avn)  No Limit Texas Hold'em (dealer: ""arash @ 21jHaBYWIi"") --",2026-09-17T01:02:59.479Z,178960697947900
"""goeroge @ _sqcLETZ0C"" shows a 8♥, 4♣.",2026-09-17T01:02:54.144Z,178960697414400
"-- ending hand #30 --",2026-09-17T01:02:52.943Z,178960697294302
"""Stevo @ kI2bCqDOyl"" collected 120 from pot with Pair, 5's (combination: 7♠, 10♥, A♣, 5♠, 5♣)",2026-09-17T01:02:52.943Z,178960697294301
"""Stevo @ kI2bCqDOyl"" shows a A♣, 5♠.",2026-09-17T01:02:52.943Z,178960697294300
"""peelic @ vOeqrOXpLT"" calls 20",2026-09-17T01:02:52.079Z,178960697207900
"""arash @ 21jHaBYWIi"" folds",2026-09-17T01:02:50.199Z,178960697019900
"""Jonah @ xrBY5OZYCv"" folds",2026-09-17T01:02:39.226Z,178960695922600
"""Stevo @ kI2bCqDOyl"" bets 20",2026-09-17T01:02:38.339Z,178960695833900
"""peelic @ vOeqrOXpLT"" checks",2026-09-17T01:02:36.850Z,178960695685000
"""arash @ 21jHaBYWIi"" checks",2026-09-17T01:02:33.780Z,178960695378000
"River: 6♥, 5♣, 7♠, 10♥ [3♦]",2026-09-17T01:02:29.396Z,178960694939600
"""Jonah @ xrBY5OZYCv"" checks",2026-09-17T01:02:28.589Z,178960694858900
"""Stevo @ kI2bCqDOyl"" checks",2026-09-17T01:02:27.675Z,178960694767500
"""peelic @ vOeqrOXpLT"" checks",2026-09-17T01:02:26.699Z,178960694669900
"""arash @ 21jHaBYWIi"" checks",2026-09-17T01:02:18.463Z,178960693846300
"Turn: 6♥, 5♣, 7♠ [10♥]",2026-09-17T01:02:15.517Z,178960693551700
"""Jonah @ xrBY5OZYCv"" checks",2026-09-17T01:02:14.616Z,178960693461600
"""Stevo @ kI2bCqDOyl"" checks",2026-09-17T01:02:13.714Z,178960693371400
"""peelic @ vOeqrOXpLT"" checks",2026-09-17T01:02:12.724Z,178960693272400
"""arash @ 21jHaBYWIi"" checks",2026-09-17T01:02:11.240Z,178960693124000
"Flop:  [6♥, 5♣, 7♠]",2026-09-17T01:02:07.766Z,178960692776600
"""peelic @ vOeqrOXpLT"" checks",2026-09-17T01:02:06.931Z,178960692693100
"""arash @ 21jHaBYWIi"" calls 20",2026-09-17T01:02:03.620Z,178960692362000
"""Jonah @ xrBY5OZYCv"" calls 20",2026-09-17T01:02:02.610Z,178960692261000
"""goeroge @ _sqcLETZ0C"" folds",2026-09-17T01:02:01.593Z,178960692159300
"""Stevo @ kI2bCqDOyl"" calls 20",2026-09-17T01:01:56.809Z,178960691680900
"""peelic @ vOeqrOXpLT"" posts a big blind of 20",2026-09-17T01:01:55.276Z,178960691527608
"""arash @ 21jHaBYWIi"" posts a small blind of 10",2026-09-17T01:01:55.276Z,178960691527607
"Your hand is A♣, 5♠",2026-09-17T01:01:55.276Z,178960691527605
"Player stacks: #1 ""Jonah @ xrBY5OZYCv"" (710) | #5 ""arash @ 21jHaBYWIi"" (1150) | #6 ""peelic @ vOeqrOXpLT"" (1150) | #7 ""Stevo @ kI2bCqDOyl"" (1070) | #9 ""goeroge @ _sqcLETZ0C"" (920)",2026-09-17T01:01:55.276Z,178960691527601
"-- starting hand #30 (id: 5qtakuqsaehq)  No Limit Texas Hold'em (dealer: ""Jonah @ xrBY5OZYCv"") --",2026-09-17T01:01:55.276Z,178960691527600
"-- ending hand #29 --",2026-09-17T01:01:52.273Z,178960691227302
"""peelic @ vOeqrOXpLT"" collected 100 from pot",2026-09-17T01:01:52.273Z,178960691227301
"Uncalled bet of 50 returned to ""peelic @ vOeqrOXpLT""",2026-09-17T01:01:52.273Z,178960691227300
"""arash @ 21jHaBYWIi"" folds",2026-09-17T01:01:51.460Z,178960691146000
"""Jonah @ xrBY5OZYCv"" folds",2026-09-17T01:01:45.769Z,178960690576900
"""goeroge @ _sqcLETZ0C"" folds",2026-09-17T01:01:44.904Z,178960690490400
"""Stevo @ kI2bCqDOyl"" folds",2026-09-17T01:01:43.964Z,178960690396400
"""peelic @ vOeqrOXpLT"" bets 50",2026-09-17T01:01:41.736Z,178960690173600
"""arash @ 21jHaBYWIi"" checks",2026-09-17T01:01:37.197Z,178960689719700
"""Jonah @ xrBY5OZYCv"" checks",2026-09-17T01:01:34.709Z,178960689470900
"River: 4♣, 9♣, 3♦, A♠ [5♣]",2026-09-17T01:01:33.494Z,178960689349400
"""goeroge @ _sqcLETZ0C"" checks",2026-09-17T01:01:32.679Z,178960689267900
"""Stevo @ kI2bCqDOyl"" checks",2026-09-17T01:01:31.787Z,178960689178700
"""peelic @ vOeqrOXpLT"" checks",2026-09-17T01:01:28.917Z,178960688891700
"""arash @ 21jHaBYWIi"" checks",2026-09-17T01:01:27.646Z,178960688764600
"""Jonah @ xrBY5OZYCv"" checks",2026-09-17T01:01:26.689Z,178960688668900
"Turn: 4♣, 9♣, 3♦ [A♠]",2026-09-17T01:01:25.312Z,178960688531200
"""goeroge @ _sqcLETZ0C"" checks",2026-09-17T01:01:24.490Z,178960688449000
"""Stevo @ kI2bCqDOyl"" checks",2026-09-17T01:01:23.620Z,178960688362000
"""peelic @ vOeqrOXpLT"" checks",2026-09-17T01:01:20.788Z,178960688078800
"""arash @ 21jHaBYWIi"" checks",2026-09-17T01:01:18.062Z,178960687806200
"""Jonah @ xrBY5OZYCv"" checks",2026-09-17T01:01:15.790Z,178960687579000
"Flop:  [4♣, 9♣, 3♦]",2026-09-17T01:01:12.248Z,178960687224800
"""arash @ 21jHaBYWIi"" checks",2026-09-17T01:01:11.350Z,178960687135000
"""Jonah @ xrBY5OZYCv"" calls 20",2026-09-17T01:01:10.305Z,178960687030500
"""goeroge @ _sqcLETZ0C"" calls 20",2026-09-17T01:01:09.328Z,178960686932800
"""Stevo @ kI2bCqDOyl"" calls 20",2026-09-17T01:01:07.740Z,178960686774000
"""peelic @ vOeqrOXpLT"" calls 20",2026-09-17T01:01:06.028Z,178960686602800
"""arash @ 21jHaBYWIi"" posts a big blind of 20",2026-09-17T01:01:05.021Z,178960686502108
"""Jonah @ xrBY5OZYCv"" posts a small blind of 10",2026-09-17T01:01:05.021Z,178960686502107
"Your hand is K♦, 3♣",2026-09-17T01:01:05.021Z,178960686502105
"Player stacks: #1 ""Jonah @ xrBY5OZYCv"" (730) | #5 ""arash @ 21jHaBYWIi"" (1170) | #6 ""peelic @ vOeqrOXpLT"" (1070) | #7 ""Stevo @ kI2bCqDOyl"" (1090) | #9 ""goeroge @ _sqcLETZ0C"" (940)",2026-09-17T01:01:05.021Z,178960686502101
"-- starting hand #29 (id: ik1vkghzdarb)  No Limit Texas Hold'em (dealer: ""goeroge @ _sqcLETZ0C"") --",2026-09-17T01:01:05.021Z,178960686502100
"-- ending hand #28 --",2026-09-17T01:01:02.012Z,178960686201202
"""arash @ 21jHaBYWIi"" collected 350 from pot",2026-09-17T01:01:02.012Z,178960686201201
"Uncalled bet of 150 returned to ""arash @ 21jHaBYWIi""",2026-09-17T01:01:02.012Z,178960686201200
"""Stevo @ kI2bCqDOyl"" folds",2026-09-17T01:01:01.013Z,178960686101300
"""arash @ 21jHaBYWIi"" bets 150",2026-09-17T01:00:57.041Z,178960685704100
"River: 6♥, 10♠, Q♦, 7♦ [6♠]",2026-09-17T01:00:52.718Z,178960685271800
"""Jonah @ xrBY5OZYCv"" folds",2026-09-17T01:00:51.912Z,178960685191200
"""Stevo @ kI2bCqDOyl"" calls 100",2026-09-17T01:00:50.947Z,178960685094700
"""arash @ 21jHaBYWIi"" raises to 100",2026-09-17T01:00:48.502Z,178960684850200
"""Jonah @ xrBY5OZYCv"" calls 20",2026-09-17T01:00:43.119Z,178960684311900
"""Stevo @ kI2bCqDOyl"" bets 20",2026-09-17T01:00:40.031Z,178960684003100
"""arash @ 21jHaBYWIi"" checks",2026-09-17T01:00:38.087Z,178960683808700
"""Jonah @ xrBY5OZYCv"" checks",2026-09-17T01:00:35.761Z,178960683576100
"Turn: 6♥, 10♠, Q♦ [7♦]",2026-09-17T01:00:34.247Z,178960683424700
"""arash @ 21jHaBYWIi"" calls 20",2026-09-17T01:00:33.419Z,178960683341900
"""Jonah @ xrBY5OZYCv"" calls 20",2026-09-17T01:00:32.479Z,178960683247900
"""Stevo @ kI2bCqDOyl"" bets 20",2026-09-17T01:00:23.411Z,178960682341100
"""arash @ 21jHaBYWIi"" checks",2026-09-17T01:00:22.095Z,178960682209500
"""Jonah @ xrBY5OZYCv"" checks",2026-09-17T01:00:21.094Z,178960682109400
"Flop:  [6♥, 10♠, Q♦]",2026-09-17T01:00:15.448Z,178960681544800
"""Jonah @ xrBY5OZYCv"" checks",2026-09-17T01:00:14.602Z,178960681460200
"""goeroge @ _sqcLETZ0C"" folds",2026-09-17T01:00:12.455Z,178960681245500
"""Stevo @ kI2bCqDOyl"" calls 20",2026-09-17T01:00:11.598Z,178960681159800
"""peelic @ vOeqrOXpLT"" folds",2026-09-17T01:00:09.725Z,178960680972500
"""arash @ 21jHaBYWIi"" calls 20",2026-09-17T01:00:08.856Z,178960680885600
"""Jonah @ xrBY5OZYCv"" posts a big blind of 20",2026-09-17T01:00:06.065Z,178960680606508
"""goeroge @ _sqcLETZ0C"" posts a small blind of 10",2026-09-17T01:00:06.065Z,178960680606507
"Your hand is K♣, Q♣",2026-09-17T01:00:06.065Z,178960680606505
"Player stacks: #1 ""Jonah @ xrBY5OZYCv"" (790) | #5 ""arash @ 21jHaBYWIi"" (960) | #6 ""peelic @ vOeqrOXpLT"" (1070) | #7 ""Stevo @ kI2bCqDOyl"" (1230) | #9 ""goeroge @ _sqcLETZ0C"" (950)",2026-09-17T01:00:06.065Z,178960680606501
"-- starting hand #28 (id: jihfc3lhauhb)  No Limit Texas Hold'em (dealer: ""Stevo @ kI2bCqDOyl"") --",2026-09-17T01:00:06.065Z,178960680606500
"""Stevo @ kI2bCqDOyl"" shows a 6♥, 9♣.",2026-09-17T01:00:03.616Z,178960680361600
"-- ending hand #27 --",2026-09-17T01:00:02.405Z,178960680240502
"""Stevo @ kI2bCqDOyl"" collected 60 from pot",2026-09-17T01:00:02.405Z,178960680240501
"Uncalled bet of 60 returned to ""Stevo @ kI2bCqDOyl""",2026-09-17T01:00:02.405Z,178960680240500
"""peelic @ vOeqrOXpLT"" folds",2026-09-17T01:00:01.363Z,178960680136300
"""goeroge @ _sqcLETZ0C"" folds",2026-09-17T00:59:54.173Z,178960679417300
"""Stevo @ kI2bCqDOyl"" bets 60",2026-09-17T00:59:53.341Z,178960679334100
"River: 9♥, A♣, 5♠, J♥ [9♦]",2026-09-17T00:59:49.911Z,178960678991100
"""peelic @ vOeqrOXpLT"" checks",2026-09-17T00:59:49.069Z,178960678906900
"""goeroge @ _sqcLETZ0C"" checks",2026-09-17T00:59:44.428Z,178960678442800
"""Stevo @ kI2bCqDOyl"" checks",2026-09-17T00:59:43.517Z,178960678351700
"Turn: 9♥, A♣, 5♠ [J♥]",2026-09-17T00:59:41.998Z,178960678199800
"""peelic @ vOeqrOXpLT"" checks",2026-09-17T00:59:41.098Z,178960678109800
"""goeroge @ _sqcLETZ0C"" checks",2026-09-17T00:59:40.219Z,178960678021900
"""Stevo @ kI2bCqDOyl"" checks",2026-09-17T00:59:39.353Z,178960677935300
"Flop:  [9♥, A♣, 5♠]",2026-09-17T00:59:36.251Z,178960677625100
"""goeroge @ _sqcLETZ0C"" checks",2026-09-17T00:59:35.426Z,178960677542600
"""Stevo @ kI2bCqDOyl"" calls 20",2026-09-17T00:59:34.525Z,178960677452500
"""peelic @ vOeqrOXpLT"" calls 20",2026-09-17T00:59:33.298Z,178960677329800
"""arash @ 21jHaBYWIi"" folds",2026-09-17T00:59:32.449Z,178960677244900
"""Jonah @ xrBY5OZYCv"" folds",2026-09-17T00:59:21.604Z,178960676160400
"""goeroge @ _sqcLETZ0C"" posts a big blind of 20",2026-09-17T00:59:20.384Z,178960676038408
"""Stevo @ kI2bCqDOyl"" posts a small blind of 10",2026-09-17T00:59:20.384Z,178960676038407
"Your hand is 6♥, 9♣",2026-09-17T00:59:20.384Z,178960676038405
"Player stacks: #1 ""Jonah @ xrBY5OZYCv"" (790) | #5 ""arash @ 21jHaBYWIi"" (960) | #6 ""peelic @ vOeqrOXpLT"" (1090) | #7 ""Stevo @ kI2bCqDOyl"" (1190) | #9 ""goeroge @ _sqcLETZ0C"" (970)",2026-09-17T00:59:20.384Z,178960676038401
"-- starting hand #27 (id: s2crqorri3tg)  No Limit Texas Hold'em (dealer: ""peelic @ vOeqrOXpLT"") --",2026-09-17T00:59:20.384Z,178960676038400
"""Stevo @ kI2bCqDOyl"" shows a 3♥, 5♠.",2026-09-17T00:59:15.263Z,178960675526300
"-- ending hand #26 --",2026-09-17T00:59:13.824Z,178960675382402
"""goeroge @ _sqcLETZ0C"" collected 500 from pot with Three of a Kind, 6's (combination: 5♣, J♣, 6♠, 6♣, 6♥)",2026-09-17T00:59:13.824Z,178960675382401
"""goeroge @ _sqcLETZ0C"" shows a 6♠, 6♣.",2026-09-17T00:59:13.824Z,178960675382400
"""Stevo @ kI2bCqDOyl"" folds",2026-09-17T00:59:12.986Z,178960675298600
"""peelic @ vOeqrOXpLT"" calls 100",2026-09-17T00:59:11.970Z,178960675197000
"""goeroge @ _sqcLETZ0C"" raises to 100",2026-09-17T00:59:06.665Z,178960674666500
"""Stevo @ kI2bCqDOyl"" calls 40",2026-09-17T00:59:04.323Z,178960674432300
"""peelic @ vOeqrOXpLT"" bets 40",2026-09-17T00:59:03.358Z,178960674335800
"River: J♣, 6♥, 3♦, 5♣ [4♥]",2026-09-17T00:58:59.594Z,178960673959400
"""peelic @ vOeqrOXpLT"" calls 40",2026-09-17T00:58:58.710Z,178960673871000
"""goeroge @ _sqcLETZ0C"" calls 40",2026-09-17T00:58:56.500Z,178960673650000
"""Stevo @ kI2bCqDOyl"" bets 40",2026-09-17T00:58:53.005Z,178960673300500
"""peelic @ vOeqrOXpLT"" checks",2026-09-17T00:58:50.479Z,178960673047900
"Turn: J♣, 6♥, 3♦ [5♣]",2026-09-17T00:58:46.872Z,178960672687200
"""Stevo @ kI2bCqDOyl"" calls 20",2026-09-17T00:58:46.022Z,178960672602200
"""peelic @ vOeqrOXpLT"" calls 20",2026-09-17T00:58:43.216Z,178960672321600
"""Jonah @ xrBY5OZYCv"" folds",2026-09-17T00:58:42.374Z,178960672237400
"""goeroge @ _sqcLETZ0C"" bets 20",2026-09-17T00:58:40.499Z,178960672049900
"""Stevo @ kI2bCqDOyl"" checks",2026-09-17T00:58:39.130Z,178960671913000
"""peelic @ vOeqrOXpLT"" checks",2026-09-17T00:58:38.103Z,178960671810300
"Flop:  [J♣, 6♥, 3♦]",2026-09-17T00:58:34.671Z,178960671467100
"""Stevo @ kI2bCqDOyl"" checks",2026-09-17T00:58:33.830Z,178960671383000
"""peelic @ vOeqrOXpLT"" calls 20",2026-09-17T00:58:32.795Z,178960671279500
"""arash @ 21jHaBYWIi"" folds",2026-09-17T00:58:31.870Z,178960671187000
"""Jonah @ xrBY5OZYCv"" calls 20",2026-09-17T00:58:30.916Z,178960671091600
"""goeroge @ _sqcLETZ0C"" calls 20",2026-09-17T00:58:30.056Z,178960671005600
"""Stevo @ kI2bCqDOyl"" posts a big blind of 20",2026-09-17T00:58:26.168Z,178960670616808
"""peelic @ vOeqrOXpLT"" posts a small blind of 10",2026-09-17T00:58:26.168Z,178960670616807
"Your hand is 3♥, 5♠",2026-09-17T00:58:26.168Z,178960670616805
"Player stacks: #1 ""Jonah @ xrBY5OZYCv"" (810) | #5 ""arash @ 21jHaBYWIi"" (960) | #6 ""peelic @ vOeqrOXpLT"" (1270) | #7 ""Stevo @ kI2bCqDOyl"" (1310) | #9 ""goeroge @ _sqcLETZ0C"" (650)",2026-09-17T00:58:26.168Z,178960670616801
"-- starting hand #26 (id: kmepkwsfqzmt)  No Limit Texas Hold'em (dealer: ""arash @ 21jHaBYWIi"") --",2026-09-17T00:58:26.168Z,178960670616800
"-- ending hand #25 --",2026-09-17T00:58:20.162Z,178960670016202
"""Stevo @ kI2bCqDOyl"" collected 120 from pot with Two Pair, A's & 5's (combination: Q♥, 5♥, 5♠, A♦, A♥)",2026-09-17T00:58:20.162Z,178960670016201
"""Stevo @ kI2bCqDOyl"" shows a 5♥, Q♥.",2026-09-17T00:58:20.162Z,178960670016200
"""peelic @ vOeqrOXpLT"" folds",2026-09-17T00:58:19.277Z,178960669927700
"""arash @ 21jHaBYWIi"" folds",2026-09-17T00:58:18.412Z,178960669841200
"""Jonah @ xrBY5OZYCv"" calls 20",2026-09-17T00:58:16.740Z,178960669674000
"""Stevo @ kI2bCqDOyl"" bets 20",2026-09-17T00:58:15.204Z,178960669520400
"""peelic @ vOeqrOXpLT"" checks",2026-09-17T00:58:13.634Z,178960669363400
"""arash @ 21jHaBYWIi"" checks",2026-09-17T00:58:07.823Z,178960668782300
"River: A♦, 6♦, A♥, 10♣ [5♠]",2026-09-17T00:58:06.353Z,178960668635300
"""Jonah @ xrBY5OZYCv"" checks",2026-09-17T00:58:05.494Z,178960668549400
"""Stevo @ kI2bCqDOyl"" checks",2026-09-17T00:58:04.591Z,178960668459100
"""peelic @ vOeqrOXpLT"" checks",2026-09-17T00:58:03.599Z,178960668359900
"""arash @ 21jHaBYWIi"" checks",2026-09-17T00:58:01.955Z,178960668195500
"Turn: A♦, 6♦, A♥ [10♣]",2026-09-17T00:58:00.563Z,178960668056300
"""Jonah @ xrBY5OZYCv"" checks",2026-09-17T00:57:59.716Z,178960667971600
"""Stevo @ kI2bCqDOyl"" checks",2026-09-17T00:57:58.820Z,178960667882000
"""peelic @ vOeqrOXpLT"" checks",2026-09-17T00:57:57.818Z,178960667781800
"""arash @ 21jHaBYWIi"" checks",2026-09-17T00:57:55.540Z,178960667554000
"Flop:  [A♦, 6♦, A♥]",2026-09-17T00:57:52.463Z,178960667246300
"""peelic @ vOeqrOXpLT"" checks",2026-09-17T00:57:51.626Z,178960667162600
"""arash @ 21jHaBYWIi"" calls 20",2026-09-17T00:57:50.772Z,178960667077200
"""Jonah @ xrBY5OZYCv"" calls 20",2026-09-17T00:57:49.848Z,178960666984800
"""goeroge @ _sqcLETZ0C"" folds",2026-09-17T00:57:48.978Z,178960666897800
"""Stevo @ kI2bCqDOyl"" calls 20",2026-09-17T00:57:48.080Z,178960666808000
"""peelic @ vOeqrOXpLT"" posts a big blind of 20",2026-09-17T00:57:46.261Z,178960666626108
"""arash @ 21jHaBYWIi"" posts a small blind of 10",2026-09-17T00:57:46.261Z,178960666626107
"Your hand is 5♥, Q♥",2026-09-17T00:57:46.261Z,178960666626105
"Player stacks: #1 ""Jonah @ xrBY5OZYCv"" (850) | #5 ""arash @ 21jHaBYWIi"" (980) | #6 ""peelic @ vOeqrOXpLT"" (1290) | #7 ""Stevo @ kI2bCqDOyl"" (1230) | #9 ""goeroge @ _sqcLETZ0C"" (650)",2026-09-17T00:57:46.261Z,178960666626101
"-- starting hand #25 (id: 5tsqbgabzios)  No Limit Texas Hold'em (dealer: ""Jonah @ xrBY5OZYCv"") --",2026-09-17T00:57:46.261Z,178960666626100
"-- ending hand #24 --",2026-09-17T00:57:40.254Z,178960666025403
"""peelic @ vOeqrOXpLT"" collected 210 from pot with Two Pair, K's & 7's (combination: 9♣, 7♥, 7♣, K♦, K♠)",2026-09-17T00:57:40.254Z,178960666025402
"""peelic @ vOeqrOXpLT"" shows a K♦, 7♥.",2026-09-17T00:57:40.254Z,178960666025401
"""arash @ 21jHaBYWIi"" shows a 6♦, 8♦.",2026-09-17T00:57:40.254Z,178960666025400
"""peelic @ vOeqrOXpLT"" calls 20",2026-09-17T00:57:39.404Z,178960665940400
"""arash @ 21jHaBYWIi"" bets 20",2026-09-17T00:57:34.989Z,178960665498900
"River: 3♦, 7♣, 8♥, K♠ [9♣]",2026-09-17T00:57:33.395Z,178960665339500
"""arash @ 21jHaBYWIi"" calls 50",2026-09-17T00:57:32.562Z,178960665256200
"""Stevo @ kI2bCqDOyl"" folds",2026-09-17T00:57:31.535Z,178960665153500
"""peelic @ vOeqrOXpLT"" bets 50",2026-09-17T00:57:30.581Z,178960665058100
"""arash @ 21jHaBYWIi"" checks",2026-09-17T00:57:26.997Z,178960664699700
"Turn: 3♦, 7♣, 8♥ [K♠]",2026-09-17T00:57:26.146Z,178960664614600
"""Stevo @ kI2bCqDOyl"" checks",2026-09-17T00:57:25.284Z,178960664528400
"""peelic @ vOeqrOXpLT"" checks",2026-09-17T00:57:24.281Z,178960664428100
"""arash @ 21jHaBYWIi"" checks",2026-09-17T00:57:21.461Z,178960664146100
"Flop:  [3♦, 7♣, 8♥]",2026-09-17T00:57:19.539Z,178960663953900
"""arash @ 21jHaBYWIi"" checks",2026-09-17T00:57:18.647Z,178960663864700
"""Jonah @ xrBY5OZYCv"" folds",2026-09-17T00:57:17.662Z,178960663766200
"""goeroge @ _sqcLETZ0C"" folds",2026-09-17T00:57:16.816Z,178960663681600
"""Stevo @ kI2bCqDOyl"" calls 20",2026-09-17T00:57:11.462Z,178960663146200
"""peelic @ vOeqrOXpLT"" calls 20",2026-09-17T00:57:10.387Z,178960663038700
"""arash @ 21jHaBYWIi"" posts a big blind of 20",2026-09-17T00:57:07.532Z,178960662753208
"""Jonah @ xrBY5OZYCv"" posts a small blind of 10",2026-09-17T00:57:07.532Z,178960662753207
"Your hand is 10♥, 5♣",2026-09-17T00:57:07.532Z,178960662753205
"Player stacks: #1 ""Jonah @ xrBY5OZYCv"" (860) | #5 ""arash @ 21jHaBYWIi"" (1070) | #6 ""peelic @ vOeqrOXpLT"" (1170) | #7 ""Stevo @ kI2bCqDOyl"" (1250) | #9 ""goeroge @ _sqcLETZ0C"" (650)",2026-09-17T00:57:07.532Z,178960662753201
"-- starting hand #24 (id: qv6zxtetopuo)  No Limit Texas Hold'em (dealer: ""goeroge @ _sqcLETZ0C"") --",2026-09-17T00:57:07.532Z,178960662753200
"Undealt cards: 6♠, A♥, 2♦ [5♥, Q♦]",2026-09-17T00:57:03.415Z,178960662341500
"-- ending hand #23 --",2026-09-17T00:57:01.533Z,178960662153302
"""peelic @ vOeqrOXpLT"" collected 100 from pot",2026-09-17T00:57:01.533Z,178960662153301
"Uncalled bet of 40 returned to ""peelic @ vOeqrOXpLT""",2026-09-17T00:57:01.533Z,178960662153300
"""arash @ 21jHaBYWIi"" folds",2026-09-17T00:57:00.605Z,178960662060500
"""Jonah @ xrBY5OZYCv"" folds",2026-09-17T00:56:59.693Z,178960661969300
"""goeroge @ _sqcLETZ0C"" folds",2026-09-17T00:56:58.504Z,178960661850400
"""Stevo @ kI2bCqDOyl"" folds",2026-09-17T00:56:53.244Z,178960661324400
"""peelic @ vOeqrOXpLT"" bets 40",2026-09-17T00:56:52.196Z,178960661219600
"""arash @ 21jHaBYWIi"" checks",2026-09-17T00:56:44.209Z,178960660420900
"""Jonah @ xrBY5OZYCv"" checks",2026-09-17T00:56:43.232Z,178960660323200
"""goeroge @ _sqcLETZ0C"" checks",2026-09-17T00:56:42.342Z,178960660234200
"Flop:  [6♠, A♥, 2♦]",2026-09-17T00:56:38.493Z,178960659849300
"""Jonah @ xrBY5OZYCv"" checks",2026-09-17T00:56:37.577Z,178960659757700
"""goeroge @ _sqcLETZ0C"" calls 20",2026-09-17T00:56:36.712Z,178960659671200
"""Stevo @ kI2bCqDOyl"" calls 20",2026-09-17T00:56:35.833Z,178960659583300
"""peelic @ vOeqrOXpLT"" calls 20",2026-09-17T00:56:34.799Z,178960659479900
"""arash @ 21jHaBYWIi"" calls 20",2026-09-17T00:56:33.954Z,178960659395400
"""Jonah @ xrBY5OZYCv"" posts a big blind of 20",2026-09-17T00:56:31.490Z,178960659149008
"""goeroge @ _sqcLETZ0C"" posts a small blind of 10",2026-09-17T00:56:31.490Z,178960659149007
"Your hand is K♥, 2♠",2026-09-17T00:56:31.490Z,178960659149005
"Player stacks: #1 ""Jonah @ xrBY5OZYCv"" (880) | #5 ""arash @ 21jHaBYWIi"" (1090) | #6 ""peelic @ vOeqrOXpLT"" (1090) | #7 ""Stevo @ kI2bCqDOyl"" (1270) | #9 ""goeroge @ _sqcLETZ0C"" (670)",2026-09-17T00:56:31.490Z,178960659149001
"-- starting hand #23 (id: li77ikfywcfp)  No Limit Texas Hold'em (dealer: ""Stevo @ kI2bCqDOyl"") --",2026-09-17T00:56:31.490Z,178960659149000
"-- ending hand #22 --",2026-09-17T00:56:25.358Z,178960658535802
"""arash @ 21jHaBYWIi"" collected 580 from pot with Straight, K High (combination: 9♦, 10♣, J♣, Q♦, K♥)",2026-09-17T00:56:25.358Z,178960658535801
"""arash @ 21jHaBYWIi"" shows a J♣, Q♦.",2026-09-17T00:56:25.358Z,178960658535800
"""Jonah @ xrBY5OZYCv"" calls 200",2026-09-17T00:56:24.529Z,178960658452900
"""arash @ 21jHaBYWIi"" raises to 200",2026-09-17T00:56:21.459Z,178960658145900
"""Jonah @ xrBY5OZYCv"" bets 60",2026-09-17T00:56:17.401Z,178960657740100
"River: K♥, 10♣, 3♦, 9♦ [2♥]",2026-09-17T00:56:13.324Z,178960657332400
"""arash @ 21jHaBYWIi"" calls 20",2026-09-17T00:56:12.499Z,178960657249900
"""Jonah @ xrBY5OZYCv"" bets 20",2026-09-17T00:56:06.876Z,178960656687600
"Turn: K♥, 10♣, 3♦ [9♦]",2026-09-17T00:56:03.088Z,178960656308800
"""goeroge @ _sqcLETZ0C"" folds",2026-09-17T00:56:02.217Z,178960656221700
"""Stevo @ kI2bCqDOyl"" folds",2026-09-17T00:56:00.950Z,178960656095000
"""peelic @ vOeqrOXpLT"" folds",2026-09-17T00:55:59.996Z,178960655999600
"""arash @ 21jHaBYWIi"" calls 20",2026-09-17T00:55:57.280Z,178960655728000
"""Jonah @ xrBY5OZYCv"" bets 20",2026-09-17T00:55:55.726Z,178960655572600
"""goeroge @ _sqcLETZ0C"" checks",2026-09-17T00:55:50.242Z,178960655024200
"""Stevo @ kI2bCqDOyl"" checks",2026-09-17T00:55:45.531Z,178960654553100
"Flop:  [K♥, 10♣, 3♦]",2026-09-17T00:55:43.753Z,178960654375300
"""goeroge @ _sqcLETZ0C"" checks",2026-09-17T00:55:42.881Z,178960654288100
"""Stevo @ kI2bCqDOyl"" calls 20",2026-09-17T00:55:39.908Z,178960653990800
"""peelic @ vOeqrOXpLT"" calls 20",2026-09-17T00:55:38.961Z,178960653896100
"""arash @ 21jHaBYWIi"" calls 20",2026-09-17T00:55:38.075Z,178960653807500
"""Jonah @ xrBY5OZYCv"" calls 20",2026-09-17T00:55:37.156Z,178960653715600
"""goeroge @ _sqcLETZ0C"" posts a big blind of 20",2026-09-17T00:55:35.266Z,178960653526608
"""Stevo @ kI2bCqDOyl"" posts a small blind of 10",2026-09-17T00:55:35.266Z,178960653526607
"Your hand is 3♣, A♥",2026-09-17T00:55:35.266Z,178960653526605
"Player stacks: #1 ""Jonah @ xrBY5OZYCv"" (1140) | #5 ""arash @ 21jHaBYWIi"" (770) | #6 ""peelic @ vOeqrOXpLT"" (1110) | #7 ""Stevo @ kI2bCqDOyl"" (1290) | #9 ""goeroge @ _sqcLETZ0C"" (690)",2026-09-17T00:55:35.266Z,178960653526601
"-- starting hand #22 (id: 4y3kzsqn2ojb)  No Limit Texas Hold'em (dealer: ""peelic @ vOeqrOXpLT"") --",2026-09-17T00:55:35.266Z,178960653526600
"""goeroge @ _sqcLETZ0C"" shows a 10♠, 6♠.",2026-09-17T00:55:31.582Z,178960653158200
"-- ending hand #21 --",2026-09-17T00:55:28.732Z,178960652873202
"""Stevo @ kI2bCqDOyl"" collected 440 from pot with Full House, 5's over 9's (combination: 9♠, 9♥, 5♦, 5♣, 5♠)",2026-09-17T00:55:28.732Z,178960652873201
"""Stevo @ kI2bCqDOyl"" shows a 4♥, 9♠.",2026-09-17T00:55:28.732Z,178960652873200
"""peelic @ vOeqrOXpLT"" calls 90",2026-09-17T00:55:27.888Z,178960652788800
"""arash @ 21jHaBYWIi"" folds",2026-09-17T00:55:26.979Z,178960652697900
"""Jonah @ xrBY5OZYCv"" folds",2026-09-17T00:55:21.368Z,178960652136800
"""Stevo @ kI2bCqDOyl"" bets 90",2026-09-17T00:55:19.960Z,178960651996000
"""peelic @ vOeqrOXpLT"" checks",2026-09-17T00:55:16.626Z,178960651662600
"River: 5♦, 9♥, 5♣, 5♠ [8♣]",2026-09-17T00:55:13.923Z,178960651392300
"""arash @ 21jHaBYWIi"" calls 40",2026-09-17T00:55:13.028Z,178960651302800
"""Jonah @ xrBY5OZYCv"" calls 40",2026-09-17T00:55:12.049Z,178960651204900
"""goeroge @ _sqcLETZ0C"" folds",2026-09-17T00:55:07.770Z,178960650777000
"""Stevo @ kI2bCqDOyl"" calls 40",2026-09-17T00:54:57.746Z,178960649774600
"""peelic @ vOeqrOXpLT"" bets 40",2026-09-17T00:54:56.666Z,178960649666600
"Turn: 5♦, 9♥, 5♣ [5♠]",2026-09-17T00:54:48.467Z,178960648846700
"""arash @ 21jHaBYWIi"" checks",2026-09-17T00:54:47.573Z,178960648757300
"""Jonah @ xrBY5OZYCv"" checks",2026-09-17T00:54:46.608Z,178960648660800
"""goeroge @ _sqcLETZ0C"" checks",2026-09-17T00:54:45.704Z,178960648570400
"""Stevo @ kI2bCqDOyl"" checks",2026-09-17T00:54:41.493Z,178960648149300
"""peelic @ vOeqrOXpLT"" checks",2026-09-17T00:54:40.545Z,178960648054500
"Flop:  [5♦, 9♥, 5♣]",2026-09-17T00:54:31.850Z,178960647185000
"""Stevo @ kI2bCqDOyl"" checks",2026-09-17T00:54:30.997Z,178960647099700
"""peelic @ vOeqrOXpLT"" calls 20",2026-09-17T00:54:30.016Z,178960647001600
"""arash @ 21jHaBYWIi"" calls 20",2026-09-17T00:54:25.455Z,178960646545500
"""Jonah @ xrBY5OZYCv"" calls 20",2026-09-17T00:54:24.498Z,178960646449800
"""goeroge @ _sqcLETZ0C"" calls 20",2026-09-17T00:54:23.613Z,178960646361300
"""Stevo @ kI2bCqDOyl"" posts a big blind of 20",2026-09-17T00:54:18.061Z,178960645806108
"""peelic @ vOeqrOXpLT"" posts a small blind of 10",2026-09-17T00:54:18.061Z,178960645806107
"Your hand is 4♥, 9♠",2026-09-17T00:54:18.061Z,178960645806105
"Player stacks: #1 ""Jonah @ xrBY5OZYCv"" (1200) | #5 ""arash @ 21jHaBYWIi"" (830) | #6 ""peelic @ vOeqrOXpLT"" (1260) | #7 ""Stevo @ kI2bCqDOyl"" (1000) | #9 ""goeroge @ _sqcLETZ0C"" (710)",2026-09-17T00:54:18.061Z,178960645806101
"-- starting hand #21 (id: hp9bc24qyvb5)  No Limit Texas Hold'em (dealer: ""arash @ 21jHaBYWIi"") --",2026-09-17T00:54:18.061Z,178960645806100
"-- ending hand #20 --",2026-09-17T00:54:15.146Z,178960645514602
"""Jonah @ xrBY5OZYCv"" collected 80 from pot",2026-09-17T00:54:15.146Z,178960645514601
"Uncalled bet of 20 returned to ""Jonah @ xrBY5OZYCv""",2026-09-17T00:54:15.146Z,178960645514600
"""Stevo @ kI2bCqDOyl"" folds",2026-09-17T00:54:14.287Z,178960645428700
"""peelic @ vOeqrOXpLT"" folds",2026-09-17T00:54:13.297Z,178960645329700
"""arash @ 21jHaBYWIi"" folds",2026-09-17T00:54:04.115Z,178960644411500
"""Jonah @ xrBY5OZYCv"" bets 20",2026-09-17T00:53:54.038Z,178960643403800
"""Stevo @ kI2bCqDOyl"" checks",2026-09-17T00:53:52.501Z,178960643250100
"""peelic @ vOeqrOXpLT"" checks",2026-09-17T00:53:51.534Z,178960643153400
"""arash @ 21jHaBYWIi"" checks",2026-09-17T00:53:49.634Z,178960642963400
"Turn: 6♦, J♣, 6♠ [9♥]",2026-09-17T00:53:48.231Z,178960642823100
"""Jonah @ xrBY5OZYCv"" checks",2026-09-17T00:53:47.402Z,178960642740200
"""Stevo @ kI2bCqDOyl"" checks",2026-09-17T00:53:46.547Z,178960642654700
"""peelic @ vOeqrOXpLT"" checks",2026-09-17T00:53:45.558Z,178960642555800
"""arash @ 21jHaBYWIi"" checks",2026-09-17T00:53:42.341Z,178960642234100
"Flop:  [6♦, J♣, 6♠]",2026-09-17T00:53:40.798Z,178960642079800
"""peelic @ vOeqrOXpLT"" checks",2026-09-17T00:53:39.977Z,178960641997700
"""arash @ 21jHaBYWIi"" calls 20",2026-09-17T00:53:39.126Z,178960641912600
"""Jonah @ xrBY5OZYCv"" calls 20",2026-09-17T00:53:37.225Z,178960641722500
"""goeroge @ _sqcLETZ0C"" folds",2026-09-17T00:53:36.349Z,178960641634900
"""Stevo @ kI2bCqDOyl"" calls 20",2026-09-17T00:53:25.432Z,178960640543200
"""peelic @ vOeqrOXpLT"" posts a big blind of 20",2026-09-17T00:53:24.139Z,178960640413908
"""arash @ 21jHaBYWIi"" posts a small blind of 10",2026-09-17T00:53:24.139Z,178960640413907
"Your hand is K♥, 5♣",2026-09-17T00:53:24.139Z,178960640413905
"Player stacks: #1 ""Jonah @ xrBY5OZYCv"" (1140) | #5 ""arash @ 21jHaBYWIi"" (850) | #6 ""peelic @ vOeqrOXpLT"" (1280) | #7 ""Stevo @ kI2bCqDOyl"" (1020) | #9 ""goeroge @ _sqcLETZ0C"" (710)",2026-09-17T00:53:24.139Z,178960640413901
"-- starting hand #20 (id: ofjlila8mjeg)  No Limit Texas Hold'em (dealer: ""Jonah @ xrBY5OZYCv"") --",2026-09-17T00:53:24.139Z,178960640413900
"""goeroge @ _sqcLETZ0C"" shows a K♣, 8♦.",2026-09-17T00:53:19.123Z,178960639912300
"-- ending hand #19 --",2026-09-17T00:53:17.584Z,178960639758403
"""arash @ 21jHaBYWIi"" collected 220 from pot with Pair, 9's (combination: 5♦, 6♠, J♣, 9♥, 9♠)",2026-09-17T00:53:17.584Z,178960639758402
"""arash @ 21jHaBYWIi"" shows a 9♥, 3♠.",2026-09-17T00:53:17.584Z,178960639758401
"""Jonah @ xrBY5OZYCv"" shows a 5♣, K♦.",2026-09-17T00:53:17.584Z,178960639758400
"""goeroge @ _sqcLETZ0C"" folds",2026-09-17T00:53:16.760Z,178960639676000
"""peelic @ vOeqrOXpLT"" folds",2026-09-17T00:53:10.518Z,178960639051800
"""arash @ 21jHaBYWIi"" calls 20",2026-09-17T00:53:09.680Z,178960638968000
"""Jonah @ xrBY5OZYCv"" bets 20",2026-09-17T00:53:05.082Z,178960638508200
"River: J♣, 6♠, 4♥, 5♦ [9♠]",2026-09-17T00:53:02.307Z,178960638230700
"""goeroge @ _sqcLETZ0C"" calls 20",2026-09-17T00:53:01.330Z,178960638133000
"""Stevo @ kI2bCqDOyl"" folds",2026-09-17T00:53:00.424Z,178960638042400
"""peelic @ vOeqrOXpLT"" calls 20",2026-09-17T00:52:59.313Z,178960637931300
"""arash @ 21jHaBYWIi"" calls 20",2026-09-17T00:52:50.437Z,178960637043700
"""Jonah @ xrBY5OZYCv"" bets 20",2026-09-17T00:52:44.676Z,178960636467600
"Turn: J♣, 6♠, 4♥ [5♦]",2026-09-17T00:52:42.103Z,178960636210300
"""goeroge @ _sqcLETZ0C"" checks",2026-09-17T00:52:41.274Z,178960636127400
"""Stevo @ kI2bCqDOyl"" checks",2026-09-17T00:52:40.390Z,178960636039000
"""peelic @ vOeqrOXpLT"" checks",2026-09-17T00:52:39.400Z,178960635940000
"""arash @ 21jHaBYWIi"" checks",2026-09-17T00:52:35.155Z,178960635515500
"""Jonah @ xrBY5OZYCv"" checks",2026-09-17T00:52:28.904Z,178960634890400
"Flop:  [J♣, 6♠, 4♥]",2026-09-17T00:52:27.293Z,178960634729300
"""arash @ 21jHaBYWIi"" checks",2026-09-17T00:52:26.441Z,178960634644100
"""Jonah @ xrBY5OZYCv"" calls 20",2026-09-17T00:52:21.535Z,178960634153500
"""goeroge @ _sqcLETZ0C"" calls 20",2026-09-17T00:52:20.653Z,178960634065300
"""Stevo @ kI2bCqDOyl"" calls 20",2026-09-17T00:52:19.758Z,178960633975800
"""peelic @ vOeqrOXpLT"" calls 20",2026-09-17T00:52:18.783Z,178960633878300
"""arash @ 21jHaBYWIi"" posts a big blind of 20",2026-09-17T00:52:16.013Z,178960633601308
"""Jonah @ xrBY5OZYCv"" posts a small blind of 10",2026-09-17T00:52:16.013Z,178960633601307
"Your hand is 8♣, 10♦",2026-09-17T00:52:16.013Z,178960633601305
"Player stacks: #1 ""Jonah @ xrBY5OZYCv"" (1200) | #5 ""arash @ 21jHaBYWIi"" (690) | #6 ""peelic @ vOeqrOXpLT"" (1320) | #7 ""Stevo @ kI2bCqDOyl"" (1040) | #9 ""goeroge @ _sqcLETZ0C"" (750)",2026-09-17T00:52:16.013Z,178960633601301
"-- starting hand #19 (id: l4wsrnpgw3om)  No Limit Texas Hold'em (dealer: ""goeroge @ _sqcLETZ0C"") --",2026-09-17T00:52:16.013Z,178960633601300
"""Stevo @ kI2bCqDOyl"" shows a A♣, Q♦.",2026-09-17T00:52:10.847Z,178960633084700
"""goeroge @ _sqcLETZ0C"" shows a 9♣, 5♣.",2026-09-17T00:52:10.697Z,178960633069700
"-- ending hand #18 --",2026-09-17T00:52:08.922Z,178960632892202
"""Jonah @ xrBY5OZYCv"" collected 460 from pot with Straight, 8 High (combination: 4♣, 5♥, 6♣, 7♠, 8♥)",2026-09-17T00:52:08.922Z,178960632892201
"""Jonah @ xrBY5OZYCv"" shows a 4♣, 7♣.",2026-09-17T00:52:08.922Z,178960632892200
"""Stevo @ kI2bCqDOyl"" calls 60",2026-09-17T00:52:08.097Z,178960632809700
"""arash @ 21jHaBYWIi"" calls 60",2026-09-17T00:52:06.128Z,178960632612800
"""Jonah @ xrBY5OZYCv"" bets 60",2026-09-17T00:52:02.244Z,178960632224400
"River: A♥, 6♣, 5♥, 8♥ [7♠]",2026-09-17T00:51:58.255Z,178960631825500
"""goeroge @ _sqcLETZ0C"" folds",2026-09-17T00:51:57.430Z,178960631743000
"""Stevo @ kI2bCqDOyl"" calls 40",2026-09-17T00:51:49.485Z,178960630948500
"""arash @ 21jHaBYWIi"" calls 40",2026-09-17T00:51:48.522Z,178960630852200
"""Jonah @ xrBY5OZYCv"" bets 40",2026-09-17T00:51:45.867Z,178960630586700
"""goeroge @ _sqcLETZ0C"" checks",2026-09-17T00:51:43.557Z,178960630355700
"Turn: A♥, 6♣, 5♥ [8♥]",2026-09-17T00:51:39.401Z,178960629940100
"""arash @ 21jHaBYWIi"" calls 20",2026-09-17T00:51:38.565Z,178960629856500
"""Jonah @ xrBY5OZYCv"" calls 20",2026-09-17T00:51:37.603Z,178960629760300
"""goeroge @ _sqcLETZ0C"" calls 20",2026-09-17T00:51:36.664Z,178960629666400
"""Stevo @ kI2bCqDOyl"" bets 20",2026-09-17T00:51:34.593Z,178960629459300
"""arash @ 21jHaBYWIi"" checks",2026-09-17T00:51:32.871Z,178960629287100
"""Jonah @ xrBY5OZYCv"" checks",2026-09-17T00:51:31.965Z,178960629196500
"""goeroge @ _sqcLETZ0C"" checks",2026-09-17T00:51:30.421Z,178960629042100
"Flop:  [A♥, 6♣, 5♥]",2026-09-17T00:51:28.458Z,178960628845800
"""Jonah @ xrBY5OZYCv"" checks",2026-09-17T00:51:27.613Z,178960628761300
"""goeroge @ _sqcLETZ0C"" calls 20",2026-09-17T00:51:26.742Z,178960628674200
"""Stevo @ kI2bCqDOyl"" calls 20",2026-09-17T00:51:25.907Z,178960628590700
"""peelic @ vOeqrOXpLT"" folds",2026-09-17T00:51:24.934Z,178960628493400
"""arash @ 21jHaBYWIi"" calls 20",2026-09-17T00:51:24.077Z,178960628407700
"""Jonah @ xrBY5OZYCv"" posts a big blind of 20",2026-09-17T00:51:23.164Z,178960628316408
"""goeroge @ _sqcLETZ0C"" posts a small blind of 10",2026-09-17T00:51:23.164Z,178960628316407
"Your hand is A♣, Q♦",2026-09-17T00:51:23.164Z,178960628316405
"Player stacks: #1 ""Jonah @ xrBY5OZYCv"" (880) | #5 ""arash @ 21jHaBYWIi"" (830) | #6 ""peelic @ vOeqrOXpLT"" (1320) | #7 ""Stevo @ kI2bCqDOyl"" (1180) | #9 ""goeroge @ _sqcLETZ0C"" (790)",2026-09-17T00:51:23.164Z,178960628316401
"-- starting hand #18 (id: ixr6aqonwlkr)  No Limit Texas Hold'em (dealer: ""Stevo @ kI2bCqDOyl"") --",2026-09-17T00:51:23.164Z,178960628316400
"""goeroge @ _sqcLETZ0C"" shows a Q♥, A♠.",2026-09-17T00:51:17.790Z,178960627779000
"-- ending hand #17 --",2026-09-17T00:51:16.649Z,178960627664902
"""Jonah @ xrBY5OZYCv"" collected 460 from pot with Full House, 9's over J's (combination: J♥, J♠, 9♠, 9♦, 9♣)",2026-09-17T00:51:16.649Z,178960627664901
"""Jonah @ xrBY5OZYCv"" shows a 9♠, 9♦.",2026-09-17T00:51:16.649Z,178960627664900
"""arash @ 21jHaBYWIi"" calls 70",2026-09-17T00:51:15.785Z,178960627578500
"""Jonah @ xrBY5OZYCv"" bets 70",2026-09-17T00:51:14.696Z,178960627469600
"River: J♥, J♠, 9♣, 7♥ [A♣]",2026-09-17T00:51:10.048Z,178960627004800
"""Jonah @ xrBY5OZYCv"" calls 120",2026-09-17T00:51:09.150Z,178960626915000
"""goeroge @ _sqcLETZ0C"" folds",2026-09-17T00:51:07.023Z,178960626702300
"""Stevo @ kI2bCqDOyl"" folds",2026-09-17T00:51:04.162Z,178960626416200
"""arash @ 21jHaBYWIi"" bets 120",2026-09-17T00:51:03.118Z,178960626311800
"""Jonah @ xrBY5OZYCv"" checks",2026-09-17T00:50:59.519Z,178960625951900
"""goeroge @ _sqcLETZ0C"" checks",2026-09-17T00:50:58.122Z,178960625812200
"""Stevo @ kI2bCqDOyl"" checks",2026-09-17T00:50:57.254Z,178960625725400
"Turn: J♥, J♠, 9♣ [7♥]",2026-09-17T00:50:56.406Z,178960625640600
"""arash @ 21jHaBYWIi"" checks",2026-09-17T00:50:55.509Z,178960625550900
"""Jonah @ xrBY5OZYCv"" checks",2026-09-17T00:50:50.954Z,178960625095400
"""goeroge @ _sqcLETZ0C"" checks",2026-09-17T00:50:49.319Z,178960624931900
"""Stevo @ kI2bCqDOyl"" checks",2026-09-17T00:50:48.481Z,178960624848100
"Flop:  [J♥, J♠, 9♣]",2026-09-17T00:50:47.241Z,178960624724100
"""goeroge @ _sqcLETZ0C"" checks",2026-09-17T00:50:46.416Z,178960624641600
"""Stevo @ kI2bCqDOyl"" calls 20",2026-09-17T00:50:45.521Z,178960624552100
"""peelic @ vOeqrOXpLT"" folds",2026-09-17T00:50:44.526Z,178960624452600
"""arash @ 21jHaBYWIi"" calls 20",2026-09-17T00:50:43.677Z,178960624367700
"""Jonah @ xrBY5OZYCv"" calls 20",2026-09-17T00:50:40.847Z,178960624084700
"""goeroge @ _sqcLETZ0C"" posts a big blind of 20",2026-09-17T00:50:39.774Z,178960623977408
"""Stevo @ kI2bCqDOyl"" posts a small blind of 10",2026-09-17T00:50:39.774Z,178960623977407
"Your hand is 2♥, K♠",2026-09-17T00:50:39.774Z,178960623977405
"Player stacks: #1 ""Jonah @ xrBY5OZYCv"" (630) | #5 ""arash @ 21jHaBYWIi"" (1040) | #6 ""peelic @ vOeqrOXpLT"" (1320) | #7 ""Stevo @ kI2bCqDOyl"" (1200) | #9 ""goeroge @ _sqcLETZ0C"" (810)",2026-09-17T00:50:39.774Z,178960623977401
"-- starting hand #17 (id: lthavaqxqncf)  No Limit Texas Hold'em (dealer: ""peelic @ vOeqrOXpLT"") --",2026-09-17T00:50:39.774Z,178960623977400
"""Stevo @ kI2bCqDOyl"" shows a 8♣, 8♥.",2026-09-17T00:50:35.524Z,178960623552400
"""goeroge @ _sqcLETZ0C"" shows a J♠, Q♣.",2026-09-17T00:50:33.613Z,178960623361300
"-- ending hand #16 --",2026-09-17T00:50:32.690Z,178960623269002
"""arash @ 21jHaBYWIi"" collected 300 from pot with Two Pair, Q's & 7's (combination: 10♠, 7♣, 7♥, Q♠, Q♦)",2026-09-17T00:50:32.690Z,178960623269001
"""arash @ 21jHaBYWIi"" shows a 7♣, Q♠.",2026-09-17T00:50:32.690Z,178960623269000
"""Jonah @ xrBY5OZYCv"" folds",2026-09-17T00:50:31.820Z,178960623182000
"""goeroge @ _sqcLETZ0C"" calls 100",2026-09-17T00:50:30.896Z,178960623089600
"""Stevo @ kI2bCqDOyl"" folds",2026-09-17T00:50:24.712Z,178960622471200
"""peelic @ vOeqrOXpLT"" folds",2026-09-17T00:50:23.694Z,178960622369400
"""arash @ 21jHaBYWIi"" bets 100",2026-09-17T00:50:19.669Z,178960621966900
"""Jonah @ xrBY5OZYCv"" checks",2026-09-17T00:50:16.823Z,178960621682300
"""goeroge @ _sqcLETZ0C"" checks",2026-09-17T00:50:15.921Z,178960621592100
"""Stevo @ kI2bCqDOyl"" checks",2026-09-17T00:50:14.627Z,178960621462700
"""peelic @ vOeqrOXpLT"" checks",2026-09-17T00:50:13.590Z,178960621359000
"River: 7♥, 10♠, 4♣, 5♠ [Q♦]",2026-09-17T00:50:05.084Z,178960620508400
"""arash @ 21jHaBYWIi"" checks",2026-09-17T00:50:04.188Z,178960620418800
"""Jonah @ xrBY5OZYCv"" checks",2026-09-17T00:50:01.042Z,178960620104200
"""goeroge @ _sqcLETZ0C"" checks",2026-09-17T00:50:00.124Z,178960620012400
"""Stevo @ kI2bCqDOyl"" checks",2026-09-17T00:49:53.338Z,178960619333800
"""peelic @ vOeqrOXpLT"" checks",2026-09-17T00:49:52.332Z,178960619233200
"Turn: 7♥, 10♠, 4♣ [5♠]",2026-09-17T00:49:47.561Z,178960618756100
"""arash @ 21jHaBYWIi"" checks",2026-09-17T00:49:46.655Z,178960618665500
"""Jonah @ xrBY5OZYCv"" checks",2026-09-17T00:49:38.444Z,178960617844400
"""goeroge @ _sqcLETZ0C"" checks",2026-09-17T00:49:37.584Z,178960617758400
"""Stevo @ kI2bCqDOyl"" checks",2026-09-17T00:49:36.695Z,178960617669500
"""peelic @ vOeqrOXpLT"" checks",2026-09-17T00:49:35.660Z,178960617566000
"Flop:  [7♥, 10♠, 4♣]",2026-09-17T00:49:27.786Z,178960616778600
"""Stevo @ kI2bCqDOyl"" checks",2026-09-17T00:49:26.965Z,178960616696500
"""peelic @ vOeqrOXpLT"" calls 20",2026-09-17T00:49:26.013Z,178960616601300
"""arash @ 21jHaBYWIi"" calls 20",2026-09-17T00:49:19.227Z,178960615922700
"""Jonah @ xrBY5OZYCv"" calls 20",2026-09-17T00:49:14.369Z,178960615436900
"""goeroge @ _sqcLETZ0C"" calls 20",2026-09-17T00:49:13.411Z,178960615341100
"""Stevo @ kI2bCqDOyl"" posts a big blind of 20",2026-09-17T00:49:12.317Z,178960615231708
"""peelic @ vOeqrOXpLT"" posts a small blind of 10",2026-09-17T00:49:12.317Z,178960615231707
"Your hand is 8♣, 8♥",2026-09-17T00:49:12.317Z,178960615231705
"Player stacks: #1 ""Jonah @ xrBY5OZYCv"" (650) | #5 ""arash @ 21jHaBYWIi"" (860) | #6 ""peelic @ vOeqrOXpLT"" (1340) | #7 ""Stevo @ kI2bCqDOyl"" (1220) | #9 ""goeroge @ _sqcLETZ0C"" (930)",2026-09-17T00:49:12.317Z,178960615231701
"-- starting hand #16 (id: as1swpdid0em)  No Limit Texas Hold'em (dealer: ""arash @ 21jHaBYWIi"") --",2026-09-17T00:49:12.317Z,178960615231700
"""Stevo @ kI2bCqDOyl"" shows a 6♣, 7♠.",2026-09-17T00:49:09.114Z,178960614911400
"-- ending hand #15 --",2026-09-17T00:49:08.594Z,178960614859402
"""arash @ 21jHaBYWIi"" collected 60 from pot",2026-09-17T00:49:08.594Z,178960614859401
"Uncalled bet of 20 returned to ""arash @ 21jHaBYWIi""",2026-09-17T00:49:08.594Z,178960614859400
"""goeroge @ _sqcLETZ0C"" folds",2026-09-17T00:49:07.735Z,178960614773500
"""peelic @ vOeqrOXpLT"" folds",2026-09-17T00:49:06.806Z,178960614680600
"""arash @ 21jHaBYWIi"" bets 20",2026-09-17T00:48:57.435Z,178960613743500
"River: J♦, J♠, 9♣, 8♣ [5♠]",2026-09-17T00:48:55.273Z,178960613527300
"""goeroge @ _sqcLETZ0C"" checks",2026-09-17T00:48:54.422Z,178960613442200
"""peelic @ vOeqrOXpLT"" checks",2026-09-17T00:48:51.170Z,178960613117000
"""arash @ 21jHaBYWIi"" checks",2026-09-17T00:48:47.293Z,178960612729300
"Turn: J♦, J♠, 9♣ [8♣]",2026-09-17T00:48:43.292Z,178960612329200
"""goeroge @ _sqcLETZ0C"" checks",2026-09-17T00:48:42.481Z,178960612248100
"""peelic @ vOeqrOXpLT"" checks",2026-09-17T00:48:40.437Z,178960612043700
"""arash @ 21jHaBYWIi"" checks",2026-09-17T00:48:36.842Z,178960611684200
"Flop:  [J♦, J♠, 9♣]",2026-09-17T00:48:34.161Z,178960611416100
"""peelic @ vOeqrOXpLT"" checks",2026-09-17T00:48:33.300Z,178960611330000
"""arash @ 21jHaBYWIi"" calls 20",2026-09-17T00:48:32.463Z,178960611246300
"""Jonah @ xrBY5OZYCv"" folds",2026-09-17T00:48:31.507Z,178960611150700
"""goeroge @ _sqcLETZ0C"" calls 20",2026-09-17T00:48:30.584Z,178960611058400
"""Stevo @ kI2bCqDOyl"" folds",2026-09-17T00:48:29.723Z,178960610972300
"""peelic @ vOeqrOXpLT"" posts a big blind of 20",2026-09-17T00:48:28.260Z,178960610826008
"""arash @ 21jHaBYWIi"" posts a small blind of 10",2026-09-17T00:48:28.260Z,178960610826007
"Your hand is 6♣, 7♠",2026-09-17T00:48:28.260Z,178960610826005
"Player stacks: #1 ""Jonah @ xrBY5OZYCv"" (650) | #5 ""arash @ 21jHaBYWIi"" (820) | #6 ""peelic @ vOeqrOXpLT"" (1360) | #7 ""Stevo @ kI2bCqDOyl"" (1220) | #9 ""goeroge @ _sqcLETZ0C"" (950)",2026-09-17T00:48:28.260Z,178960610826001
"-- starting hand #15 (id: dq92tcitbyfi)  No Limit Texas Hold'em (dealer: ""Jonah @ xrBY5OZYCv"") --",2026-09-17T00:48:28.260Z,178960610826000
"""goeroge @ _sqcLETZ0C"" shows a 4♥, A♣.",2026-09-17T00:48:25.485Z,178960610548500
"-- ending hand #14 --",2026-09-17T00:48:24.656Z,178960610465602
"""peelic @ vOeqrOXpLT"" collected 310 from pot",2026-09-17T00:48:24.656Z,178960610465601
"Uncalled bet of 50 returned to ""peelic @ vOeqrOXpLT""",2026-09-17T00:48:24.656Z,178960610465600
"""goeroge @ _sqcLETZ0C"" folds",2026-09-17T00:48:23.788Z,178960610378800
"""peelic @ vOeqrOXpLT"" bets 50",2026-09-17T00:48:20.392Z,178960610039200
"River: 9♥, A♠, 10♠, 2♦ [8♣]",2026-09-17T00:48:13.345Z,178960609334500
"""goeroge @ _sqcLETZ0C"" calls 50",2026-09-17T00:48:12.519Z,178960609251900
"""Stevo @ kI2bCqDOyl"" folds",2026-09-17T00:48:06.218Z,178960608621800
"""peelic @ vOeqrOXpLT"" bets 50",2026-09-17T00:48:04.362Z,178960608436200
"Turn: 9♥, A♠, 10♠ [2♦]",2026-09-17T00:47:55.149Z,178960607514900
"""arash @ 21jHaBYWIi"" folds",2026-09-17T00:47:54.344Z,178960607434400
"""goeroge @ _sqcLETZ0C"" calls 40",2026-09-17T00:47:51.573Z,178960607157300
"""Stevo @ kI2bCqDOyl"" calls 40",2026-09-17T00:47:50.720Z,178960607072000
"""peelic @ vOeqrOXpLT"" bets 40",2026-09-17T00:47:48.946Z,178960606894600
"""arash @ 21jHaBYWIi"" checks",2026-09-17T00:47:46.392Z,178960606639200
"Flop:  [9♥, A♠, 10♠]",2026-09-17T00:47:45.013Z,178960606501300
"""arash @ 21jHaBYWIi"" checks",2026-09-17T00:47:44.117Z,178960606411700
"""Jonah @ xrBY5OZYCv"" folds",2026-09-17T00:47:43.100Z,178960606310000
"""goeroge @ _sqcLETZ0C"" calls 20",2026-09-17T00:47:42.245Z,178960606224500
"""Stevo @ kI2bCqDOyl"" calls 20",2026-09-17T00:47:41.348Z,178960606134800
"""peelic @ vOeqrOXpLT"" calls 20",2026-09-17T00:47:40.301Z,178960606030100
"""arash @ 21jHaBYWIi"" posts a big blind of 20",2026-09-17T00:47:37.020Z,178960605702008
"""Jonah @ xrBY5OZYCv"" posts a small blind of 10",2026-09-17T00:47:37.020Z,178960605702007
"Your hand is J♦, 9♦",2026-09-17T00:47:37.020Z,178960605702005
"Player stacks: #1 ""Jonah @ xrBY5OZYCv"" (660) | #5 ""arash @ 21jHaBYWIi"" (840) | #6 ""peelic @ vOeqrOXpLT"" (1160) | #7 ""Stevo @ kI2bCqDOyl"" (1280) | #9 ""goeroge @ _sqcLETZ0C"" (1060)",2026-09-17T00:47:37.020Z,178960605702001
"-- starting hand #14 (id: ilhmt8qlbpgd)  No Limit Texas Hold'em (dealer: ""goeroge @ _sqcLETZ0C"") --",2026-09-17T00:47:37.020Z,178960605702000
"-- ending hand #13 --",2026-09-17T00:47:34.091Z,178960605409102
"""peelic @ vOeqrOXpLT"" collected 400 from pot",2026-09-17T00:47:34.091Z,178960605409101
"Uncalled bet of 60 returned to ""peelic @ vOeqrOXpLT""",2026-09-17T00:47:34.091Z,178960605409100
"""arash @ 21jHaBYWIi"" folds",2026-09-17T00:47:33.241Z,178960605324100
"""peelic @ vOeqrOXpLT"" bets 60",2026-09-17T00:47:22.362Z,178960604236200
"""arash @ 21jHaBYWIi"" checks",2026-09-17T00:47:19.763Z,178960603976300
"River: 4♠, J♣, 7♦, K♠ [2♥]",2026-09-17T00:47:17.311Z,178960603731100
"""arash @ 21jHaBYWIi"" calls 120",2026-09-17T00:47:16.500Z,178960603650000
"""Jonah @ xrBY5OZYCv"" folds",2026-09-17T00:47:12.705Z,178960603270500
"""goeroge @ _sqcLETZ0C"" folds",2026-09-17T00:47:11.700Z,178960603170000
"""peelic @ vOeqrOXpLT"" raises to 120",2026-09-17T00:47:08.702Z,178960602870200
"""arash @ 21jHaBYWIi"" bets 60",2026-09-17T00:47:01.767Z,178960602176700
"""Jonah @ xrBY5OZYCv"" checks",2026-09-17T00:46:56.425Z,178960601642500
"""goeroge @ _sqcLETZ0C"" checks",2026-09-17T00:46:55.540Z,178960601554000
"Turn: 4♠, J♣, 7♦ [K♠]",2026-09-17T00:46:47.768Z,178960600776800
"""peelic @ vOeqrOXpLT"" calls 20",2026-09-17T00:46:46.907Z,178960600690700
"""arash @ 21jHaBYWIi"" calls 20",2026-09-17T00:46:42.572Z,178960600257200
"""Jonah @ xrBY5OZYCv"" calls 20",2026-09-17T00:46:41.612Z,178960600161200
"""goeroge @ _sqcLETZ0C"" bets 20",2026-09-17T00:46:38.174Z,178960599817400
"Flop:  [4♠, J♣, 7♦]",2026-09-17T00:46:33.992Z,178960599399200
"""Jonah @ xrBY5OZYCv"" checks",2026-09-17T00:46:33.159Z,178960599315900
"""goeroge @ _sqcLETZ0C"" calls 20",2026-09-17T00:46:30.721Z,178960599072100
"""Stevo @ kI2bCqDOyl"" folds",2026-09-17T00:46:25.493Z,178960598549300
"""peelic @ vOeqrOXpLT"" calls 20",2026-09-17T00:46:24.438Z,178960598443800
"""arash @ 21jHaBYWIi"" calls 20",2026-09-17T00:46:22.451Z,178960598245100
"""Jonah @ xrBY5OZYCv"" posts a big blind of 20",2026-09-17T00:46:20.156Z,178960598015608
"""goeroge @ _sqcLETZ0C"" posts a small blind of 10",2026-09-17T00:46:20.156Z,178960598015607
"Your hand is 5♠, 9♥",2026-09-17T00:46:20.156Z,178960598015605
"Player stacks: #1 ""Jonah @ xrBY5OZYCv"" (700) | #5 ""arash @ 21jHaBYWIi"" (1000) | #6 ""peelic @ vOeqrOXpLT"" (920) | #7 ""Stevo @ kI2bCqDOyl"" (1280) | #9 ""goeroge @ _sqcLETZ0C"" (1100)",2026-09-17T00:46:20.156Z,178960598015601
"-- starting hand #13 (id: o9gplkgcfwf2)  No Limit Texas Hold'em (dealer: ""Stevo @ kI2bCqDOyl"") --",2026-09-17T00:46:20.156Z,178960598015600
"""Stevo @ kI2bCqDOyl"" shows a J♣, 9♥.",2026-09-17T00:46:17.808Z,178960597780800
"-- ending hand #12 --",2026-09-17T00:46:16.551Z,178960597655102
"""Stevo @ kI2bCqDOyl"" collected 180 from pot",2026-09-17T00:46:16.551Z,178960597655101
"Uncalled bet of 20 returned to ""Stevo @ kI2bCqDOyl""",2026-09-17T00:46:16.551Z,178960597655100
"""arash @ 21jHaBYWIi"" folds",2026-09-17T00:46:15.644Z,178960597564400
"""Stevo @ kI2bCqDOyl"" bets 20",2026-09-17T00:46:09.938Z,178960596993800
"River: 7♦, 6♠, 4♠, 10♣ [4♣]",2026-09-17T00:46:07.949Z,178960596794900
"""arash @ 21jHaBYWIi"" calls 20",2026-09-17T00:46:07.117Z,178960596711700
"""Jonah @ xrBY5OZYCv"" folds",2026-09-17T00:46:06.211Z,178960596621100
"""Stevo @ kI2bCqDOyl"" bets 20",2026-09-17T00:46:01.802Z,178960596180200
"Turn: 7♦, 6♠, 4♠ [10♣]",2026-09-17T00:45:59.702Z,178960595970200
"""arash @ 21jHaBYWIi"" checks",2026-09-17T00:45:58.864Z,178960595886400
"""Jonah @ xrBY5OZYCv"" checks",2026-09-17T00:45:57.422Z,178960595742200
"""Stevo @ kI2bCqDOyl"" checks",2026-09-17T00:45:56.536Z,178960595653600
"Flop:  [7♦, 6♠, 4♠]",2026-09-17T00:45:54.972Z,178960595497200
"""goeroge @ _sqcLETZ0C"" folds",2026-09-17T00:45:54.123Z,178960595412300
"""Stevo @ kI2bCqDOyl"" calls 40",2026-09-17T00:45:53.249Z,178960595324900
"""peelic @ vOeqrOXpLT"" folds",2026-09-17T00:45:52.202Z,178960595220200
"""arash @ 21jHaBYWIi"" calls 40",2026-09-17T00:45:50.206Z,178960595020600
"""Jonah @ xrBY5OZYCv"" raises to 40",2026-09-17T00:45:47.342Z,178960594734200
"""goeroge @ _sqcLETZ0C"" posts a big blind of 20",2026-09-17T00:45:45.099Z,178960594509908
"""Stevo @ kI2bCqDOyl"" posts a small blind of 10",2026-09-17T00:45:45.099Z,178960594509907
"Your hand is J♣, 9♥",2026-09-17T00:45:45.099Z,178960594509905
"Player stacks: #1 ""Jonah @ xrBY5OZYCv"" (740) | #5 ""arash @ 21jHaBYWIi"" (1060) | #6 ""peelic @ vOeqrOXpLT"" (920) | #7 ""Stevo @ kI2bCqDOyl"" (1160) | #9 ""goeroge @ _sqcLETZ0C"" (1120)",2026-09-17T00:45:45.099Z,178960594509901
"-- starting hand #12 (id: ocdsqxnjbpom)  No Limit Texas Hold'em (dealer: ""peelic @ vOeqrOXpLT"") --",2026-09-17T00:45:45.099Z,178960594509900
"""Stevo @ kI2bCqDOyl"" shows a Q♠, A♣.",2026-09-17T00:45:42.172Z,178960594217200
"-- ending hand #11 --",2026-09-17T00:45:41.475Z,178960594147502
"""arash @ 21jHaBYWIi"" collected 300 from pot",2026-09-17T00:45:41.475Z,178960594147501
"Uncalled bet of 120 returned to ""arash @ 21jHaBYWIi""",2026-09-17T00:45:41.475Z,178960594147500
"""Jonah @ xrBY5OZYCv"" folds",2026-09-17T00:45:40.631Z,178960594063100
"""arash @ 21jHaBYWIi"" bets 120",2026-09-17T00:45:37.099Z,178960593709900
"""Jonah @ xrBY5OZYCv"" checks",2026-09-17T00:45:27.695Z,178960592769500
"River: 2♦, 5♥, 9♥, Q♣ [A♦]",2026-09-17T00:45:23.858Z,178960592385800
"""arash @ 21jHaBYWIi"" checks",2026-09-17T00:45:23.038Z,178960592303800
"""Jonah @ xrBY5OZYCv"" checks",2026-09-17T00:45:21.923Z,178960592192300
"Turn: 2♦, 5♥, 9♥ [Q♣]",2026-09-17T00:45:19.463Z,178960591946300
"""goeroge @ _sqcLETZ0C"" folds",2026-09-17T00:45:18.657Z,178960591865700
"""Stevo @ kI2bCqDOyl"" folds",2026-09-17T00:45:17.786Z,178960591778600
"""peelic @ vOeqrOXpLT"" folds",2026-09-17T00:45:15.036Z,178960591503600
"""arash @ 21jHaBYWIi"" calls 50",2026-09-17T00:45:13.762Z,178960591376200
"""Jonah @ xrBY5OZYCv"" bets 50",2026-09-17T00:45:09.306Z,178960590930600
"""goeroge @ _sqcLETZ0C"" checks",2026-09-17T00:45:06.164Z,178960590616400
"""Stevo @ kI2bCqDOyl"" checks",2026-09-17T00:45:00.358Z,178960590035800
"""peelic @ vOeqrOXpLT"" checks",2026-09-17T00:44:59.216Z,178960589921600
"Flop:  [2♦, 5♥, 9♥]",2026-09-17T00:44:53.539Z,178960589353900
"""peelic @ vOeqrOXpLT"" calls 40",2026-09-17T00:44:52.720Z,178960589272000
"""arash @ 21jHaBYWIi"" calls 40",2026-09-17T00:44:50.912Z,178960589091200
"""Jonah @ xrBY5OZYCv"" calls 40",2026-09-17T00:44:49.981Z,178960588998100
"""goeroge @ _sqcLETZ0C"" calls 40",2026-09-17T00:44:49.045Z,178960588904500
"""Stevo @ kI2bCqDOyl"" raises to 40",2026-09-17T00:44:44.187Z,178960588418700
"""peelic @ vOeqrOXpLT"" calls 20",2026-09-17T00:44:41.958Z,178960588195800
"""arash @ 21jHaBYWIi"" calls 20",2026-09-17T00:44:41.107Z,178960588110700
"""Jonah @ xrBY5OZYCv"" calls 20",2026-09-17T00:44:40.052Z,178960588005200
"""goeroge @ _sqcLETZ0C"" calls 20",2026-09-17T00:44:39.159Z,178960587915900
"""Stevo @ kI2bCqDOyl"" posts a big blind of 20",2026-09-17T00:44:37.526Z,178960587752608
"""peelic @ vOeqrOXpLT"" posts a small blind of 10",2026-09-17T00:44:37.526Z,178960587752607
"Your hand is Q♠, A♣",2026-09-17T00:44:37.526Z,178960587752605
"Player stacks: #1 ""Jonah @ xrBY5OZYCv"" (830) | #5 ""arash @ 21jHaBYWIi"" (850) | #6 ""peelic @ vOeqrOXpLT"" (960) | #7 ""Stevo @ kI2bCqDOyl"" (1200) | #9 ""goeroge @ _sqcLETZ0C"" (1160)",2026-09-17T00:44:37.526Z,178960587752601
"-- starting hand #11 (id: gk9vgdubkkbk)  No Limit Texas Hold'em (dealer: ""arash @ 21jHaBYWIi"") --",2026-09-17T00:44:37.526Z,178960587752600
"""goeroge @ _sqcLETZ0C"" shows a 10♦, J♦.",2026-09-17T00:44:35.790Z,178960587579000
"-- ending hand #10 --",2026-09-17T00:44:33.888Z,178960587388802
"""arash @ 21jHaBYWIi"" collected 180 from pot",2026-09-17T00:44:33.888Z,178960587388801
"Uncalled bet of 90 returned to ""arash @ 21jHaBYWIi""",2026-09-17T00:44:33.888Z,178960587388800
"""goeroge @ _sqcLETZ0C"" folds",2026-09-17T00:44:33.045Z,178960587304500
"""arash @ 21jHaBYWIi"" bets 90",2026-09-17T00:44:31.994Z,178960587199400
"River: K♥, 7♣, A♥, 4♠ [A♣]",2026-09-17T00:44:27.395Z,178960586739500
"""goeroge @ _sqcLETZ0C"" checks",2026-09-17T00:44:26.569Z,178960586656900
"""arash @ 21jHaBYWIi"" checks",2026-09-17T00:44:25.683Z,178960586568300
"Turn: K♥, 7♣, A♥ [4♠]",2026-09-17T00:44:24.480Z,178960586448000
"""arash @ 21jHaBYWIi"" calls 40",2026-09-17T00:44:23.625Z,178960586362500
"""goeroge @ _sqcLETZ0C"" bets 40",2026-09-17T00:44:21.924Z,178960586192400
"""arash @ 21jHaBYWIi"" checks",2026-09-17T00:44:16.718Z,178960585671800
"Flop:  [K♥, 7♣, A♥]",2026-09-17T00:44:15.385Z,178960585538500
"""goeroge @ _sqcLETZ0C"" calls 40",2026-09-17T00:44:14.545Z,178960585454500
"""peelic @ vOeqrOXpLT"" folds",2026-09-17T00:44:13.690Z,178960585369000
"""arash @ 21jHaBYWIi"" raises to 40",2026-09-17T00:44:08.859Z,178960584885900
"""Jonah @ xrBY5OZYCv"" folds",2026-09-17T00:44:06.561Z,178960584656100
"""goeroge @ _sqcLETZ0C"" calls 20",2026-09-17T00:44:05.663Z,178960584566300
"""Stevo @ kI2bCqDOyl"" folds",2026-09-17T00:44:02.702Z,178960584270200
"""peelic @ vOeqrOXpLT"" posts a big blind of 20",2026-09-17T00:44:01.500Z,178960584150008
"""arash @ 21jHaBYWIi"" posts a small blind of 10",2026-09-17T00:44:01.500Z,178960584150007
"Your hand is 2♣, 4♥",2026-09-17T00:44:01.500Z,178960584150005
"Player stacks: #1 ""Jonah @ xrBY5OZYCv"" (830) | #5 ""arash @ 21jHaBYWIi"" (750) | #6 ""peelic @ vOeqrOXpLT"" (980) | #7 ""Stevo @ kI2bCqDOyl"" (1200) | #9 ""goeroge @ _sqcLETZ0C"" (1240)",2026-09-17T00:44:01.500Z,178960584150001
"-- starting hand #10 (id: gogmutjefgju)  No Limit Texas Hold'em (dealer: ""Jonah @ xrBY5OZYCv"") --",2026-09-17T00:44:01.500Z,178960584150000
"Undealt cards: 6♠, Q♦, 2♣, K♥ [5♠]",2026-09-17T00:43:56.487Z,178960583648700
"-- ending hand #9 --",2026-09-17T00:43:55.478Z,178960583547802
"""Stevo @ kI2bCqDOyl"" collected 120 from pot",2026-09-17T00:43:55.478Z,178960583547801
"Uncalled bet of 40 returned to ""Stevo @ kI2bCqDOyl""",2026-09-17T00:43:55.478Z,178960583547800
"""arash @ 21jHaBYWIi"" folds",2026-09-17T00:43:54.583Z,178960583458300
"""Stevo @ kI2bCqDOyl"" bets 40",2026-09-17T00:43:45.503Z,178960582550300
"""arash @ 21jHaBYWIi"" checks",2026-09-17T00:43:42.568Z,178960582256800
"Turn: 6♠, Q♦, 2♣ [K♥]",2026-09-17T00:43:41.258Z,178960582125800
"""peelic @ vOeqrOXpLT"" folds",2026-09-17T00:43:40.411Z,178960582041100
"""arash @ 21jHaBYWIi"" calls 20",2026-09-17T00:43:38.962Z,178960581896200
"""Jonah @ xrBY5OZYCv"" folds",2026-09-17T00:43:38.020Z,178960581802000
"""Stevo @ kI2bCqDOyl"" bets 20",2026-09-17T00:43:31.389Z,178960581138900
"""peelic @ vOeqrOXpLT"" checks",2026-09-17T00:43:30.223Z,178960581022300
"""arash @ 21jHaBYWIi"" checks",2026-09-17T00:43:27.786Z,178960580778600
"""Jonah @ xrBY5OZYCv"" checks",2026-09-17T00:43:26.354Z,178960580635400
"Flop:  [6♠, Q♦, 2♣]",2026-09-17T00:43:24.009Z,178960580400900
"""arash @ 21jHaBYWIi"" checks",2026-09-17T00:43:23.155Z,178960580315500
"""Jonah @ xrBY5OZYCv"" calls 20",2026-09-17T00:43:20.968Z,178960580096800
"""goeroge @ _sqcLETZ0C"" folds",2026-09-17T00:43:20.024Z,178960580002400
"""Stevo @ kI2bCqDOyl"" calls 20",2026-09-17T00:43:15.343Z,178960579534300
"""peelic @ vOeqrOXpLT"" calls 20",2026-09-17T00:43:14.348Z,178960579434800
"""arash @ 21jHaBYWIi"" posts a big blind of 20",2026-09-17T00:43:13.514Z,178960579351408
"""Jonah @ xrBY5OZYCv"" posts a small blind of 10",2026-09-17T00:43:13.514Z,178960579351407
"Your hand is 10♠, 10♥",2026-09-17T00:43:13.514Z,178960579351405
"Player stacks: #1 ""Jonah @ xrBY5OZYCv"" (850) | #5 ""arash @ 21jHaBYWIi"" (790) | #6 ""peelic @ vOeqrOXpLT"" (1000) | #7 ""Stevo @ kI2bCqDOyl"" (1120) | #9 ""goeroge @ _sqcLETZ0C"" (1240)",2026-09-17T00:43:13.514Z,178960579351401
"-- starting hand #9 (id: lbtb9jx8pvzz)  No Limit Texas Hold'em (dealer: ""goeroge @ _sqcLETZ0C"") --",2026-09-17T00:43:13.514Z,178960579351400
"""Jonah @ xrBY5OZYCv"" shows a 6♦.",2026-09-17T00:43:08.685Z,178960578868500
"""Stevo @ kI2bCqDOyl"" shows a 7♦, K♦.",2026-09-17T00:43:08.339Z,178960578833900
"-- ending hand #8 --",2026-09-17T00:43:06.509Z,178960578650902
"""arash @ 21jHaBYWIi"" collected 360 from pot with Straight, 10 High (combination: 6♣, 7♥, 8♥, 9♦, 10♦)",2026-09-17T00:43:06.509Z,178960578650901
"""arash @ 21jHaBYWIi"" shows a Q♥, 6♣.",2026-09-17T00:43:06.509Z,178960578650900
"""peelic @ vOeqrOXpLT"" checks",2026-09-17T00:43:05.634Z,178960578563400
"""arash @ 21jHaBYWIi"" checks",2026-09-17T00:43:04.780Z,178960578478000
"River: 8♥, 9♦, 7♥, 10♦ [4♥]",2026-09-17T00:43:02.599Z,178960578259900
"""arash @ 21jHaBYWIi"" calls 100",2026-09-17T00:43:01.769Z,178960578176900
"""Stevo @ kI2bCqDOyl"" folds",2026-09-17T00:43:00.764Z,178960578076400
"""peelic @ vOeqrOXpLT"" bets 100",2026-09-17T00:42:57.635Z,178960577763500
"""arash @ 21jHaBYWIi"" checks",2026-09-17T00:42:53.858Z,178960577385800
"Turn: 8♥, 9♦, 7♥ [10♦]",2026-09-17T00:42:51.291Z,178960577129100
"""peelic @ vOeqrOXpLT"" calls 20",2026-09-17T00:42:50.487Z,178960577048700
"""arash @ 21jHaBYWIi"" calls 20",2026-09-17T00:42:49.633Z,178960576963300
"""Jonah @ xrBY5OZYCv"" folds",2026-09-17T00:42:48.692Z,178960576869200
"""goeroge @ _sqcLETZ0C"" folds",2026-09-17T00:42:45.510Z,178960576551000
"""Stevo @ kI2bCqDOyl"" bets 20",2026-09-17T00:42:41.123Z,178960576112300
"""peelic @ vOeqrOXpLT"" checks",2026-09-17T00:42:39.862Z,178960575986200
"""arash @ 21jHaBYWIi"" checks",2026-09-17T00:42:37.769Z,178960575776900
"""Jonah @ xrBY5OZYCv"" checks",2026-09-17T00:42:36.771Z,178960575677100
"""goeroge @ _sqcLETZ0C"" checks",2026-09-17T00:42:35.391Z,178960575539100
"Flop:  [8♥, 9♦, 7♥]",2026-09-17T00:42:32.734Z,178960575273400
"""Jonah @ xrBY5OZYCv"" checks",2026-09-17T00:42:31.895Z,178960575189500
"""goeroge @ _sqcLETZ0C"" calls 20",2026-09-17T00:42:30.947Z,178960575094700
"""Stevo @ kI2bCqDOyl"" calls 20",2026-09-17T00:42:30.076Z,178960575007600
"""peelic @ vOeqrOXpLT"" calls 20",2026-09-17T00:42:29.072Z,178960574907200
"""arash @ 21jHaBYWIi"" calls 20",2026-09-17T00:42:28.182Z,178960574818200
"""Jonah @ xrBY5OZYCv"" posts a big blind of 20",2026-09-17T00:42:25.916Z,178960574591608
"""goeroge @ _sqcLETZ0C"" posts a small blind of 10",2026-09-17T00:42:25.916Z,178960574591607
"Your hand is 7♦, K♦",2026-09-17T00:42:25.916Z,178960574591605
"Player stacks: #1 ""Jonah @ xrBY5OZYCv"" (870) | #5 ""arash @ 21jHaBYWIi"" (570) | #6 ""peelic @ vOeqrOXpLT"" (1140) | #7 ""Stevo @ kI2bCqDOyl"" (1160) | #9 ""goeroge @ _sqcLETZ0C"" (1260)",2026-09-17T00:42:25.916Z,178960574591601
"-- starting hand #8 (id: bgyb9uswqg7n)  No Limit Texas Hold'em (dealer: ""Stevo @ kI2bCqDOyl"") --",2026-09-17T00:42:25.916Z,178960574591600
"-- ending hand #7 --",2026-09-17T00:42:19.913Z,178960573991303
"""Stevo @ kI2bCqDOyl"" collected 320 from pot with Two Pair, J's & 4's (combination: A♣, 4♥, 4♣, J♦, J♣)",2026-09-17T00:42:19.913Z,178960573991302
"""Stevo @ kI2bCqDOyl"" shows a 4♥, J♦.",2026-09-17T00:42:19.913Z,178960573991301
"""arash @ 21jHaBYWIi"" shows a Q♠, A♥.",2026-09-17T00:42:19.913Z,178960573991300
"""goeroge @ _sqcLETZ0C"" folds",2026-09-17T00:42:19.105Z,178960573910500
"""Stevo @ kI2bCqDOyl"" calls 120",2026-09-17T00:42:17.796Z,178960573779600
"""arash @ 21jHaBYWIi"" raises to 120",2026-09-17T00:42:16.827Z,178960573682700
"""goeroge @ _sqcLETZ0C"" calls 20",2026-09-17T00:42:13.420Z,178960573342000
"""Stevo @ kI2bCqDOyl"" bets 20",2026-09-17T00:42:11.332Z,178960573133200
"River: 6♥, K♠, A♣, 4♣ [J♣]",2026-09-17T00:42:09.189Z,178960572918900
"""arash @ 21jHaBYWIi"" checks",2026-09-17T00:42:08.379Z,178960572837900
"""goeroge @ _sqcLETZ0C"" checks",2026-09-17T00:42:06.394Z,178960572639400
"""Stevo @ kI2bCqDOyl"" checks",2026-09-17T00:42:04.449Z,178960572444900
"Turn: 6♥, K♠, A♣ [4♣]",2026-09-17T00:42:02.347Z,178960572234700
"""arash @ 21jHaBYWIi"" checks",2026-09-17T00:42:01.401Z,178960572140100
"""goeroge @ _sqcLETZ0C"" checks",2026-09-17T00:42:00.383Z,178960572038300
"""Stevo @ kI2bCqDOyl"" checks",2026-09-17T00:41:59.404Z,178960571940400
"Flop:  [6♥, K♠, A♣]",2026-09-17T00:41:58.086Z,178960571808600
"""goeroge @ _sqcLETZ0C"" checks",2026-09-17T00:41:57.272Z,178960571727200
"""Stevo @ kI2bCqDOyl"" calls 20",2026-09-17T00:41:56.433Z,178960571643300
"""peelic @ vOeqrOXpLT"" folds",2026-09-17T00:41:55.469Z,178960571546900
"""arash @ 21jHaBYWIi"" calls 20",2026-09-17T00:41:54.542Z,178960571454200
"""Jonah @ xrBY5OZYCv"" folds",2026-09-17T00:41:53.515Z,178960571351500
"""goeroge @ _sqcLETZ0C"" posts a big blind of 20",2026-09-17T00:41:52.439Z,178960571243908
"""Stevo @ kI2bCqDOyl"" posts a small blind of 10",2026-09-17T00:41:52.439Z,178960571243907
"Your hand is 4♥, J♦",2026-09-17T00:41:52.439Z,178960571243905
"Player stacks: #1 ""Jonah @ xrBY5OZYCv"" (870) | #5 ""arash @ 21jHaBYWIi"" (710) | #6 ""peelic @ vOeqrOXpLT"" (1140) | #7 ""Stevo @ kI2bCqDOyl"" (980) | #9 ""goeroge @ _sqcLETZ0C"" (1300)",2026-09-17T00:41:52.439Z,178960571243901
"-- starting hand #7 (id: czna05k9xov6)  No Limit Texas Hold'em (dealer: ""peelic @ vOeqrOXpLT"") --",2026-09-17T00:41:52.439Z,178960571243900
"Undealt cards: 3♥, A♦, 9♥ [10♠, 3♠]",2026-09-17T00:41:48.646Z,178960570864600
"-- ending hand #6 --",2026-09-17T00:41:46.437Z,178960570643702
"""goeroge @ _sqcLETZ0C"" collected 100 from pot",2026-09-17T00:41:46.437Z,178960570643701
"Uncalled bet of 20 returned to ""goeroge @ _sqcLETZ0C""",2026-09-17T00:41:46.437Z,178960570643700
"""Stevo @ kI2bCqDOyl"" folds",2026-09-17T00:41:45.574Z,178960570557400
"""peelic @ vOeqrOXpLT"" folds",2026-09-17T00:41:44.559Z,178960570455900
"""arash @ 21jHaBYWIi"" folds",2026-09-17T00:41:39.711Z,178960569971100
"""Jonah @ xrBY5OZYCv"" folds",2026-09-17T00:41:36.265Z,178960569626500
"""goeroge @ _sqcLETZ0C"" bets 20",2026-09-17T00:41:34.612Z,178960569461200
"""Stevo @ kI2bCqDOyl"" checks",2026-09-17T00:41:33.167Z,178960569316700
"""peelic @ vOeqrOXpLT"" checks",2026-09-17T00:41:32.137Z,178960569213700
"Flop:  [3♥, A♦, 9♥]",2026-09-17T00:41:30.429Z,178960569042900
"""Stevo @ kI2bCqDOyl"" checks",2026-09-17T00:41:29.596Z,178960568959600
"""peelic @ vOeqrOXpLT"" calls 20",2026-09-17T00:41:28.652Z,178960568865200
"""arash @ 21jHaBYWIi"" calls 20",2026-09-17T00:41:27.816Z,178960568781600
"""Jonah @ xrBY5OZYCv"" calls 20",2026-09-17T00:41:25.869Z,178960568586900
"""goeroge @ _sqcLETZ0C"" calls 20",2026-09-17T00:41:24.910Z,178960568491000
"""Stevo @ kI2bCqDOyl"" posts a big blind of 20",2026-09-17T00:41:17.421Z,178960567742108
"""peelic @ vOeqrOXpLT"" posts a small blind of 10",2026-09-17T00:41:17.421Z,178960567742107
"Your hand is 6♦, 9♣",2026-09-17T00:41:17.421Z,178960567742105
"Player stacks: #1 ""Jonah @ xrBY5OZYCv"" (890) | #5 ""arash @ 21jHaBYWIi"" (730) | #6 ""peelic @ vOeqrOXpLT"" (1160) | #7 ""Stevo @ kI2bCqDOyl"" (1000) | #9 ""goeroge @ _sqcLETZ0C"" (1220)",2026-09-17T00:41:17.421Z,178960567742101
"-- starting hand #6 (id: ik8zp5hipemb)  No Limit Texas Hold'em (dealer: ""arash @ 21jHaBYWIi"") --",2026-09-17T00:41:17.421Z,178960567742100
"-- ending hand #5 --",2026-09-17T00:41:14.422Z,178960567442202
"""peelic @ vOeqrOXpLT"" collected 260 from pot",2026-09-17T00:41:14.422Z,178960567442201
"Uncalled bet of 100 returned to ""peelic @ vOeqrOXpLT""",2026-09-17T00:41:14.422Z,178960567442200
"""arash @ 21jHaBYWIi"" folds",2026-09-17T00:41:13.549Z,178960567354900
"""peelic @ vOeqrOXpLT"" bets 100",2026-09-17T00:41:11.706Z,178960567170600
"""arash @ 21jHaBYWIi"" checks",2026-09-17T00:41:07.748Z,178960566774800
"River: J♠, 9♣, 4♥, 9♦ [5♣]",2026-09-17T00:41:06.475Z,178960566647500
"""arash @ 21jHaBYWIi"" calls 50",2026-09-17T00:41:05.657Z,178960566565700
"""peelic @ vOeqrOXpLT"" bets 50",2026-09-17T00:41:00.851Z,178960566085100
"""arash @ 21jHaBYWIi"" checks",2026-09-17T00:40:56.262Z,178960565626200
"Turn: J♠, 9♣, 4♥ [9♦]",2026-09-17T00:40:52.374Z,178960565237400
"""arash @ 21jHaBYWIi"" calls 40",2026-09-17T00:40:51.553Z,178960565155300
"""Jonah @ xrBY5OZYCv"" folds",2026-09-17T00:40:49.715Z,178960564971500
"""Stevo @ kI2bCqDOyl"" folds",2026-09-17T00:40:47.708Z,178960564770800
"""peelic @ vOeqrOXpLT"" bets 40",2026-09-17T00:40:45.333Z,178960564533300
"""arash @ 21jHaBYWIi"" checks",2026-09-17T00:40:43.121Z,178960564312100
"Flop:  [J♠, 9♣, 4♥]",2026-09-17T00:40:41.598Z,178960564159800
"""peelic @ vOeqrOXpLT"" checks",2026-09-17T00:40:40.793Z,178960564079300
"""arash @ 21jHaBYWIi"" calls 20",2026-09-17T00:40:39.864Z,178960563986400
"""Jonah @ xrBY5OZYCv"" calls 20",2026-09-17T00:40:38.812Z,178960563881200
"""goeroge @ _sqcLETZ0C"" folds",2026-09-17T00:40:37.900Z,178960563790000
"""Stevo @ kI2bCqDOyl"" calls 20",2026-09-17T00:40:35.296Z,178960563529600
"""peelic @ vOeqrOXpLT"" posts a big blind of 20",2026-09-17T00:40:32.550Z,178960563255008
"""arash @ 21jHaBYWIi"" posts a small blind of 10",2026-09-17T00:40:32.550Z,178960563255007
"Your hand is 8♥, 5♥",2026-09-17T00:40:32.550Z,178960563255005
"Player stacks: #1 ""Jonah @ xrBY5OZYCv"" (910) | #5 ""arash @ 21jHaBYWIi"" (840) | #6 ""peelic @ vOeqrOXpLT"" (1010) | #7 ""Stevo @ kI2bCqDOyl"" (1020) | #9 ""goeroge @ _sqcLETZ0C"" (1220)",2026-09-17T00:40:32.550Z,178960563255001
"-- starting hand #5 (id: hdx47fc1tn0d)  No Limit Texas Hold'em (dealer: ""Jonah @ xrBY5OZYCv"") --",2026-09-17T00:40:32.550Z,178960563255000
"-- ending hand #4 --",2026-09-17T00:40:29.550Z,178960562955002
"""arash @ 21jHaBYWIi"" collected 110 from pot",2026-09-17T00:40:29.550Z,178960562955001
"Uncalled bet of 120 returned to ""arash @ 21jHaBYWIi""",2026-09-17T00:40:29.550Z,178960562955000
"""Stevo @ kI2bCqDOyl"" folds",2026-09-17T00:40:28.628Z,178960562862800
"""arash @ 21jHaBYWIi"" bets 120",2026-09-17T00:40:26.035Z,178960562603500
"River: 2♣, 9♥, 9♠, 3♦ [Q♠]",2026-09-17T00:40:20.989Z,178960562098900
"""peelic @ vOeqrOXpLT"" folds",2026-09-17T00:40:20.186Z,178960562018600
"""arash @ 21jHaBYWIi"" calls 20",2026-09-17T00:40:13.554Z,178960561355400
"""Stevo @ kI2bCqDOyl"" bets 20",2026-09-17T00:40:09.230Z,178960560923000
"""peelic @ vOeqrOXpLT"" checks",2026-09-17T00:40:07.629Z,178960560762900
"""arash @ 21jHaBYWIi"" checks",2026-09-17T00:40:05.321Z,178960560532100
"Turn: 2♣, 9♥, 9♠ [3♦]",2026-09-17T00:40:03.536Z,178960560353600
"""Stevo @ kI2bCqDOyl"" checks",2026-09-17T00:40:02.637Z,178960560263700
"""peelic @ vOeqrOXpLT"" checks",2026-09-17T00:40:01.438Z,178960560143800
"""arash @ 21jHaBYWIi"" checks",2026-09-17T00:40:00.525Z,178960560052500
"Flop:  [2♣, 9♥, 9♠]",2026-09-17T00:39:59.174Z,178960559917400
"""arash @ 21jHaBYWIi"" checks",2026-09-17T00:39:58.361Z,178960559836100
"""Jonah @ xrBY5OZYCv"" folds",2026-09-17T00:39:57.407Z,178960559740700
"""goeroge @ _sqcLETZ0C"" folds",2026-09-17T00:39:56.475Z,178960559647500
"""Stevo @ kI2bCqDOyl"" calls 20",2026-09-17T00:39:55.604Z,178960559560400
"""peelic @ vOeqrOXpLT"" calls 20",2026-09-17T00:39:54.612Z,178960559461200
"""arash @ 21jHaBYWIi"" posts a big blind of 20",2026-09-17T00:39:48.357Z,178960558835708
"""Jonah @ xrBY5OZYCv"" posts a small blind of 10",2026-09-17T00:39:48.357Z,178960558835707
"Your hand is 10♥, 3♥",2026-09-17T00:39:48.357Z,178960558835705
"Player stacks: #1 ""Jonah @ xrBY5OZYCv"" (920) | #5 ""arash @ 21jHaBYWIi"" (770) | #6 ""peelic @ vOeqrOXpLT"" (1030) | #7 ""Stevo @ kI2bCqDOyl"" (1060) | #9 ""goeroge @ _sqcLETZ0C"" (1220)",2026-09-17T00:39:48.357Z,178960558835701
"-- starting hand #4 (id: ci3p5rrwhd1o)  No Limit Texas Hold'em (dealer: ""goeroge @ _sqcLETZ0C"") --",2026-09-17T00:39:48.357Z,178960558835700
"""goeroge @ _sqcLETZ0C"" shows a 6♣, Q♣.",2026-09-17T00:39:45.284Z,178960558528400
"-- ending hand #3 --",2026-09-17T00:39:44.741Z,178960558474102
"""goeroge @ _sqcLETZ0C"" collected 400 from pot",2026-09-17T00:39:44.741Z,178960558474101
"Uncalled bet of 100 returned to ""goeroge @ _sqcLETZ0C""",2026-09-17T00:39:44.741Z,178960558474100
"""arash @ 21jHaBYWIi"" folds",2026-09-17T00:39:43.935Z,178960558393500
"""goeroge @ _sqcLETZ0C"" bets 100",2026-09-17T00:39:39.493Z,178960557949300
"River: 7♣, Q♦, 3♦, K♦ [6♠]",2026-09-17T00:39:35.735Z,178960557573500
"""peelic @ vOeqrOXpLT"" folds",2026-09-17T00:39:34.908Z,178960557490800
"""arash @ 21jHaBYWIi"" calls 60",2026-09-17T00:39:24.035Z,178960556403500
"""Jonah @ xrBY5OZYCv"" folds",2026-09-17T00:39:21.855Z,178960556185500
"""goeroge @ _sqcLETZ0C"" bets 60",2026-09-17T00:39:11.637Z,178960555163700
"Turn: 7♣, Q♦, 3♦ [K♦]",2026-09-17T00:39:05.495Z,178960554549500
"""Stevo @ kI2bCqDOyl"" folds",2026-09-17T00:39:04.643Z,178960554464300
"""peelic @ vOeqrOXpLT"" calls 20",2026-09-17T00:39:03.655Z,178960554365500
"""arash @ 21jHaBYWIi"" calls 20",2026-09-17T00:38:57.621Z,178960553762100
"""Jonah @ xrBY5OZYCv"" calls 20",2026-09-17T00:38:54.892Z,178960553489200
"""goeroge @ _sqcLETZ0C"" bets 20",2026-09-17T00:38:53.483Z,178960553348300
"Flop:  [7♣, Q♦, 3♦]",2026-09-17T00:38:50.579Z,178960553057900
"""goeroge @ _sqcLETZ0C"" calls 40",2026-09-17T00:38:49.733Z,178960552973300
"""Stevo @ kI2bCqDOyl"" calls 40",2026-09-17T00:38:46.195Z,178960552619500
"""peelic @ vOeqrOXpLT"" calls 40",2026-09-17T00:38:44.200Z,178960552420000
"""arash @ 21jHaBYWIi"" calls 40",2026-09-17T00:38:43.307Z,178960552330700
"""Jonah @ xrBY5OZYCv"" raises to 40",2026-09-17T00:38:41.362Z,178960552136200
"""goeroge @ _sqcLETZ0C"" calls 20",2026-09-17T00:38:38.483Z,178960551848300
"""Stevo @ kI2bCqDOyl"" calls 20",2026-09-17T00:38:33.711Z,178960551371100
"""peelic @ vOeqrOXpLT"" calls 20",2026-09-17T00:38:32.690Z,178960551269000
"""arash @ 21jHaBYWIi"" calls 20",2026-09-17T00:38:31.774Z,178960551177400
"""Jonah @ xrBY5OZYCv"" posts a big blind of 20",2026-09-17T00:38:29.858Z,178960550985808
"""goeroge @ _sqcLETZ0C"" posts a small blind of 10",2026-09-17T00:38:29.858Z,178960550985807
"Your hand is 10♥, 8♣",2026-09-17T00:38:29.858Z,178960550985805
"Player stacks: #1 ""Jonah @ xrBY5OZYCv"" (980) | #5 ""arash @ 21jHaBYWIi"" (890) | #6 ""peelic @ vOeqrOXpLT"" (1090) | #7 ""Stevo @ kI2bCqDOyl"" (1100) | #9 ""goeroge @ _sqcLETZ0C"" (940)",2026-09-17T00:38:29.858Z,178960550985801
"-- starting hand #3 (id: ftkap8a47koj)  No Limit Texas Hold'em (dealer: ""Stevo @ kI2bCqDOyl"") --",2026-09-17T00:38:29.858Z,178960550985800
"-- ending hand #2 --",2026-09-17T00:38:23.854Z,178960550385402
"""Stevo @ kI2bCqDOyl"" collected 180 from pot with Two Pair, K's & J's (combination: 7♦, J♣, J♥, K♥, K♦)",2026-09-17T00:38:23.854Z,178960550385401
"""Stevo @ kI2bCqDOyl"" shows a J♣, 6♦.",2026-09-17T00:38:23.854Z,178960550385400
"""arash @ 21jHaBYWIi"" calls 20",2026-09-17T00:38:22.985Z,178960550298500
"""goeroge @ _sqcLETZ0C"" folds",2026-09-17T00:38:20.672Z,178960550067200
"""Stevo @ kI2bCqDOyl"" bets 20",2026-09-17T00:38:19.764Z,178960549976400
"River: 7♦, 3♠, J♥, K♥ [K♦]",2026-09-17T00:38:18.250Z,178960549825000
"""arash @ 21jHaBYWIi"" checks",2026-09-17T00:38:17.427Z,178960549742700
"""goeroge @ _sqcLETZ0C"" checks",2026-09-17T00:38:16.031Z,178960549603100
"""Stevo @ kI2bCqDOyl"" checks",2026-09-17T00:38:11.488Z,178960549148800
"Turn: 7♦, 3♠, J♥ [K♥]",2026-09-17T00:38:09.053Z,178960548905300
"""peelic @ vOeqrOXpLT"" folds",2026-09-17T00:38:08.206Z,178960548820600
"""arash @ 21jHaBYWIi"" calls 20",2026-09-17T00:38:00.877Z,178960548087700
"""goeroge @ _sqcLETZ0C"" calls 20",2026-09-17T00:37:53.902Z,178960547390200
"""Stevo @ kI2bCqDOyl"" bets 20",2026-09-17T00:37:52.606Z,178960547260600
"Flop:  [7♦, 3♠, J♥]",2026-09-17T00:37:50.886Z,178960547088600
"""goeroge @ _sqcLETZ0C"" checks",2026-09-17T00:37:50.010Z,178960547001000
"""Stevo @ kI2bCqDOyl"" calls 20",2026-09-17T00:37:49.160Z,178960546916000
"""peelic @ vOeqrOXpLT"" calls 20",2026-09-17T00:37:46.198Z,178960546619800
"""arash @ 21jHaBYWIi"" calls 20",2026-09-17T00:37:44.133Z,178960546413300
"""Jonah @ xrBY5OZYCv"" folds",2026-09-17T00:37:42.144Z,178960546214400
"""goeroge @ _sqcLETZ0C"" posts a big blind of 20",2026-09-17T00:37:41.189Z,178960546118908
"""Stevo @ kI2bCqDOyl"" posts a small blind of 10",2026-09-17T00:37:41.189Z,178960546118907
"Your hand is J♣, 6♦",2026-09-17T00:37:41.189Z,178960546118905
"Player stacks: #1 ""Jonah @ xrBY5OZYCv"" (980) | #5 ""arash @ 21jHaBYWIi"" (950) | #6 ""peelic @ vOeqrOXpLT"" (1110) | #7 ""Stevo @ kI2bCqDOyl"" (980) | #9 ""goeroge @ _sqcLETZ0C"" (980)",2026-09-17T00:37:41.189Z,178960546118901
"-- starting hand #2 (id: 56g0auaqk4ss)  No Limit Texas Hold'em (dealer: ""peelic @ vOeqrOXpLT"") --",2026-09-17T00:37:41.189Z,178960546118900
"""goeroge @ _sqcLETZ0C"" shows a 4♦, 6♦.",2026-09-17T00:37:36.406Z,178960545640600
"-- ending hand #1 --",2026-09-17T00:37:34.672Z,178960545467202
"""peelic @ vOeqrOXpLT"" collected 160 from pot with Pair, J's (combination: 4♠, 7♣, 9♣, J♠, J♥)",2026-09-17T00:37:34.672Z,178960545467201
"""peelic @ vOeqrOXpLT"" shows a J♠, 4♠.",2026-09-17T00:37:34.672Z,178960545467200
"""arash @ 21jHaBYWIi"" calls 30",2026-09-17T00:37:33.848Z,178960545384800
"""Jonah @ xrBY5OZYCv"" folds",2026-09-17T00:37:28.835Z,178960544883500
"""goeroge @ _sqcLETZ0C"" folds",2026-09-17T00:37:25.572Z,178960544557200
"""Stevo @ kI2bCqDOyl"" folds",2026-09-17T00:37:23.303Z,178960544330300
"""peelic @ vOeqrOXpLT"" bets 30",2026-09-17T00:37:22.350Z,178960544235000
"River: 9♣, 3♦, 7♣, 2♠ [J♥]",2026-09-17T00:37:16.462Z,178960543646200
"""arash @ 21jHaBYWIi"" checks",2026-09-17T00:37:15.620Z,178960543562000
"""Jonah @ xrBY5OZYCv"" checks",2026-09-17T00:37:13.800Z,178960543380000
"""goeroge @ _sqcLETZ0C"" checks",2026-09-17T00:37:12.896Z,178960543289600
"""Stevo @ kI2bCqDOyl"" checks",2026-09-17T00:37:08.201Z,178960542820100
"""peelic @ vOeqrOXpLT"" checks",2026-09-17T00:37:07.236Z,178960542723600
"Turn: 9♣, 3♦, 7♣ [2♠]",2026-09-17T00:37:06.132Z,178960542613200
"""arash @ 21jHaBYWIi"" checks",2026-09-17T00:37:05.311Z,178960542531100
"""Jonah @ xrBY5OZYCv"" checks",2026-09-17T00:37:04.091Z,178960542409100
"""goeroge @ _sqcLETZ0C"" checks",2026-09-17T00:37:03.224Z,178960542322400
"""Stevo @ kI2bCqDOyl"" checks",2026-09-17T00:37:02.356Z,178960542235600
"""peelic @ vOeqrOXpLT"" checks",2026-09-17T00:37:01.337Z,178960542133700
"Flop:  [9♣, 3♦, 7♣]",2026-09-17T00:36:59.520Z,178960541952000
"""Stevo @ kI2bCqDOyl"" checks",2026-09-17T00:36:58.677Z,178960541867700
"""peelic @ vOeqrOXpLT"" calls 20",2026-09-17T00:36:57.686Z,178960541768600
"""arash @ 21jHaBYWIi"" calls 20",2026-09-17T00:36:56.082Z,178960541608200
"""Jonah @ xrBY5OZYCv"" calls 20",2026-09-17T00:36:53.563Z,178960541356300
"""goeroge @ _sqcLETZ0C"" calls 20",2026-09-17T00:36:52.673Z,178960541267300
"""Stevo @ kI2bCqDOyl"" posts a big blind of 20",2026-09-17T00:36:49.122Z,178960540912213
"""peelic @ vOeqrOXpLT"" posts a small blind of 10",2026-09-17T00:36:49.122Z,178960540912212
"Your hand is A♦, 5♠",2026-09-17T00:36:49.122Z,178960540912210
"Player stacks: #1 ""Jonah @ xrBY5OZYCv"" (1000) | #5 ""arash @ 21jHaBYWIi"" (1000) | #6 ""peelic @ vOeqrOXpLT"" (1000) | #7 ""Stevo @ kI2bCqDOyl"" (1000) | #9 ""goeroge @ _sqcLETZ0C"" (1000)",2026-09-17T00:36:49.122Z,178960540912206
"The player ""goeroge @ _sqcLETZ0C"" joined the game with a stack of 1000.",2026-09-17T00:36:49.122Z,178960540912205
"The player ""Stevo @ kI2bCqDOyl"" joined the game with a stack of 1000.",2026-09-17T00:36:49.122Z,178960540912204
"The player ""peelic @ vOeqrOXpLT"" joined the game with a stack of 1000.",2026-09-17T00:36:49.122Z,178960540912203
"The player ""arash @ 21jHaBYWIi"" joined the game with a stack of 1000.",2026-09-17T00:36:49.122Z,178960540912202
"The player ""Jonah @ xrBY5OZYCv"" joined the game with a stack of 1000.",2026-09-17T00:36:49.122Z,178960540912201
"-- starting hand #1 (id: dq9qssloutrq)  No Limit Texas Hold'em (dealer: ""arash @ 21jHaBYWIi"") --",2026-09-17T00:36:49.122Z,178960540912200
"The admin approved the player ""goeroge @ _sqcLETZ0C"" participation with a stack of 1000.",2026-09-17T00:36:43.958Z,178960540395800
"The player ""goeroge @ _sqcLETZ0C"" requested a seat.",2026-09-17T00:36:42.594Z,178960540259400
"The admin approved the player ""peelic @ vOeqrOXpLT"" participation with a stack of 1000.",2026-09-17T00:35:59.557Z,178960535955700
"The player ""peelic @ vOeqrOXpLT"" requested a seat.",2026-09-17T00:35:57.538Z,178960535753800
"The admin approved the player ""Jonah @ xrBY5OZYCv"" participation with a stack of 1000.",2026-09-17T00:35:52.956Z,178960535295600
"The player ""Jonah @ xrBY5OZYCv"" requested a seat.",2026-09-17T00:35:49.869Z,178960534986900
"The admin approved the player ""arash @ 21jHaBYWIi"" participation with a stack of 1000.",2026-09-17T00:35:22.446Z,178960532244600
"The player ""arash @ 21jHaBYWIi"" requested a seat.",2026-09-17T00:35:17.836Z,178960531783600
"Game Config Changes
* Allow Straddle: off » on
* Nit Minimum Players: off » 3
* Allow Rebuy: off » off
* Decision Limit Time: 20s » 9s
* Deal Cards to Away Players: off » on
* Rabbit Hunt: off » on
* Max Time Bank: 10s » 1s
* Hands to Full Refill Time Bank: 10 » 2",2026-09-17T00:30:06.485Z,178960500648500
"The admin approved the player ""Stevo @ kI2bCqDOyl"" participation with a stack of 1000.",2026-09-17T00:29:55.117Z,178960499511701
"The player ""Stevo @ kI2bCqDOyl"" requested a seat.",2026-09-17T00:29:55.117Z,178960499511700
