entry,at,order
"""Jonah @ xrBY5OZYCv"" posts a big blind of 20",2026-08-13T02:31:52.705Z,178658831270509
"""Stevo @ kI2bCqDOyl"" posts a small blind of 10",2026-08-13T02:31:52.705Z,178658831270508
"Your hand is 9♦, 2♣",2026-08-13T02:31:52.705Z,178658831270504
"Player stacks: #2 ""Spenny @ S8ENkJ8OQS"" (2040) | #3 ""peelic @ vOeqrOXpLT"" (1100) | #4 ""Stevo @ kI2bCqDOyl"" (3280) | #6 ""Jonah @ xrBY5OZYCv"" (1760) | #7 ""arash @ RYnRljE1SO"" (1210) | #10 ""georgeorgoe @ wgzHqTfHfQ"" (610)",2026-08-13T02:31:52.705Z,178658831270501
"-- starting hand #103 (id: nrfgdwau4jct)  No Limit Texas Hold'em (dealer: ""peelic @ vOeqrOXpLT"") --",2026-08-13T02:31:52.705Z,178658831270500
"""georgeorgoe @ wgzHqTfHfQ"" shows a 7♦, 4♦.",2026-08-13T02:31:50.910Z,178658831091000
"""Stevo @ kI2bCqDOyl"" shows a Q♦, K♥.",2026-08-13T02:31:49.302Z,178658830930200
"""Spenny @ S8ENkJ8OQS"" shows a 9♣, Q♥.",2026-08-13T02:31:48.912Z,178658830891200
"-- ending hand #102 --",2026-08-13T02:31:47.699Z,178658830769902
"""Stevo @ kI2bCqDOyl"" collected 630 from pot",2026-08-13T02:31:47.699Z,178658830769901
"Uncalled bet of 200 returned to ""Stevo @ kI2bCqDOyl""",2026-08-13T02:31:47.699Z,178658830769900
"""Spenny @ S8ENkJ8OQS"" folds",2026-08-13T02:31:46.884Z,178658830688400
"""georgeorgoe @ wgzHqTfHfQ"" folds",2026-08-13T02:31:40.049Z,178658830004900
"""Stevo @ kI2bCqDOyl"" bets 200",2026-08-13T02:31:39.022Z,178658829902200
"River: J♦, 4♥, K♦, K♠ [9♥]",2026-08-13T02:31:34.259Z,178658829425900
"""Spenny @ S8ENkJ8OQS"" calls 100",2026-08-13T02:31:33.441Z,178658829344100
"""georgeorgoe @ wgzHqTfHfQ"" calls 100",2026-08-13T02:31:28.995Z,178658828899500
"""Stevo @ kI2bCqDOyl"" bets 100",2026-08-13T02:31:27.611Z,178658828761100
"Turn: J♦, 4♥, K♦ [K♠]",2026-08-13T02:31:25.248Z,178658828524800
"""Spenny @ S8ENkJ8OQS"" calls 50",2026-08-13T02:31:24.387Z,178658828438700
"""georgeorgoe @ wgzHqTfHfQ"" calls 50",2026-08-13T02:31:22.269Z,178658828226900
"""arash @ RYnRljE1SO"" folds",2026-08-13T02:31:21.246Z,178658828124600
"""Stevo @ kI2bCqDOyl"" bets 50",2026-08-13T02:31:18.700Z,178658827870000
"Flop:  [J♦, 4♥, K♦]",2026-08-13T02:31:15.287Z,178658827528700
"""peelic @ vOeqrOXpLT"" folds",2026-08-13T02:31:14.477Z,178658827447700
"""Spenny @ S8ENkJ8OQS"" calls 40",2026-08-13T02:31:13.619Z,178658827361900
"""georgeorgoe @ wgzHqTfHfQ"" calls 40",2026-08-13T02:31:06.975Z,178658826697500
"""arash @ RYnRljE1SO"" calls 40",2026-08-13T02:31:06.098Z,178658826609800
"""Stevo @ kI2bCqDOyl"" raises to 40",2026-08-13T02:31:03.227Z,178658826322700
"""peelic @ vOeqrOXpLT"" calls 20",2026-08-13T02:31:01.314Z,178658826131400
"""Spenny @ S8ENkJ8OQS"" calls 20",2026-08-13T02:30:53.735Z,178658825373500
"""georgeorgoe @ wgzHqTfHfQ"" calls 20",2026-08-13T02:30:52.820Z,178658825282000
"""arash @ RYnRljE1SO"" calls 20",2026-08-13T02:30:51.912Z,178658825191200
"""Jonah @ xrBY5OZYCv"" folds",2026-08-13T02:30:47.486Z,178658824748600
"""Stevo @ kI2bCqDOyl"" posts a big blind of 20",2026-08-13T02:30:45.823Z,178658824582309
"""peelic @ vOeqrOXpLT"" posts a small blind of 10",2026-08-13T02:30:45.823Z,178658824582308
"Your hand is Q♦, K♥",2026-08-13T02:30:45.823Z,178658824582304
"Player stacks: #2 ""Spenny @ S8ENkJ8OQS"" (2230) | #3 ""peelic @ vOeqrOXpLT"" (1120) | #4 ""Stevo @ kI2bCqDOyl"" (2840) | #6 ""Jonah @ xrBY5OZYCv"" (1760) | #7 ""arash @ RYnRljE1SO"" (1250) | #10 ""georgeorgoe @ wgzHqTfHfQ"" (800)",2026-08-13T02:30:45.823Z,178658824582301
"-- starting hand #102 (id: qg7hhv3pgbvr)  No Limit Texas Hold'em (dealer: ""Spenny @ S8ENkJ8OQS"") --",2026-08-13T02:30:45.823Z,178658824582300
"""georgeorgoe @ wgzHqTfHfQ"" shows a 5♥, 10♣.",2026-08-13T02:30:44.364Z,178658824436400
"-- ending hand #101 --",2026-08-13T02:30:42.191Z,178658824219102
"""arash @ RYnRljE1SO"" collected 350 from pot",2026-08-13T02:30:42.191Z,178658824219101
"Uncalled bet of 90 returned to ""arash @ RYnRljE1SO""",2026-08-13T02:30:42.191Z,178658824219100
"""Stevo @ kI2bCqDOyl"" folds",2026-08-13T02:30:41.378Z,178658824137800
"""peelic @ vOeqrOXpLT"" folds",2026-08-13T02:30:40.352Z,178658824035200
"""arash @ RYnRljE1SO"" raises to 150",2026-08-13T02:30:31.645Z,178658823164500
"""Stevo @ kI2bCqDOyl"" bets 60",2026-08-13T02:30:25.465Z,178658822546500
"""peelic @ vOeqrOXpLT"" checks",2026-08-13T02:30:23.120Z,178658822312000
"River: 4♥, 7♦, 4♣, 2♠ [8♦]",2026-08-13T02:30:17.431Z,178658821743100
"""peelic @ vOeqrOXpLT"" calls 30",2026-08-13T02:30:16.599Z,178658821659900
"""arash @ RYnRljE1SO"" calls 30",2026-08-13T02:30:15.723Z,178658821572300
"""Stevo @ kI2bCqDOyl"" bets 30",2026-08-13T02:30:10.926Z,178658821092600
"""peelic @ vOeqrOXpLT"" checks",2026-08-13T02:30:09.025Z,178658820902500
"Turn: 4♥, 7♦, 4♣ [2♠]",2026-08-13T02:29:58.004Z,178658819800400
"""peelic @ vOeqrOXpLT"" calls 20",2026-08-13T02:29:57.195Z,178658819719500
"""Spenny @ S8ENkJ8OQS"" folds",2026-08-13T02:29:49.812Z,178658818981200
"""arash @ RYnRljE1SO"" calls 20",2026-08-13T02:29:43.522Z,178658818352200
"""Stevo @ kI2bCqDOyl"" bets 20",2026-08-13T02:29:41.191Z,178658818119100
"""peelic @ vOeqrOXpLT"" checks",2026-08-13T02:29:39.559Z,178658817955900
"""Spenny @ S8ENkJ8OQS"" checks",2026-08-13T02:29:33.610Z,178658817361000
"Flop:  [4♥, 7♦, 4♣]",2026-08-13T02:29:27.650Z,178658816765000
"""peelic @ vOeqrOXpLT"" checks",2026-08-13T02:29:26.814Z,178658816681400
"""Spenny @ S8ENkJ8OQS"" calls 20",2026-08-13T02:29:25.932Z,178658816593200
"""georgeorgoe @ wgzHqTfHfQ"" folds",2026-08-13T02:29:25.003Z,178658816500300
"""arash @ RYnRljE1SO"" calls 20",2026-08-13T02:29:24.151Z,178658816415100
"""Jonah @ xrBY5OZYCv"" folds",2026-08-13T02:29:23.231Z,178658816323100
"""Stevo @ kI2bCqDOyl"" calls 20",2026-08-13T02:29:22.326Z,178658816232600
"""peelic @ vOeqrOXpLT"" posts a big blind of 20",2026-08-13T02:29:20.176Z,178658816017609
"""Spenny @ S8ENkJ8OQS"" posts a small blind of 10",2026-08-13T02:29:20.176Z,178658816017608
"Your hand is 6♦, 6♥",2026-08-13T02:29:20.176Z,178658816017604
"Player stacks: #2 ""Spenny @ S8ENkJ8OQS"" (2250) | #3 ""peelic @ vOeqrOXpLT"" (1190) | #4 ""Stevo @ kI2bCqDOyl"" (2970) | #6 ""Jonah @ xrBY5OZYCv"" (1760) | #7 ""arash @ RYnRljE1SO"" (1030) | #10 ""georgeorgoe @ wgzHqTfHfQ"" (800)",2026-08-13T02:29:20.176Z,178658816017601
"-- starting hand #101 (id: sk32wwevrzn3)  No Limit Texas Hold'em (dealer: ""georgeorgoe @ wgzHqTfHfQ"") --",2026-08-13T02:29:20.176Z,178658816017600
"""georgeorgoe @ wgzHqTfHfQ"" shows a 9♠, Q♠.",2026-08-13T02:29:17.115Z,178658815711500
"-- ending hand #100 --",2026-08-13T02:29:16.524Z,178658815652402
"""georgeorgoe @ wgzHqTfHfQ"" collected 180 from pot",2026-08-13T02:29:16.524Z,178658815652401
"Uncalled bet of 60 returned to ""georgeorgoe @ wgzHqTfHfQ""",2026-08-13T02:29:16.524Z,178658815652400
"""arash @ RYnRljE1SO"" folds",2026-08-13T02:29:15.672Z,178658815567200
"""peelic @ vOeqrOXpLT"" folds",2026-08-13T02:29:14.723Z,178658815472300
"""Spenny @ S8ENkJ8OQS"" folds",2026-08-13T02:29:06.534Z,178658814653400
"""georgeorgoe @ wgzHqTfHfQ"" bets 60",2026-08-13T02:28:57.827Z,178658813782700
"River: 8♦, 10♥, 9♣, 10♣ [9♦]",2026-08-13T02:28:54.066Z,178658813406600
"""arash @ RYnRljE1SO"" calls 20",2026-08-13T02:28:53.226Z,178658813322600
"""Jonah @ xrBY5OZYCv"" folds",2026-08-13T02:28:52.313Z,178658813231300
"""peelic @ vOeqrOXpLT"" calls 20",2026-08-13T02:28:51.387Z,178658813138700
"""Spenny @ S8ENkJ8OQS"" calls 20",2026-08-13T02:28:42.378Z,178658812237800
"""georgeorgoe @ wgzHqTfHfQ"" bets 20",2026-08-13T02:28:38.049Z,178658811804900
"Turn: 8♦, 10♥, 9♣ [10♣]",2026-08-13T02:28:35.462Z,178658811546200
"""arash @ RYnRljE1SO"" checks",2026-08-13T02:28:34.647Z,178658811464700
"""Jonah @ xrBY5OZYCv"" checks",2026-08-13T02:28:33.709Z,178658811370900
"""peelic @ vOeqrOXpLT"" checks",2026-08-13T02:28:32.749Z,178658811274900
"""Spenny @ S8ENkJ8OQS"" checks",2026-08-13T02:28:23.214Z,178658810321400
"""georgeorgoe @ wgzHqTfHfQ"" checks",2026-08-13T02:28:18.502Z,178658809850200
"Flop:  [8♦, 10♥, 9♣]",2026-08-13T02:28:14.841Z,178658809484100
"""Spenny @ S8ENkJ8OQS"" checks",2026-08-13T02:28:14.031Z,178658809403100
"""georgeorgoe @ wgzHqTfHfQ"" calls 20",2026-08-13T02:28:10.653Z,178658809065300
"""arash @ RYnRljE1SO"" calls 20",2026-08-13T02:28:09.786Z,178658808978600
"""Jonah @ xrBY5OZYCv"" calls 20",2026-08-13T02:28:08.876Z,178658808887600
"""Stevo @ kI2bCqDOyl"" folds",2026-08-13T02:28:07.931Z,178658808793100
"""peelic @ vOeqrOXpLT"" calls 20",2026-08-13T02:28:06.980Z,178658808698000
"""Spenny @ S8ENkJ8OQS"" posts a big blind of 20",2026-08-13T02:28:05.824Z,178658808582409
"""georgeorgoe @ wgzHqTfHfQ"" posts a small blind of 10",2026-08-13T02:28:05.824Z,178658808582408
"Your hand is 2♥, 6♣",2026-08-13T02:28:05.824Z,178658808582404
"Player stacks: #2 ""Spenny @ S8ENkJ8OQS"" (2290) | #3 ""peelic @ vOeqrOXpLT"" (1230) | #4 ""Stevo @ kI2bCqDOyl"" (2970) | #6 ""Jonah @ xrBY5OZYCv"" (1780) | #7 ""arash @ RYnRljE1SO"" (1070) | #10 ""georgeorgoe @ wgzHqTfHfQ"" (660)",2026-08-13T02:28:05.824Z,178658808582401
"-- starting hand #100 (id: hhcrq0pci7vw)  No Limit Texas Hold'em (dealer: ""arash @ RYnRljE1SO"") --",2026-08-13T02:28:05.824Z,178658808582400
"Undealt cards: 9♠, 6♠, 6♥, 9♣ [4♥]",2026-08-13T02:28:01.569Z,178658808156900
"""Spenny @ S8ENkJ8OQS"" shows a 9♥, 7♣.",2026-08-13T02:28:00.773Z,178658808077300
"-- ending hand #99 --",2026-08-13T02:27:59.150Z,178658807915002
"""Spenny @ S8ENkJ8OQS"" collected 100 from pot",2026-08-13T02:27:59.150Z,178658807915001
"Uncalled bet of 40 returned to ""Spenny @ S8ENkJ8OQS""",2026-08-13T02:27:59.150Z,178658807915000
"""georgeorgoe @ wgzHqTfHfQ"" folds",2026-08-13T02:27:58.280Z,178658807828000
"""arash @ RYnRljE1SO"" folds",2026-08-13T02:27:57.369Z,178658807736900
"""Jonah @ xrBY5OZYCv"" folds",2026-08-13T02:27:54.334Z,178658807433400
"""Stevo @ kI2bCqDOyl"" folds",2026-08-13T02:27:51.964Z,178658807196400
"""Spenny @ S8ENkJ8OQS"" bets 40",2026-08-13T02:27:51.040Z,178658807104000
"""georgeorgoe @ wgzHqTfHfQ"" checks",2026-08-13T02:27:47.734Z,178658806773400
"""arash @ RYnRljE1SO"" checks",2026-08-13T02:27:46.867Z,178658806686700
"Turn: 9♠, 6♠, 6♥ [9♣]",2026-08-13T02:27:38.900Z,178658805890000
"""Jonah @ xrBY5OZYCv"" checks",2026-08-13T02:27:38.088Z,178658805808800
"""Stevo @ kI2bCqDOyl"" checks",2026-08-13T02:27:37.172Z,178658805717200
"""Spenny @ S8ENkJ8OQS"" checks",2026-08-13T02:27:36.230Z,178658805623000
"""georgeorgoe @ wgzHqTfHfQ"" checks",2026-08-13T02:27:31.832Z,178658805183200
"""arash @ RYnRljE1SO"" checks",2026-08-13T02:27:26.950Z,178658804695000
"Flop:  [9♠, 6♠, 6♥]",2026-08-13T02:27:24.881Z,178658804488100
"""georgeorgoe @ wgzHqTfHfQ"" checks",2026-08-13T02:27:24.075Z,178658804407500
"""arash @ RYnRljE1SO"" calls 20",2026-08-13T02:27:23.181Z,178658804318100
"""Jonah @ xrBY5OZYCv"" calls 20",2026-08-13T02:27:22.271Z,178658804227100
"""Stevo @ kI2bCqDOyl"" calls 20",2026-08-13T02:27:21.387Z,178658804138700
"""peelic @ vOeqrOXpLT"" folds",2026-08-13T02:27:20.476Z,178658804047600
"""Spenny @ S8ENkJ8OQS"" calls 20",2026-08-13T02:27:12.922Z,178658803292200
"""georgeorgoe @ wgzHqTfHfQ"" posts a big blind of 20",2026-08-13T02:27:04.486Z,178658802448609
"""arash @ RYnRljE1SO"" posts a small blind of 10",2026-08-13T02:27:04.486Z,178658802448608
"Your hand is J♥, 7♥",2026-08-13T02:27:04.486Z,178658802448604
"Player stacks: #2 ""Spenny @ S8ENkJ8OQS"" (2210) | #3 ""peelic @ vOeqrOXpLT"" (1230) | #4 ""Stevo @ kI2bCqDOyl"" (2990) | #6 ""Jonah @ xrBY5OZYCv"" (1800) | #7 ""arash @ RYnRljE1SO"" (1090) | #10 ""georgeorgoe @ wgzHqTfHfQ"" (680)",2026-08-13T02:27:04.486Z,178658802448601
"-- starting hand #99 (id: hd4oun2rl4oq)  No Limit Texas Hold'em (dealer: ""Jonah @ xrBY5OZYCv"") --",2026-08-13T02:27:04.486Z,178658802448600
"""Stevo @ kI2bCqDOyl"" shows a 10♠, A♣.",2026-08-13T02:26:59.309Z,178658801930900
"""georgeorgoe @ wgzHqTfHfQ"" shows a 6♠, 2♠.",2026-08-13T02:26:58.868Z,178658801886800
"-- ending hand #98 --",2026-08-13T02:26:57.473Z,178658801747302
"""arash @ RYnRljE1SO"" collected 260 from pot with Three of a Kind, K's (combination: 7♦, J♣, K♥, K♣, K♦)",2026-08-13T02:26:57.473Z,178658801747301
"""arash @ RYnRljE1SO"" shows a 4♦, K♥.",2026-08-13T02:26:57.473Z,178658801747300
"""Stevo @ kI2bCqDOyl"" checks",2026-08-13T02:26:56.640Z,178658801664000
"""arash @ RYnRljE1SO"" checks",2026-08-13T02:26:55.466Z,178658801546600
"River: 6♣, K♣, J♣, 7♦ [K♦]",2026-08-13T02:26:52.822Z,178658801282200
"""Jonah @ xrBY5OZYCv"" folds",2026-08-13T02:26:52.008Z,178658801200800
"""Stevo @ kI2bCqDOyl"" calls 50",2026-08-13T02:26:44.171Z,178658800417100
"""arash @ RYnRljE1SO"" bets 50",2026-08-13T02:26:43.051Z,178658800305100
"""Jonah @ xrBY5OZYCv"" checks",2026-08-13T02:26:40.078Z,178658800007800
"Turn: 6♣, K♣, J♣ [7♦]",2026-08-13T02:26:35.994Z,178658799599400
"""peelic @ vOeqrOXpLT"" folds",2026-08-13T02:26:35.176Z,178658799517600
"""georgeorgoe @ wgzHqTfHfQ"" folds",2026-08-13T02:26:29.293Z,178658798929300
"""arash @ RYnRljE1SO"" calls 20",2026-08-13T02:26:28.410Z,178658798841000
"""Jonah @ xrBY5OZYCv"" calls 20",2026-08-13T02:26:27.500Z,178658798750000
"""Stevo @ kI2bCqDOyl"" bets 20",2026-08-13T02:26:15.697Z,178658797569700
"""peelic @ vOeqrOXpLT"" checks",2026-08-13T02:26:13.454Z,178658797345400
"""georgeorgoe @ wgzHqTfHfQ"" checks",2026-08-13T02:26:05.643Z,178658796564300
"""arash @ RYnRljE1SO"" checks",2026-08-13T02:26:04.800Z,178658796480000
"""Jonah @ xrBY5OZYCv"" checks",2026-08-13T02:26:00.405Z,178658796040500
"Flop:  [6♣, K♣, J♣]",2026-08-13T02:25:58.921Z,178658795892100
"""arash @ RYnRljE1SO"" checks",2026-08-13T02:25:58.089Z,178658795808900
"""Jonah @ xrBY5OZYCv"" calls 20",2026-08-13T02:25:57.170Z,178658795717000
"""Stevo @ kI2bCqDOyl"" calls 20",2026-08-13T02:25:56.297Z,178658795629700
"""peelic @ vOeqrOXpLT"" calls 20",2026-08-13T02:25:55.224Z,178658795522400
"""Spenny @ S8ENkJ8OQS"" folds",2026-08-13T02:25:48.267Z,178658794826700
"""georgeorgoe @ wgzHqTfHfQ"" calls 20",2026-08-13T02:25:42.737Z,178658794273700
"""arash @ RYnRljE1SO"" posts a big blind of 20",2026-08-13T02:25:41.175Z,178658794117509
"""Jonah @ xrBY5OZYCv"" posts a small blind of 10",2026-08-13T02:25:41.175Z,178658794117508
"Your hand is 10♠, A♣",2026-08-13T02:25:41.175Z,178658794117504
"Player stacks: #2 ""Spenny @ S8ENkJ8OQS"" (2210) | #3 ""peelic @ vOeqrOXpLT"" (1250) | #4 ""Stevo @ kI2bCqDOyl"" (3080) | #6 ""Jonah @ xrBY5OZYCv"" (1840) | #7 ""arash @ RYnRljE1SO"" (920) | #10 ""georgeorgoe @ wgzHqTfHfQ"" (700)",2026-08-13T02:25:41.175Z,178658794117501
"-- starting hand #98 (id: gi8esxizfutg)  No Limit Texas Hold'em (dealer: ""Stevo @ kI2bCqDOyl"") --",2026-08-13T02:25:41.175Z,178658794117500
"-- ending hand #97 --",2026-08-13T02:25:35.169Z,178658793516907
"""peelic @ vOeqrOXpLT"" collected 120 from pot with Pair, J's (combination: 6♣, Q♦, A♠, J♣, J♥)",2026-08-13T02:25:35.169Z,178658793516906
"""peelic @ vOeqrOXpLT"" shows a J♣, A♠.",2026-08-13T02:25:35.169Z,178658793516905
"""Spenny @ S8ENkJ8OQS"" shows a 4♠, 4♥.",2026-08-13T02:25:35.169Z,178658793516904
"""georgeorgoe @ wgzHqTfHfQ"" shows a K♠, 7♦.",2026-08-13T02:25:35.169Z,178658793516903
"""arash @ RYnRljE1SO"" shows a 10♣, 7♠.",2026-08-13T02:25:35.169Z,178658793516902
"""Jonah @ xrBY5OZYCv"" shows a 10♦, 7♣.",2026-08-13T02:25:35.169Z,178658793516901
"""Stevo @ kI2bCqDOyl"" shows a 8♠, 4♣.",2026-08-13T02:25:35.169Z,178658793516900
"""peelic @ vOeqrOXpLT"" checks",2026-08-13T02:25:34.365Z,178658793436500
"""Spenny @ S8ENkJ8OQS"" checks",2026-08-13T02:25:24.219Z,178658792421900
"""georgeorgoe @ wgzHqTfHfQ"" checks",2026-08-13T02:25:23.334Z,178658792333400
"""arash @ RYnRljE1SO"" checks",2026-08-13T02:25:22.394Z,178658792239400
"""Jonah @ xrBY5OZYCv"" checks",2026-08-13T02:25:20.155Z,178658792015500
"""Stevo @ kI2bCqDOyl"" checks",2026-08-13T02:25:19.167Z,178658791916700
"River: 6♣, J♥, 3♠, 5♥ [Q♦]",2026-08-13T02:25:10.893Z,178658791089300
"""peelic @ vOeqrOXpLT"" checks",2026-08-13T02:25:10.046Z,178658791004600
"""Spenny @ S8ENkJ8OQS"" checks",2026-08-13T02:25:04.575Z,178658790457500
"""georgeorgoe @ wgzHqTfHfQ"" checks",2026-08-13T02:25:03.609Z,178658790360900
"""arash @ RYnRljE1SO"" checks",2026-08-13T02:25:01.330Z,178658790133000
"""Jonah @ xrBY5OZYCv"" checks",2026-08-13T02:24:59.025Z,178658789902500
"""Stevo @ kI2bCqDOyl"" checks",2026-08-13T02:24:58.153Z,178658789815300
"Turn: 6♣, J♥, 3♠ [5♥]",2026-08-13T02:24:55.857Z,178658789585700
"""peelic @ vOeqrOXpLT"" checks",2026-08-13T02:24:55.006Z,178658789500600
"""Spenny @ S8ENkJ8OQS"" checks",2026-08-13T02:24:51.336Z,178658789133600
"""georgeorgoe @ wgzHqTfHfQ"" checks",2026-08-13T02:24:50.390Z,178658789039000
"""arash @ RYnRljE1SO"" checks",2026-08-13T02:24:49.563Z,178658788956300
"""Jonah @ xrBY5OZYCv"" checks",2026-08-13T02:24:48.618Z,178658788861800
"""Stevo @ kI2bCqDOyl"" checks",2026-08-13T02:24:47.712Z,178658788771200
"Flop:  [6♣, J♥, 3♠]",2026-08-13T02:24:39.560Z,178658787956000
"""Jonah @ xrBY5OZYCv"" checks",2026-08-13T02:24:38.706Z,178658787870600
"""Stevo @ kI2bCqDOyl"" calls 20",2026-08-13T02:24:37.773Z,178658787777300
"""peelic @ vOeqrOXpLT"" calls 20",2026-08-13T02:24:36.803Z,178658787680300
"""Spenny @ S8ENkJ8OQS"" calls 20",2026-08-13T02:24:35.930Z,178658787593000
"""georgeorgoe @ wgzHqTfHfQ"" calls 20",2026-08-13T02:24:34.991Z,178658787499100
"""arash @ RYnRljE1SO"" calls 20",2026-08-13T02:24:34.101Z,178658787410100
"""Jonah @ xrBY5OZYCv"" posts a big blind of 20",2026-08-13T02:24:27.073Z,178658786707309
"""Stevo @ kI2bCqDOyl"" posts a small blind of 10",2026-08-13T02:24:27.073Z,178658786707308
"Your hand is 8♠, 4♣",2026-08-13T02:24:27.073Z,178658786707304
"Player stacks: #2 ""Spenny @ S8ENkJ8OQS"" (2230) | #3 ""peelic @ vOeqrOXpLT"" (1150) | #4 ""Stevo @ kI2bCqDOyl"" (3100) | #6 ""Jonah @ xrBY5OZYCv"" (1860) | #7 ""arash @ RYnRljE1SO"" (940) | #10 ""georgeorgoe @ wgzHqTfHfQ"" (720)",2026-08-13T02:24:27.073Z,178658786707301
"-- starting hand #97 (id: eizjkzcqi1el)  No Limit Texas Hold'em (dealer: ""peelic @ vOeqrOXpLT"") --",2026-08-13T02:24:27.073Z,178658786707300
"""Spenny @ S8ENkJ8OQS"" shows a 3♣, 5♦.",2026-08-13T02:24:24.096Z,178658786409600
"-- ending hand #96 --",2026-08-13T02:24:20.556Z,178658786055603
"""Stevo @ kI2bCqDOyl"" collected 360 from pot with Flush, J High (combination: 4♠, 6♠, 7♠, 9♠, J♠)",2026-08-13T02:24:20.556Z,178658786055602
"""Stevo @ kI2bCqDOyl"" shows a 9♠, 5♥.",2026-08-13T02:24:20.556Z,178658786055601
"""georgeorgoe @ wgzHqTfHfQ"" shows a Q♦, 8♠.",2026-08-13T02:24:20.556Z,178658786055600
"""arash @ RYnRljE1SO"" folds",2026-08-13T02:24:19.737Z,178658785973700
"""Stevo @ kI2bCqDOyl"" calls 80",2026-08-13T02:24:18.774Z,178658785877400
"""peelic @ vOeqrOXpLT"" folds",2026-08-13T02:24:17.787Z,178658785778700
"""Spenny @ S8ENkJ8OQS"" calls 80",2026-08-13T02:24:08.696Z,178658784869600
"""georgeorgoe @ wgzHqTfHfQ"" raises to 80",2026-08-13T02:24:04.574Z,178658784457400
"""arash @ RYnRljE1SO"" calls 20",2026-08-13T02:24:01.529Z,178658784152900
"""Stevo @ kI2bCqDOyl"" bets 20",2026-08-13T02:23:53.683Z,178658783368300
"""peelic @ vOeqrOXpLT"" checks",2026-08-13T02:23:52.243Z,178658783224300
"River: 4♠, J♠, 6♠, 10♥ [7♠]",2026-08-13T02:23:46.980Z,178658782698000
"""Spenny @ S8ENkJ8OQS"" checks",2026-08-13T02:23:46.158Z,178658782615800
"""georgeorgoe @ wgzHqTfHfQ"" checks",2026-08-13T02:23:45.225Z,178658782522500
"""arash @ RYnRljE1SO"" checks",2026-08-13T02:23:44.371Z,178658782437100
"""Stevo @ kI2bCqDOyl"" checks",2026-08-13T02:23:41.953Z,178658782195300
"""peelic @ vOeqrOXpLT"" checks",2026-08-13T02:23:41.030Z,178658782103000
"Turn: 4♠, J♠, 6♠ [10♥]",2026-08-13T02:23:37.446Z,178658781744600
"""Spenny @ S8ENkJ8OQS"" checks",2026-08-13T02:23:36.597Z,178658781659700
"""georgeorgoe @ wgzHqTfHfQ"" checks",2026-08-13T02:23:31.640Z,178658781164000
"""arash @ RYnRljE1SO"" checks",2026-08-13T02:23:30.788Z,178658781078800
"""Stevo @ kI2bCqDOyl"" checks",2026-08-13T02:23:25.185Z,178658780518500
"""peelic @ vOeqrOXpLT"" checks",2026-08-13T02:23:24.240Z,178658780424000
"Flop:  [4♠, J♠, 6♠]",2026-08-13T02:23:21.744Z,178658780174400
"""Stevo @ kI2bCqDOyl"" checks",2026-08-13T02:23:20.916Z,178658780091600
"""peelic @ vOeqrOXpLT"" calls 20",2026-08-13T02:23:19.971Z,178658779997100
"""Spenny @ S8ENkJ8OQS"" calls 20",2026-08-13T02:23:19.095Z,178658779909500
"""georgeorgoe @ wgzHqTfHfQ"" calls 20",2026-08-13T02:23:16.512Z,178658779651200
"""arash @ RYnRljE1SO"" calls 20",2026-08-13T02:23:15.606Z,178658779560600
"""Jonah @ xrBY5OZYCv"" folds",2026-08-13T02:23:14.682Z,178658779468200
"""Stevo @ kI2bCqDOyl"" posts a big blind of 20",2026-08-13T02:23:13.671Z,178658779367109
"""peelic @ vOeqrOXpLT"" posts a small blind of 10",2026-08-13T02:23:13.671Z,178658779367108
"Your hand is 9♠, 5♥",2026-08-13T02:23:13.671Z,178658779367104
"Player stacks: #2 ""Spenny @ S8ENkJ8OQS"" (2330) | #3 ""peelic @ vOeqrOXpLT"" (1170) | #4 ""Stevo @ kI2bCqDOyl"" (2840) | #6 ""Jonah @ xrBY5OZYCv"" (1860) | #7 ""arash @ RYnRljE1SO"" (980) | #10 ""georgeorgoe @ wgzHqTfHfQ"" (820)",2026-08-13T02:23:13.671Z,178658779367101
"-- starting hand #96 (id: tzepxxjqjmnp)  No Limit Texas Hold'em (dealer: ""Spenny @ S8ENkJ8OQS"") --",2026-08-13T02:23:13.671Z,178658779367100
"""georgeorgoe @ wgzHqTfHfQ"" shows a 2♣, K♦.",2026-08-13T02:23:09.813Z,178658778981300
"Undealt cards: 10♣, 2♠, A♦ [2♥, 10♦]",2026-08-13T02:23:09.042Z,178658778904200
"-- ending hand #95 --",2026-08-13T02:23:07.064Z,178658778706402
"""peelic @ vOeqrOXpLT"" collected 80 from pot",2026-08-13T02:23:07.064Z,178658778706401
"Uncalled bet of 90 returned to ""peelic @ vOeqrOXpLT""",2026-08-13T02:23:07.064Z,178658778706400
"""Spenny @ S8ENkJ8OQS"" folds",2026-08-13T02:23:06.223Z,178658778622300
"""arash @ RYnRljE1SO"" folds",2026-08-13T02:22:57.591Z,178658777759100
"""Stevo @ kI2bCqDOyl"" folds",2026-08-13T02:22:56.655Z,178658777665500
"""peelic @ vOeqrOXpLT"" bets 90",2026-08-13T02:22:54.715Z,178658777471500
"""Spenny @ S8ENkJ8OQS"" checks",2026-08-13T02:22:50.349Z,178658777034900
"Flop:  [10♣, 2♠, A♦]",2026-08-13T02:22:47.885Z,178658776788500
"""peelic @ vOeqrOXpLT"" checks",2026-08-13T02:22:47.035Z,178658776703500
"""Spenny @ S8ENkJ8OQS"" calls 20",2026-08-13T02:22:44.902Z,178658776490200
"""georgeorgoe @ wgzHqTfHfQ"" folds",2026-08-13T02:22:43.999Z,178658776399900
"""arash @ RYnRljE1SO"" calls 20",2026-08-13T02:22:43.123Z,178658776312300
"""Jonah @ xrBY5OZYCv"" folds",2026-08-13T02:22:38.058Z,178658775805800
"""Stevo @ kI2bCqDOyl"" calls 20",2026-08-13T02:22:34.047Z,178658775404700
"""peelic @ vOeqrOXpLT"" posts a big blind of 20",2026-08-13T02:22:33.193Z,178658775319310
"""Spenny @ S8ENkJ8OQS"" posts a small blind of 10",2026-08-13T02:22:33.193Z,178658775319309
"Your hand is Q♥, 3♥",2026-08-13T02:22:33.193Z,178658775319305
"Player stacks: #2 ""Spenny @ S8ENkJ8OQS"" (2350) | #3 ""peelic @ vOeqrOXpLT"" (1110) | #4 ""Stevo @ kI2bCqDOyl"" (2860) | #6 ""Jonah @ xrBY5OZYCv"" (1860) | #7 ""arash @ RYnRljE1SO"" (1000) | #10 ""georgeorgoe @ wgzHqTfHfQ"" (820)",2026-08-13T02:22:33.193Z,178658775319302
"-- starting hand #95 (id: wgiswbo0ywyx)  No Limit Texas Hold'em (dealer: ""georgeorgoe @ wgzHqTfHfQ"") --",2026-08-13T02:22:33.193Z,178658775319301
"The player ""arash @ RYnRljE1SO"" joined the game with a stack of 1000.",2026-08-13T02:22:33.193Z,178658775319300
"""georgeorgoe @ wgzHqTfHfQ"" shows a 8♦, 4♠.",2026-08-13T02:22:30.727Z,178658775072700
"Undealt cards: 3♠, 3♣, 4♦, Q♦ [10♥]",2026-08-13T02:22:27.092Z,178658774709200
"-- ending hand #94 --",2026-08-13T02:22:26.560Z,178658774656002
"""peelic @ vOeqrOXpLT"" collected 150 from pot",2026-08-13T02:22:26.560Z,178658774656001
"Uncalled bet of 60 returned to ""peelic @ vOeqrOXpLT""",2026-08-13T02:22:26.560Z,178658774656000
"""Stevo @ kI2bCqDOyl"" folds",2026-08-13T02:22:25.735Z,178658774573500
"""peelic @ vOeqrOXpLT"" raises to 80",2026-08-13T02:22:23.346Z,178658774334600
"""Stevo @ kI2bCqDOyl"" bets 20",2026-08-13T02:22:20.289Z,178658774028900
"""peelic @ vOeqrOXpLT"" checks",2026-08-13T02:22:18.957Z,178658773895700
"Turn: 3♠, 3♣, 4♦ [Q♦]",2026-08-13T02:22:07.872Z,178658772787200
"""peelic @ vOeqrOXpLT"" calls 20",2026-08-13T02:22:07.001Z,178658772700100
"""Spenny @ S8ENkJ8OQS"" folds",2026-08-13T02:22:01.139Z,178658772113900
"""Stevo @ kI2bCqDOyl"" bets 20",2026-08-13T02:21:55.112Z,178658771511200
"The admin approved the player ""arash @ RYnRljE1SO"" participation with a stack of 1000.",2026-08-13T02:21:53.409Z,178658771340900
"""peelic @ vOeqrOXpLT"" checks",2026-08-13T02:21:52.434Z,178658771243400
"The player ""arash @ RYnRljE1SO"" requested a seat.",2026-08-13T02:21:52.235Z,178658771223500
"""Spenny @ S8ENkJ8OQS"" checks",2026-08-13T02:21:50.927Z,178658771092700
"Flop:  [3♠, 3♣, 4♦]",2026-08-13T02:21:46.663Z,178658770666300
"""Spenny @ S8ENkJ8OQS"" checks",2026-08-13T02:21:45.817Z,178658770581700
"""georgeorgoe @ wgzHqTfHfQ"" folds",2026-08-13T02:21:44.933Z,178658770493300
"""Jonah @ xrBY5OZYCv"" folds",2026-08-13T02:21:35.635Z,178658769563500
"""Stevo @ kI2bCqDOyl"" calls 20",2026-08-13T02:21:34.770Z,178658769477000
"""peelic @ vOeqrOXpLT"" calls 20",2026-08-13T02:21:33.699Z,178658769369900
"""Spenny @ S8ENkJ8OQS"" posts a big blind of 20",2026-08-13T02:21:32.855Z,178658769285508
"""georgeorgoe @ wgzHqTfHfQ"" posts a small blind of 10",2026-08-13T02:21:32.855Z,178658769285507
"Your hand is 6♥, 7♦",2026-08-13T02:21:32.855Z,178658769285504
"Player stacks: #2 ""Spenny @ S8ENkJ8OQS"" (2370) | #3 ""peelic @ vOeqrOXpLT"" (1020) | #4 ""Stevo @ kI2bCqDOyl"" (2920) | #6 ""Jonah @ xrBY5OZYCv"" (1860) | #10 ""georgeorgoe @ wgzHqTfHfQ"" (830)",2026-08-13T02:21:32.855Z,178658769285501
"-- starting hand #94 (id: z8d1pudit4ww)  No Limit Texas Hold'em (dealer: ""Jonah @ xrBY5OZYCv"") --",2026-08-13T02:21:32.855Z,178658769285500
"""georgeorgoe @ wgzHqTfHfQ"" shows a 8♥, J♥.",2026-08-13T02:21:27.677Z,178658768767700
"Undealt cards: 10♣, K♣, 7♦, J♣ [6♣]",2026-08-13T02:21:26.938Z,178658768693800
"""Stevo @ kI2bCqDOyl"" shows a 4♣, 5♣.",2026-08-13T02:21:26.154Z,178658768615400
"-- ending hand #93 --",2026-08-13T02:21:25.530Z,178658768553002
"""Stevo @ kI2bCqDOyl"" collected 110 from pot",2026-08-13T02:21:25.530Z,178658768553001
"Uncalled bet of 40 returned to ""Stevo @ kI2bCqDOyl""",2026-08-13T02:21:25.530Z,178658768553000
"""georgeorgoe @ wgzHqTfHfQ"" folds",2026-08-13T02:21:24.699Z,178658768469900
"""Stevo @ kI2bCqDOyl"" bets 40",2026-08-13T02:21:12.830Z,178658767283000
"""georgeorgoe @ wgzHqTfHfQ"" checks",2026-08-13T02:21:10.386Z,178658767038600
"Turn: 10♣, K♣, 7♦ [J♣]",2026-08-13T02:21:08.603Z,178658766860300
"""peelic @ vOeqrOXpLT"" folds",2026-08-13T02:21:07.752Z,178658766775200
"""georgeorgoe @ wgzHqTfHfQ"" calls 20",2026-08-13T02:21:06.903Z,178658766690300
"""Stevo @ kI2bCqDOyl"" bets 20",2026-08-13T02:21:01.854Z,178658766185400
"""peelic @ vOeqrOXpLT"" checks",2026-08-13T02:21:00.363Z,178658766036300
"""georgeorgoe @ wgzHqTfHfQ"" checks",2026-08-13T02:20:59.501Z,178658765950100
"Flop:  [10♣, K♣, 7♦]",2026-08-13T02:20:57.378Z,178658765737800
"""georgeorgoe @ wgzHqTfHfQ"" checks",2026-08-13T02:20:56.554Z,178658765655400
"""Jonah @ xrBY5OZYCv"" folds",2026-08-13T02:20:55.720Z,178658765572000
"""Stevo @ kI2bCqDOyl"" calls 20",2026-08-13T02:20:54.814Z,178658765481400
"""peelic @ vOeqrOXpLT"" calls 20",2026-08-13T02:20:53.761Z,178658765376100
"""Spenny @ S8ENkJ8OQS"" folds",2026-08-13T02:20:50.973Z,178658765097310
"""georgeorgoe @ wgzHqTfHfQ"" posts a big blind of 20",2026-08-13T02:20:50.973Z,178658765097309
"""Jonah @ xrBY5OZYCv"" posts a small blind of 10",2026-08-13T02:20:50.973Z,178658765097308
"Your hand is 4♣, 5♣",2026-08-13T02:20:50.973Z,178658765097305
"Player stacks: #2 ""Spenny @ S8ENkJ8OQS"" (2370) | #3 ""peelic @ vOeqrOXpLT"" (1040) | #4 ""Stevo @ kI2bCqDOyl"" (2850) | #6 ""Jonah @ xrBY5OZYCv"" (1870) | #10 ""georgeorgoe @ wgzHqTfHfQ"" (870)",2026-08-13T02:20:50.973Z,178658765097302
"-- starting hand #93 (id: jv1i2nfrnfgl)  No Limit Texas Hold'em (dead button) --",2026-08-13T02:20:50.973Z,178658765097301
"The player ""arash @ RYnRljE1SO"" quits the game with a stack of 0.",2026-08-13T02:20:50.973Z,178658765097300
"-- ending hand #92 --",2026-08-13T02:20:44.967Z,178658764496702
"""Stevo @ kI2bCqDOyl"" collected 30 from pot with Pair, K's (combination: 10♥, J♥, A♥, K♣, K♠)",2026-08-13T02:20:44.967Z,178658764496701
"""Stevo @ kI2bCqDOyl"" collected 40 from pot with Pair, K's (combination: 10♥, J♥, A♥, K♣, K♠)",2026-08-13T02:20:44.967Z,178658764496700
"River: K♠, 6♠, A♥, 10♥ [4♦]",2026-08-13T02:20:40.915Z,178658764091500
"Turn: K♠, 6♠, A♥ [10♥]",2026-08-13T02:20:36.859Z,178658763685900
"""arash @ RYnRljE1SO"" shows a 7♥, J♦.",2026-08-13T02:20:32.788Z,178658763278802
"""Stevo @ kI2bCqDOyl"" shows a J♥, K♣.",2026-08-13T02:20:32.788Z,178658763278801
"Uncalled bet of 20 returned to ""Stevo @ kI2bCqDOyl""",2026-08-13T02:20:32.788Z,178658763278800
"""georgeorgoe @ wgzHqTfHfQ"" folds",2026-08-13T02:20:31.978Z,178658763197800
"""Jonah @ xrBY5OZYCv"" folds",2026-08-13T02:20:30.306Z,178658763030600
"""Stevo @ kI2bCqDOyl"" bets 20",2026-08-13T02:20:29.425Z,178658762942500
"""georgeorgoe @ wgzHqTfHfQ"" checks",2026-08-13T02:20:28.137Z,178658762813700
"""Jonah @ xrBY5OZYCv"" checks",2026-08-13T02:20:27.264Z,178658762726400
"Flop:  [K♠, 6♠, A♥]",2026-08-13T02:20:23.706Z,178658762370600
"""Jonah @ xrBY5OZYCv"" checks",2026-08-13T02:20:22.888Z,178658762288800
"""Stevo @ kI2bCqDOyl"" calls 20",2026-08-13T02:20:21.966Z,178658762196600
"""peelic @ vOeqrOXpLT"" folds",2026-08-13T02:20:20.990Z,178658762099000
"""Spenny @ S8ENkJ8OQS"" folds",2026-08-13T02:20:16.097Z,178658761609700
"""georgeorgoe @ wgzHqTfHfQ"" calls 20",2026-08-13T02:20:15.244Z,178658761524400
"""Jonah @ xrBY5OZYCv"" posts a big blind of 20",2026-08-13T02:20:13.136Z,178658761313609
"""arash @ RYnRljE1SO"" posts a small blind of 10 and go all in ",2026-08-13T02:20:13.136Z,178658761313608
"Your hand is J♥, K♣",2026-08-13T02:20:13.136Z,178658761313604
"Player stacks: #2 ""Spenny @ S8ENkJ8OQS"" (2370) | #3 ""peelic @ vOeqrOXpLT"" (1040) | #4 ""Stevo @ kI2bCqDOyl"" (2800) | #5 ""arash @ RYnRljE1SO"" (10) | #6 ""Jonah @ xrBY5OZYCv"" (1890) | #10 ""georgeorgoe @ wgzHqTfHfQ"" (890)",2026-08-13T02:20:13.136Z,178658761313601
"-- starting hand #92 (id: 03udoeceehyo)  No Limit Texas Hold'em (dealer: ""Stevo @ kI2bCqDOyl"") --",2026-08-13T02:20:13.136Z,178658761313600
"""georgeorgoe @ wgzHqTfHfQ"" shows a K♦, 5♠.",2026-08-13T02:20:09.498Z,178658760949800
"""Stevo @ kI2bCqDOyl"" shows a 5♦, 6♦.",2026-08-13T02:20:09.452Z,178658760945200
"-- ending hand #91 --",2026-08-13T02:20:08.827Z,178658760882702
"""Stevo @ kI2bCqDOyl"" collected 280 from pot",2026-08-13T02:20:08.827Z,178658760882701
"Uncalled bet of 80 returned to ""Stevo @ kI2bCqDOyl""",2026-08-13T02:20:08.827Z,178658760882700
"""georgeorgoe @ wgzHqTfHfQ"" folds",2026-08-13T02:20:07.967Z,178658760796700
"""Stevo @ kI2bCqDOyl"" bets 80",2026-08-13T02:20:07.120Z,178658760712000
"River: 7♦, 10♦, 8♦, A♥ [8♠]",2026-08-13T02:20:04.078Z,178658760407800
"""georgeorgoe @ wgzHqTfHfQ"" calls 70",2026-08-13T02:20:03.264Z,178658760326400
"""Stevo @ kI2bCqDOyl"" bets 70",2026-08-13T02:20:01.954Z,178658760195400
"Turn: 7♦, 10♦, 8♦ [A♥]",2026-08-13T02:19:59.255Z,178658759925500
"""peelic @ vOeqrOXpLT"" folds",2026-08-13T02:19:58.431Z,178658759843100
"""georgeorgoe @ wgzHqTfHfQ"" calls 20",2026-08-13T02:19:52.551Z,178658759255100
"""Jonah @ xrBY5OZYCv"" folds",2026-08-13T02:19:50.055Z,178658759005500
"""arash @ RYnRljE1SO"" folds",2026-08-13T02:19:49.109Z,178658758910900
"""Stevo @ kI2bCqDOyl"" bets 20",2026-08-13T02:19:39.427Z,178658757942700
"Flop:  [7♦, 10♦, 8♦]",2026-08-13T02:19:37.030Z,178658757703000
"""arash @ RYnRljE1SO"" checks",2026-08-13T02:19:36.207Z,178658757620700
"""Stevo @ kI2bCqDOyl"" calls 20",2026-08-13T02:19:30.695Z,178658757069500
"""peelic @ vOeqrOXpLT"" calls 20",2026-08-13T02:19:29.679Z,178658756967900
"""Spenny @ S8ENkJ8OQS"" folds",2026-08-13T02:19:28.825Z,178658756882500
"""georgeorgoe @ wgzHqTfHfQ"" calls 20",2026-08-13T02:19:28.007Z,178658756800700
"""Jonah @ xrBY5OZYCv"" calls 20",2026-08-13T02:19:27.087Z,178658756708700
"""arash @ RYnRljE1SO"" posts a big blind of 20",2026-08-13T02:19:22.872Z,178658756287210
"""Stevo @ kI2bCqDOyl"" posts a small blind of 10",2026-08-13T02:19:22.872Z,178658756287209
"Your hand is 5♦, 6♦",2026-08-13T02:19:22.872Z,178658756287205
"Player stacks: #2 ""Spenny @ S8ENkJ8OQS"" (2370) | #3 ""peelic @ vOeqrOXpLT"" (1060) | #4 ""Stevo @ kI2bCqDOyl"" (2630) | #5 ""arash @ RYnRljE1SO"" (30) | #6 ""Jonah @ xrBY5OZYCv"" (1910) | #10 ""georgeorgoe @ wgzHqTfHfQ"" (1000)",2026-08-13T02:19:22.872Z,178658756287202
"-- starting hand #91 (id: roompaxhhmca)  No Limit Texas Hold'em (dealer: ""peelic @ vOeqrOXpLT"") --",2026-08-13T02:19:22.872Z,178658756287201
"The player ""georgeorgoe @ wgzHqTfHfQ"" joined the game with a stack of 1000.",2026-08-13T02:19:22.872Z,178658756287200
"Undealt cards: 7♥, 7♦, 2♠ [J♠, K♦]",2026-08-13T02:19:18.262Z,178658755826200
"-- ending hand #90 --",2026-08-13T02:19:16.967Z,178658755696701
"""Stevo @ kI2bCqDOyl"" collected 40 from pot",2026-08-13T02:19:16.967Z,178658755696700
"""peelic @ vOeqrOXpLT"" folds",2026-08-13T02:19:16.094Z,178658755609400
"Flop:  [7♥, 7♦, 2♠]",2026-08-13T02:19:13.968Z,178658755396800
"""Stevo @ kI2bCqDOyl"" checks",2026-08-13T02:19:13.158Z,178658755315800
"""peelic @ vOeqrOXpLT"" calls 20",2026-08-13T02:19:12.139Z,178658755213900
"The admin approved the player ""georgeorgoe @ wgzHqTfHfQ"" participation with a stack of 1000.",2026-08-13T02:19:10.907Z,178658755090700
"The player ""georgeorgoe @ wgzHqTfHfQ"" requested a seat.",2026-08-13T02:19:09.492Z,178658754949200
"""Spenny @ S8ENkJ8OQS"" folds",2026-08-13T02:19:07.162Z,178658754716200
"""Jonah @ xrBY5OZYCv"" folds",2026-08-13T02:19:06.282Z,178658754628200
"""arash @ RYnRljE1SO"" folds",2026-08-13T02:19:05.422Z,178658754542200
"""Stevo @ kI2bCqDOyl"" posts a big blind of 20",2026-08-13T02:19:03.408Z,178658754340809
"""peelic @ vOeqrOXpLT"" posts a small blind of 10",2026-08-13T02:19:03.408Z,178658754340808
"Your hand is 9♥, 3♣",2026-08-13T02:19:03.408Z,178658754340805
"Player stacks: #2 ""Spenny @ S8ENkJ8OQS"" (2370) | #3 ""peelic @ vOeqrOXpLT"" (1080) | #4 ""Stevo @ kI2bCqDOyl"" (2610) | #5 ""arash @ RYnRljE1SO"" (30) | #6 ""Jonah @ xrBY5OZYCv"" (1910)",2026-08-13T02:19:03.408Z,178658754340802
"-- starting hand #90 (id: ntjpwblmumd3)  No Limit Texas Hold'em (dealer: ""Spenny @ S8ENkJ8OQS"") --",2026-08-13T02:19:03.408Z,178658754340801
"The player ""georgeorgoe @ wgzHqTfHfQ"" quits the game with a stack of 0.",2026-08-13T02:19:03.408Z,178658754340800
"-- ending hand #89 --",2026-08-13T02:18:57.401Z,178658753740103
"""georgeorgoe @ wgzHqTfHfQ"" shows a A♥, 10♦.",2026-08-13T02:18:57.401Z,178658753740102
"""Jonah @ xrBY5OZYCv"" collected 510 from pot with Two Pair, K's & Q's (combination: J♠, Q♣, Q♦, K♣, K♠)",2026-08-13T02:18:57.401Z,178658753740101
"""Jonah @ xrBY5OZYCv"" shows a K♣, K♠.",2026-08-13T02:18:57.401Z,178658753740100
"River: Q♣, 6♥, 9♦, Q♦ [J♠]",2026-08-13T02:18:53.398Z,178658753339800
"Turn: Q♣, 6♥, 9♦ [Q♦]",2026-08-13T02:18:49.396Z,178658752939600
"""arash @ RYnRljE1SO"" folds",2026-08-13T02:18:48.577Z,178658752857700
"Flop:  [Q♣, 6♥, 9♦]",2026-08-13T02:18:42.592Z,178658752259200
"""Jonah @ xrBY5OZYCv"" calls 160",2026-08-13T02:18:41.775Z,178658752177500
"""arash @ RYnRljE1SO"" calls 160",2026-08-13T02:18:40.902Z,178658752090200
"""peelic @ vOeqrOXpLT"" folds",2026-08-13T02:18:32.399Z,178658751239900
"""Spenny @ S8ENkJ8OQS"" folds",2026-08-13T02:18:29.496Z,178658750949600
"""georgeorgoe @ wgzHqTfHfQ"" raises to 160 and go all in",2026-08-13T02:18:24.522Z,178658750452200
"""Jonah @ xrBY5OZYCv"" raises to 40",2026-08-13T02:18:20.816Z,178658750081600
"""arash @ RYnRljE1SO"" calls 20",2026-08-13T02:18:19.091Z,178658749909100
"""Stevo @ kI2bCqDOyl"" folds",2026-08-13T02:18:15.598Z,178658749559800
"""peelic @ vOeqrOXpLT"" posts a big blind of 20",2026-08-13T02:18:13.096Z,178658749309609
"""Spenny @ S8ENkJ8OQS"" posts a small blind of 10",2026-08-13T02:18:13.096Z,178658749309608
"Your hand is 8♥, 3♦",2026-08-13T02:18:13.096Z,178658749309604
"Player stacks: #2 ""Spenny @ S8ENkJ8OQS"" (2380) | #3 ""peelic @ vOeqrOXpLT"" (1100) | #4 ""Stevo @ kI2bCqDOyl"" (2610) | #5 ""arash @ RYnRljE1SO"" (190) | #6 ""Jonah @ xrBY5OZYCv"" (1560) | #8 ""georgeorgoe @ wgzHqTfHfQ"" (160)",2026-08-13T02:18:13.096Z,178658749309601
"-- starting hand #89 (id: iqidluq2gkmu)  No Limit Texas Hold'em (dealer: ""georgeorgoe @ wgzHqTfHfQ"") --",2026-08-13T02:18:13.096Z,178658749309600
"-- ending hand #88 --",2026-08-13T02:18:07.060Z,178658748706002
"""Spenny @ S8ENkJ8OQS"" collected 210 from pot with Pair, K's (combination: 9♥, 10♠, J♣, K♣, K♦)",2026-08-13T02:18:07.060Z,178658748706001
"""Spenny @ S8ENkJ8OQS"" shows a 8♠, 10♠.",2026-08-13T02:18:07.060Z,178658748706000
"""arash @ RYnRljE1SO"" checks",2026-08-13T02:18:06.139Z,178658748613900
"""Spenny @ S8ENkJ8OQS"" checks",2026-08-13T02:17:55.610Z,178658747561000
"River: J♣, 9♥, K♣, 2♠ [K♦]",2026-08-13T02:17:47.793Z,178658746779300
"""arash @ RYnRljE1SO"" calls 40",2026-08-13T02:17:46.983Z,178658746698300
"""Stevo @ kI2bCqDOyl"" folds",2026-08-13T02:17:38.784Z,178658745878400
"""Spenny @ S8ENkJ8OQS"" bets 40",2026-08-13T02:17:34.355Z,178658745435500
"Turn: J♣, 9♥, K♣ [2♠]",2026-08-13T02:17:30.892Z,178658745089200
"""arash @ RYnRljE1SO"" calls 20",2026-08-13T02:17:30.061Z,178658745006100
"""Stevo @ kI2bCqDOyl"" calls 20",2026-08-13T02:17:29.129Z,178658744912900
"""Spenny @ S8ENkJ8OQS"" bets 20",2026-08-13T02:17:25.629Z,178658744562900
"Flop:  [J♣, 9♥, K♣]",2026-08-13T02:17:20.756Z,178658744075600
"""Spenny @ S8ENkJ8OQS"" checks",2026-08-13T02:17:19.928Z,178658743992800
"""georgeorgoe @ wgzHqTfHfQ"" folds",2026-08-13T02:17:18.989Z,178658743898900
"""Jonah @ xrBY5OZYCv"" folds",2026-08-13T02:17:18.128Z,178658743812800
"""arash @ RYnRljE1SO"" calls 20",2026-08-13T02:17:17.257Z,178658743725700
"""Stevo @ kI2bCqDOyl"" calls 20",2026-08-13T02:17:16.296Z,178658743629600
"""peelic @ vOeqrOXpLT"" folds",2026-08-13T02:17:15.354Z,178658743535400
"""Spenny @ S8ENkJ8OQS"" posts a big blind of 20",2026-08-13T02:17:04.345Z,178658742434509
"""georgeorgoe @ wgzHqTfHfQ"" posts a small blind of 10",2026-08-13T02:17:04.345Z,178658742434508
"Your hand is 6♠, 10♥",2026-08-13T02:17:04.345Z,178658742434504
"Player stacks: #2 ""Spenny @ S8ENkJ8OQS"" (2250) | #3 ""peelic @ vOeqrOXpLT"" (1100) | #4 ""Stevo @ kI2bCqDOyl"" (2650) | #5 ""arash @ RYnRljE1SO"" (270) | #6 ""Jonah @ xrBY5OZYCv"" (1560) | #8 ""georgeorgoe @ wgzHqTfHfQ"" (170)",2026-08-13T02:17:04.345Z,178658742434501
"-- starting hand #88 (id: jgovk69fa6xu)  No Limit Texas Hold'em (dealer: ""Jonah @ xrBY5OZYCv"") --",2026-08-13T02:17:04.345Z,178658742434500
"-- ending hand #87 --",2026-08-13T02:16:58.331Z,178658741833102
"""Stevo @ kI2bCqDOyl"" collected 280 from pot with Three of a Kind, A's (combination: 4♣, 8♠, A♣, A♦, A♥)",2026-08-13T02:16:58.331Z,178658741833101
"""Stevo @ kI2bCqDOyl"" shows a 2♣, A♣.",2026-08-13T02:16:58.331Z,178658741833100
"""Jonah @ xrBY5OZYCv"" folds",2026-08-13T02:16:57.517Z,178658741751700
"""arash @ RYnRljE1SO"" calls 60",2026-08-13T02:16:56.626Z,178658741662600
"""Stevo @ kI2bCqDOyl"" bets 60",2026-08-13T02:16:53.250Z,178658741325000
"""Jonah @ xrBY5OZYCv"" checks",2026-08-13T02:16:48.596Z,178658740859600
"River: 3♦, 8♠, A♦, A♥ [4♣]",2026-08-13T02:16:44.703Z,178658740470300
"""Spenny @ S8ENkJ8OQS"" folds",2026-08-13T02:16:43.895Z,178658740389500
"""georgeorgoe @ wgzHqTfHfQ"" folds",2026-08-13T02:16:37.577Z,178658739757700
"""Jonah @ xrBY5OZYCv"" calls 20",2026-08-13T02:16:34.840Z,178658739484000
"""arash @ RYnRljE1SO"" calls 20",2026-08-13T02:16:33.950Z,178658739395000
"""Stevo @ kI2bCqDOyl"" bets 20",2026-08-13T02:16:32.679Z,178658739267900
"""Spenny @ S8ENkJ8OQS"" checks",2026-08-13T02:16:31.192Z,178658739119200
"""georgeorgoe @ wgzHqTfHfQ"" checks",2026-08-13T02:16:30.294Z,178658739029400
"""Jonah @ xrBY5OZYCv"" checks",2026-08-13T02:16:27.637Z,178658738763700
"Turn: 3♦, 8♠, A♦ [A♥]",2026-08-13T02:16:26.057Z,178658738605700
"""arash @ RYnRljE1SO"" checks",2026-08-13T02:16:25.199Z,178658738519900
"""Stevo @ kI2bCqDOyl"" checks",2026-08-13T02:16:23.671Z,178658738367100
"""Spenny @ S8ENkJ8OQS"" checks",2026-08-13T02:16:20.986Z,178658738098600
"""georgeorgoe @ wgzHqTfHfQ"" checks",2026-08-13T02:16:20.096Z,178658738009600
"""Jonah @ xrBY5OZYCv"" checks",2026-08-13T02:16:15.892Z,178658737589200
"Flop:  [3♦, 8♠, A♦]",2026-08-13T02:16:14.251Z,178658737425100
"""georgeorgoe @ wgzHqTfHfQ"" checks",2026-08-13T02:16:13.418Z,178658737341800
"""Jonah @ xrBY5OZYCv"" calls 20",2026-08-13T02:16:12.507Z,178658737250700
"""arash @ RYnRljE1SO"" calls 20",2026-08-13T02:16:11.598Z,178658737159800
"""Stevo @ kI2bCqDOyl"" calls 20",2026-08-13T02:16:10.672Z,178658737067200
"""peelic @ vOeqrOXpLT"" folds",2026-08-13T02:16:09.679Z,178658736967900
"""Spenny @ S8ENkJ8OQS"" calls 20",2026-08-13T02:16:08.787Z,178658736878700
"""georgeorgoe @ wgzHqTfHfQ"" posts a big blind of 20",2026-08-13T02:16:04.300Z,178658736430009
"""Jonah @ xrBY5OZYCv"" posts a small blind of 10",2026-08-13T02:16:04.300Z,178658736430008
"Your hand is 2♣, A♣",2026-08-13T02:16:04.300Z,178658736430004
"Player stacks: #2 ""Spenny @ S8ENkJ8OQS"" (2270) | #3 ""peelic @ vOeqrOXpLT"" (1100) | #4 ""Stevo @ kI2bCqDOyl"" (2470) | #5 ""arash @ RYnRljE1SO"" (370) | #6 ""Jonah @ xrBY5OZYCv"" (1600) | #8 ""georgeorgoe @ wgzHqTfHfQ"" (190)",2026-08-13T02:16:04.300Z,178658736430001
"-- starting hand #87 (id: eruhlaejmpyk)  No Limit Texas Hold'em (dealer: ""arash @ RYnRljE1SO"") --",2026-08-13T02:16:04.300Z,178658736430000
"-- ending hand #86 --",2026-08-13T02:15:58.281Z,178658735828103
"""Stevo @ kI2bCqDOyl"" collected 700 from pot with Two Pair, 10's & 9's (combination: 8♥, 9♥, 9♣, 10♥, 10♠)",2026-08-13T02:15:58.281Z,178658735828102
"""Stevo @ kI2bCqDOyl"" shows a 9♥, 10♥.",2026-08-13T02:15:58.281Z,178658735828101
"""arash @ RYnRljE1SO"" shows a A♦, A♠.",2026-08-13T02:15:58.281Z,178658735828100
"""Stevo @ kI2bCqDOyl"" calls 200",2026-08-13T02:15:57.427Z,178658735742700
"""arash @ RYnRljE1SO"" bets 200",2026-08-13T02:15:55.297Z,178658735529700
"River: 4♦, 8♥, 9♣, 5♠ [10♠]",2026-08-13T02:15:51.726Z,178658735172600
"""Stevo @ kI2bCqDOyl"" calls 60",2026-08-13T02:15:50.896Z,178658735089600
"""peelic @ vOeqrOXpLT"" folds",2026-08-13T02:15:49.652Z,178658734965200
"""georgeorgoe @ wgzHqTfHfQ"" folds",2026-08-13T02:15:45.628Z,178658734562800
"""arash @ RYnRljE1SO"" raises to 60",2026-08-13T02:15:44.113Z,178658734411300
"""Stevo @ kI2bCqDOyl"" bets 20",2026-08-13T02:15:40.095Z,178658734009500
"""peelic @ vOeqrOXpLT"" checks",2026-08-13T02:15:37.479Z,178658733747900
"""georgeorgoe @ wgzHqTfHfQ"" checks",2026-08-13T02:15:33.455Z,178658733345500
"""arash @ RYnRljE1SO"" checks",2026-08-13T02:15:31.540Z,178658733154000
"Turn: 4♦, 8♥, 9♣ [5♠]",2026-08-13T02:15:28.055Z,178658732805500
"""Jonah @ xrBY5OZYCv"" folds",2026-08-13T02:15:27.210Z,178658732721000
"""arash @ RYnRljE1SO"" calls 20",2026-08-13T02:15:25.345Z,178658732534500
"""Stevo @ kI2bCqDOyl"" calls 20",2026-08-13T02:15:23.567Z,178658732356700
"""peelic @ vOeqrOXpLT"" calls 20",2026-08-13T02:15:21.946Z,178658732194600
"""georgeorgoe @ wgzHqTfHfQ"" bets 20",2026-08-13T02:15:15.349Z,178658731534900
"""Jonah @ xrBY5OZYCv"" checks",2026-08-13T02:15:07.046Z,178658730704600
"""arash @ RYnRljE1SO"" checks",2026-08-13T02:15:06.181Z,178658730618100
"Flop:  [4♦, 8♥, 9♣]",2026-08-13T02:15:04.086Z,178658730408600
"""Jonah @ xrBY5OZYCv"" checks",2026-08-13T02:15:03.222Z,178658730322200
"""arash @ RYnRljE1SO"" calls 20",2026-08-13T02:15:02.186Z,178658730218600
"""Stevo @ kI2bCqDOyl"" calls 20",2026-08-13T02:14:59.670Z,178658729967000
"""peelic @ vOeqrOXpLT"" calls 20",2026-08-13T02:14:56.885Z,178658729688500
"""Spenny @ S8ENkJ8OQS"" folds",2026-08-13T02:14:56.045Z,178658729604500
"""georgeorgoe @ wgzHqTfHfQ"" calls 20",2026-08-13T02:14:52.390Z,178658729239000
"""Jonah @ xrBY5OZYCv"" posts a big blind of 20",2026-08-13T02:14:48.046Z,178658728804609
"""arash @ RYnRljE1SO"" posts a small blind of 10",2026-08-13T02:14:48.046Z,178658728804608
"Your hand is 9♥, 10♥",2026-08-13T02:14:48.046Z,178658728804604
"Player stacks: #2 ""Spenny @ S8ENkJ8OQS"" (2270) | #3 ""peelic @ vOeqrOXpLT"" (1140) | #4 ""Stevo @ kI2bCqDOyl"" (2070) | #5 ""arash @ RYnRljE1SO"" (670) | #6 ""Jonah @ xrBY5OZYCv"" (1620) | #8 ""georgeorgoe @ wgzHqTfHfQ"" (230)",2026-08-13T02:14:48.046Z,178658728804601
"-- starting hand #86 (id: msp8znc9s8ap)  No Limit Texas Hold'em (dealer: ""Stevo @ kI2bCqDOyl"") --",2026-08-13T02:14:48.046Z,178658728804600
"-- ending hand #85 --",2026-08-13T02:14:42.041Z,178658728204103
"""Spenny @ S8ENkJ8OQS"" collected 320 from pot with Two Pair, 7's & 4's (combination: K♣, 4♠, 4♥, 7♠, 7♣)",2026-08-13T02:14:42.041Z,178658728204102
"""Spenny @ S8ENkJ8OQS"" shows a 7♠, 4♠.",2026-08-13T02:14:42.041Z,178658728204101
"""arash @ RYnRljE1SO"" shows a A♠, 8♣.",2026-08-13T02:14:42.041Z,178658728204100
"""Stevo @ kI2bCqDOyl"" folds",2026-08-13T02:14:41.209Z,178658728120900
"""Spenny @ S8ENkJ8OQS"" calls 20",2026-08-13T02:14:38.809Z,178658727880900
"""Jonah @ xrBY5OZYCv"" folds",2026-08-13T02:14:35.882Z,178658727588200
"""arash @ RYnRljE1SO"" bets 20",2026-08-13T02:14:35.026Z,178658727502600
"""Stevo @ kI2bCqDOyl"" checks",2026-08-13T02:14:30.142Z,178658727014200
"River: K♣, 7♣, 8♠, 4♥ [10♠]",2026-08-13T02:14:28.452Z,178658726845200
"""peelic @ vOeqrOXpLT"" folds",2026-08-13T02:14:27.634Z,178658726763400
"""Spenny @ S8ENkJ8OQS"" calls 20",2026-08-13T02:14:19.931Z,178658725993100
"""Jonah @ xrBY5OZYCv"" calls 20",2026-08-13T02:14:19.008Z,178658725900800
"""arash @ RYnRljE1SO"" calls 20",2026-08-13T02:14:18.118Z,178658725811800
"""Stevo @ kI2bCqDOyl"" bets 20",2026-08-13T02:14:12.017Z,178658725201700
"Turn: K♣, 7♣, 8♠ [4♥]",2026-08-13T02:14:10.352Z,178658725035200
"""Jonah @ xrBY5OZYCv"" calls 20",2026-08-13T02:14:09.471Z,178658724947100
"""arash @ RYnRljE1SO"" calls 20",2026-08-13T02:14:07.558Z,178658724755800
"""Stevo @ kI2bCqDOyl"" calls 20",2026-08-13T02:14:04.463Z,178658724446300
"""peelic @ vOeqrOXpLT"" calls 20",2026-08-13T02:14:03.502Z,178658724350200
"""Spenny @ S8ENkJ8OQS"" bets 20",2026-08-13T02:13:55.907Z,178658723590700
"""Jonah @ xrBY5OZYCv"" checks",2026-08-13T02:13:49.327Z,178658722932700
"""arash @ RYnRljE1SO"" checks",2026-08-13T02:13:48.454Z,178658722845400
"""Stevo @ kI2bCqDOyl"" checks",2026-08-13T02:13:46.123Z,178658722612300
"Flop:  [K♣, 7♣, 8♠]",2026-08-13T02:13:44.182Z,178658722418200
"""arash @ RYnRljE1SO"" checks",2026-08-13T02:13:43.366Z,178658722336600
"""Stevo @ kI2bCqDOyl"" calls 20",2026-08-13T02:13:37.146Z,178658721714600
"""peelic @ vOeqrOXpLT"" calls 20",2026-08-13T02:13:36.207Z,178658721620700
"""Spenny @ S8ENkJ8OQS"" calls 20",2026-08-13T02:13:33.289Z,178658721328900
"""georgeorgoe @ wgzHqTfHfQ"" folds",2026-08-13T02:13:32.381Z,178658721238100
"""Jonah @ xrBY5OZYCv"" calls 20",2026-08-13T02:13:27.952Z,178658720795200
"""arash @ RYnRljE1SO"" posts a big blind of 20",2026-08-13T02:13:24.972Z,178658720497209
"""Stevo @ kI2bCqDOyl"" posts a small blind of 10",2026-08-13T02:13:24.972Z,178658720497208
"Your hand is 5♠, 9♦",2026-08-13T02:13:24.972Z,178658720497204
"Player stacks: #2 ""Spenny @ S8ENkJ8OQS"" (2030) | #3 ""peelic @ vOeqrOXpLT"" (1180) | #4 ""Stevo @ kI2bCqDOyl"" (2130) | #5 ""arash @ RYnRljE1SO"" (750) | #6 ""Jonah @ xrBY5OZYCv"" (1680) | #8 ""georgeorgoe @ wgzHqTfHfQ"" (230)",2026-08-13T02:13:24.972Z,178658720497201
"-- starting hand #85 (id: oqe1fzysg3tg)  No Limit Texas Hold'em (dealer: ""peelic @ vOeqrOXpLT"") --",2026-08-13T02:13:24.972Z,178658720497200
"-- ending hand #84 --",2026-08-13T02:13:22.000Z,178658720200002
"""Stevo @ kI2bCqDOyl"" collected 260 from pot",2026-08-13T02:13:22.000Z,178658720200001
"Uncalled bet of 60 returned to ""Stevo @ kI2bCqDOyl""",2026-08-13T02:13:22.000Z,178658720200000
"""arash @ RYnRljE1SO"" folds",2026-08-13T02:13:21.172Z,178658720117200
"""Stevo @ kI2bCqDOyl"" bets 60",2026-08-13T02:13:09.288Z,178658718928800
"River: K♣, 8♦, 6♥, 2♣ [10♥]",2026-08-13T02:13:05.467Z,178658718546700
"""arash @ RYnRljE1SO"" calls 60",2026-08-13T02:13:04.619Z,178658718461900
"""Stevo @ kI2bCqDOyl"" bets 60",2026-08-13T02:12:58.785Z,178658717878500
"Turn: K♣, 8♦, 6♥ [2♣]",2026-08-13T02:12:55.280Z,178658717528000
"""peelic @ vOeqrOXpLT"" folds",2026-08-13T02:12:54.435Z,178658717443500
"""Spenny @ S8ENkJ8OQS"" folds",2026-08-13T02:12:53.573Z,178658717357300
"""georgeorgoe @ wgzHqTfHfQ"" folds",2026-08-13T02:12:43.451Z,178658716345100
"""arash @ RYnRljE1SO"" calls 20",2026-08-13T02:12:32.212Z,178658715221200
"""Stevo @ kI2bCqDOyl"" bets 20",2026-08-13T02:12:25.056Z,178658714505600
"""peelic @ vOeqrOXpLT"" checks",2026-08-13T02:12:21.161Z,178658714116100
"Flop:  [K♣, 8♦, 6♥]",2026-08-13T02:12:18.948Z,178658713894800
"""Stevo @ kI2bCqDOyl"" checks",2026-08-13T02:12:18.128Z,178658713812800
"""peelic @ vOeqrOXpLT"" calls 20",2026-08-13T02:12:17.139Z,178658713713900
"""Spenny @ S8ENkJ8OQS"" calls 20",2026-08-13T02:12:16.297Z,178658713629700
"""georgeorgoe @ wgzHqTfHfQ"" calls 20",2026-08-13T02:12:15.407Z,178658713540700
"""Jonah @ xrBY5OZYCv"" folds",2026-08-13T02:12:11.014Z,178658713101400
"""arash @ RYnRljE1SO"" calls 20",2026-08-13T02:12:10.135Z,178658713013500
"""Stevo @ kI2bCqDOyl"" posts a big blind of 20",2026-08-13T02:12:08.095Z,178658712809509
"""peelic @ vOeqrOXpLT"" posts a small blind of 10",2026-08-13T02:12:08.095Z,178658712809508
"Your hand is K♥, 3♣",2026-08-13T02:12:08.095Z,178658712809504
"Player stacks: #2 ""Spenny @ S8ENkJ8OQS"" (2050) | #3 ""peelic @ vOeqrOXpLT"" (1200) | #4 ""Stevo @ kI2bCqDOyl"" (1970) | #5 ""arash @ RYnRljE1SO"" (850) | #6 ""Jonah @ xrBY5OZYCv"" (1680) | #8 ""georgeorgoe @ wgzHqTfHfQ"" (250)",2026-08-13T02:12:08.095Z,178658712809501
"-- starting hand #84 (id: temisdayuqhl)  No Limit Texas Hold'em (dealer: ""Spenny @ S8ENkJ8OQS"") --",2026-08-13T02:12:08.095Z,178658712809500
"-- ending hand #83 --",2026-08-13T02:12:05.157Z,178658712515702
"""georgeorgoe @ wgzHqTfHfQ"" collected 80 from pot",2026-08-13T02:12:05.157Z,178658712515701
"Uncalled bet of 40 returned to ""georgeorgoe @ wgzHqTfHfQ""",2026-08-13T02:12:05.157Z,178658712515700
"""Stevo @ kI2bCqDOyl"" folds",2026-08-13T02:12:04.348Z,178658712434800
"""peelic @ vOeqrOXpLT"" folds",2026-08-13T02:12:03.423Z,178658712342300
"""Spenny @ S8ENkJ8OQS"" folds",2026-08-13T02:12:01.056Z,178658712105600
"""georgeorgoe @ wgzHqTfHfQ"" bets 40",2026-08-13T02:11:57.869Z,178658711786900
"""Stevo @ kI2bCqDOyl"" checks",2026-08-13T02:11:54.376Z,178658711437600
"""peelic @ vOeqrOXpLT"" checks",2026-08-13T02:11:53.406Z,178658711340600
"""Spenny @ S8ENkJ8OQS"" checks",2026-08-13T02:11:50.278Z,178658711027800
"River: A♣, 5♠, K♥, 4♠ [10♣]",2026-08-13T02:11:48.661Z,178658710866100
"""georgeorgoe @ wgzHqTfHfQ"" checks",2026-08-13T02:11:47.826Z,178658710782600
"""Stevo @ kI2bCqDOyl"" checks",2026-08-13T02:11:42.596Z,178658710259600
"""peelic @ vOeqrOXpLT"" checks",2026-08-13T02:11:41.602Z,178658710160200
"""Spenny @ S8ENkJ8OQS"" checks",2026-08-13T02:11:36.707Z,178658709670700
"Turn: A♣, 5♠, K♥ [4♠]",2026-08-13T02:11:35.052Z,178658709505200
"""georgeorgoe @ wgzHqTfHfQ"" checks",2026-08-13T02:11:34.212Z,178658709421200
"""Stevo @ kI2bCqDOyl"" checks",2026-08-13T02:11:28.986Z,178658708898600
"""peelic @ vOeqrOXpLT"" checks",2026-08-13T02:11:28.019Z,178658708801900
"""Spenny @ S8ENkJ8OQS"" checks",2026-08-13T02:11:23.818Z,178658708381800
"Flop:  [A♣, 5♠, K♥]",2026-08-13T02:11:21.969Z,178658708196900
"""peelic @ vOeqrOXpLT"" checks",2026-08-13T02:11:21.159Z,178658708115900
"""Spenny @ S8ENkJ8OQS"" calls 20",2026-08-13T02:11:13.232Z,178658707323200
"""georgeorgoe @ wgzHqTfHfQ"" calls 20",2026-08-13T02:11:12.259Z,178658707225900
"""Jonah @ xrBY5OZYCv"" folds",2026-08-13T02:11:11.399Z,178658707139900
"""arash @ RYnRljE1SO"" folds",2026-08-13T02:11:10.530Z,178658707053000
"""Stevo @ kI2bCqDOyl"" calls 20",2026-08-13T02:11:07.199Z,178658706719900
"""peelic @ vOeqrOXpLT"" posts a big blind of 20",2026-08-13T02:11:05.545Z,178658706554509
"""Spenny @ S8ENkJ8OQS"" posts a small blind of 10",2026-08-13T02:11:05.545Z,178658706554508
"Your hand is 8♣, J♣",2026-08-13T02:11:05.545Z,178658706554504
"Player stacks: #2 ""Spenny @ S8ENkJ8OQS"" (2070) | #3 ""peelic @ vOeqrOXpLT"" (1220) | #4 ""Stevo @ kI2bCqDOyl"" (1990) | #5 ""arash @ RYnRljE1SO"" (850) | #6 ""Jonah @ xrBY5OZYCv"" (1680) | #8 ""georgeorgoe @ wgzHqTfHfQ"" (190)",2026-08-13T02:11:05.545Z,178658706554501
"-- starting hand #83 (id: vog57pouxfrm)  No Limit Texas Hold'em (dealer: ""georgeorgoe @ wgzHqTfHfQ"") --",2026-08-13T02:11:05.545Z,178658706554500
"-- ending hand #82 --",2026-08-13T02:11:02.576Z,178658706257602
"""arash @ RYnRljE1SO"" collected 200 from pot",2026-08-13T02:11:02.576Z,178658706257601
"Uncalled bet of 100 returned to ""arash @ RYnRljE1SO""",2026-08-13T02:11:02.576Z,178658706257600
"""Spenny @ S8ENkJ8OQS"" folds",2026-08-13T02:11:01.707Z,178658706170700
"""arash @ RYnRljE1SO"" bets 100",2026-08-13T02:10:58.693Z,178658705869300
"""Spenny @ S8ENkJ8OQS"" checks",2026-08-13T02:10:54.781Z,178658705478100
"River: 5♥, 2♦, 8♦, 3♦ [4♥]",2026-08-13T02:10:53.278Z,178658705327800
"""Stevo @ kI2bCqDOyl"" folds",2026-08-13T02:10:52.442Z,178658705244200
"""peelic @ vOeqrOXpLT"" folds",2026-08-13T02:10:51.505Z,178658705150500
"""Spenny @ S8ENkJ8OQS"" calls 50",2026-08-13T02:10:50.611Z,178658705061100
"""georgeorgoe @ wgzHqTfHfQ"" folds",2026-08-13T02:10:44.915Z,178658704491500
"""arash @ RYnRljE1SO"" bets 50",2026-08-13T02:10:40.185Z,178658704018500
"""Stevo @ kI2bCqDOyl"" checks",2026-08-13T02:10:36.978Z,178658703697800
"""peelic @ vOeqrOXpLT"" checks",2026-08-13T02:10:36.002Z,178658703600200
"""Spenny @ S8ENkJ8OQS"" checks",2026-08-13T02:10:35.146Z,178658703514600
"""georgeorgoe @ wgzHqTfHfQ"" checks",2026-08-13T02:10:34.218Z,178658703421800
"Turn: 5♥, 2♦, 8♦ [3♦]",2026-08-13T02:10:24.134Z,178658702413400
"""arash @ RYnRljE1SO"" checks",2026-08-13T02:10:23.324Z,178658702332400
"""Stevo @ kI2bCqDOyl"" checks",2026-08-13T02:10:21.078Z,178658702107800
"""peelic @ vOeqrOXpLT"" checks",2026-08-13T02:10:20.140Z,178658702014000
"""Spenny @ S8ENkJ8OQS"" checks",2026-08-13T02:10:17.997Z,178658701799700
"""georgeorgoe @ wgzHqTfHfQ"" checks",2026-08-13T02:10:16.028Z,178658701602800
"Flop:  [5♥, 2♦, 8♦]",2026-08-13T02:10:13.651Z,178658701365100
"""Spenny @ S8ENkJ8OQS"" checks",2026-08-13T02:10:12.802Z,178658701280200
"""georgeorgoe @ wgzHqTfHfQ"" calls 20",2026-08-13T02:10:11.912Z,178658701191200
"""Jonah @ xrBY5OZYCv"" folds",2026-08-13T02:10:10.828Z,178658701082800
"""arash @ RYnRljE1SO"" calls 20",2026-08-13T02:10:09.431Z,178658700943100
"""Stevo @ kI2bCqDOyl"" calls 20",2026-08-13T02:10:08.519Z,178658700851900
"""peelic @ vOeqrOXpLT"" calls 20",2026-08-13T02:10:07.583Z,178658700758300
"""Spenny @ S8ENkJ8OQS"" posts a big blind of 20",2026-08-13T02:10:06.895Z,178658700689509
"""georgeorgoe @ wgzHqTfHfQ"" posts a small blind of 10",2026-08-13T02:10:06.895Z,178658700689508
"Your hand is 4♣, J♠",2026-08-13T02:10:06.895Z,178658700689504
"Player stacks: #2 ""Spenny @ S8ENkJ8OQS"" (2140) | #3 ""peelic @ vOeqrOXpLT"" (1240) | #4 ""Stevo @ kI2bCqDOyl"" (2010) | #5 ""arash @ RYnRljE1SO"" (720) | #6 ""Jonah @ xrBY5OZYCv"" (1680) | #8 ""georgeorgoe @ wgzHqTfHfQ"" (210)",2026-08-13T02:10:06.895Z,178658700689501
"-- starting hand #82 (id: 7u8bfihnzcij)  No Limit Texas Hold'em (dealer: ""Jonah @ xrBY5OZYCv"") --",2026-08-13T02:10:06.895Z,178658700689500
"Undealt cards: A♦, 2♥, 7♣, 10♦ [9♥]",2026-08-13T02:10:02.886Z,178658700288600
"-- ending hand #81 --",2026-08-13T02:10:00.981Z,178658700098102
"""Stevo @ kI2bCqDOyl"" collected 140 from pot",2026-08-13T02:10:00.981Z,178658700098101
"Uncalled bet of 40 returned to ""Stevo @ kI2bCqDOyl""",2026-08-13T02:10:00.981Z,178658700098100
"""peelic @ vOeqrOXpLT"" folds",2026-08-13T02:10:00.167Z,178658700016700
"""Stevo @ kI2bCqDOyl"" bets 40",2026-08-13T02:09:48.511Z,178658698851100
"""peelic @ vOeqrOXpLT"" checks",2026-08-13T02:09:45.362Z,178658698536200
"Turn: A♦, 2♥, 7♣ [10♦]",2026-08-13T02:09:43.565Z,178658698356500
"""peelic @ vOeqrOXpLT"" calls 20",2026-08-13T02:09:42.754Z,178658698275400
"""georgeorgoe @ wgzHqTfHfQ"" folds",2026-08-13T02:09:33.350Z,178658697335000
"""Jonah @ xrBY5OZYCv"" folds",2026-08-13T02:09:24.307Z,178658696430700
"""arash @ RYnRljE1SO"" folds",2026-08-13T02:09:22.429Z,178658696242900
"""Stevo @ kI2bCqDOyl"" bets 20",2026-08-13T02:09:21.515Z,178658696151500
"""peelic @ vOeqrOXpLT"" checks",2026-08-13T02:09:20.204Z,178658696020400
"""georgeorgoe @ wgzHqTfHfQ"" checks",2026-08-13T02:09:18.194Z,178658695819400
"""Jonah @ xrBY5OZYCv"" checks",2026-08-13T02:09:13.671Z,178658695367100
"Flop:  [A♦, 2♥, 7♣]",2026-08-13T02:09:08.948Z,178658694894800
"""georgeorgoe @ wgzHqTfHfQ"" checks",2026-08-13T02:09:08.143Z,178658694814300
"""Jonah @ xrBY5OZYCv"" calls 20",2026-08-13T02:09:07.295Z,178658694729500
"""arash @ RYnRljE1SO"" calls 20",2026-08-13T02:09:06.418Z,178658694641800
"""Stevo @ kI2bCqDOyl"" calls 20",2026-08-13T02:09:05.499Z,178658694549900
"""peelic @ vOeqrOXpLT"" calls 20",2026-08-13T02:09:04.447Z,178658694444700
"""Spenny @ S8ENkJ8OQS"" folds",2026-08-13T02:08:58.163Z,178658693816300
"""georgeorgoe @ wgzHqTfHfQ"" posts a big blind of 20",2026-08-13T02:08:51.765Z,178658693176509
"""Jonah @ xrBY5OZYCv"" posts a small blind of 10",2026-08-13T02:08:51.765Z,178658693176508
"Your hand is A♣, 10♠",2026-08-13T02:08:51.765Z,178658693176504
"Player stacks: #2 ""Spenny @ S8ENkJ8OQS"" (2140) | #3 ""peelic @ vOeqrOXpLT"" (1280) | #4 ""Stevo @ kI2bCqDOyl"" (1910) | #5 ""arash @ RYnRljE1SO"" (740) | #6 ""Jonah @ xrBY5OZYCv"" (1700) | #8 ""georgeorgoe @ wgzHqTfHfQ"" (230)",2026-08-13T02:08:51.765Z,178658693176501
"-- starting hand #81 (id: z2odpgfetzwa)  No Limit Texas Hold'em (dealer: ""arash @ RYnRljE1SO"") --",2026-08-13T02:08:51.765Z,178658693176500
"-- ending hand #80 --",2026-08-13T02:08:45.761Z,178658692576103
"""Spenny @ S8ENkJ8OQS"" collected 200 from pot with Two Pair, Q's & 9's (combination: J♣, 9♥, 9♣, Q♠, Q♥)",2026-08-13T02:08:45.761Z,178658692576102
"""Spenny @ S8ENkJ8OQS"" shows a 9♥, 7♠.",2026-08-13T02:08:45.761Z,178658692576101
"""arash @ RYnRljE1SO"" shows a 4♣, 5♥.",2026-08-13T02:08:45.761Z,178658692576100
"""Spenny @ S8ENkJ8OQS"" calls 20",2026-08-13T02:08:44.953Z,178658692495300
"""georgeorgoe @ wgzHqTfHfQ"" folds",2026-08-13T02:08:38.244Z,178658691824400
"""arash @ RYnRljE1SO"" bets 20",2026-08-13T02:08:32.875Z,178658691287500
"River: J♣, 5♠, Q♠, Q♥ [9♣]",2026-08-13T02:08:30.986Z,178658691098600
"""Spenny @ S8ENkJ8OQS"" checks",2026-08-13T02:08:30.153Z,178658691015300
"""georgeorgoe @ wgzHqTfHfQ"" checks",2026-08-13T02:08:29.251Z,178658690925100
"""arash @ RYnRljE1SO"" checks",2026-08-13T02:08:25.708Z,178658690570800
"Turn: J♣, 5♠, Q♠ [Q♥]",2026-08-13T02:08:23.862Z,178658690386200
"""Jonah @ xrBY5OZYCv"" folds",2026-08-13T02:08:23.002Z,178658690300200
"""arash @ RYnRljE1SO"" calls 20",2026-08-13T02:08:22.082Z,178658690208200
"""peelic @ vOeqrOXpLT"" folds",2026-08-13T02:08:21.180Z,178658690118000
"""Spenny @ S8ENkJ8OQS"" calls 20",2026-08-13T02:08:20.332Z,178658690033200
"""georgeorgoe @ wgzHqTfHfQ"" bets 20",2026-08-13T02:08:13.909Z,178658689390900
"""Jonah @ xrBY5OZYCv"" checks",2026-08-13T02:08:12.698Z,178658689269800
"""arash @ RYnRljE1SO"" checks",2026-08-13T02:08:11.804Z,178658689180400
"Flop:  [J♣, 5♠, Q♠]",2026-08-13T02:08:09.546Z,178658688954600
"""Jonah @ xrBY5OZYCv"" checks",2026-08-13T02:08:08.700Z,178658688870000
"""arash @ RYnRljE1SO"" calls 20",2026-08-13T02:08:07.824Z,178658688782400
"""Stevo @ kI2bCqDOyl"" folds",2026-08-13T02:08:06.908Z,178658688690800
"""peelic @ vOeqrOXpLT"" calls 20",2026-08-13T02:08:05.955Z,178658688595500
"""Spenny @ S8ENkJ8OQS"" calls 20",2026-08-13T02:08:05.106Z,178658688510600
"""georgeorgoe @ wgzHqTfHfQ"" calls 20",2026-08-13T02:07:59.256Z,178658687925600
"""Jonah @ xrBY5OZYCv"" posts a big blind of 20",2026-08-13T02:07:56.902Z,178658687690209
"""arash @ RYnRljE1SO"" posts a small blind of 10",2026-08-13T02:07:56.902Z,178658687690208
"Your hand is 4♦, 8♠",2026-08-13T02:07:56.902Z,178658687690204
"Player stacks: #2 ""Spenny @ S8ENkJ8OQS"" (2000) | #3 ""peelic @ vOeqrOXpLT"" (1300) | #4 ""Stevo @ kI2bCqDOyl"" (1910) | #5 ""arash @ RYnRljE1SO"" (800) | #6 ""Jonah @ xrBY5OZYCv"" (1720) | #8 ""georgeorgoe @ wgzHqTfHfQ"" (270)",2026-08-13T02:07:56.902Z,178658687690201
"-- starting hand #80 (id: rpgzyvb6abo9)  No Limit Texas Hold'em (dealer: ""Stevo @ kI2bCqDOyl"") --",2026-08-13T02:07:56.902Z,178658687690200
"""georgeorgoe @ wgzHqTfHfQ"" shows a 10♣, 7♣.",2026-08-13T02:07:52.906Z,178658687290600
"Undealt cards: 6♥, K♠, 10♦, Q♣ [6♣]",2026-08-13T02:07:52.313Z,178658687231300
"-- ending hand #79 --",2026-08-13T02:07:50.298Z,178658687029802
"""Jonah @ xrBY5OZYCv"" collected 160 from pot",2026-08-13T02:07:50.298Z,178658687029801
"Uncalled bet of 40 returned to ""Jonah @ xrBY5OZYCv""",2026-08-13T02:07:50.298Z,178658687029800
"""georgeorgoe @ wgzHqTfHfQ"" folds",2026-08-13T02:07:49.462Z,178658686946200
"""Jonah @ xrBY5OZYCv"" bets 40",2026-08-13T02:07:48.499Z,178658686849900
"Turn: 6♥, K♠, 10♦ [Q♣]",2026-08-13T02:07:44.493Z,178658686449300
"""arash @ RYnRljE1SO"" folds",2026-08-13T02:07:43.680Z,178658686368000
"""Stevo @ kI2bCqDOyl"" folds",2026-08-13T02:07:42.691Z,178658686269100
"""georgeorgoe @ wgzHqTfHfQ"" calls 40",2026-08-13T02:07:41.703Z,178658686170300
"""Jonah @ xrBY5OZYCv"" bets 40",2026-08-13T02:07:37.276Z,178658685727600
"""arash @ RYnRljE1SO"" checks",2026-08-13T02:07:33.168Z,178658685316800
"""Stevo @ kI2bCqDOyl"" checks",2026-08-13T02:07:30.676Z,178658685067600
"Flop:  [6♥, K♠, 10♦]",2026-08-13T02:07:28.363Z,178658684836300
"""arash @ RYnRljE1SO"" checks",2026-08-13T02:07:27.461Z,178658684746100
"""Stevo @ kI2bCqDOyl"" calls 20",2026-08-13T02:07:26.555Z,178658684655500
"""peelic @ vOeqrOXpLT"" folds",2026-08-13T02:07:25.620Z,178658684562000
"""Spenny @ S8ENkJ8OQS"" folds",2026-08-13T02:07:21.990Z,178658684199000
"""georgeorgoe @ wgzHqTfHfQ"" calls 20",2026-08-13T02:07:18.191Z,178658683819100
"""Jonah @ xrBY5OZYCv"" calls 20",2026-08-13T02:07:17.292Z,178658683729200
"""arash @ RYnRljE1SO"" posts a big blind of 20",2026-08-13T02:07:16.189Z,178658683618909
"""Stevo @ kI2bCqDOyl"" posts a small blind of 10",2026-08-13T02:07:16.189Z,178658683618908
"Your hand is 5♠, Q♠",2026-08-13T02:07:16.189Z,178658683618904
"Player stacks: #2 ""Spenny @ S8ENkJ8OQS"" (2000) | #3 ""peelic @ vOeqrOXpLT"" (1300) | #4 ""Stevo @ kI2bCqDOyl"" (1930) | #5 ""arash @ RYnRljE1SO"" (820) | #6 ""Jonah @ xrBY5OZYCv"" (1620) | #8 ""georgeorgoe @ wgzHqTfHfQ"" (330)",2026-08-13T02:07:16.189Z,178658683618901
"-- starting hand #79 (id: h1paijdspi3o)  No Limit Texas Hold'em (dealer: ""peelic @ vOeqrOXpLT"") --",2026-08-13T02:07:16.189Z,178658683618900
"Undealt cards: Q♠, A♦, 7♣ [9♠, 4♦]",2026-08-13T02:07:14.852Z,178658683485200
"""georgeorgoe @ wgzHqTfHfQ"" shows a 9♣, 3♥.",2026-08-13T02:07:12.298Z,178658683229800
"-- ending hand #78 --",2026-08-13T02:07:09.563Z,178658682956302
"""Spenny @ S8ENkJ8OQS"" collected 80 from pot",2026-08-13T02:07:09.563Z,178658682956301
"Uncalled bet of 40 returned to ""Spenny @ S8ENkJ8OQS""",2026-08-13T02:07:09.563Z,178658682956300
"""arash @ RYnRljE1SO"" folds",2026-08-13T02:07:08.756Z,178658682875600
"""Stevo @ kI2bCqDOyl"" folds",2026-08-13T02:07:06.616Z,178658682661600
"""peelic @ vOeqrOXpLT"" folds",2026-08-13T02:07:04.442Z,178658682444200
"""Spenny @ S8ENkJ8OQS"" bets 40",2026-08-13T02:07:03.592Z,178658682359200
"""arash @ RYnRljE1SO"" checks",2026-08-13T02:07:00.352Z,178658682035200
"""Stevo @ kI2bCqDOyl"" checks",2026-08-13T02:06:55.877Z,178658681587700
"""peelic @ vOeqrOXpLT"" checks",2026-08-13T02:06:54.901Z,178658681490100
"Flop:  [Q♠, A♦, 7♣]",2026-08-13T02:06:44.298Z,178658680429800
"""Stevo @ kI2bCqDOyl"" checks",2026-08-13T02:06:43.483Z,178658680348300
"""peelic @ vOeqrOXpLT"" calls 20",2026-08-13T02:06:42.540Z,178658680254000
"""Spenny @ S8ENkJ8OQS"" calls 20",2026-08-13T02:06:33.242Z,178658679324200
"""georgeorgoe @ wgzHqTfHfQ"" folds",2026-08-13T02:06:32.296Z,178658679229600
"""Jonah @ xrBY5OZYCv"" folds",2026-08-13T02:06:31.458Z,178658679145800
"""arash @ RYnRljE1SO"" calls 20",2026-08-13T02:06:29.999Z,178658678999900
"""Stevo @ kI2bCqDOyl"" posts a big blind of 20",2026-08-13T02:06:28.956Z,178658678895609
"""peelic @ vOeqrOXpLT"" posts a small blind of 10",2026-08-13T02:06:28.956Z,178658678895608
"Your hand is K♥, 8♠",2026-08-13T02:06:28.956Z,178658678895604
"Player stacks: #2 ""Spenny @ S8ENkJ8OQS"" (1940) | #3 ""peelic @ vOeqrOXpLT"" (1320) | #4 ""Stevo @ kI2bCqDOyl"" (1950) | #5 ""arash @ RYnRljE1SO"" (840) | #6 ""Jonah @ xrBY5OZYCv"" (1620) | #8 ""georgeorgoe @ wgzHqTfHfQ"" (330)",2026-08-13T02:06:28.956Z,178658678895601
"-- starting hand #78 (id: 3stgwuve3rr1)  No Limit Texas Hold'em (dealer: ""Spenny @ S8ENkJ8OQS"") --",2026-08-13T02:06:28.956Z,178658678895600
"""georgeorgoe @ wgzHqTfHfQ"" shows a 5♦, A♣.",2026-08-13T02:06:26.207Z,178658678620700
"-- ending hand #77 --",2026-08-13T02:06:22.447Z,178658678244702
"""Spenny @ S8ENkJ8OQS"" collected 220 from pot with Full House, J's over 4's (combination: 4♦, 4♠, J♠, J♦, J♣)",2026-08-13T02:06:22.447Z,178658678244701
"""Spenny @ S8ENkJ8OQS"" shows a 4♦, 5♠.",2026-08-13T02:06:22.447Z,178658678244700
"""arash @ RYnRljE1SO"" calls 20",2026-08-13T02:06:21.582Z,178658678158200
"""peelic @ vOeqrOXpLT"" calls 20",2026-08-13T02:06:13.780Z,178658677378000
"""Spenny @ S8ENkJ8OQS"" bets 20",2026-08-13T02:06:12.759Z,178658677275900
"River: 4♠, 7♣, J♠, J♦ [J♣]",2026-08-13T02:06:07.720Z,178658676772000
"""arash @ RYnRljE1SO"" checks",2026-08-13T02:06:06.893Z,178658676689300
"""peelic @ vOeqrOXpLT"" checks",2026-08-13T02:06:00.290Z,178658676029000
"""Spenny @ S8ENkJ8OQS"" checks",2026-08-13T02:05:57.940Z,178658675794000
"Turn: 4♠, 7♣, J♠ [J♦]",2026-08-13T02:05:55.280Z,178658675528000
"""georgeorgoe @ wgzHqTfHfQ"" folds",2026-08-13T02:05:54.466Z,178658675446600
"""arash @ RYnRljE1SO"" calls 20",2026-08-13T02:05:53.629Z,178658675362900
"""Stevo @ kI2bCqDOyl"" folds",2026-08-13T02:05:46.481Z,178658674648100
"""peelic @ vOeqrOXpLT"" calls 20",2026-08-13T02:05:44.978Z,178658674497800
"""Spenny @ S8ENkJ8OQS"" bets 20",2026-08-13T02:05:40.230Z,178658674023000
"Flop:  [4♠, 7♣, J♠]",2026-08-13T02:05:38.189Z,178658673818900
"""peelic @ vOeqrOXpLT"" checks",2026-08-13T02:05:37.370Z,178658673737000
"""Spenny @ S8ENkJ8OQS"" calls 20",2026-08-13T02:05:32.550Z,178658673255000
"""georgeorgoe @ wgzHqTfHfQ"" calls 20",2026-08-13T02:05:31.624Z,178658673162400
"""Jonah @ xrBY5OZYCv"" folds",2026-08-13T02:05:30.710Z,178658673071000
"""arash @ RYnRljE1SO"" calls 20",2026-08-13T02:05:28.046Z,178658672804600
"""Stevo @ kI2bCqDOyl"" calls 20",2026-08-13T02:05:26.351Z,178658672635100
"""peelic @ vOeqrOXpLT"" posts a big blind of 20",2026-08-13T02:05:24.908Z,178658672490809
"""Spenny @ S8ENkJ8OQS"" posts a small blind of 10",2026-08-13T02:05:24.908Z,178658672490808
"Your hand is 10♣, 2♠",2026-08-13T02:05:24.908Z,178658672490804
"Player stacks: #2 ""Spenny @ S8ENkJ8OQS"" (1780) | #3 ""peelic @ vOeqrOXpLT"" (1380) | #4 ""Stevo @ kI2bCqDOyl"" (1970) | #5 ""arash @ RYnRljE1SO"" (900) | #6 ""Jonah @ xrBY5OZYCv"" (1620) | #8 ""georgeorgoe @ wgzHqTfHfQ"" (350)",2026-08-13T02:05:24.908Z,178658672490801
"-- starting hand #77 (id: dmwusanztxnt)  No Limit Texas Hold'em (dealer: ""georgeorgoe @ wgzHqTfHfQ"") --",2026-08-13T02:05:24.908Z,178658672490800
"-- ending hand #76 --",2026-08-13T02:05:18.903Z,178658671890303
"""peelic @ vOeqrOXpLT"" collected 360 from pot with Pair, 10's (combination: 6♥, 8♣, J♦, 10♦, 10♠)",2026-08-13T02:05:18.903Z,178658671890302
"""peelic @ vOeqrOXpLT"" shows a 10♦, 10♠.",2026-08-13T02:05:18.903Z,178658671890301
"""georgeorgoe @ wgzHqTfHfQ"" shows a 5♥, 5♠.",2026-08-13T02:05:18.903Z,178658671890300
"""arash @ RYnRljE1SO"" calls 60",2026-08-13T02:05:18.056Z,178658671805600
"""Stevo @ kI2bCqDOyl"" folds",2026-08-13T02:05:11.328Z,178658671132800
"""peelic @ vOeqrOXpLT"" calls 60",2026-08-13T02:05:10.394Z,178658671039400
"""georgeorgoe @ wgzHqTfHfQ"" bets 60",2026-08-13T02:05:03.402Z,178658670340200
"River: 2♦, 4♥, J♦, 6♥ [8♣]",2026-08-13T02:05:00.447Z,178658670044700
"""arash @ RYnRljE1SO"" calls 20",2026-08-13T02:04:59.606Z,178658669960600
"""Stevo @ kI2bCqDOyl"" calls 20",2026-08-13T02:04:57.678Z,178658669767800
"""peelic @ vOeqrOXpLT"" calls 20",2026-08-13T02:04:56.756Z,178658669675600
"""Spenny @ S8ENkJ8OQS"" folds",2026-08-13T02:04:50.942Z,178658669094200
"""georgeorgoe @ wgzHqTfHfQ"" bets 20",2026-08-13T02:04:41.442Z,178658668144200
"Turn: 2♦, 4♥, J♦ [6♥]",2026-08-13T02:04:40.070Z,178658668007000
"""arash @ RYnRljE1SO"" checks",2026-08-13T02:04:39.254Z,178658667925400
"""Stevo @ kI2bCqDOyl"" checks",2026-08-13T02:04:29.750Z,178658666975000
"""peelic @ vOeqrOXpLT"" checks",2026-08-13T02:04:28.705Z,178658666870500
"""Spenny @ S8ENkJ8OQS"" checks",2026-08-13T02:04:24.110Z,178658666411000
"""georgeorgoe @ wgzHqTfHfQ"" checks",2026-08-13T02:04:23.117Z,178658666311700
"Flop:  [2♦, 4♥, J♦]",2026-08-13T02:04:19.020Z,178658665902000
"""Spenny @ S8ENkJ8OQS"" checks",2026-08-13T02:04:18.106Z,178658665810600
"""georgeorgoe @ wgzHqTfHfQ"" calls 20",2026-08-13T02:04:17.111Z,178658665711100
"""Jonah @ xrBY5OZYCv"" folds",2026-08-13T02:04:16.268Z,178658665626800
"""arash @ RYnRljE1SO"" calls 20",2026-08-13T02:04:15.322Z,178658665532200
"""Stevo @ kI2bCqDOyl"" calls 20",2026-08-13T02:04:06.000Z,178658664600000
"""peelic @ vOeqrOXpLT"" calls 20",2026-08-13T02:04:04.991Z,178658664499100
"""Spenny @ S8ENkJ8OQS"" posts a big blind of 20",2026-08-13T02:04:01.900Z,178658664190010
"""georgeorgoe @ wgzHqTfHfQ"" posts a small blind of 10",2026-08-13T02:04:01.900Z,178658664190009
"Your hand is 6♦, A♥",2026-08-13T02:04:01.900Z,178658664190005
"Player stacks: #2 ""Spenny @ S8ENkJ8OQS"" (1800) | #3 ""peelic @ vOeqrOXpLT"" (1120) | #4 ""Stevo @ kI2bCqDOyl"" (2010) | #5 ""arash @ RYnRljE1SO"" (1000) | #6 ""Jonah @ xrBY5OZYCv"" (1620) | #8 ""georgeorgoe @ wgzHqTfHfQ"" (450)",2026-08-13T02:04:01.900Z,178658664190002
"-- starting hand #76 (id: zpsi8xbc8ys8)  No Limit Texas Hold'em (dealer: ""Jonah @ xrBY5OZYCv"") --",2026-08-13T02:04:01.900Z,178658664190001
"The player ""arash @ RYnRljE1SO"" joined the game with a stack of 1000.",2026-08-13T02:04:01.900Z,178658664190000
"The admin approved the player ""arash @ RYnRljE1SO"" participation with a stack of 1000.",2026-08-13T02:04:01.413Z,178658664141300
"The player ""arash @ RYnRljE1SO"" requested a seat.",2026-08-13T02:03:59.681Z,178658663968100
"Undealt cards:  [10♣, 10♦, A♥, Q♦, 3♣]",2026-08-13T02:03:56.932Z,178658663693200
"-- ending hand #75 --",2026-08-13T02:03:55.863Z,178658663586302
"""georgeorgoe @ wgzHqTfHfQ"" collected 20 from pot",2026-08-13T02:03:55.863Z,178658663586301
"Uncalled bet of 10 returned to ""georgeorgoe @ wgzHqTfHfQ""",2026-08-13T02:03:55.863Z,178658663586300
"""Jonah @ xrBY5OZYCv"" folds",2026-08-13T02:03:55.058Z,178658663505800
"""Stevo @ kI2bCqDOyl"" folds",2026-08-13T02:03:54.170Z,178658663417000
"""peelic @ vOeqrOXpLT"" folds",2026-08-13T02:03:53.209Z,178658663320900
"""Spenny @ S8ENkJ8OQS"" folds",2026-08-13T02:03:52.326Z,178658663232600
"""georgeorgoe @ wgzHqTfHfQ"" posts a big blind of 20",2026-08-13T02:03:49.195Z,178658662919509
"""Jonah @ xrBY5OZYCv"" posts a small blind of 10",2026-08-13T02:03:49.195Z,178658662919508
"Your hand is 3♠, 9♦",2026-08-13T02:03:49.195Z,178658662919505
"Player stacks: #2 ""Spenny @ S8ENkJ8OQS"" (1800) | #3 ""peelic @ vOeqrOXpLT"" (1120) | #4 ""Stevo @ kI2bCqDOyl"" (2010) | #6 ""Jonah @ xrBY5OZYCv"" (1630) | #8 ""georgeorgoe @ wgzHqTfHfQ"" (440)",2026-08-13T02:03:49.195Z,178658662919502
"-- starting hand #75 (id: ogca00xep7kn)  No Limit Texas Hold'em (dealer: ""Stevo @ kI2bCqDOyl"") --",2026-08-13T02:03:49.195Z,178658662919501
"The player ""arash @ RYnRljE1SO"" quits the game with a stack of 0.",2026-08-13T02:03:49.195Z,178658662919500
"-- ending hand #74 --",2026-08-13T02:03:43.192Z,178658662319201
"""peelic @ vOeqrOXpLT"" collected 760 from pot with Three of a Kind, 4's (combination: Q♥, A♣, 4♠, 4♦, 4♣)",2026-08-13T02:03:43.192Z,178658662319200
"River: 8♦, 4♦, 4♣, Q♥ [A♣]",2026-08-13T02:03:39.161Z,178658661916100
"Turn: 8♦, 4♦, 4♣ [Q♥]",2026-08-13T02:03:35.123Z,178658661512300
"""arash @ RYnRljE1SO"" shows a 9♦, 6♦.",2026-08-13T02:03:31.059Z,178658661105901
"""peelic @ vOeqrOXpLT"" shows a 7♠, 4♠.",2026-08-13T02:03:31.059Z,178658661105900
"""peelic @ vOeqrOXpLT"" calls 280",2026-08-13T02:03:30.206Z,178658661020600
"""arash @ RYnRljE1SO"" raises to 280 and go all in",2026-08-13T02:03:28.634Z,178658660863400
"""Stevo @ kI2bCqDOyl"" folds",2026-08-13T02:03:26.401Z,178658660640100
"""peelic @ vOeqrOXpLT"" raises to 100",2026-08-13T02:03:25.347Z,178658660534700
"""Spenny @ S8ENkJ8OQS"" folds",2026-08-13T02:03:22.183Z,178658660218300
"""arash @ RYnRljE1SO"" raises to 60",2026-08-13T02:03:14.858Z,178658659485800
"""Stevo @ kI2bCqDOyl"" bets 20",2026-08-13T02:03:12.126Z,178658659212600
"Flop:  [8♦, 4♦, 4♣]",2026-08-13T02:03:09.308Z,178658658930800
"""peelic @ vOeqrOXpLT"" calls 40",2026-08-13T02:03:08.464Z,178658658846400
"""Spenny @ S8ENkJ8OQS"" calls 40",2026-08-13T02:03:07.195Z,178658658719500
"""arash @ RYnRljE1SO"" calls 40",2026-08-13T02:03:06.254Z,178658658625400
"""Jonah @ xrBY5OZYCv"" folds",2026-08-13T02:03:03.148Z,178658658314800
"""Stevo @ kI2bCqDOyl"" raises to 40",2026-08-13T02:03:01.112Z,178658658111200
"""peelic @ vOeqrOXpLT"" calls 20",2026-08-13T02:02:59.220Z,178658657922000
"""Spenny @ S8ENkJ8OQS"" calls 20",2026-08-13T02:02:58.339Z,178658657833900
"""arash @ RYnRljE1SO"" calls 20",2026-08-13T02:02:57.403Z,178658657740300
"""georgeorgoe @ wgzHqTfHfQ"" folds",2026-08-13T02:02:55.279Z,178658657527900
"""Jonah @ xrBY5OZYCv"" posts a big blind of 20",2026-08-13T02:02:54.057Z,178658657405709
"""Stevo @ kI2bCqDOyl"" posts a small blind of 10",2026-08-13T02:02:54.057Z,178658657405708
"Your hand is A♥, J♠",2026-08-13T02:02:54.057Z,178658657405704
"Player stacks: #2 ""Spenny @ S8ENkJ8OQS"" (1840) | #3 ""peelic @ vOeqrOXpLT"" (680) | #4 ""Stevo @ kI2bCqDOyl"" (2070) | #6 ""Jonah @ xrBY5OZYCv"" (1650) | #8 ""georgeorgoe @ wgzHqTfHfQ"" (440) | #10 ""arash @ RYnRljE1SO"" (320)",2026-08-13T02:02:54.057Z,178658657405701
"-- starting hand #74 (id: znfz0nf4ispl)  No Limit Texas Hold'em (dealer: ""peelic @ vOeqrOXpLT"") --",2026-08-13T02:02:54.057Z,178658657405700
"-- ending hand #73 --",2026-08-13T02:02:51.103Z,178658657110302
"""georgeorgoe @ wgzHqTfHfQ"" collected 260 from pot",2026-08-13T02:02:51.103Z,178658657110301
"Uncalled bet of 60 returned to ""georgeorgoe @ wgzHqTfHfQ""",2026-08-13T02:02:51.103Z,178658657110300
"""Spenny @ S8ENkJ8OQS"" folds",2026-08-13T02:02:50.284Z,178658657028400
"""georgeorgoe @ wgzHqTfHfQ"" bets 60",2026-08-13T02:02:46.363Z,178658656636300
"River: 3♦, 8♠, 2♠, A♠ [K♠]",2026-08-13T02:02:42.561Z,178658656256100
"""Stevo @ kI2bCqDOyl"" folds",2026-08-13T02:02:41.756Z,178658656175600
"""Spenny @ S8ENkJ8OQS"" calls 40",2026-08-13T02:02:40.778Z,178658656077800
"""arash @ RYnRljE1SO"" folds",2026-08-13T02:02:39.868Z,178658655986800
"""georgeorgoe @ wgzHqTfHfQ"" bets 40",2026-08-13T02:02:34.846Z,178658655484600
"""Stevo @ kI2bCqDOyl"" checks",2026-08-13T02:02:30.188Z,178658655018800
"Turn: 3♦, 8♠, 2♠ [A♠]",2026-08-13T02:02:28.925Z,178658654892500
"""Stevo @ kI2bCqDOyl"" calls 20",2026-08-13T02:02:28.082Z,178658654808200
"""peelic @ vOeqrOXpLT"" folds",2026-08-13T02:02:26.978Z,178658654697800
"""Spenny @ S8ENkJ8OQS"" calls 20",2026-08-13T02:02:17.822Z,178658653782200
"""arash @ RYnRljE1SO"" calls 20",2026-08-13T02:02:15.798Z,178658653579800
"""georgeorgoe @ wgzHqTfHfQ"" bets 20",2026-08-13T02:02:05.960Z,178658652596000
"""Stevo @ kI2bCqDOyl"" checks",2026-08-13T02:02:03.835Z,178658652383500
"""peelic @ vOeqrOXpLT"" checks",2026-08-13T02:02:02.867Z,178658652286700
"Flop:  [3♦, 8♠, 2♠]",2026-08-13T02:01:59.255Z,178658651925500
"""Stevo @ kI2bCqDOyl"" checks",2026-08-13T02:01:58.369Z,178658651836900
"""peelic @ vOeqrOXpLT"" calls 20",2026-08-13T02:01:57.400Z,178658651740000
"""Spenny @ S8ENkJ8OQS"" calls 20",2026-08-13T02:01:56.540Z,178658651654000
"""arash @ RYnRljE1SO"" calls 20",2026-08-13T02:01:55.579Z,178658651557900
"""georgeorgoe @ wgzHqTfHfQ"" calls 20",2026-08-13T02:01:54.653Z,178658651465300
"""Jonah @ xrBY5OZYCv"" folds",2026-08-13T02:01:51.389Z,178658651138900
"""Stevo @ kI2bCqDOyl"" posts a big blind of 20",2026-08-13T02:01:49.540Z,178658650954009
"""peelic @ vOeqrOXpLT"" posts a small blind of 10",2026-08-13T02:01:49.540Z,178658650954008
"Your hand is 3♣, J♣",2026-08-13T02:01:49.540Z,178658650954004
"Player stacks: #2 ""Spenny @ S8ENkJ8OQS"" (1920) | #3 ""peelic @ vOeqrOXpLT"" (700) | #4 ""Stevo @ kI2bCqDOyl"" (2110) | #6 ""Jonah @ xrBY5OZYCv"" (1650) | #8 ""georgeorgoe @ wgzHqTfHfQ"" (260) | #10 ""arash @ RYnRljE1SO"" (360)",2026-08-13T02:01:49.540Z,178658650954001
"-- starting hand #73 (id: 9iuuzr6mwekk)  No Limit Texas Hold'em (dealer: ""Spenny @ S8ENkJ8OQS"") --",2026-08-13T02:01:49.540Z,178658650954000
"""Jonah @ xrBY5OZYCv"" shows a 7♥.",2026-08-13T02:01:46.099Z,178658650609900
"""arash @ RYnRljE1SO"" shows a 8♦, 8♣.",2026-08-13T02:01:44.777Z,178658650477700
"-- ending hand #72 --",2026-08-13T02:01:42.531Z,178658650253103
"""Stevo @ kI2bCqDOyl"" collected 760 from pot with Straight, 8 High (combination: 4♦, 5♣, 6♦, 7♠, 8♠)",2026-08-13T02:01:42.531Z,178658650253102
"""Stevo @ kI2bCqDOyl"" shows a 7♠, J♣.",2026-08-13T02:01:42.531Z,178658650253101
"""peelic @ vOeqrOXpLT"" shows a 8♥, 6♠.",2026-08-13T02:01:42.531Z,178658650253100
"""Spenny @ S8ENkJ8OQS"" folds",2026-08-13T02:01:41.714Z,178658650171400
"""arash @ RYnRljE1SO"" calls 120",2026-08-13T02:01:37.843Z,178658649784300
"""georgeorgoe @ wgzHqTfHfQ"" folds",2026-08-13T02:01:32.039Z,178658649203900
"""Stevo @ kI2bCqDOyl"" calls 120",2026-08-13T02:01:31.189Z,178658649118900
"""peelic @ vOeqrOXpLT"" bets 120",2026-08-13T02:01:29.574Z,178658648957400
"""Spenny @ S8ENkJ8OQS"" checks",2026-08-13T02:01:26.204Z,178658648620400
"River: 4♦, 8♠, 6♦, 10♥ [5♣]",2026-08-13T02:01:19.858Z,178658647985800
"""peelic @ vOeqrOXpLT"" calls 40",2026-08-13T02:01:19.018Z,178658647901800
"""Spenny @ S8ENkJ8OQS"" calls 40",2026-08-13T02:01:13.266Z,178658647326600
"""arash @ RYnRljE1SO"" calls 40",2026-08-13T02:01:10.678Z,178658647067800
"""georgeorgoe @ wgzHqTfHfQ"" calls 40",2026-08-13T02:01:08.321Z,178658646832100
"""Stevo @ kI2bCqDOyl"" raises to 40",2026-08-13T02:01:06.644Z,178658646664400
"""peelic @ vOeqrOXpLT"" calls 20",2026-08-13T02:01:04.801Z,178658646480100
"""Spenny @ S8ENkJ8OQS"" bets 20",2026-08-13T02:01:00.150Z,178658646015000
"Turn: 4♦, 8♠, 6♦ [10♥]",2026-08-13T02:00:56.996Z,178658645699600
"""arash @ RYnRljE1SO"" calls 20",2026-08-13T02:00:56.165Z,178658645616500
"""georgeorgoe @ wgzHqTfHfQ"" calls 20",2026-08-13T02:00:50.523Z,178658645052300
"""Stevo @ kI2bCqDOyl"" calls 20",2026-08-13T02:00:48.179Z,178658644817900
"""peelic @ vOeqrOXpLT"" calls 20",2026-08-13T02:00:47.221Z,178658644722100
"""Spenny @ S8ENkJ8OQS"" bets 20",2026-08-13T02:00:45.750Z,178658644575000
"Flop:  [4♦, 8♠, 6♦]",2026-08-13T02:00:41.393Z,178658644139300
"""peelic @ vOeqrOXpLT"" checks",2026-08-13T02:00:40.514Z,178658644051400
"""Spenny @ S8ENkJ8OQS"" calls 20",2026-08-13T02:00:36.857Z,178658643685700
"""arash @ RYnRljE1SO"" calls 20",2026-08-13T02:00:35.881Z,178658643588100
"""georgeorgoe @ wgzHqTfHfQ"" calls 20",2026-08-13T02:00:34.890Z,178658643489000
"""Jonah @ xrBY5OZYCv"" folds",2026-08-13T02:00:34.024Z,178658643402400
"""Stevo @ kI2bCqDOyl"" calls 20",2026-08-13T02:00:33.171Z,178658643317100
"""peelic @ vOeqrOXpLT"" posts a big blind of 20",2026-08-13T02:00:31.975Z,178658643197509
"""Spenny @ S8ENkJ8OQS"" posts a small blind of 10",2026-08-13T02:00:31.975Z,178658643197508
"Your hand is 7♠, J♣",2026-08-13T02:00:31.975Z,178658643197504
"Player stacks: #2 ""Spenny @ S8ENkJ8OQS"" (2000) | #3 ""peelic @ vOeqrOXpLT"" (900) | #4 ""Stevo @ kI2bCqDOyl"" (1550) | #6 ""Jonah @ xrBY5OZYCv"" (1650) | #8 ""georgeorgoe @ wgzHqTfHfQ"" (340) | #10 ""arash @ RYnRljE1SO"" (560)",2026-08-13T02:00:31.975Z,178658643197501
"-- starting hand #72 (id: dc0d0k9pzofy)  No Limit Texas Hold'em (dealer: ""arash @ RYnRljE1SO"") --",2026-08-13T02:00:31.975Z,178658643197500
"-- ending hand #71 --",2026-08-13T02:00:29.015Z,178658642901502
"""peelic @ vOeqrOXpLT"" collected 310 from pot",2026-08-13T02:00:29.015Z,178658642901501
"Uncalled bet of 90 returned to ""peelic @ vOeqrOXpLT""",2026-08-13T02:00:29.015Z,178658642901500
"""Stevo @ kI2bCqDOyl"" folds",2026-08-13T02:00:28.180Z,178658642818000
"""peelic @ vOeqrOXpLT"" bets 90",2026-08-13T02:00:24.053Z,178658642405300
"River: K♣, J♦, 7♦, 6♥ [J♠]",2026-08-13T02:00:19.610Z,178658641961000
"""peelic @ vOeqrOXpLT"" calls 60",2026-08-13T02:00:18.788Z,178658641878800
"""arash @ RYnRljE1SO"" folds",2026-08-13T02:00:10.468Z,178658641046800
"""Stevo @ kI2bCqDOyl"" bets 60",2026-08-13T02:00:07.992Z,178658640799200
"""peelic @ vOeqrOXpLT"" checks",2026-08-13T02:00:05.080Z,178658640508000
"""arash @ RYnRljE1SO"" checks",2026-08-13T01:59:59.865Z,178658639986500
"Turn: K♣, J♦, 7♦ [6♥]",2026-08-13T01:59:55.955Z,178658639595500
"""peelic @ vOeqrOXpLT"" calls 30",2026-08-13T01:59:55.148Z,178658639514800
"""Spenny @ S8ENkJ8OQS"" folds",2026-08-13T01:59:48.754Z,178658638875400
"""arash @ RYnRljE1SO"" calls 30",2026-08-13T01:59:47.854Z,178658638785400
"""georgeorgoe @ wgzHqTfHfQ"" folds",2026-08-13T01:59:46.492Z,178658638649200
"""Stevo @ kI2bCqDOyl"" bets 30",2026-08-13T01:59:36.639Z,178658637663900
"""peelic @ vOeqrOXpLT"" checks",2026-08-13T01:59:33.819Z,178658637381900
"""Spenny @ S8ENkJ8OQS"" checks",2026-08-13T01:59:26.902Z,178658636690200
"""arash @ RYnRljE1SO"" checks",2026-08-13T01:59:24.656Z,178658636465600
"Flop:  [K♣, J♦, 7♦]",2026-08-13T01:59:21.833Z,178658636183300
"""Spenny @ S8ENkJ8OQS"" checks",2026-08-13T01:59:21.024Z,178658636102400
"""arash @ RYnRljE1SO"" calls 20",2026-08-13T01:59:19.856Z,178658635985600
"""georgeorgoe @ wgzHqTfHfQ"" calls 20",2026-08-13T01:59:16.713Z,178658635671300
"""Jonah @ xrBY5OZYCv"" folds",2026-08-13T01:59:15.878Z,178658635587800
"""Stevo @ kI2bCqDOyl"" calls 20",2026-08-13T01:59:14.956Z,178658635495600
"""peelic @ vOeqrOXpLT"" calls 20",2026-08-13T01:59:13.987Z,178658635398700
"""Spenny @ S8ENkJ8OQS"" posts a big blind of 20",2026-08-13T01:59:11.829Z,178658635182909
"""arash @ RYnRljE1SO"" posts a small blind of 10",2026-08-13T01:59:11.829Z,178658635182908
"Your hand is Q♦, 10♣",2026-08-13T01:59:11.829Z,178658635182904
"Player stacks: #2 ""Spenny @ S8ENkJ8OQS"" (2020) | #3 ""peelic @ vOeqrOXpLT"" (700) | #4 ""Stevo @ kI2bCqDOyl"" (1660) | #6 ""Jonah @ xrBY5OZYCv"" (1650) | #8 ""georgeorgoe @ wgzHqTfHfQ"" (360) | #10 ""arash @ RYnRljE1SO"" (610)",2026-08-13T01:59:11.829Z,178658635182901
"-- starting hand #71 (id: i3gkaahc45yj)  No Limit Texas Hold'em (dealer: ""georgeorgoe @ wgzHqTfHfQ"") --",2026-08-13T01:59:11.829Z,178658635182900
"-- ending hand #70 --",2026-08-13T01:59:05.822Z,178658634582202
"""Spenny @ S8ENkJ8OQS"" collected 420 from pot with Pair, A's (combination: 7♥, Q♥, K♠, A♥, A♣)",2026-08-13T01:59:05.822Z,178658634582201
"""Spenny @ S8ENkJ8OQS"" shows a A♥, 2♣.",2026-08-13T01:59:05.822Z,178658634582200
"""arash @ RYnRljE1SO"" folds",2026-08-13T01:59:04.955Z,178658634495500
"""Jonah @ xrBY5OZYCv"" calls 20",2026-08-13T01:59:01.046Z,178658634104600
"""peelic @ vOeqrOXpLT"" folds",2026-08-13T01:59:00.100Z,178658634010000
"""Spenny @ S8ENkJ8OQS"" bets 20",2026-08-13T01:58:51.602Z,178658633160200
"""arash @ RYnRljE1SO"" checks",2026-08-13T01:58:49.553Z,178658632955300
"River: K♠, Q♥, 7♥, 5♥ [A♣]",2026-08-13T01:58:47.486Z,178658632748600
"""Spenny @ S8ENkJ8OQS"" calls 40",2026-08-13T01:58:46.613Z,178658632661300
"""arash @ RYnRljE1SO"" calls 40",2026-08-13T01:58:43.182Z,178658632318200
"""Jonah @ xrBY5OZYCv"" calls 40",2026-08-13T01:58:34.422Z,178658631442200
"""Stevo @ kI2bCqDOyl"" folds",2026-08-13T01:58:32.459Z,178658631245900
"""peelic @ vOeqrOXpLT"" bets 40",2026-08-13T01:58:31.505Z,178658631150500
"""Spenny @ S8ENkJ8OQS"" checks",2026-08-13T01:58:28.373Z,178658630837300
"""arash @ RYnRljE1SO"" checks",2026-08-13T01:58:24.651Z,178658630465100
"Turn: K♠, Q♥, 7♥ [5♥]",2026-08-13T01:58:21.274Z,178658630127400
"""peelic @ vOeqrOXpLT"" calls 20",2026-08-13T01:58:20.382Z,178658630038200
"""Spenny @ S8ENkJ8OQS"" calls 20",2026-08-13T01:58:18.067Z,178658629806700
"""arash @ RYnRljE1SO"" calls 20",2026-08-13T01:58:11.384Z,178658629138400
"""georgeorgoe @ wgzHqTfHfQ"" folds",2026-08-13T01:58:08.124Z,178658628812400
"""Jonah @ xrBY5OZYCv"" calls 20",2026-08-13T01:58:06.665Z,178658628666500
"""Stevo @ kI2bCqDOyl"" bets 20",2026-08-13T01:58:04.647Z,178658628464700
"""peelic @ vOeqrOXpLT"" checks",2026-08-13T01:58:02.785Z,178658628278500
"""Spenny @ S8ENkJ8OQS"" checks",2026-08-13T01:57:59.474Z,178658627947400
"""arash @ RYnRljE1SO"" checks",2026-08-13T01:57:58.584Z,178658627858400
"""georgeorgoe @ wgzHqTfHfQ"" checks",2026-08-13T01:57:57.651Z,178658627765100
"Flop:  [K♠, Q♥, 7♥]",2026-08-13T01:57:54.918Z,178658627491800
"""arash @ RYnRljE1SO"" checks",2026-08-13T01:57:54.096Z,178658627409600
"""georgeorgoe @ wgzHqTfHfQ"" calls 20",2026-08-13T01:57:53.123Z,178658627312300
"""Jonah @ xrBY5OZYCv"" calls 20",2026-08-13T01:57:51.521Z,178658627152100
"""Stevo @ kI2bCqDOyl"" calls 20",2026-08-13T01:57:50.600Z,178658627060000
"""peelic @ vOeqrOXpLT"" calls 20",2026-08-13T01:57:49.549Z,178658626954900
"""Spenny @ S8ENkJ8OQS"" calls 20",2026-08-13T01:57:48.686Z,178658626868600
"""arash @ RYnRljE1SO"" posts a big blind of 20",2026-08-13T01:57:45.992Z,178658626599209
"""georgeorgoe @ wgzHqTfHfQ"" posts a small blind of 10",2026-08-13T01:57:45.992Z,178658626599208
"Your hand is 9♦, 7♣",2026-08-13T01:57:45.992Z,178658626599204
"Player stacks: #2 ""Spenny @ S8ENkJ8OQS"" (1700) | #3 ""peelic @ vOeqrOXpLT"" (780) | #4 ""Stevo @ kI2bCqDOyl"" (1700) | #6 ""Jonah @ xrBY5OZYCv"" (1750) | #8 ""georgeorgoe @ wgzHqTfHfQ"" (380) | #10 ""arash @ RYnRljE1SO"" (690)",2026-08-13T01:57:45.992Z,178658626599201
"-- starting hand #70 (id: 9bsh4jn5vnfe)  No Limit Texas Hold'em (dealer: ""Jonah @ xrBY5OZYCv"") --",2026-08-13T01:57:45.992Z,178658626599200
"""georgeorgoe @ wgzHqTfHfQ"" shows a 2♠, 6♠.",2026-08-13T01:57:43.236Z,178658626323600
"-- ending hand #69 --",2026-08-13T01:57:42.307Z,178658626230702
"""Stevo @ kI2bCqDOyl"" collected 110 from pot",2026-08-13T01:57:42.307Z,178658626230701
"Uncalled bet of 60 returned to ""Stevo @ kI2bCqDOyl""",2026-08-13T01:57:42.307Z,178658626230700
"""georgeorgoe @ wgzHqTfHfQ"" folds",2026-08-13T01:57:41.491Z,178658626149100
"""Stevo @ kI2bCqDOyl"" bets 60",2026-08-13T01:57:39.226Z,178658625922600
"""georgeorgoe @ wgzHqTfHfQ"" checks",2026-08-13T01:57:36.359Z,178658625635900
"River: J♥, 10♠, 3♦, 3♠ [2♦]",2026-08-13T01:57:33.767Z,178658625376700
"""Stevo @ kI2bCqDOyl"" calls 20",2026-08-13T01:57:32.938Z,178658625293800
"""arash @ RYnRljE1SO"" folds",2026-08-13T01:57:31.895Z,178658625189500
"""georgeorgoe @ wgzHqTfHfQ"" bets 20",2026-08-13T01:57:29.566Z,178658624956600
"Turn: J♥, 10♠, 3♦ [3♠]",2026-08-13T01:57:26.766Z,178658624676600
"""Stevo @ kI2bCqDOyl"" checks",2026-08-13T01:57:25.924Z,178658624592400
"""arash @ RYnRljE1SO"" checks",2026-08-13T01:57:24.951Z,178658624495100
"""georgeorgoe @ wgzHqTfHfQ"" checks",2026-08-13T01:57:23.003Z,178658624300300
"Flop:  [J♥, 10♠, 3♦]",2026-08-13T01:57:21.451Z,178658624145100
"""georgeorgoe @ wgzHqTfHfQ"" checks",2026-08-13T01:57:20.632Z,178658624063200
"""Jonah @ xrBY5OZYCv"" folds",2026-08-13T01:57:18.146Z,178658623814600
"""Stevo @ kI2bCqDOyl"" calls 20",2026-08-13T01:57:17.285Z,178658623728500
"""peelic @ vOeqrOXpLT"" folds",2026-08-13T01:57:16.308Z,178658623630800
"""Spenny @ S8ENkJ8OQS"" folds",2026-08-13T01:57:13.969Z,178658623396900
"""arash @ RYnRljE1SO"" calls 20",2026-08-13T01:57:12.969Z,178658623296900
"""georgeorgoe @ wgzHqTfHfQ"" posts a big blind of 20",2026-08-13T01:57:11.342Z,178658623134209
"""Jonah @ xrBY5OZYCv"" posts a small blind of 10",2026-08-13T01:57:11.342Z,178658623134208
"Your hand is 9♣, 10♦",2026-08-13T01:57:11.342Z,178658623134204
"Player stacks: #2 ""Spenny @ S8ENkJ8OQS"" (1700) | #3 ""peelic @ vOeqrOXpLT"" (780) | #4 ""Stevo @ kI2bCqDOyl"" (1630) | #6 ""Jonah @ xrBY5OZYCv"" (1760) | #8 ""georgeorgoe @ wgzHqTfHfQ"" (420) | #10 ""arash @ RYnRljE1SO"" (710)",2026-08-13T01:57:11.342Z,178658623134201
"-- starting hand #69 (id: pofxcztauyyn)  No Limit Texas Hold'em (dealer: ""Stevo @ kI2bCqDOyl"") --",2026-08-13T01:57:11.342Z,178658623134200
"""georgeorgoe @ wgzHqTfHfQ"" shows a 2♠, J♣.",2026-08-13T01:57:06.150Z,178658622615000
"Undealt cards: 4♥, 9♣, 2♣ [Q♥, 8♦]",2026-08-13T01:57:05.456Z,178658622545600
"-- ending hand #68 --",2026-08-13T01:57:04.728Z,178658622472802
"""Jonah @ xrBY5OZYCv"" collected 100 from pot",2026-08-13T01:57:04.728Z,178658622472801
"Uncalled bet of 60 returned to ""Jonah @ xrBY5OZYCv""",2026-08-13T01:57:04.728Z,178658622472800
"""Stevo @ kI2bCqDOyl"" folds",2026-08-13T01:57:03.882Z,178658622388200
"""peelic @ vOeqrOXpLT"" folds",2026-08-13T01:57:01.400Z,178658622140000
"""Spenny @ S8ENkJ8OQS"" folds",2026-08-13T01:56:58.403Z,178658621840300
"""georgeorgoe @ wgzHqTfHfQ"" folds",2026-08-13T01:56:49.194Z,178658620919400
"""Jonah @ xrBY5OZYCv"" bets 60",2026-08-13T01:56:48.300Z,178658620830000
"""Stevo @ kI2bCqDOyl"" checks",2026-08-13T01:56:44.439Z,178658620443900
"Flop:  [4♥, 9♣, 2♣]",2026-08-13T01:56:42.964Z,178658620296400
"""Jonah @ xrBY5OZYCv"" checks",2026-08-13T01:56:42.136Z,178658620213600
"""Stevo @ kI2bCqDOyl"" calls 20",2026-08-13T01:56:41.206Z,178658620120600
"""peelic @ vOeqrOXpLT"" calls 20",2026-08-13T01:56:40.243Z,178658620024300
"""Spenny @ S8ENkJ8OQS"" calls 20",2026-08-13T01:56:37.207Z,178658619720700
"""arash @ RYnRljE1SO"" folds",2026-08-13T01:56:34.810Z,178658619481000
"""georgeorgoe @ wgzHqTfHfQ"" calls 20",2026-08-13T01:56:33.624Z,178658619362400
"""Jonah @ xrBY5OZYCv"" posts a big blind of 20",2026-08-13T01:56:32.579Z,178658619257909
"""Stevo @ kI2bCqDOyl"" posts a small blind of 10",2026-08-13T01:56:32.579Z,178658619257908
"Your hand is J♦, 4♦",2026-08-13T01:56:32.579Z,178658619257904
"Player stacks: #2 ""Spenny @ S8ENkJ8OQS"" (1720) | #3 ""peelic @ vOeqrOXpLT"" (800) | #4 ""Stevo @ kI2bCqDOyl"" (1650) | #6 ""Jonah @ xrBY5OZYCv"" (1680) | #8 ""georgeorgoe @ wgzHqTfHfQ"" (440) | #10 ""arash @ RYnRljE1SO"" (710)",2026-08-13T01:56:32.579Z,178658619257901
"-- starting hand #68 (id: g65ckw4ev8km)  No Limit Texas Hold'em (dealer: ""peelic @ vOeqrOXpLT"") --",2026-08-13T01:56:32.579Z,178658619257900
"""arash @ RYnRljE1SO"" shows a J♥, 6♠.",2026-08-13T01:56:28.366Z,178658618836600
"""georgeorgoe @ wgzHqTfHfQ"" shows a 2♠, 5♦.",2026-08-13T01:56:27.131Z,178658618713100
"Undealt cards: 5♥, 10♥, 7♣, K♥ [4♠]",2026-08-13T01:56:27.107Z,178658618710700
"""Stevo @ kI2bCqDOyl"" shows a A♦.",2026-08-13T01:56:26.203Z,178658618620300
"-- ending hand #67 --",2026-08-13T01:56:24.572Z,178658618457202
"""arash @ RYnRljE1SO"" collected 60 from pot",2026-08-13T01:56:24.572Z,178658618457201
"Uncalled bet of 60 returned to ""arash @ RYnRljE1SO""",2026-08-13T01:56:24.572Z,178658618457200
"""Stevo @ kI2bCqDOyl"" folds",2026-08-13T01:56:23.753Z,178658618375300
"""peelic @ vOeqrOXpLT"" folds",2026-08-13T01:56:22.707Z,178658618270700
"""arash @ RYnRljE1SO"" bets 60",2026-08-13T01:56:16.112Z,178658617611200
"""Stevo @ kI2bCqDOyl"" checks",2026-08-13T01:56:12.598Z,178658617259800
"""peelic @ vOeqrOXpLT"" checks",2026-08-13T01:56:11.604Z,178658617160400
"Turn: 5♥, 10♥, 7♣ [K♥]",2026-08-13T01:56:09.861Z,178658616986100
"""arash @ RYnRljE1SO"" checks",2026-08-13T01:56:08.961Z,178658616896100
"""Stevo @ kI2bCqDOyl"" checks",2026-08-13T01:56:08.011Z,178658616801100
"""peelic @ vOeqrOXpLT"" checks",2026-08-13T01:56:06.075Z,178658616607500
"Flop:  [5♥, 10♥, 7♣]",2026-08-13T01:56:04.663Z,178658616466300
"""Stevo @ kI2bCqDOyl"" checks",2026-08-13T01:56:03.803Z,178658616380300
"""peelic @ vOeqrOXpLT"" calls 20",2026-08-13T01:56:02.809Z,178658616280900
"""Spenny @ S8ENkJ8OQS"" folds",2026-08-13T01:56:01.859Z,178658616185900
"""arash @ RYnRljE1SO"" calls 20",2026-08-13T01:55:57.277Z,178658615727700
"""georgeorgoe @ wgzHqTfHfQ"" folds",2026-08-13T01:55:54.576Z,178658615457600
"""Jonah @ xrBY5OZYCv"" folds",2026-08-13T01:55:52.606Z,178658615260600
"""Stevo @ kI2bCqDOyl"" posts a big blind of 20",2026-08-13T01:55:51.178Z,178658615117809
"""peelic @ vOeqrOXpLT"" posts a small blind of 10",2026-08-13T01:55:51.178Z,178658615117808
"Your hand is 8♦, A♦",2026-08-13T01:55:51.178Z,178658615117804
"Player stacks: #2 ""Spenny @ S8ENkJ8OQS"" (1720) | #3 ""peelic @ vOeqrOXpLT"" (820) | #4 ""Stevo @ kI2bCqDOyl"" (1670) | #6 ""Jonah @ xrBY5OZYCv"" (1680) | #8 ""georgeorgoe @ wgzHqTfHfQ"" (440) | #10 ""arash @ RYnRljE1SO"" (670)",2026-08-13T01:55:51.178Z,178658615117801
"-- starting hand #67 (id: mrsvf1xvcffw)  No Limit Texas Hold'em (dealer: ""Spenny @ S8ENkJ8OQS"") --",2026-08-13T01:55:51.178Z,178658615117800
"Undealt cards: 9♦, 9♠, 6♥, A♥ [4♥]",2026-08-13T01:55:47.389Z,178658614738900
"-- ending hand #66 --",2026-08-13T01:55:45.222Z,178658614522202
"""Jonah @ xrBY5OZYCv"" collected 120 from pot",2026-08-13T01:55:45.222Z,178658614522201
"Uncalled bet of 20 returned to ""Jonah @ xrBY5OZYCv""",2026-08-13T01:55:45.222Z,178658614522200
"""Stevo @ kI2bCqDOyl"" folds",2026-08-13T01:55:44.407Z,178658614440700
"""peelic @ vOeqrOXpLT"" folds",2026-08-13T01:55:43.417Z,178658614341700
"""Spenny @ S8ENkJ8OQS"" folds",2026-08-13T01:55:42.481Z,178658614248100
"""arash @ RYnRljE1SO"" folds",2026-08-13T01:55:37.410Z,178658613741000
"""georgeorgoe @ wgzHqTfHfQ"" folds",2026-08-13T01:55:33.084Z,178658613308400
"""Jonah @ xrBY5OZYCv"" bets 20",2026-08-13T01:55:24.982Z,178658612498200
"""Stevo @ kI2bCqDOyl"" checks",2026-08-13T01:55:22.224Z,178658612222400
"""peelic @ vOeqrOXpLT"" checks",2026-08-13T01:55:21.219Z,178658612121900
"""Spenny @ S8ENkJ8OQS"" checks",2026-08-13T01:55:17.301Z,178658611730100
"Turn: 9♦, 9♠, 6♥ [A♥]",2026-08-13T01:55:15.604Z,178658611560400
"""arash @ RYnRljE1SO"" checks",2026-08-13T01:55:14.792Z,178658611479200
"""georgeorgoe @ wgzHqTfHfQ"" checks",2026-08-13T01:55:11.934Z,178658611193400
"""Jonah @ xrBY5OZYCv"" checks",2026-08-13T01:55:10.176Z,178658611017600
"""Stevo @ kI2bCqDOyl"" checks",2026-08-13T01:55:09.286Z,178658610928600
"""peelic @ vOeqrOXpLT"" checks",2026-08-13T01:55:08.277Z,178658610827700
"""Spenny @ S8ENkJ8OQS"" checks",2026-08-13T01:55:06.092Z,178658610609200
"Flop:  [9♦, 9♠, 6♥]",2026-08-13T01:55:03.726Z,178658610372600
"""peelic @ vOeqrOXpLT"" checks",2026-08-13T01:55:02.797Z,178658610279700
"""Spenny @ S8ENkJ8OQS"" calls 20",2026-08-13T01:55:01.839Z,178658610183900
"""arash @ RYnRljE1SO"" calls 20",2026-08-13T01:55:00.749Z,178658610074900
"""georgeorgoe @ wgzHqTfHfQ"" calls 20",2026-08-13T01:54:56.517Z,178658609651700
"""Jonah @ xrBY5OZYCv"" calls 20",2026-08-13T01:54:54.500Z,178658609450000
"""Stevo @ kI2bCqDOyl"" calls 20",2026-08-13T01:54:53.608Z,178658609360800
"""peelic @ vOeqrOXpLT"" posts a big blind of 20",2026-08-13T01:54:51.524Z,178658609152409
"""Spenny @ S8ENkJ8OQS"" posts a small blind of 10",2026-08-13T01:54:51.524Z,178658609152408
"Your hand is K♥, 3♣",2026-08-13T01:54:51.524Z,178658609152404
"Player stacks: #2 ""Spenny @ S8ENkJ8OQS"" (1740) | #3 ""peelic @ vOeqrOXpLT"" (840) | #4 ""Stevo @ kI2bCqDOyl"" (1690) | #6 ""Jonah @ xrBY5OZYCv"" (1580) | #8 ""georgeorgoe @ wgzHqTfHfQ"" (460) | #10 ""arash @ RYnRljE1SO"" (690)",2026-08-13T01:54:51.524Z,178658609152401
"-- starting hand #66 (id: hvorcd59lket)  No Limit Texas Hold'em (dealer: ""arash @ RYnRljE1SO"") --",2026-08-13T01:54:51.524Z,178658609152400
"-- ending hand #65 --",2026-08-13T01:54:45.516Z,178658608551603
"""Spenny @ S8ENkJ8OQS"" collected 140 from pot with Pair, K's (combination: 6♣, 7♦, 9♠, K♣, K♠)",2026-08-13T01:54:45.516Z,178658608551602
"""Spenny @ S8ENkJ8OQS"" shows a 6♣, K♣.",2026-08-13T01:54:45.516Z,178658608551601
"""arash @ RYnRljE1SO"" shows a 4♦, Q♠.",2026-08-13T01:54:45.516Z,178658608551600
"""Stevo @ kI2bCqDOyl"" checks",2026-08-13T01:54:44.649Z,178658608464900
"""Spenny @ S8ENkJ8OQS"" checks",2026-08-13T01:54:43.631Z,178658608363100
"""arash @ RYnRljE1SO"" checks",2026-08-13T01:54:40.951Z,178658608095100
"River: 9♠, 5♥, 4♥, 7♦ [K♠]",2026-08-13T01:54:39.014Z,178658607901400
"""peelic @ vOeqrOXpLT"" folds",2026-08-13T01:54:38.158Z,178658607815800
"""Spenny @ S8ENkJ8OQS"" calls 20",2026-08-13T01:54:32.356Z,178658607235600
"""arash @ RYnRljE1SO"" calls 20",2026-08-13T01:54:26.387Z,178658606638700
"""Stevo @ kI2bCqDOyl"" bets 20",2026-08-13T01:54:23.131Z,178658606313100
"""peelic @ vOeqrOXpLT"" checks",2026-08-13T01:54:21.966Z,178658606196600
"""Spenny @ S8ENkJ8OQS"" checks",2026-08-13T01:54:16.532Z,178658605653200
"""arash @ RYnRljE1SO"" checks",2026-08-13T01:54:13.303Z,178658605330300
"Turn: 9♠, 5♥, 4♥ [7♦]",2026-08-13T01:54:11.597Z,178658605159700
"""Stevo @ kI2bCqDOyl"" checks",2026-08-13T01:54:10.718Z,178658605071800
"""peelic @ vOeqrOXpLT"" checks",2026-08-13T01:54:09.803Z,178658604980300
"""Spenny @ S8ENkJ8OQS"" checks",2026-08-13T01:54:08.002Z,178658604800200
"""arash @ RYnRljE1SO"" checks",2026-08-13T01:54:07.074Z,178658604707400
"Flop:  [9♠, 5♥, 4♥]",2026-08-13T01:54:05.498Z,178658604549800
"""Spenny @ S8ENkJ8OQS"" checks",2026-08-13T01:54:04.662Z,178658604466200
"""arash @ RYnRljE1SO"" calls 20",2026-08-13T01:54:03.744Z,178658604374400
"""georgeorgoe @ wgzHqTfHfQ"" folds",2026-08-13T01:54:01.396Z,178658604139600
"""Jonah @ xrBY5OZYCv"" folds",2026-08-13T01:54:00.509Z,178658604050900
"""Stevo @ kI2bCqDOyl"" calls 20",2026-08-13T01:53:59.561Z,178658603956100
"""peelic @ vOeqrOXpLT"" calls 20",2026-08-13T01:53:58.568Z,178658603856800
"""Spenny @ S8ENkJ8OQS"" posts a big blind of 20",2026-08-13T01:53:55.657Z,178658603565709
"""arash @ RYnRljE1SO"" posts a small blind of 10",2026-08-13T01:53:55.657Z,178658603565708
"Your hand is 8♠, 10♦",2026-08-13T01:53:55.657Z,178658603565704
"Player stacks: #2 ""Spenny @ S8ENkJ8OQS"" (1640) | #3 ""peelic @ vOeqrOXpLT"" (860) | #4 ""Stevo @ kI2bCqDOyl"" (1730) | #6 ""Jonah @ xrBY5OZYCv"" (1580) | #8 ""georgeorgoe @ wgzHqTfHfQ"" (460) | #10 ""arash @ RYnRljE1SO"" (730)",2026-08-13T01:53:55.657Z,178658603565701
"-- starting hand #65 (id: dlxsitxs3ucu)  No Limit Texas Hold'em (dealer: ""georgeorgoe @ wgzHqTfHfQ"") --",2026-08-13T01:53:55.657Z,178658603565700
"""georgeorgoe @ wgzHqTfHfQ"" shows a 6♠, 7♣.",2026-08-13T01:53:51.080Z,178658603108000
"-- ending hand #64 --",2026-08-13T01:53:49.054Z,178658602905403
"""Spenny @ S8ENkJ8OQS"" collected 580 from pot with Full House, A's over 7's (combination: 7♠, 7♦, A♦, A♥, A♠)",2026-08-13T01:53:49.054Z,178658602905402
"""Spenny @ S8ENkJ8OQS"" shows a A♦, 7♠.",2026-08-13T01:53:49.054Z,178658602905401
"""arash @ RYnRljE1SO"" shows a Q♦, 9♦.",2026-08-13T01:53:49.054Z,178658602905400
"""Spenny @ S8ENkJ8OQS"" calls 120",2026-08-13T01:53:48.098Z,178658602809800
"""arash @ RYnRljE1SO"" bets 120",2026-08-13T01:53:46.410Z,178658602641000
"River: 7♦, A♥, J♠, A♠ [8♣]",2026-08-13T01:53:39.462Z,178658601946200
"""arash @ RYnRljE1SO"" calls 60",2026-08-13T01:53:38.603Z,178658601860300
"""georgeorgoe @ wgzHqTfHfQ"" folds",2026-08-13T01:53:29.740Z,178658600974000
"""Spenny @ S8ENkJ8OQS"" bets 60",2026-08-13T01:53:21.032Z,178658600103200
"""arash @ RYnRljE1SO"" checks",2026-08-13T01:53:17.098Z,178658599709800
"""georgeorgoe @ wgzHqTfHfQ"" checks",2026-08-13T01:53:16.091Z,178658599609100
"Turn: 7♦, A♥, J♠ [A♠]",2026-08-13T01:53:13.802Z,178658599380200
"""arash @ RYnRljE1SO"" calls 40",2026-08-13T01:53:12.936Z,178658599293600
"""georgeorgoe @ wgzHqTfHfQ"" calls 40",2026-08-13T01:53:10.998Z,178658599099800
"""Jonah @ xrBY5OZYCv"" folds",2026-08-13T01:53:09.272Z,178658598927200
"""Stevo @ kI2bCqDOyl"" folds",2026-08-13T01:53:07.723Z,178658598772300
"""Spenny @ S8ENkJ8OQS"" raises to 40",2026-08-13T01:53:06.786Z,178658598678600
"""arash @ RYnRljE1SO"" calls 20",2026-08-13T01:53:03.357Z,178658598335700
"""georgeorgoe @ wgzHqTfHfQ"" bets 20",2026-08-13T01:53:00.686Z,178658598068600
"Flop:  [7♦, A♥, J♠]",2026-08-13T01:52:55.721Z,178658597572100
"""arash @ RYnRljE1SO"" checks",2026-08-13T01:52:54.886Z,178658597488600
"""georgeorgoe @ wgzHqTfHfQ"" calls 20",2026-08-13T01:52:53.166Z,178658597316600
"""Jonah @ xrBY5OZYCv"" calls 20",2026-08-13T01:52:49.233Z,178658596923300
"""Stevo @ kI2bCqDOyl"" calls 20",2026-08-13T01:52:48.321Z,178658596832100
"""peelic @ vOeqrOXpLT"" folds",2026-08-13T01:52:47.348Z,178658596734800
"""Spenny @ S8ENkJ8OQS"" calls 20",2026-08-13T01:52:46.422Z,178658596642200
"""arash @ RYnRljE1SO"" posts a big blind of 20",2026-08-13T01:52:42.112Z,178658596211209
"""georgeorgoe @ wgzHqTfHfQ"" posts a small blind of 10",2026-08-13T01:52:42.112Z,178658596211208
"Your hand is 6♥, K♦",2026-08-13T01:52:42.112Z,178658596211204
"Player stacks: #2 ""Spenny @ S8ENkJ8OQS"" (1300) | #3 ""peelic @ vOeqrOXpLT"" (860) | #4 ""Stevo @ kI2bCqDOyl"" (1750) | #6 ""Jonah @ xrBY5OZYCv"" (1600) | #8 ""georgeorgoe @ wgzHqTfHfQ"" (520) | #10 ""arash @ RYnRljE1SO"" (970)",2026-08-13T01:52:42.112Z,178658596211201
"-- starting hand #64 (id: rgcon9sbvaff)  No Limit Texas Hold'em (dealer: ""Jonah @ xrBY5OZYCv"") --",2026-08-13T01:52:42.112Z,178658596211200
"Undealt cards: 9♦, 8♠, K♥, 10♠ [K♣]",2026-08-13T01:52:38.099Z,178658595809900
"-- ending hand #63 --",2026-08-13T01:52:36.110Z,178658595611002
"""arash @ RYnRljE1SO"" collected 170 from pot",2026-08-13T01:52:36.110Z,178658595611001
"Uncalled bet of 50 returned to ""arash @ RYnRljE1SO""",2026-08-13T01:52:36.110Z,178658595611000
"""peelic @ vOeqrOXpLT"" folds",2026-08-13T01:52:35.195Z,178658595519500
"""Spenny @ S8ENkJ8OQS"" folds",2026-08-13T01:52:30.538Z,178658595053800
"""arash @ RYnRljE1SO"" bets 50",2026-08-13T01:52:27.595Z,178658594759500
"Turn: 9♦, 8♠, K♥ [10♠]",2026-08-13T01:52:24.359Z,178658594435900
"""georgeorgoe @ wgzHqTfHfQ"" folds",2026-08-13T01:52:23.517Z,178658594351700
"""Stevo @ kI2bCqDOyl"" folds",2026-08-13T01:52:18.434Z,178658593843400
"""peelic @ vOeqrOXpLT"" calls 20",2026-08-13T01:52:17.265Z,178658593726500
"""Spenny @ S8ENkJ8OQS"" calls 20",2026-08-13T01:52:12.739Z,178658593273900
"""arash @ RYnRljE1SO"" bets 20",2026-08-13T01:52:07.927Z,178658592792700
"""georgeorgoe @ wgzHqTfHfQ"" checks",2026-08-13T01:52:02.781Z,178658592278100
"Flop:  [9♦, 8♠, K♥]",2026-08-13T01:52:00.752Z,178658592075200
"""georgeorgoe @ wgzHqTfHfQ"" checks",2026-08-13T01:51:59.933Z,178658591993300
"""Jonah @ xrBY5OZYCv"" folds",2026-08-13T01:51:55.314Z,178658591531400
"""Stevo @ kI2bCqDOyl"" calls 20",2026-08-13T01:51:54.419Z,178658591441900
"""peelic @ vOeqrOXpLT"" calls 20",2026-08-13T01:51:53.490Z,178658591349000
"""Spenny @ S8ENkJ8OQS"" calls 20",2026-08-13T01:51:52.539Z,178658591253900
"""arash @ RYnRljE1SO"" calls 20",2026-08-13T01:51:51.646Z,178658591164600
"""georgeorgoe @ wgzHqTfHfQ"" posts a big blind of 20",2026-08-13T01:51:50.654Z,178658591065409
"""Jonah @ xrBY5OZYCv"" posts a small blind of 10",2026-08-13T01:51:50.654Z,178658591065408
"Your hand is J♥, 6♦",2026-08-13T01:51:50.654Z,178658591065404
"Player stacks: #2 ""Spenny @ S8ENkJ8OQS"" (1340) | #3 ""peelic @ vOeqrOXpLT"" (900) | #4 ""Stevo @ kI2bCqDOyl"" (1770) | #6 ""Jonah @ xrBY5OZYCv"" (1610) | #8 ""georgeorgoe @ wgzHqTfHfQ"" (540) | #10 ""arash @ RYnRljE1SO"" (840)",2026-08-13T01:51:50.654Z,178658591065401
"-- starting hand #63 (id: d9vr8t8oqt2s)  No Limit Texas Hold'em (dealer: ""Stevo @ kI2bCqDOyl"") --",2026-08-13T01:51:50.654Z,178658591065400
"""Spenny @ S8ENkJ8OQS"" shows a K♣, 8♠.",2026-08-13T01:51:47.063Z,178658590706300
"Undealt cards: Q♣, 8♣, 8♥, 4♦ [K♦]",2026-08-13T01:51:44.952Z,178658590495200
"""Stevo @ kI2bCqDOyl"" shows a 8♦, 4♥.",2026-08-13T01:51:44.284Z,178658590428400
"-- ending hand #62 --",2026-08-13T01:51:43.254Z,178658590325402
"""Stevo @ kI2bCqDOyl"" collected 140 from pot",2026-08-13T01:51:43.254Z,178658590325401
"Uncalled bet of 40 returned to ""Stevo @ kI2bCqDOyl""",2026-08-13T01:51:43.254Z,178658590325400
"""arash @ RYnRljE1SO"" folds",2026-08-13T01:51:42.326Z,178658590232600
"""Stevo @ kI2bCqDOyl"" bets 40",2026-08-13T01:51:32.283Z,178658589228300
"Turn: Q♣, 8♣, 8♥ [4♦]",2026-08-13T01:51:29.595Z,178658588959500
"""peelic @ vOeqrOXpLT"" folds",2026-08-13T01:51:28.688Z,178658588868800
"""arash @ RYnRljE1SO"" calls 20",2026-08-13T01:51:25.754Z,178658588575400
"""georgeorgoe @ wgzHqTfHfQ"" folds",2026-08-13T01:51:24.799Z,178658588479900
"""Jonah @ xrBY5OZYCv"" folds",2026-08-13T01:51:19.714Z,178658587971400
"""Stevo @ kI2bCqDOyl"" bets 20",2026-08-13T01:51:16.610Z,178658587661000
"Flop:  [Q♣, 8♣, 8♥]",2026-08-13T01:51:15.250Z,178658587525000
"""Jonah @ xrBY5OZYCv"" checks",2026-08-13T01:51:14.446Z,178658587444600
"""Stevo @ kI2bCqDOyl"" calls 20",2026-08-13T01:51:13.567Z,178658587356700
"""peelic @ vOeqrOXpLT"" calls 20",2026-08-13T01:51:12.611Z,178658587261100
"""Spenny @ S8ENkJ8OQS"" folds",2026-08-13T01:51:11.706Z,178658587170600
"""arash @ RYnRljE1SO"" calls 20",2026-08-13T01:51:06.912Z,178658586691200
"""georgeorgoe @ wgzHqTfHfQ"" calls 20",2026-08-13T01:51:02.201Z,178658586220100
"""Jonah @ xrBY5OZYCv"" posts a big blind of 20",2026-08-13T01:50:56.165Z,178658585616509
"""Stevo @ kI2bCqDOyl"" posts a small blind of 10",2026-08-13T01:50:56.165Z,178658585616508
"Your hand is 8♦, 4♥",2026-08-13T01:50:56.165Z,178658585616504
"Player stacks: #2 ""Spenny @ S8ENkJ8OQS"" (1340) | #3 ""peelic @ vOeqrOXpLT"" (920) | #4 ""Stevo @ kI2bCqDOyl"" (1670) | #6 ""Jonah @ xrBY5OZYCv"" (1630) | #8 ""georgeorgoe @ wgzHqTfHfQ"" (560) | #10 ""arash @ RYnRljE1SO"" (880)",2026-08-13T01:50:56.165Z,178658585616501
"-- starting hand #62 (id: cvjtnd9zufzo)  No Limit Texas Hold'em (dealer: ""peelic @ vOeqrOXpLT"") --",2026-08-13T01:50:56.165Z,178658585616500
"-- ending hand #61 --",2026-08-13T01:50:53.224Z,178658585322402
"""Stevo @ kI2bCqDOyl"" collected 240 from pot",2026-08-13T01:50:53.224Z,178658585322401
"Uncalled bet of 80 returned to ""Stevo @ kI2bCqDOyl""",2026-08-13T01:50:53.224Z,178658585322400
"""peelic @ vOeqrOXpLT"" folds",2026-08-13T01:50:52.391Z,178658585239100
"""Spenny @ S8ENkJ8OQS"" folds",2026-08-13T01:50:48.109Z,178658584810900
"""Stevo @ kI2bCqDOyl"" bets 80",2026-08-13T01:50:43.534Z,178658584353400
"""peelic @ vOeqrOXpLT"" checks",2026-08-13T01:50:39.584Z,178658583958400
"River: K♣, A♥, J♦, 3♥ [6♠]",2026-08-13T01:50:34.012Z,178658583401200
"""arash @ RYnRljE1SO"" folds",2026-08-13T01:50:33.190Z,178658583319000
"""Stevo @ kI2bCqDOyl"" calls 20",2026-08-13T01:50:24.957Z,178658582495700
"""peelic @ vOeqrOXpLT"" calls 20",2026-08-13T01:50:23.940Z,178658582394000
"""Spenny @ S8ENkJ8OQS"" bets 20",2026-08-13T01:50:18.467Z,178658581846700
"""arash @ RYnRljE1SO"" checks",2026-08-13T01:50:14.989Z,178658581498900
"""Stevo @ kI2bCqDOyl"" checks",2026-08-13T01:50:08.475Z,178658580847500
"""peelic @ vOeqrOXpLT"" checks",2026-08-13T01:50:07.439Z,178658580743900
"Turn: K♣, A♥, J♦ [3♥]",2026-08-13T01:50:03.723Z,178658580372300
"""peelic @ vOeqrOXpLT"" calls 20",2026-08-13T01:50:02.831Z,178658580283100
"""Spenny @ S8ENkJ8OQS"" calls 20",2026-08-13T01:49:57.826Z,178658579782600
"""arash @ RYnRljE1SO"" calls 20",2026-08-13T01:49:50.355Z,178658579035500
"""Jonah @ xrBY5OZYCv"" folds",2026-08-13T01:49:43.033Z,178658578303300
"""Stevo @ kI2bCqDOyl"" bets 20",2026-08-13T01:49:42.123Z,178658578212300
"""peelic @ vOeqrOXpLT"" checks",2026-08-13T01:49:40.434Z,178658578043400
"Flop:  [K♣, A♥, J♦]",2026-08-13T01:49:37.774Z,178658577777400
"""Stevo @ kI2bCqDOyl"" checks",2026-08-13T01:49:36.922Z,178658577692200
"""peelic @ vOeqrOXpLT"" calls 20",2026-08-13T01:49:35.999Z,178658577599900
"""Spenny @ S8ENkJ8OQS"" calls 20",2026-08-13T01:49:35.055Z,178658577505500
"""arash @ RYnRljE1SO"" calls 20",2026-08-13T01:49:34.073Z,178658577407300
"""georgeorgoe @ wgzHqTfHfQ"" folds",2026-08-13T01:49:33.020Z,178658577302000
"""Jonah @ xrBY5OZYCv"" calls 20",2026-08-13T01:49:27.878Z,178658576787800
"""Stevo @ kI2bCqDOyl"" posts a big blind of 20",2026-08-13T01:49:23.907Z,178658576390709
"""peelic @ vOeqrOXpLT"" posts a small blind of 10",2026-08-13T01:49:23.907Z,178658576390708
"Your hand is J♣, Q♥",2026-08-13T01:49:23.907Z,178658576390704
"Player stacks: #2 ""Spenny @ S8ENkJ8OQS"" (1400) | #3 ""peelic @ vOeqrOXpLT"" (980) | #4 ""Stevo @ kI2bCqDOyl"" (1490) | #6 ""Jonah @ xrBY5OZYCv"" (1650) | #8 ""georgeorgoe @ wgzHqTfHfQ"" (560) | #10 ""arash @ RYnRljE1SO"" (920)",2026-08-13T01:49:23.907Z,178658576390701
"-- starting hand #61 (id: nq1tzwckaypk)  No Limit Texas Hold'em (dealer: ""Spenny @ S8ENkJ8OQS"") --",2026-08-13T01:49:23.907Z,178658576390700
"-- ending hand #60 --",2026-08-13T01:49:20.969Z,178658576096902
"""Stevo @ kI2bCqDOyl"" collected 160 from pot",2026-08-13T01:49:20.969Z,178658576096901
"Uncalled bet of 50 returned to ""Stevo @ kI2bCqDOyl""",2026-08-13T01:49:20.969Z,178658576096900
"""arash @ RYnRljE1SO"" folds",2026-08-13T01:49:20.156Z,178658576015600
"""Stevo @ kI2bCqDOyl"" bets 50",2026-08-13T01:49:16.958Z,178658575695800
"River: 7♠, 3♠, Q♣, 4♦ [6♥]",2026-08-13T01:49:14.898Z,178658575489800
"""arash @ RYnRljE1SO"" calls 20",2026-08-13T01:49:14.053Z,178658575405300
"""Stevo @ kI2bCqDOyl"" bets 20",2026-08-13T01:49:12.350Z,178658575235000
"Turn: 7♠, 3♠, Q♣ [4♦]",2026-08-13T01:49:11.098Z,178658575109800
"""peelic @ vOeqrOXpLT"" folds",2026-08-13T01:49:10.204Z,178658575020400
"""Spenny @ S8ENkJ8OQS"" folds",2026-08-13T01:49:05.127Z,178658574512700
"""arash @ RYnRljE1SO"" calls 20",2026-08-13T01:48:59.656Z,178658573965600
"""Stevo @ kI2bCqDOyl"" bets 20",2026-08-13T01:48:56.296Z,178658573629600
"""peelic @ vOeqrOXpLT"" checks",2026-08-13T01:48:55.074Z,178658573507400
"""Spenny @ S8ENkJ8OQS"" checks",2026-08-13T01:48:54.234Z,178658573423400
"Flop:  [7♠, 3♠, Q♣]",2026-08-13T01:48:50.879Z,178658573087900
"""peelic @ vOeqrOXpLT"" checks",2026-08-13T01:48:50.039Z,178658573003900
"""Spenny @ S8ENkJ8OQS"" calls 20",2026-08-13T01:48:49.088Z,178658572908800
"""arash @ RYnRljE1SO"" calls 20",2026-08-13T01:48:48.110Z,178658572811000
"""georgeorgoe @ wgzHqTfHfQ"" folds",2026-08-13T01:48:47.111Z,178658572711100
"""Jonah @ xrBY5OZYCv"" folds",2026-08-13T01:48:46.257Z,178658572625700
"""Stevo @ kI2bCqDOyl"" calls 20",2026-08-13T01:48:45.343Z,178658572534300
"""peelic @ vOeqrOXpLT"" posts a big blind of 20",2026-08-13T01:48:43.600Z,178658572360009
"""Spenny @ S8ENkJ8OQS"" posts a small blind of 10",2026-08-13T01:48:43.600Z,178658572360008
"Your hand is J♥, J♠",2026-08-13T01:48:43.600Z,178658572360004
"Player stacks: #2 ""Spenny @ S8ENkJ8OQS"" (1420) | #3 ""peelic @ vOeqrOXpLT"" (1000) | #4 ""Stevo @ kI2bCqDOyl"" (1390) | #6 ""Jonah @ xrBY5OZYCv"" (1650) | #8 ""georgeorgoe @ wgzHqTfHfQ"" (560) | #10 ""arash @ RYnRljE1SO"" (980)",2026-08-13T01:48:43.600Z,178658572360001
"-- starting hand #60 (id: 69dhawmxdnyg)  No Limit Texas Hold'em (dealer: ""arash @ RYnRljE1SO"") --",2026-08-13T01:48:43.600Z,178658572360000
"""Spenny @ S8ENkJ8OQS"" shows a 7♦.",2026-08-13T01:48:40.302Z,178658572030200
"-- ending hand #59 --",2026-08-13T01:48:36.992Z,178658571699202
"""arash @ RYnRljE1SO"" collected 100 from pot with Pair, 8's (combination: 10♦, Q♥, A♦, 8♠, 8♦)",2026-08-13T01:48:36.992Z,178658571699201
"""arash @ RYnRljE1SO"" shows a 8♠, 10♦.",2026-08-13T01:48:36.992Z,178658571699200
"""Spenny @ S8ENkJ8OQS"" checks",2026-08-13T01:48:36.076Z,178658571607600
"""arash @ RYnRljE1SO"" checks",2026-08-13T01:48:35.098Z,178658571509800
"River: Q♥, 8♦, 7♣, 3♠ [A♦]",2026-08-13T01:48:33.472Z,178658571347200
"""arash @ RYnRljE1SO"" calls 20",2026-08-13T01:48:32.654Z,178658571265400
"""Stevo @ kI2bCqDOyl"" folds",2026-08-13T01:48:28.203Z,178658570820300
"""Spenny @ S8ENkJ8OQS"" bets 20",2026-08-13T01:48:27.169Z,178658570716900
"""arash @ RYnRljE1SO"" checks",2026-08-13T01:48:24.815Z,178658570481500
"Turn: Q♥, 8♦, 7♣ [3♠]",2026-08-13T01:48:20.785Z,178658570078500
"""Stevo @ kI2bCqDOyl"" checks",2026-08-13T01:48:19.956Z,178658569995600
"""Spenny @ S8ENkJ8OQS"" checks",2026-08-13T01:48:18.951Z,178658569895100
"""arash @ RYnRljE1SO"" checks",2026-08-13T01:48:18.053Z,178658569805300
"Flop:  [Q♥, 8♦, 7♣]",2026-08-13T01:48:09.267Z,178658568926700
"""Spenny @ S8ENkJ8OQS"" checks",2026-08-13T01:48:08.457Z,178658568845700
"""arash @ RYnRljE1SO"" calls 20",2026-08-13T01:48:07.495Z,178658568749500
"""georgeorgoe @ wgzHqTfHfQ"" folds",2026-08-13T01:48:06.497Z,178658568649700
"""Jonah @ xrBY5OZYCv"" folds",2026-08-13T01:48:05.643Z,178658568564300
"""Stevo @ kI2bCqDOyl"" calls 20",2026-08-13T01:48:04.775Z,178658568477500
"""peelic @ vOeqrOXpLT"" folds",2026-08-13T01:48:03.671Z,178658568367100
"""Spenny @ S8ENkJ8OQS"" posts a big blind of 20",2026-08-13T01:47:59.191Z,178658567919110
"""arash @ RYnRljE1SO"" posts a small blind of 10",2026-08-13T01:47:59.191Z,178658567919109
"Your hand is 5♠, J♦",2026-08-13T01:47:59.191Z,178658567919105
"Player stacks: #2 ""Spenny @ S8ENkJ8OQS"" (1460) | #3 ""peelic @ vOeqrOXpLT"" (1000) | #4 ""Stevo @ kI2bCqDOyl"" (1410) | #6 ""Jonah @ xrBY5OZYCv"" (1650) | #8 ""georgeorgoe @ wgzHqTfHfQ"" (560) | #10 ""arash @ RYnRljE1SO"" (920)",2026-08-13T01:47:59.191Z,178658567919102
"-- starting hand #59 (id: vtwy0vlkudhp)  No Limit Texas Hold'em (dealer: ""georgeorgoe @ wgzHqTfHfQ"") --",2026-08-13T01:47:59.191Z,178658567919101
"The player ""peelic @ vOeqrOXpLT"" joined the game with a stack of 1000.",2026-08-13T01:47:59.191Z,178658567919100
"""georgeorgoe @ wgzHqTfHfQ"" shows a 3♥, A♠.",2026-08-13T01:47:55.599Z,178658567559900
"""Jonah @ xrBY5OZYCv"" shows a J♠, J♦.",2026-08-13T01:47:54.786Z,178658567478600
"""Stevo @ kI2bCqDOyl"" shows a K♥.",2026-08-13T01:47:54.391Z,178658567439100
"Undealt cards: 9♣, 4♦, 9♠ [Q♦, J♣]",2026-08-13T01:47:52.282Z,178658567228200
"-- ending hand #58 --",2026-08-13T01:47:51.180Z,178658567118002
"""Stevo @ kI2bCqDOyl"" collected 310 from pot",2026-08-13T01:47:51.180Z,178658567118001
"Uncalled bet of 50 returned to ""Stevo @ kI2bCqDOyl""",2026-08-13T01:47:51.180Z,178658567118000
"""arash @ RYnRljE1SO"" folds",2026-08-13T01:47:50.318Z,178658567031800
"""Jonah @ xrBY5OZYCv"" folds",2026-08-13T01:47:48.091Z,178658566809100
"""Stevo @ kI2bCqDOyl"" raises to 100",2026-08-13T01:47:38.152Z,178658565815200
"""arash @ RYnRljE1SO"" calls 50",2026-08-13T01:47:35.108Z,178658565510800
"""georgeorgoe @ wgzHqTfHfQ"" folds",2026-08-13T01:47:34.164Z,178658565416400
"The admin approved the player ""peelic @ vOeqrOXpLT"" participation with a stack of 1000.",2026-08-13T01:47:31.404Z,178658565140400
"The player ""peelic @ vOeqrOXpLT"" requested a seat.",2026-08-13T01:47:29.495Z,178658564949500
"""Jonah @ xrBY5OZYCv"" raises to 50",2026-08-13T01:47:27.750Z,178658564775000
"""Stevo @ kI2bCqDOyl"" bets 20",2026-08-13T01:47:24.981Z,178658564498100
"""arash @ RYnRljE1SO"" checks",2026-08-13T01:47:23.401Z,178658564340100
"""georgeorgoe @ wgzHqTfHfQ"" checks",2026-08-13T01:47:18.324Z,178658563832400
"Flop:  [9♣, 4♦, 9♠]",2026-08-13T01:47:15.965Z,178658563596500
"""Stevo @ kI2bCqDOyl"" calls 40",2026-08-13T01:47:15.106Z,178658563510600
"""arash @ RYnRljE1SO"" calls 40",2026-08-13T01:47:12.407Z,178658563240700
"""georgeorgoe @ wgzHqTfHfQ"" calls 40",2026-08-13T01:47:11.192Z,178658563119200
"""Jonah @ xrBY5OZYCv"" raises to 40",2026-08-13T01:47:10.358Z,178658563035800
"""Stevo @ kI2bCqDOyl"" calls 20",2026-08-13T01:47:08.384Z,178658562838400
"""Spenny @ S8ENkJ8OQS"" folds",2026-08-13T01:47:07.435Z,178658562743500
"""arash @ RYnRljE1SO"" posts a big blind of 20",2026-08-13T01:47:03.411Z,178658562341108
"""georgeorgoe @ wgzHqTfHfQ"" posts a small blind of 10",2026-08-13T01:47:03.411Z,178658562341107
"Your hand is 9♥, K♥",2026-08-13T01:47:03.411Z,178658562341103
"Player stacks: #2 ""Spenny @ S8ENkJ8OQS"" (1460) | #4 ""Stevo @ kI2bCqDOyl"" (1190) | #6 ""Jonah @ xrBY5OZYCv"" (1740) | #8 ""georgeorgoe @ wgzHqTfHfQ"" (600) | #10 ""arash @ RYnRljE1SO"" (1010)",2026-08-13T01:47:03.411Z,178658562341101
"-- starting hand #58 (id: hi7mfs6b9qd5)  No Limit Texas Hold'em (dealer: ""Jonah @ xrBY5OZYCv"") --",2026-08-13T01:47:03.411Z,178658562341100
"""Jonah @ xrBY5OZYCv"" shows a 5♦, 7♠.",2026-08-13T01:47:02.431Z,178658562243100
"""Stevo @ kI2bCqDOyl"" shows a 3♠, Q♦.",2026-08-13T01:46:59.847Z,178658561984700
"-- ending hand #57 --",2026-08-13T01:46:56.357Z,178658561635703
"""arash @ RYnRljE1SO"" collected 90 from pot with Pair, 10's (combination: 8♥, 9♥, K♥, 10♣, 10♦)",2026-08-13T01:46:56.357Z,178658561635702
"""arash @ RYnRljE1SO"" shows a K♥, 9♥.",2026-08-13T01:46:56.357Z,178658561635701
"""georgeorgoe @ wgzHqTfHfQ"" shows a 2♥, K♠.",2026-08-13T01:46:56.357Z,178658561635700
"""Stevo @ kI2bCqDOyl"" checks",2026-08-13T01:46:55.553Z,178658561555300
"""Spenny @ S8ENkJ8OQS"" checks",2026-08-13T01:46:54.558Z,178658561455800
"""arash @ RYnRljE1SO"" checks",2026-08-13T01:46:53.654Z,178658561365400
"""georgeorgoe @ wgzHqTfHfQ"" checks",2026-08-13T01:46:49.430Z,178658560943000
"River: 4♦, 8♥, 10♣, 6♦ [10♦]",2026-08-13T01:46:47.067Z,178658560706700
"""Stevo @ kI2bCqDOyl"" checks",2026-08-13T01:46:46.229Z,178658560622900
"""Spenny @ S8ENkJ8OQS"" checks",2026-08-13T01:46:45.228Z,178658560522800
"""arash @ RYnRljE1SO"" checks",2026-08-13T01:46:40.075Z,178658560007500
"""georgeorgoe @ wgzHqTfHfQ"" checks",2026-08-13T01:46:39.076Z,178658559907600
"Turn: 4♦, 8♥, 10♣ [6♦]",2026-08-13T01:46:31.910Z,178658559191000
"""Stevo @ kI2bCqDOyl"" checks",2026-08-13T01:46:31.069Z,178658559106900
"""Spenny @ S8ENkJ8OQS"" checks",2026-08-13T01:46:29.709Z,178658558970900
"""arash @ RYnRljE1SO"" checks",2026-08-13T01:46:28.790Z,178658558879000
"""georgeorgoe @ wgzHqTfHfQ"" checks",2026-08-13T01:46:22.650Z,178658558265000
"Flop:  [4♦, 8♥, 10♣]",2026-08-13T01:46:15.499Z,178658557549900
"""georgeorgoe @ wgzHqTfHfQ"" checks",2026-08-13T01:46:14.612Z,178658557461200
"""Jonah @ xrBY5OZYCv"" folds",2026-08-13T01:46:10.999Z,178658557099900
"""Stevo @ kI2bCqDOyl"" calls 20",2026-08-13T01:46:10.140Z,178658557014000
"""Spenny @ S8ENkJ8OQS"" calls 20",2026-08-13T01:46:09.171Z,178658556917100
"""arash @ RYnRljE1SO"" calls 20",2026-08-13T01:46:08.266Z,178658556826600
"""georgeorgoe @ wgzHqTfHfQ"" posts a big blind of 20",2026-08-13T01:46:06.014Z,178658556601408
"""Jonah @ xrBY5OZYCv"" posts a small blind of 10",2026-08-13T01:46:06.014Z,178658556601407
"Your hand is 3♠, Q♦",2026-08-13T01:46:06.014Z,178658556601403
"Player stacks: #2 ""Spenny @ S8ENkJ8OQS"" (1480) | #4 ""Stevo @ kI2bCqDOyl"" (1210) | #6 ""Jonah @ xrBY5OZYCv"" (1750) | #8 ""georgeorgoe @ wgzHqTfHfQ"" (620) | #10 ""arash @ RYnRljE1SO"" (940)",2026-08-13T01:46:06.014Z,178658556601401
"-- starting hand #57 (id: meuwzgupob7x)  No Limit Texas Hold'em (dealer: ""Stevo @ kI2bCqDOyl"") --",2026-08-13T01:46:06.014Z,178658556601400
"""Jonah @ xrBY5OZYCv"" shows a A♦.",2026-08-13T01:46:01.711Z,178658556171100
"""Stevo @ kI2bCqDOyl"" shows a A♥, 6♣.",2026-08-13T01:46:00.415Z,178658556041500
"-- ending hand #56 --",2026-08-13T01:45:59.000Z,178658555900004
"""georgeorgoe @ wgzHqTfHfQ"" collected 230 from pot with Two Pair, K's & 5's (combination: A♣, 5♦, 5♠, K♦, K♠)",2026-08-13T01:45:59.000Z,178658555900003
"""Spenny @ S8ENkJ8OQS"" collected 230 from pot with Two Pair, K's & 5's (combination: A♣, 5♦, 5♠, K♥, K♠)",2026-08-13T01:45:59.000Z,178658555900002
"""Spenny @ S8ENkJ8OQS"" shows a Q♥, K♥.",2026-08-13T01:45:59.000Z,178658555900001
"""georgeorgoe @ wgzHqTfHfQ"" shows a K♦, 7♥.",2026-08-13T01:45:59.000Z,178658555900000
"""Spenny @ S8ENkJ8OQS"" calls 60",2026-08-13T01:45:58.080Z,178658555808000
"""georgeorgoe @ wgzHqTfHfQ"" bets 60",2026-08-13T01:45:48.517Z,178658554851700
"River: 5♦, 5♠, K♠, A♣ [8♠]",2026-08-13T01:45:40.585Z,178658554058500
"""Spenny @ S8ENkJ8OQS"" calls 40",2026-08-13T01:45:39.741Z,178658553974100
"""arash @ RYnRljE1SO"" folds",2026-08-13T01:45:38.798Z,178658553879800
"""georgeorgoe @ wgzHqTfHfQ"" bets 40",2026-08-13T01:45:35.476Z,178658553547600
"Turn: 5♦, 5♠, K♠ [A♣]",2026-08-13T01:45:31.178Z,178658553117800
"""Jonah @ xrBY5OZYCv"" folds",2026-08-13T01:45:30.270Z,178658553027000
"""Stevo @ kI2bCqDOyl"" folds",2026-08-13T01:45:21.283Z,178658552128300
"""Spenny @ S8ENkJ8OQS"" calls 20",2026-08-13T01:45:20.290Z,178658552029000
"""arash @ RYnRljE1SO"" calls 20",2026-08-13T01:45:19.393Z,178658551939300
"""georgeorgoe @ wgzHqTfHfQ"" bets 20",2026-08-13T01:45:08.318Z,178658550831800
"""Jonah @ xrBY5OZYCv"" checks",2026-08-13T01:45:05.052Z,178658550505200
"""Stevo @ kI2bCqDOyl"" checks",2026-08-13T01:45:04.183Z,178658550418300
"Flop:  [5♦, 5♠, K♠]",2026-08-13T01:44:57.351Z,178658549735100
"""Stevo @ kI2bCqDOyl"" calls 40",2026-08-13T01:44:56.541Z,178658549654100
"""Spenny @ S8ENkJ8OQS"" calls 40",2026-08-13T01:44:53.857Z,178658549385700
"""arash @ RYnRljE1SO"" calls 40",2026-08-13T01:44:50.125Z,178658549012500
"""georgeorgoe @ wgzHqTfHfQ"" calls 40",2026-08-13T01:44:47.927Z,178658548792700
"""Jonah @ xrBY5OZYCv"" raises to 40",2026-08-13T01:44:45.310Z,178658548531000
"""Stevo @ kI2bCqDOyl"" calls 20",2026-08-13T01:44:40.878Z,178658548087800
"""Spenny @ S8ENkJ8OQS"" calls 20",2026-08-13T01:44:39.946Z,178658547994600
"""arash @ RYnRljE1SO"" calls 20",2026-08-13T01:44:38.998Z,178658547899800
"""georgeorgoe @ wgzHqTfHfQ"" calls 20",2026-08-13T01:44:36.329Z,178658547632900
"""Jonah @ xrBY5OZYCv"" posts a big blind of 20",2026-08-13T01:44:33.960Z,178658547396009
"""Stevo @ kI2bCqDOyl"" posts a small blind of 10",2026-08-13T01:44:33.960Z,178658547396008
"Your hand is A♥, 6♣",2026-08-13T01:44:33.960Z,178658547396004
"Player stacks: #2 ""Spenny @ S8ENkJ8OQS"" (1410) | #4 ""Stevo @ kI2bCqDOyl"" (1250) | #6 ""Jonah @ xrBY5OZYCv"" (1790) | #8 ""georgeorgoe @ wgzHqTfHfQ"" (550) | #10 ""arash @ RYnRljE1SO"" (1000)",2026-08-13T01:44:33.960Z,178658547396002
"-- starting hand #56 (id: f7vgju2yb23t)  No Limit Texas Hold'em (dealer: ""Spenny @ S8ENkJ8OQS"") --",2026-08-13T01:44:33.960Z,178658547396001
"The player ""arash @ RYnRljE1SO"" joined the game with a stack of 1000.",2026-08-13T01:44:33.960Z,178658547396000
"-- ending hand #55 --",2026-08-13T01:44:27.954Z,178658546795404
"""Jonah @ xrBY5OZYCv"" collected 210 from pot with Straight, 9 High (combination: 5♥, 6♠, 7♥, 8♠, 9♠)",2026-08-13T01:44:27.954Z,178658546795403
"""Stevo @ kI2bCqDOyl"" collected 210 from pot with Straight, 9 High (combination: 5♥, 6♦, 7♥, 8♠, 9♠)",2026-08-13T01:44:27.954Z,178658546795402
"""Stevo @ kI2bCqDOyl"" shows a 6♦, 5♠.",2026-08-13T01:44:27.954Z,178658546795401
"""Jonah @ xrBY5OZYCv"" shows a 6♠, A♠.",2026-08-13T01:44:27.954Z,178658546795400
"""Stevo @ kI2bCqDOyl"" calls 100",2026-08-13T01:44:27.130Z,178658546713000
"""Spenny @ S8ENkJ8OQS"" calls 100",2026-08-13T01:44:26.108Z,178658546610800
"""Jonah @ xrBY5OZYCv"" raises to 100",2026-08-13T01:44:15.471Z,178658545547100
"""Stevo @ kI2bCqDOyl"" bets 50",2026-08-13T01:44:08.015Z,178658544801500
"""Spenny @ S8ENkJ8OQS"" checks",2026-08-13T01:44:05.715Z,178658544571500
"River: 5♥, 9♠, 7♥, 3♦ [8♠]",2026-08-13T01:44:03.184Z,178658544318400
"""Jonah @ xrBY5OZYCv"" checks",2026-08-13T01:44:02.375Z,178658544237500
"""Stevo @ kI2bCqDOyl"" checks",2026-08-13T01:44:01.377Z,178658544137700
"""Spenny @ S8ENkJ8OQS"" checks",2026-08-13T01:44:00.183Z,178658544018300
"Turn: 5♥, 9♠, 7♥ [3♦]",2026-08-13T01:43:57.906Z,178658543790600
"""Jonah @ xrBY5OZYCv"" calls 20",2026-08-13T01:43:57.090Z,178658543709000
"""Stevo @ kI2bCqDOyl"" calls 20",2026-08-13T01:43:56.115Z,178658543611500
"""Spenny @ S8ENkJ8OQS"" bets 20",2026-08-13T01:43:54.388Z,178658543438800
"Flop:  [5♥, 9♠, 7♥]",2026-08-13T01:43:46.830Z,178658542683000
"""Stevo @ kI2bCqDOyl"" checks",2026-08-13T01:43:45.950Z,178658542595000
"""Spenny @ S8ENkJ8OQS"" calls 20",2026-08-13T01:43:44.898Z,178658542489800
"""georgeorgoe @ wgzHqTfHfQ"" folds",2026-08-13T01:43:39.092Z,178658541909200
"""Jonah @ xrBY5OZYCv"" calls 20",2026-08-13T01:43:36.008Z,178658541600800
"""Stevo @ kI2bCqDOyl"" posts a big blind of 20",2026-08-13T01:43:34.627Z,178658541462707
"""Spenny @ S8ENkJ8OQS"" posts a small blind of 10",2026-08-13T01:43:34.627Z,178658541462706
"Your hand is 6♦, 5♠",2026-08-13T01:43:34.627Z,178658541462703
"Player stacks: #2 ""Spenny @ S8ENkJ8OQS"" (1550) | #4 ""Stevo @ kI2bCqDOyl"" (1180) | #6 ""Jonah @ xrBY5OZYCv"" (1720) | #8 ""georgeorgoe @ wgzHqTfHfQ"" (550)",2026-08-13T01:43:34.627Z,178658541462701
"-- starting hand #55 (id: egmjropqyqjm)  No Limit Texas Hold'em (dealer: ""georgeorgoe @ wgzHqTfHfQ"") --",2026-08-13T01:43:34.627Z,178658541462700
"""Stevo @ kI2bCqDOyl"" shows a J♦, K♥.",2026-08-13T01:43:29.599Z,178658540959900
"-- ending hand #54 --",2026-08-13T01:43:28.078Z,178658540807802
"""Jonah @ xrBY5OZYCv"" collected 270 from pot with Three of a Kind, Q's (combination: 7♥, J♠, Q♥, Q♦, Q♣)",2026-08-13T01:43:28.078Z,178658540807801
"""Jonah @ xrBY5OZYCv"" shows a Q♥, 4♣.",2026-08-13T01:43:28.078Z,178658540807800
"""Stevo @ kI2bCqDOyl"" calls 50",2026-08-13T01:43:27.274Z,178658540727400
"""Spenny @ S8ENkJ8OQS"" folds",2026-08-13T01:43:26.270Z,178658540627000
"""Jonah @ xrBY5OZYCv"" bets 50",2026-08-13T01:43:17.346Z,178658539734600
"""Stevo @ kI2bCqDOyl"" checks",2026-08-13T01:43:12.919Z,178658539291900
"The admin approved the player ""arash @ RYnRljE1SO"" participation with a stack of 1000.",2026-08-13T01:43:11.338Z,178658539133800
"The player ""arash @ RYnRljE1SO"" requested a seat.",2026-08-13T01:43:09.097Z,178658538909700
"""Spenny @ S8ENkJ8OQS"" checks",2026-08-13T01:43:08.278Z,178658538827800
"River: J♠, Q♦, 3♥, Q♣ [7♥]",2026-08-13T01:43:05.431Z,178658538543100
"""Jonah @ xrBY5OZYCv"" checks",2026-08-13T01:43:04.586Z,178658538458600
"""Stevo @ kI2bCqDOyl"" checks",2026-08-13T01:43:02.794Z,178658538279400
"""Spenny @ S8ENkJ8OQS"" checks",2026-08-13T01:43:01.445Z,178658538144500
"Turn: J♠, Q♦, 3♥ [Q♣]",2026-08-13T01:42:58.301Z,178658537830100
"""Stevo @ kI2bCqDOyl"" calls 30",2026-08-13T01:42:57.406Z,178658537740600
"""Spenny @ S8ENkJ8OQS"" calls 30",2026-08-13T01:42:56.310Z,178658537631000
"""georgeorgoe @ wgzHqTfHfQ"" folds",2026-08-13T01:42:49.925Z,178658536992500
"""Jonah @ xrBY5OZYCv"" bets 30",2026-08-13T01:42:49.060Z,178658536906000
"""Stevo @ kI2bCqDOyl"" checks",2026-08-13T01:42:45.408Z,178658536540800
"""Spenny @ S8ENkJ8OQS"" checks",2026-08-13T01:42:44.466Z,178658536446600
"""georgeorgoe @ wgzHqTfHfQ"" checks",2026-08-13T01:42:38.749Z,178658535874900
"Flop:  [J♠, Q♦, 3♥]",2026-08-13T01:42:36.959Z,178658535695900
"""Spenny @ S8ENkJ8OQS"" checks",2026-08-13T01:42:36.132Z,178658535613200
"""georgeorgoe @ wgzHqTfHfQ"" calls 20",2026-08-13T01:42:35.035Z,178658535503500
"""Jonah @ xrBY5OZYCv"" calls 20",2026-08-13T01:42:33.730Z,178658535373000
"""Stevo @ kI2bCqDOyl"" calls 20",2026-08-13T01:42:32.843Z,178658535284300
"""Spenny @ S8ENkJ8OQS"" posts a big blind of 20",2026-08-13T01:42:31.723Z,178658535172308
"""georgeorgoe @ wgzHqTfHfQ"" posts a small blind of 10",2026-08-13T01:42:31.723Z,178658535172307
"Your hand is J♦, K♥",2026-08-13T01:42:31.723Z,178658535172304
"Player stacks: #2 ""Spenny @ S8ENkJ8OQS"" (1600) | #4 ""Stevo @ kI2bCqDOyl"" (1280) | #6 ""Jonah @ xrBY5OZYCv"" (1550) | #8 ""georgeorgoe @ wgzHqTfHfQ"" (570)",2026-08-13T01:42:31.723Z,178658535172302
"-- starting hand #54 (id: exd3ke5f8wq8)  No Limit Texas Hold'em (dead button) --",2026-08-13T01:42:31.723Z,178658535172301
"The player ""peelic @ vOeqrOXpLT"" quits the game with a stack of 0.",2026-08-13T01:42:31.723Z,178658535172300
"-- ending hand #53 --",2026-08-13T01:42:25.720Z,178658534572001
"""Jonah @ xrBY5OZYCv"" collected 300 from pot with Three of a Kind, 2's (combination: Q♠, A♠, 2♠, 2♣, 2♥)",2026-08-13T01:42:25.720Z,178658534572000
"River: Q♠, 2♥, A♠, 3♠ [5♥]",2026-08-13T01:42:21.644Z,178658534164400
"""peelic @ vOeqrOXpLT"" shows a 6♦, A♣.",2026-08-13T01:42:17.638Z,178658533763801
"""Jonah @ xrBY5OZYCv"" shows a 2♠, 2♣.",2026-08-13T01:42:17.638Z,178658533763800
"""Jonah @ xrBY5OZYCv"" calls 90",2026-08-13T01:42:16.788Z,178658533678800
"""peelic @ vOeqrOXpLT"" bets 90 and go all in",2026-08-13T01:42:15.144Z,178658533514400
"Turn: Q♠, 2♥, A♠ [3♠]",2026-08-13T01:42:06.910Z,178658532691000
"""Stevo @ kI2bCqDOyl"" folds",2026-08-13T01:42:06.029Z,178658532602900
"""georgeorgoe @ wgzHqTfHfQ"" folds",2026-08-13T01:42:04.969Z,178658532496900
"""peelic @ vOeqrOXpLT"" calls 20",2026-08-13T01:42:00.190Z,178658532019000
"""Jonah @ xrBY5OZYCv"" bets 20",2026-08-13T01:41:57.168Z,178658531716800
"""Stevo @ kI2bCqDOyl"" checks",2026-08-13T01:41:52.966Z,178658531296600
"""georgeorgoe @ wgzHqTfHfQ"" checks",2026-08-13T01:41:51.880Z,178658531188000
"""peelic @ vOeqrOXpLT"" checks",2026-08-13T01:41:50.984Z,178658531098400
"Flop:  [Q♠, 2♥, A♠]",2026-08-13T01:41:39.957Z,178658529995700
"""georgeorgoe @ wgzHqTfHfQ"" checks",2026-08-13T01:41:39.132Z,178658529913200
"""peelic @ vOeqrOXpLT"" calls 20",2026-08-13T01:41:38.261Z,178658529826100
"""Jonah @ xrBY5OZYCv"" calls 20",2026-08-13T01:41:37.376Z,178658529737600
"""Stevo @ kI2bCqDOyl"" calls 20",2026-08-13T01:41:31.947Z,178658529194700
"""Spenny @ S8ENkJ8OQS"" folds",2026-08-13T01:41:30.914Z,178658529091400
"""georgeorgoe @ wgzHqTfHfQ"" posts a big blind of 20",2026-08-13T01:41:28.828Z,178658528882808
"""peelic @ vOeqrOXpLT"" posts a small blind of 10",2026-08-13T01:41:28.828Z,178658528882807
"Your hand is 7♦, 8♦",2026-08-13T01:41:28.828Z,178658528882803
"Player stacks: #2 ""Spenny @ S8ENkJ8OQS"" (1600) | #4 ""Stevo @ kI2bCqDOyl"" (1300) | #6 ""Jonah @ xrBY5OZYCv"" (1380) | #7 ""peelic @ vOeqrOXpLT"" (130) | #8 ""georgeorgoe @ wgzHqTfHfQ"" (590)",2026-08-13T01:41:28.828Z,178658528882801
"-- starting hand #53 (id: zme9hpefrnar)  No Limit Texas Hold'em (dealer: ""Jonah @ xrBY5OZYCv"") --",2026-08-13T01:41:28.828Z,178658528882800
"""Stevo @ kI2bCqDOyl"" shows a 4♥, K♣.",2026-08-13T01:41:25.373Z,178658528537300
"-- ending hand #52 --",2026-08-13T01:41:22.290Z,178658528229002
"""georgeorgoe @ wgzHqTfHfQ"" collected 230 from pot with Three of a Kind, 7's (combination: Q♥, K♠, 7♥, 7♣, 7♠)",2026-08-13T01:41:22.290Z,178658528229001
"""georgeorgoe @ wgzHqTfHfQ"" shows a 7♥, K♠.",2026-08-13T01:41:22.290Z,178658528229000
"""peelic @ vOeqrOXpLT"" calls 50",2026-08-13T01:41:21.467Z,178658528146700
"""Stevo @ kI2bCqDOyl"" folds",2026-08-13T01:41:20.566Z,178658528056600
"""georgeorgoe @ wgzHqTfHfQ"" bets 50",2026-08-13T01:41:16.519Z,178658527651900
"""peelic @ vOeqrOXpLT"" checks",2026-08-13T01:41:09.044Z,178658526904400
"River: 5♦, 7♣, 4♠, 7♠ [Q♥]",2026-08-13T01:41:07.221Z,178658526722100
"""peelic @ vOeqrOXpLT"" calls 20",2026-08-13T01:41:06.345Z,178658526634500
"""Stevo @ kI2bCqDOyl"" calls 20",2026-08-13T01:41:02.770Z,178658526277000
"""georgeorgoe @ wgzHqTfHfQ"" bets 20",2026-08-13T01:41:00.817Z,178658526081700
"""peelic @ vOeqrOXpLT"" checks",2026-08-13T01:40:59.489Z,178658525948900
"Turn: 5♦, 7♣, 4♠ [7♠]",2026-08-13T01:40:54.385Z,178658525438500
"""Stevo @ kI2bCqDOyl"" checks",2026-08-13T01:40:53.494Z,178658525349400
"""georgeorgoe @ wgzHqTfHfQ"" checks",2026-08-13T01:40:52.485Z,178658525248500
"""peelic @ vOeqrOXpLT"" checks",2026-08-13T01:40:51.640Z,178658525164000
"Flop:  [5♦, 7♣, 4♠]",2026-08-13T01:40:46.450Z,178658524645000
"""peelic @ vOeqrOXpLT"" checks",2026-08-13T01:40:45.607Z,178658524560700
"""Jonah @ xrBY5OZYCv"" folds",2026-08-13T01:40:44.700Z,178658524470000
"""Stevo @ kI2bCqDOyl"" calls 20",2026-08-13T01:40:43.793Z,178658524379300
"""Spenny @ S8ENkJ8OQS"" folds",2026-08-13T01:40:42.057Z,178658524205700
"""georgeorgoe @ wgzHqTfHfQ"" calls 20",2026-08-13T01:40:41.117Z,178658524111700
"""peelic @ vOeqrOXpLT"" posts a big blind of 20",2026-08-13T01:40:39.376Z,178658523937608
"""Jonah @ xrBY5OZYCv"" posts a small blind of 10",2026-08-13T01:40:39.376Z,178658523937607
"Your hand is 4♥, K♣",2026-08-13T01:40:39.376Z,178658523937603
"Player stacks: #2 ""Spenny @ S8ENkJ8OQS"" (1600) | #4 ""Stevo @ kI2bCqDOyl"" (1340) | #6 ""Jonah @ xrBY5OZYCv"" (1390) | #7 ""peelic @ vOeqrOXpLT"" (220) | #8 ""georgeorgoe @ wgzHqTfHfQ"" (450)",2026-08-13T01:40:39.376Z,178658523937601
"-- starting hand #52 (id: chncbuhraojc)  No Limit Texas Hold'em (dealer: ""Stevo @ kI2bCqDOyl"") --",2026-08-13T01:40:39.376Z,178658523937600
"""georgeorgoe @ wgzHqTfHfQ"" shows a 10♣, Q♣.",2026-08-13T01:40:34.693Z,178658523469300
"-- ending hand #51 --",2026-08-13T01:40:32.770Z,178658523277002
"""Jonah @ xrBY5OZYCv"" collected 180 from pot with Straight, 6 High (combination: 2♦, 3♣, 4♥, 5♣, 6♦)",2026-08-13T01:40:32.770Z,178658523277001
"""Jonah @ xrBY5OZYCv"" shows a 4♥, 8♥.",2026-08-13T01:40:32.770Z,178658523277000
"""Spenny @ S8ENkJ8OQS"" checks",2026-08-13T01:40:31.892Z,178658523189200
"""georgeorgoe @ wgzHqTfHfQ"" checks",2026-08-13T01:40:29.677Z,178658522967700
"""peelic @ vOeqrOXpLT"" checks",2026-08-13T01:40:28.810Z,178658522881000
"""Jonah @ xrBY5OZYCv"" checks",2026-08-13T01:40:18.457Z,178658521845700
"River: 2♦, J♠, 3♣, 5♣ [6♦]",2026-08-13T01:40:10.394Z,178658521039400
"""peelic @ vOeqrOXpLT"" calls 20",2026-08-13T01:40:09.573Z,178658520957300
"""Jonah @ xrBY5OZYCv"" calls 20",2026-08-13T01:39:58.911Z,178658519891100
"""Stevo @ kI2bCqDOyl"" folds",2026-08-13T01:39:57.970Z,178658519797000
"""Spenny @ S8ENkJ8OQS"" calls 20",2026-08-13T01:39:56.970Z,178658519697000
"""georgeorgoe @ wgzHqTfHfQ"" bets 20",2026-08-13T01:39:52.469Z,178658519246900
"""peelic @ vOeqrOXpLT"" checks",2026-08-13T01:39:51.194Z,178658519119400
"""Jonah @ xrBY5OZYCv"" checks",2026-08-13T01:39:47.510Z,178658518751000
"""Stevo @ kI2bCqDOyl"" checks",2026-08-13T01:39:46.594Z,178658518659400
"Turn: 2♦, J♠, 3♣ [5♣]",2026-08-13T01:39:45.462Z,178658518546200
"""Spenny @ S8ENkJ8OQS"" checks",2026-08-13T01:39:44.616Z,178658518461600
"""georgeorgoe @ wgzHqTfHfQ"" checks",2026-08-13T01:39:43.714Z,178658518371400
"""peelic @ vOeqrOXpLT"" checks",2026-08-13T01:39:40.249Z,178658518024900
"""Jonah @ xrBY5OZYCv"" checks",2026-08-13T01:39:35.120Z,178658517512000
"""Stevo @ kI2bCqDOyl"" checks",2026-08-13T01:39:34.114Z,178658517411400
"Flop:  [2♦, J♠, 3♣]",2026-08-13T01:39:32.654Z,178658517265400
"""Jonah @ xrBY5OZYCv"" checks",2026-08-13T01:39:31.703Z,178658517170300
"""Stevo @ kI2bCqDOyl"" calls 20",2026-08-13T01:39:30.838Z,178658517083800
"""Spenny @ S8ENkJ8OQS"" calls 20",2026-08-13T01:39:29.784Z,178658516978400
"""georgeorgoe @ wgzHqTfHfQ"" calls 20",2026-08-13T01:39:28.886Z,178658516888600
"""peelic @ vOeqrOXpLT"" calls 20",2026-08-13T01:39:27.952Z,178658516795200
"""Jonah @ xrBY5OZYCv"" posts a big blind of 20",2026-08-13T01:39:20.223Z,178658516022308
"""Stevo @ kI2bCqDOyl"" posts a small blind of 10",2026-08-13T01:39:20.223Z,178658516022307
"Your hand is K♠, 7♣",2026-08-13T01:39:20.223Z,178658516022303
"Player stacks: #2 ""Spenny @ S8ENkJ8OQS"" (1640) | #4 ""Stevo @ kI2bCqDOyl"" (1360) | #6 ""Jonah @ xrBY5OZYCv"" (1250) | #7 ""peelic @ vOeqrOXpLT"" (260) | #8 ""georgeorgoe @ wgzHqTfHfQ"" (490)",2026-08-13T01:39:20.223Z,178658516022301
"-- starting hand #51 (id: ajep0aikbjt1)  No Limit Texas Hold'em (dealer: ""Spenny @ S8ENkJ8OQS"") --",2026-08-13T01:39:20.223Z,178658516022300
"""Jonah @ xrBY5OZYCv"" shows a 2♥.",2026-08-13T01:39:18.523Z,178658515852300
"-- ending hand #50 --",2026-08-13T01:39:13.697Z,178658515369702
"""Stevo @ kI2bCqDOyl"" collected 320 from pot with Straight, K High (combination: 9♣, 10♥, J♠, Q♠, K♦)",2026-08-13T01:39:13.697Z,178658515369701
"""Stevo @ kI2bCqDOyl"" shows a 10♥, 9♣.",2026-08-13T01:39:13.697Z,178658515369700
"""Jonah @ xrBY5OZYCv"" calls 90",2026-08-13T01:39:12.877Z,178658515287700
"""Stevo @ kI2bCqDOyl"" bets 90",2026-08-13T01:39:09.764Z,178658514976400
"River: K♣, K♦, J♠, Q♠ [7♣]",2026-08-13T01:39:06.801Z,178658514680100
"""Spenny @ S8ENkJ8OQS"" folds",2026-08-13T01:39:05.943Z,178658514594300
"""Jonah @ xrBY5OZYCv"" calls 40",2026-08-13T01:39:02.793Z,178658514279300
"""Stevo @ kI2bCqDOyl"" bets 40",2026-08-13T01:38:58.509Z,178658513850900
"""Spenny @ S8ENkJ8OQS"" checks",2026-08-13T01:38:54.240Z,178658513424000
"Turn: K♣, K♦, J♠ [Q♠]",2026-08-13T01:38:49.975Z,178658512997500
"""Jonah @ xrBY5OZYCv"" checks",2026-08-13T01:38:49.073Z,178658512907300
"""Stevo @ kI2bCqDOyl"" checks",2026-08-13T01:38:43.777Z,178658512377700
"""Spenny @ S8ENkJ8OQS"" checks",2026-08-13T01:38:42.796Z,178658512279600
"Flop:  [K♣, K♦, J♠]",2026-08-13T01:38:38.170Z,178658511817000
"""Stevo @ kI2bCqDOyl"" checks",2026-08-13T01:38:37.362Z,178658511736200
"""Spenny @ S8ENkJ8OQS"" calls 20",2026-08-13T01:38:36.332Z,178658511633200
"""georgeorgoe @ wgzHqTfHfQ"" folds",2026-08-13T01:38:35.398Z,178658511539800
"""peelic @ vOeqrOXpLT"" folds",2026-08-13T01:38:34.491Z,178658511449100
"""Jonah @ xrBY5OZYCv"" calls 20",2026-08-13T01:38:29.926Z,178658510992600
"""Stevo @ kI2bCqDOyl"" posts a big blind of 20",2026-08-13T01:38:25.159Z,178658510515908
"""Spenny @ S8ENkJ8OQS"" posts a small blind of 10",2026-08-13T01:38:25.159Z,178658510515907
"Your hand is 10♥, 9♣",2026-08-13T01:38:25.159Z,178658510515903
"Player stacks: #2 ""Spenny @ S8ENkJ8OQS"" (1660) | #4 ""Stevo @ kI2bCqDOyl"" (1190) | #6 ""Jonah @ xrBY5OZYCv"" (1400) | #7 ""peelic @ vOeqrOXpLT"" (260) | #8 ""georgeorgoe @ wgzHqTfHfQ"" (490)",2026-08-13T01:38:25.159Z,178658510515901
"-- starting hand #50 (id: h0gujj8fzcd3)  No Limit Texas Hold'em (dealer: ""georgeorgoe @ wgzHqTfHfQ"") --",2026-08-13T01:38:25.159Z,178658510515900
"""Jonah @ xrBY5OZYCv"" shows a 6♥.",2026-08-13T01:38:20.419Z,178658510041900
"-- ending hand #49 --",2026-08-13T01:38:18.647Z,178658509864704
"""georgeorgoe @ wgzHqTfHfQ"" collected 110 from pot with Full House, 5's over 6's (combination: 6♣, 6♠, 5♣, 5♦, 5♥)",2026-08-13T01:38:18.647Z,178658509864703
"""Stevo @ kI2bCqDOyl"" collected 110 from pot with Full House, 5's over 6's (combination: 6♣, 6♠, 5♠, 5♦, 5♥)",2026-08-13T01:38:18.647Z,178658509864702
"""Stevo @ kI2bCqDOyl"" shows a J♥, 5♠.",2026-08-13T01:38:18.647Z,178658509864701
"""georgeorgoe @ wgzHqTfHfQ"" shows a Q♠, 5♣.",2026-08-13T01:38:18.647Z,178658509864700
"""Stevo @ kI2bCqDOyl"" calls 60",2026-08-13T01:38:17.798Z,178658509779800
"""georgeorgoe @ wgzHqTfHfQ"" bets 60",2026-08-13T01:38:16.735Z,178658509673500
"River: 5♦, 6♣, 9♣, 6♠ [5♥]",2026-08-13T01:38:11.751Z,178658509175100
"""Spenny @ S8ENkJ8OQS"" folds",2026-08-13T01:38:10.943Z,178658509094300
"""georgeorgoe @ wgzHqTfHfQ"" calls 20",2026-08-13T01:38:00.924Z,178658508092400
"""Stevo @ kI2bCqDOyl"" bets 20",2026-08-13T01:38:00.093Z,178658508009300
"""Spenny @ S8ENkJ8OQS"" checks",2026-08-13T01:37:58.470Z,178658507847000
"""georgeorgoe @ wgzHqTfHfQ"" checks",2026-08-13T01:37:55.175Z,178658507517500
"Turn: 5♦, 6♣, 9♣ [6♠]",2026-08-13T01:37:51.704Z,178658507170400
"""Stevo @ kI2bCqDOyl"" checks",2026-08-13T01:37:50.892Z,178658507089200
"""Spenny @ S8ENkJ8OQS"" checks",2026-08-13T01:37:49.901Z,178658506990100
"""georgeorgoe @ wgzHqTfHfQ"" checks",2026-08-13T01:37:47.980Z,178658506798000
"Flop:  [5♦, 6♣, 9♣]",2026-08-13T01:37:41.476Z,178658506147600
"""Spenny @ S8ENkJ8OQS"" checks",2026-08-13T01:37:40.633Z,178658506063300
"""georgeorgoe @ wgzHqTfHfQ"" calls 20",2026-08-13T01:37:37.602Z,178658505760200
"""peelic @ vOeqrOXpLT"" folds",2026-08-13T01:37:36.698Z,178658505669800
"""Jonah @ xrBY5OZYCv"" folds",2026-08-13T01:37:35.852Z,178658505585200
"""Stevo @ kI2bCqDOyl"" calls 20",2026-08-13T01:37:34.699Z,178658505469900
"""Spenny @ S8ENkJ8OQS"" posts a big blind of 20",2026-08-13T01:37:33.657Z,178658505365708
"""georgeorgoe @ wgzHqTfHfQ"" posts a small blind of 10",2026-08-13T01:37:33.657Z,178658505365707
"Your hand is J♥, 5♠",2026-08-13T01:37:33.657Z,178658505365703
"Player stacks: #2 ""Spenny @ S8ENkJ8OQS"" (1680) | #4 ""Stevo @ kI2bCqDOyl"" (1180) | #6 ""Jonah @ xrBY5OZYCv"" (1400) | #7 ""peelic @ vOeqrOXpLT"" (260) | #8 ""georgeorgoe @ wgzHqTfHfQ"" (480)",2026-08-13T01:37:33.657Z,178658505365701
"-- starting hand #49 (id: jdapxyv399ai)  No Limit Texas Hold'em (dealer: ""peelic @ vOeqrOXpLT"") --",2026-08-13T01:37:33.657Z,178658505365700
"-- ending hand #48 --",2026-08-13T01:37:27.549Z,178658504754903
"""georgeorgoe @ wgzHqTfHfQ"" collected 80 from pot with Pair, 5's (combination: 7♦, 10♣, A♣, 5♣, 5♠)",2026-08-13T01:37:27.549Z,178658504754902
"""georgeorgoe @ wgzHqTfHfQ"" shows a 2♥, 5♣.",2026-08-13T01:37:27.549Z,178658504754901
"""peelic @ vOeqrOXpLT"" shows a Q♥, 4♣.",2026-08-13T01:37:27.549Z,178658504754900
"""Jonah @ xrBY5OZYCv"" checks",2026-08-13T01:37:26.702Z,178658504670200
"""Spenny @ S8ENkJ8OQS"" checks",2026-08-13T01:37:25.798Z,178658504579800
"""georgeorgoe @ wgzHqTfHfQ"" checks",2026-08-13T01:37:23.489Z,178658504348900
"""peelic @ vOeqrOXpLT"" checks",2026-08-13T01:37:22.576Z,178658504257600
"River: 7♦, 5♠, 6♥, 10♣ [A♣]",2026-08-13T01:37:21.052Z,178658504105200
"""Jonah @ xrBY5OZYCv"" checks",2026-08-13T01:37:20.200Z,178658504020000
"""Spenny @ S8ENkJ8OQS"" checks",2026-08-13T01:37:19.319Z,178658503931900
"""georgeorgoe @ wgzHqTfHfQ"" checks",2026-08-13T01:37:16.080Z,178658503608000
"""peelic @ vOeqrOXpLT"" checks",2026-08-13T01:37:15.168Z,178658503516800
"Turn: 7♦, 5♠, 6♥ [10♣]",2026-08-13T01:37:14.008Z,178658503400800
"""Jonah @ xrBY5OZYCv"" checks",2026-08-13T01:37:13.141Z,178658503314100
"""Spenny @ S8ENkJ8OQS"" checks",2026-08-13T01:37:12.205Z,178658503220500
"""georgeorgoe @ wgzHqTfHfQ"" checks",2026-08-13T01:37:08.248Z,178658502824800
"""peelic @ vOeqrOXpLT"" checks",2026-08-13T01:37:07.339Z,178658502733900
"Flop:  [7♦, 5♠, 6♥]",2026-08-13T01:37:04.202Z,178658502420200
"""georgeorgoe @ wgzHqTfHfQ"" checks",2026-08-13T01:37:03.319Z,178658502331900
"""peelic @ vOeqrOXpLT"" calls 20",2026-08-13T01:37:02.427Z,178658502242700
"""Jonah @ xrBY5OZYCv"" calls 20",2026-08-13T01:37:01.464Z,178658502146400
"""Stevo @ kI2bCqDOyl"" folds",2026-08-13T01:37:00.523Z,178658502052300
"""Spenny @ S8ENkJ8OQS"" calls 20",2026-08-13T01:36:59.510Z,178658501951000
"""georgeorgoe @ wgzHqTfHfQ"" posts a big blind of 20",2026-08-13T01:36:57.788Z,178658501778808
"""peelic @ vOeqrOXpLT"" posts a small blind of 10",2026-08-13T01:36:57.788Z,178658501778807
"Your hand is 5♦, 8♠",2026-08-13T01:36:57.788Z,178658501778803
"Player stacks: #2 ""Spenny @ S8ENkJ8OQS"" (1700) | #4 ""Stevo @ kI2bCqDOyl"" (1180) | #6 ""Jonah @ xrBY5OZYCv"" (1420) | #7 ""peelic @ vOeqrOXpLT"" (280) | #8 ""georgeorgoe @ wgzHqTfHfQ"" (420)",2026-08-13T01:36:57.788Z,178658501778801
"-- starting hand #48 (id: zscuo3grmbaf)  No Limit Texas Hold'em (dealer: ""Jonah @ xrBY5OZYCv"") --",2026-08-13T01:36:57.788Z,178658501778800
"""georgeorgoe @ wgzHqTfHfQ"" shows a J♠, 4♠.",2026-08-13T01:36:53.618Z,178658501361800
"-- ending hand #47 --",2026-08-13T01:36:51.186Z,178658501118602
"""Spenny @ S8ENkJ8OQS"" collected 450 from pot with Two Pair, 10's & 7's (combination: A♦, 7♣, 7♠, 10♠, 10♦)",2026-08-13T01:36:51.186Z,178658501118601
"""Spenny @ S8ENkJ8OQS"" shows a 7♣, A♦.",2026-08-13T01:36:51.186Z,178658501118600
"""peelic @ vOeqrOXpLT"" calls 20",2026-08-13T01:36:50.350Z,178658501035000
"""Spenny @ S8ENkJ8OQS"" bets 20",2026-08-13T01:36:49.392Z,178658500939200
"""peelic @ vOeqrOXpLT"" checks",2026-08-13T01:36:45.653Z,178658500565300
"River: 7♠, 10♠, 3♣, 10♦ [6♥]",2026-08-13T01:36:43.461Z,178658500346100
"""Spenny @ S8ENkJ8OQS"" calls 100",2026-08-13T01:36:42.657Z,178658500265700
"""georgeorgoe @ wgzHqTfHfQ"" folds",2026-08-13T01:36:41.750Z,178658500175000
"""peelic @ vOeqrOXpLT"" bets 100",2026-08-13T01:36:37.085Z,178658499708500
"Turn: 7♠, 10♠, 3♣ [10♦]",2026-08-13T01:36:32.960Z,178658499296000
"""Stevo @ kI2bCqDOyl"" folds",2026-08-13T01:36:32.152Z,178658499215200
"""Spenny @ S8ENkJ8OQS"" calls 40",2026-08-13T01:36:31.112Z,178658499111200
"""georgeorgoe @ wgzHqTfHfQ"" calls 40",2026-08-13T01:36:28.184Z,178658498818400
"""peelic @ vOeqrOXpLT"" bets 40",2026-08-13T01:36:27.332Z,178658498733200
"Flop:  [7♠, 10♠, 3♣]",2026-08-13T01:36:24.556Z,178658498455600
"""peelic @ vOeqrOXpLT"" checks",2026-08-13T01:36:23.674Z,178658498367400
"""Jonah @ xrBY5OZYCv"" folds",2026-08-13T01:36:22.805Z,178658498280500
"""Stevo @ kI2bCqDOyl"" calls 20",2026-08-13T01:36:21.908Z,178658498190800
"""Spenny @ S8ENkJ8OQS"" calls 20",2026-08-13T01:36:20.891Z,178658498089100
"""georgeorgoe @ wgzHqTfHfQ"" calls 20",2026-08-13T01:36:16.056Z,178658497605600
"""peelic @ vOeqrOXpLT"" posts a big blind of 20",2026-08-13T01:36:13.642Z,178658497364208
"""Jonah @ xrBY5OZYCv"" posts a small blind of 10",2026-08-13T01:36:13.642Z,178658497364207
"Your hand is 2♦, A♣",2026-08-13T01:36:13.642Z,178658497364203
"Player stacks: #2 ""Spenny @ S8ENkJ8OQS"" (1430) | #4 ""Stevo @ kI2bCqDOyl"" (1200) | #6 ""Jonah @ xrBY5OZYCv"" (1430) | #7 ""peelic @ vOeqrOXpLT"" (460) | #8 ""georgeorgoe @ wgzHqTfHfQ"" (480)",2026-08-13T01:36:13.642Z,178658497364201
"-- starting hand #47 (id: ywglerr33wo3)  No Limit Texas Hold'em (dealer: ""Stevo @ kI2bCqDOyl"") --",2026-08-13T01:36:13.642Z,178658497364200
"-- ending hand #46 --",2026-08-13T01:36:07.630Z,178658496763002
"""Spenny @ S8ENkJ8OQS"" collected 480 from pot with Two Pair, 8's & 6's (combination: K♠, 6♦, 6♣, 8♦, 8♥)",2026-08-13T01:36:07.630Z,178658496763001
"""Spenny @ S8ENkJ8OQS"" shows a 8♦, 6♦.",2026-08-13T01:36:07.630Z,178658496763000
"""peelic @ vOeqrOXpLT"" calls 40",2026-08-13T01:36:06.742Z,178658496674200
"""Spenny @ S8ENkJ8OQS"" bets 40",2026-08-13T01:36:05.618Z,178658496561800
"""peelic @ vOeqrOXpLT"" checks",2026-08-13T01:35:59.930Z,178658495993000
"River: 6♣, 8♥, K♠, 3♠ [10♠]",2026-08-13T01:35:57.267Z,178658495726700
"""Spenny @ S8ENkJ8OQS"" calls 100",2026-08-13T01:35:56.457Z,178658495645700
"""peelic @ vOeqrOXpLT"" bets 100",2026-08-13T01:35:51.589Z,178658495158900
"Turn: 6♣, 8♥, K♠ [3♠]",2026-08-13T01:35:47.130Z,178658494713000
"""Jonah @ xrBY5OZYCv"" folds",2026-08-13T01:35:46.314Z,178658494631400
"""Stevo @ kI2bCqDOyl"" folds",2026-08-13T01:35:45.404Z,178658494540400
"""Spenny @ S8ENkJ8OQS"" calls 50",2026-08-13T01:35:43.836Z,178658494383600
"""georgeorgoe @ wgzHqTfHfQ"" folds",2026-08-13T01:35:38.804Z,178658493880400
"""peelic @ vOeqrOXpLT"" bets 50",2026-08-13T01:35:36.630Z,178658493663000
"""Jonah @ xrBY5OZYCv"" checks",2026-08-13T01:35:33.706Z,178658493370600
"""Stevo @ kI2bCqDOyl"" checks",2026-08-13T01:35:32.834Z,178658493283400
"Flop:  [6♣, 8♥, K♠]",2026-08-13T01:35:30.511Z,178658493051100
"""Jonah @ xrBY5OZYCv"" checks",2026-08-13T01:35:29.706Z,178658492970600
"""Stevo @ kI2bCqDOyl"" calls 20",2026-08-13T01:35:28.812Z,178658492881200
"""Spenny @ S8ENkJ8OQS"" calls 20",2026-08-13T01:35:27.250Z,178658492725000
"""georgeorgoe @ wgzHqTfHfQ"" calls 20",2026-08-13T01:35:26.281Z,178658492628100
"""peelic @ vOeqrOXpLT"" calls 20",2026-08-13T01:35:25.382Z,178658492538200
"""Jonah @ xrBY5OZYCv"" posts a big blind of 20",2026-08-13T01:35:19.555Z,178658491955508
"""Stevo @ kI2bCqDOyl"" posts a small blind of 10",2026-08-13T01:35:19.555Z,178658491955507
"Your hand is A♦, 2♣",2026-08-13T01:35:19.555Z,178658491955503
"Player stacks: #2 ""Spenny @ S8ENkJ8OQS"" (1160) | #4 ""Stevo @ kI2bCqDOyl"" (1220) | #6 ""Jonah @ xrBY5OZYCv"" (1450) | #7 ""peelic @ vOeqrOXpLT"" (670) | #8 ""georgeorgoe @ wgzHqTfHfQ"" (500)",2026-08-13T01:35:19.555Z,178658491955501
"-- starting hand #46 (id: 4wcshecpimry)  No Limit Texas Hold'em (dealer: ""Spenny @ S8ENkJ8OQS"") --",2026-08-13T01:35:19.555Z,178658491955500
"""georgeorgoe @ wgzHqTfHfQ"" shows a A♠, 2♦.",2026-08-13T01:35:16.316Z,178658491631600
"-- ending hand #45 --",2026-08-13T01:35:15.908Z,178658491590802
"""Jonah @ xrBY5OZYCv"" collected 120 from pot",2026-08-13T01:35:15.908Z,178658491590801
"Uncalled bet of 30 returned to ""Jonah @ xrBY5OZYCv""",2026-08-13T01:35:15.908Z,178658491590800
"""Spenny @ S8ENkJ8OQS"" folds",2026-08-13T01:35:15.015Z,178658491501500
"""Jonah @ xrBY5OZYCv"" bets 30",2026-08-13T01:35:09.142Z,178658490914200
"""Spenny @ S8ENkJ8OQS"" checks",2026-08-13T01:35:05.785Z,178658490578500
"River: 8♥, 2♥, 9♥, 8♠ [2♠]",2026-08-13T01:35:03.996Z,178658490399600
"""Stevo @ kI2bCqDOyl"" folds",2026-08-13T01:35:03.127Z,178658490312700
"""Spenny @ S8ENkJ8OQS"" calls 20",2026-08-13T01:34:58.282Z,178658489828200
"""georgeorgoe @ wgzHqTfHfQ"" folds",2026-08-13T01:34:48.466Z,178658488846600
"""Jonah @ xrBY5OZYCv"" bets 20",2026-08-13T01:34:36.649Z,178658487664900
"""Stevo @ kI2bCqDOyl"" checks",2026-08-13T01:34:33.051Z,178658487305100
"""Spenny @ S8ENkJ8OQS"" checks",2026-08-13T01:34:30.030Z,178658487003000
"Turn: 8♥, 2♥, 9♥ [8♠]",2026-08-13T01:34:28.561Z,178658486856100
"""georgeorgoe @ wgzHqTfHfQ"" checks",2026-08-13T01:34:27.682Z,178658486768200
"""Jonah @ xrBY5OZYCv"" checks",2026-08-13T01:34:26.828Z,178658486682800
"""Stevo @ kI2bCqDOyl"" checks",2026-08-13T01:34:25.874Z,178658486587400
"""Spenny @ S8ENkJ8OQS"" checks",2026-08-13T01:34:24.862Z,178658486486200
"Flop:  [8♥, 2♥, 9♥]",2026-08-13T01:34:18.745Z,178658485874500
"""Stevo @ kI2bCqDOyl"" checks",2026-08-13T01:34:17.856Z,178658485785600
"""Spenny @ S8ENkJ8OQS"" calls 20",2026-08-13T01:34:16.924Z,178658485692400
"""georgeorgoe @ wgzHqTfHfQ"" calls 20",2026-08-13T01:34:15.974Z,178658485597400
"""peelic @ vOeqrOXpLT"" folds",2026-08-13T01:34:15.058Z,178658485505800
"""Jonah @ xrBY5OZYCv"" calls 20",2026-08-13T01:34:06.218Z,178658484621800
"""Stevo @ kI2bCqDOyl"" posts a big blind of 20",2026-08-13T01:34:03.018Z,178658484301808
"""Spenny @ S8ENkJ8OQS"" posts a small blind of 10",2026-08-13T01:34:03.018Z,178658484301807
"Your hand is 6♦, 4♠",2026-08-13T01:34:03.018Z,178658484301803
"Player stacks: #2 ""Spenny @ S8ENkJ8OQS"" (1200) | #4 ""Stevo @ kI2bCqDOyl"" (1240) | #6 ""Jonah @ xrBY5OZYCv"" (1370) | #7 ""peelic @ vOeqrOXpLT"" (670) | #8 ""georgeorgoe @ wgzHqTfHfQ"" (520)",2026-08-13T01:34:03.018Z,178658484301801
"-- starting hand #45 (id: se8foha3tjtw)  No Limit Texas Hold'em (dealer: ""georgeorgoe @ wgzHqTfHfQ"") --",2026-08-13T01:34:03.018Z,178658484301800
"""Spenny @ S8ENkJ8OQS"" shows a 4♣, 4♠.",2026-08-13T01:33:57.552Z,178658483755200
"-- ending hand #44 --",2026-08-13T01:33:56.459Z,178658483645902
"""Jonah @ xrBY5OZYCv"" collected 250 from pot with Pair, 10's (combination: 7♦, 9♠, J♠, 10♠, 10♣)",2026-08-13T01:33:56.459Z,178658483645901
"""Jonah @ xrBY5OZYCv"" shows a 9♠, 10♠.",2026-08-13T01:33:56.459Z,178658483645900
"""Spenny @ S8ENkJ8OQS"" calls 30",2026-08-13T01:33:55.601Z,178658483560100
"""peelic @ vOeqrOXpLT"" folds",2026-08-13T01:33:51.047Z,178658483104700
"""Jonah @ xrBY5OZYCv"" bets 30",2026-08-13T01:33:46.604Z,178658482660400
"""Spenny @ S8ENkJ8OQS"" checks",2026-08-13T01:33:43.854Z,178658482385400
"River: 6♦, 10♣, J♠, 7♦ [3♠]",2026-08-13T01:33:41.557Z,178658482155700
"""Spenny @ S8ENkJ8OQS"" calls 20",2026-08-13T01:33:40.704Z,178658482070400
"""peelic @ vOeqrOXpLT"" calls 20",2026-08-13T01:33:37.496Z,178658481749600
"""Jonah @ xrBY5OZYCv"" bets 20",2026-08-13T01:33:29.117Z,178658480911700
"""Spenny @ S8ENkJ8OQS"" checks",2026-08-13T01:33:27.482Z,178658480748200
"Turn: 6♦, 10♣, J♠ [7♦]",2026-08-13T01:33:25.652Z,178658480565200
"""Spenny @ S8ENkJ8OQS"" calls 20",2026-08-13T01:33:24.832Z,178658480483200
"""peelic @ vOeqrOXpLT"" calls 20",2026-08-13T01:33:19.587Z,178658479958700
"""Jonah @ xrBY5OZYCv"" bets 20",2026-08-13T01:33:18.691Z,178658479869100
"""Spenny @ S8ENkJ8OQS"" checks",2026-08-13T01:33:16.287Z,178658479628700
"Flop:  [6♦, 10♣, J♠]",2026-08-13T01:33:11.411Z,178658479141100
"""Spenny @ S8ENkJ8OQS"" checks",2026-08-13T01:33:10.595Z,178658479059500
"""georgeorgoe @ wgzHqTfHfQ"" folds",2026-08-13T01:33:09.620Z,178658478962000
"""peelic @ vOeqrOXpLT"" calls 20",2026-08-13T01:33:08.738Z,178658478873800
"""Jonah @ xrBY5OZYCv"" calls 20",2026-08-13T01:33:02.775Z,178658478277500
"""Stevo @ kI2bCqDOyl"" folds",2026-08-13T01:32:58.811Z,178658477881100
"""Spenny @ S8ENkJ8OQS"" posts a big blind of 20",2026-08-13T01:32:57.673Z,178658477767308
"""georgeorgoe @ wgzHqTfHfQ"" posts a small blind of 10",2026-08-13T01:32:57.673Z,178658477767307
"Your hand is 8♣, 6♥",2026-08-13T01:32:57.673Z,178658477767303
"Player stacks: #2 ""Spenny @ S8ENkJ8OQS"" (1290) | #4 ""Stevo @ kI2bCqDOyl"" (1240) | #6 ""Jonah @ xrBY5OZYCv"" (1210) | #7 ""peelic @ vOeqrOXpLT"" (730) | #8 ""georgeorgoe @ wgzHqTfHfQ"" (530)",2026-08-13T01:32:57.673Z,178658477767301
"-- starting hand #44 (id: 4xxjuwqqkzd7)  No Limit Texas Hold'em (dealer: ""peelic @ vOeqrOXpLT"") --",2026-08-13T01:32:57.673Z,178658477767300
"""Spenny @ S8ENkJ8OQS"" shows a 8♠, A♦.",2026-08-13T01:32:54.435Z,178658477443500
"""georgeorgoe @ wgzHqTfHfQ"" shows a 9♠, 3♥.",2026-08-13T01:32:51.699Z,178658477169900
"Undealt cards: 2♦, 7♠, A♥, 5♣ [10♠]",2026-08-13T01:32:51.218Z,178658477121800
"-- ending hand #43 --",2026-08-13T01:32:50.294Z,178658477029402
"""Spenny @ S8ENkJ8OQS"" collected 80 from pot",2026-08-13T01:32:50.294Z,178658477029401
"Uncalled bet of 20 returned to ""Spenny @ S8ENkJ8OQS""",2026-08-13T01:32:50.294Z,178658477029400
"""georgeorgoe @ wgzHqTfHfQ"" folds",2026-08-13T01:32:49.482Z,178658476948200
"""peelic @ vOeqrOXpLT"" folds",2026-08-13T01:32:46.493Z,178658476649300
"""Stevo @ kI2bCqDOyl"" folds",2026-08-13T01:32:36.670Z,178658475667000
"""Spenny @ S8ENkJ8OQS"" bets 20",2026-08-13T01:32:35.675Z,178658475567500
"""georgeorgoe @ wgzHqTfHfQ"" checks",2026-08-13T01:32:28.863Z,178658474886300
"""peelic @ vOeqrOXpLT"" checks",2026-08-13T01:32:26.659Z,178658474665900
"Turn: 2♦, 7♠, A♥ [5♣]",2026-08-13T01:32:23.853Z,178658474385300
"""Stevo @ kI2bCqDOyl"" checks",2026-08-13T01:32:23.026Z,178658474302600
"""Spenny @ S8ENkJ8OQS"" checks",2026-08-13T01:32:22.034Z,178658474203400
"""georgeorgoe @ wgzHqTfHfQ"" checks",2026-08-13T01:32:21.100Z,178658474110000
"""peelic @ vOeqrOXpLT"" checks",2026-08-13T01:32:20.253Z,178658474025300
"Flop:  [2♦, 7♠, A♥]",2026-08-13T01:32:09.210Z,178658472921000
"""georgeorgoe @ wgzHqTfHfQ"" checks",2026-08-13T01:32:08.383Z,178658472838300
"""peelic @ vOeqrOXpLT"" calls 20",2026-08-13T01:32:07.455Z,178658472745500
"""Jonah @ xrBY5OZYCv"" folds",2026-08-13T01:32:02.714Z,178658472271400
"""Stevo @ kI2bCqDOyl"" calls 20",2026-08-13T01:32:01.838Z,178658472183800
"""Spenny @ S8ENkJ8OQS"" calls 20",2026-08-13T01:32:00.818Z,178658472081800
"""georgeorgoe @ wgzHqTfHfQ"" posts a big blind of 20",2026-08-13T01:31:57.982Z,178658471798208
"""peelic @ vOeqrOXpLT"" posts a small blind of 10",2026-08-13T01:31:57.982Z,178658471798207
"Your hand is K♠, Q♥",2026-08-13T01:31:57.982Z,178658471798203
"Player stacks: #2 ""Spenny @ S8ENkJ8OQS"" (1230) | #4 ""Stevo @ kI2bCqDOyl"" (1260) | #6 ""Jonah @ xrBY5OZYCv"" (1210) | #7 ""peelic @ vOeqrOXpLT"" (750) | #8 ""georgeorgoe @ wgzHqTfHfQ"" (550)",2026-08-13T01:31:57.982Z,178658471798201
"-- starting hand #43 (id: gcdqr8wnxo7h)  No Limit Texas Hold'em (dealer: ""Jonah @ xrBY5OZYCv"") --",2026-08-13T01:31:57.982Z,178658471798200
"-- ending hand #42 --",2026-08-13T01:31:51.978Z,178658471197803
"""Stevo @ kI2bCqDOyl"" collected 50 from pot with Pair, J's (combination: Q♥, K♠, A♣, J♥, J♠)",2026-08-13T01:31:51.978Z,178658471197802
"""Stevo @ kI2bCqDOyl"" shows a 8♥, K♠.",2026-08-13T01:31:51.978Z,178658471197801
"""peelic @ vOeqrOXpLT"" shows a 3♥, 4♣.",2026-08-13T01:31:51.978Z,178658471197800
"""Stevo @ kI2bCqDOyl"" checks",2026-08-13T01:31:51.146Z,178658471114600
"""peelic @ vOeqrOXpLT"" checks",2026-08-13T01:31:50.027Z,178658471002700
"River: 9♦, Q♥, A♣, J♥ [J♠]",2026-08-13T01:31:47.574Z,178658470757400
"""Stevo @ kI2bCqDOyl"" checks",2026-08-13T01:31:46.674Z,178658470667400
"""peelic @ vOeqrOXpLT"" checks",2026-08-13T01:31:44.879Z,178658470487900
"Turn: 9♦, Q♥, A♣ [J♥]",2026-08-13T01:31:40.373Z,178658470037300
"""Stevo @ kI2bCqDOyl"" checks",2026-08-13T01:31:39.528Z,178658469952800
"""peelic @ vOeqrOXpLT"" checks",2026-08-13T01:31:38.445Z,178658469844500
"Flop:  [9♦, Q♥, A♣]",2026-08-13T01:31:36.613Z,178658469661300
"""peelic @ vOeqrOXpLT"" checks",2026-08-13T01:31:35.794Z,178658469579400
"""Jonah @ xrBY5OZYCv"" folds",2026-08-13T01:31:28.212Z,178658468821200
"""Stevo @ kI2bCqDOyl"" calls 20",2026-08-13T01:31:27.267Z,178658468726700
"""Spenny @ S8ENkJ8OQS"" folds",2026-08-13T01:31:26.156Z,178658468615600
"""georgeorgoe @ wgzHqTfHfQ"" folds",2026-08-13T01:31:24.313Z,178658468431300
"""peelic @ vOeqrOXpLT"" posts a big blind of 20",2026-08-13T01:31:22.804Z,178658468280408
"""Jonah @ xrBY5OZYCv"" posts a small blind of 10",2026-08-13T01:31:22.804Z,178658468280407
"Your hand is 8♥, K♠",2026-08-13T01:31:22.804Z,178658468280403
"Player stacks: #2 ""Spenny @ S8ENkJ8OQS"" (1230) | #4 ""Stevo @ kI2bCqDOyl"" (1230) | #6 ""Jonah @ xrBY5OZYCv"" (1220) | #7 ""peelic @ vOeqrOXpLT"" (770) | #8 ""georgeorgoe @ wgzHqTfHfQ"" (550)",2026-08-13T01:31:22.804Z,178658468280401
"-- starting hand #42 (id: ro9gdwntckhv)  No Limit Texas Hold'em (dealer: ""Stevo @ kI2bCqDOyl"") --",2026-08-13T01:31:22.804Z,178658468280400
"Undealt cards: A♦, K♥, 2♠, 3♣ [K♦]",2026-08-13T01:31:18.371Z,178658467837100
"""Spenny @ S8ENkJ8OQS"" shows a 10♠, A♥.",2026-08-13T01:31:18.013Z,178658467801300
"-- ending hand #41 --",2026-08-13T01:31:16.156Z,178658467615602
"""Spenny @ S8ENkJ8OQS"" collected 110 from pot",2026-08-13T01:31:16.156Z,178658467615601
"Uncalled bet of 20 returned to ""Spenny @ S8ENkJ8OQS""",2026-08-13T01:31:16.156Z,178658467615600
"""peelic @ vOeqrOXpLT"" folds",2026-08-13T01:31:15.296Z,178658467529600
"""Spenny @ S8ENkJ8OQS"" bets 20",2026-08-13T01:31:08.415Z,178658466841500
"""peelic @ vOeqrOXpLT"" checks",2026-08-13T01:31:04.093Z,178658466409300
"Turn: A♦, K♥, 2♠ [3♣]",2026-08-13T01:30:53.272Z,178658465327200
"""peelic @ vOeqrOXpLT"" calls 20",2026-08-13T01:30:52.439Z,178658465243900
"""Jonah @ xrBY5OZYCv"" folds",2026-08-13T01:30:42.981Z,178658464298100
"""Spenny @ S8ENkJ8OQS"" bets 20",2026-08-13T01:30:41.132Z,178658464113200
"""peelic @ vOeqrOXpLT"" checks",2026-08-13T01:30:39.060Z,178658463906000
"""Jonah @ xrBY5OZYCv"" checks",2026-08-13T01:30:32.381Z,178658463238100
"Flop:  [A♦, K♥, 2♠]",2026-08-13T01:30:30.767Z,178658463076700
"""Jonah @ xrBY5OZYCv"" checks",2026-08-13T01:30:29.914Z,178658462991400
"""Stevo @ kI2bCqDOyl"" folds",2026-08-13T01:30:29.024Z,178658462902400
"""Spenny @ S8ENkJ8OQS"" calls 20",2026-08-13T01:30:27.543Z,178658462754300
"""georgeorgoe @ wgzHqTfHfQ"" folds",2026-08-13T01:30:25.797Z,178658462579700
"""peelic @ vOeqrOXpLT"" calls 20",2026-08-13T01:30:24.945Z,178658462494500
"""Jonah @ xrBY5OZYCv"" posts a big blind of 20",2026-08-13T01:30:23.682Z,178658462368208
"""Stevo @ kI2bCqDOyl"" posts a small blind of 10",2026-08-13T01:30:23.682Z,178658462368207
"Your hand is 3♦, 6♥",2026-08-13T01:30:23.682Z,178658462368203
"Player stacks: #2 ""Spenny @ S8ENkJ8OQS"" (1160) | #4 ""Stevo @ kI2bCqDOyl"" (1240) | #6 ""Jonah @ xrBY5OZYCv"" (1240) | #7 ""peelic @ vOeqrOXpLT"" (810) | #8 ""georgeorgoe @ wgzHqTfHfQ"" (550)",2026-08-13T01:30:23.682Z,178658462368201
"-- starting hand #41 (id: qjlbx9ctyb7e)  No Limit Texas Hold'em (dealer: ""Spenny @ S8ENkJ8OQS"") --",2026-08-13T01:30:23.682Z,178658462368200
"""Spenny @ S8ENkJ8OQS"" shows a J♦.",2026-08-13T01:30:22.083Z,178658462208300
"-- ending hand #40 --",2026-08-13T01:30:20.056Z,178658462005602
"""peelic @ vOeqrOXpLT"" collected 120 from pot",2026-08-13T01:30:20.056Z,178658462005601
"Uncalled bet of 90 returned to ""peelic @ vOeqrOXpLT""",2026-08-13T01:30:20.056Z,178658462005600
"""Spenny @ S8ENkJ8OQS"" folds",2026-08-13T01:30:19.245Z,178658461924500
"""peelic @ vOeqrOXpLT"" bets 90",2026-08-13T01:30:11.017Z,178658461101700
"""Spenny @ S8ENkJ8OQS"" checks",2026-08-13T01:30:03.923Z,178658460392300
"River: 6♠, 2♣, A♥, J♥ [4♣]",2026-08-13T01:30:01.568Z,178658460156800
"""georgeorgoe @ wgzHqTfHfQ"" folds",2026-08-13T01:30:00.591Z,178658460059100
"""peelic @ vOeqrOXpLT"" calls 20",2026-08-13T01:29:56.555Z,178658459655500
"""Stevo @ kI2bCqDOyl"" folds",2026-08-13T01:29:52.684Z,178658459268400
"""Spenny @ S8ENkJ8OQS"" bets 20",2026-08-13T01:29:51.668Z,178658459166800
"Turn: 6♠, 2♣, A♥ [J♥]",2026-08-13T01:29:49.367Z,178658458936700
"""georgeorgoe @ wgzHqTfHfQ"" checks",2026-08-13T01:29:48.496Z,178658458849600
"""peelic @ vOeqrOXpLT"" checks",2026-08-13T01:29:45.759Z,178658458575900
"""Stevo @ kI2bCqDOyl"" checks",2026-08-13T01:29:42.366Z,178658458236600
"""Spenny @ S8ENkJ8OQS"" checks",2026-08-13T01:29:41.409Z,178658458140900
"Flop:  [6♠, 2♣, A♥]",2026-08-13T01:29:38.258Z,178658457825800
"""Stevo @ kI2bCqDOyl"" checks",2026-08-13T01:29:37.367Z,178658457736700
"""Spenny @ S8ENkJ8OQS"" calls 20",2026-08-13T01:29:36.391Z,178658457639100
"""georgeorgoe @ wgzHqTfHfQ"" calls 20",2026-08-13T01:29:35.481Z,178658457548100
"""peelic @ vOeqrOXpLT"" calls 20",2026-08-13T01:29:31.522Z,178658457152200
"""Jonah @ xrBY5OZYCv"" folds",2026-08-13T01:29:30.173Z,178658457017300
"""Stevo @ kI2bCqDOyl"" posts a big blind of 20",2026-08-13T01:29:25.053Z,178658456505308
"""Spenny @ S8ENkJ8OQS"" posts a small blind of 10",2026-08-13T01:29:25.053Z,178658456505307
"Your hand is 2♠, 5♣",2026-08-13T01:29:25.053Z,178658456505303
"Player stacks: #2 ""Spenny @ S8ENkJ8OQS"" (1200) | #4 ""Stevo @ kI2bCqDOyl"" (1260) | #6 ""Jonah @ xrBY5OZYCv"" (1240) | #7 ""peelic @ vOeqrOXpLT"" (730) | #8 ""georgeorgoe @ wgzHqTfHfQ"" (570)",2026-08-13T01:29:25.053Z,178658456505301
"-- starting hand #40 (id: 356hmgfbz61n)  No Limit Texas Hold'em (dealer: ""georgeorgoe @ wgzHqTfHfQ"") --",2026-08-13T01:29:25.053Z,178658456505300
"-- ending hand #39 --",2026-08-13T01:29:22.050Z,178658456205002
"""Spenny @ S8ENkJ8OQS"" collected 140 from pot",2026-08-13T01:29:22.050Z,178658456205001
"Uncalled bet of 20 returned to ""Spenny @ S8ENkJ8OQS""",2026-08-13T01:29:22.050Z,178658456205000
"""georgeorgoe @ wgzHqTfHfQ"" folds",2026-08-13T01:29:21.231Z,178658456123100
"""Spenny @ S8ENkJ8OQS"" bets 20",2026-08-13T01:29:20.250Z,178658456025000
"""georgeorgoe @ wgzHqTfHfQ"" checks",2026-08-13T01:29:15.002Z,178658455500200
"River: 8♦, 6♦, K♠, 6♠ [Q♦]",2026-08-13T01:29:13.734Z,178658455373400
"""georgeorgoe @ wgzHqTfHfQ"" calls 40",2026-08-13T01:29:12.884Z,178658455288400
"""peelic @ vOeqrOXpLT"" folds",2026-08-13T01:29:11.287Z,178658455128700
"""Spenny @ S8ENkJ8OQS"" bets 40",2026-08-13T01:29:05.218Z,178658454521800
"""georgeorgoe @ wgzHqTfHfQ"" checks",2026-08-13T01:29:01.393Z,178658454139300
"Turn: 8♦, 6♦, K♠ [6♠]",2026-08-13T01:28:52.652Z,178658453265200
"""peelic @ vOeqrOXpLT"" checks",2026-08-13T01:28:51.807Z,178658453180700
"""Spenny @ S8ENkJ8OQS"" checks",2026-08-13T01:28:50.957Z,178658453095700
"""georgeorgoe @ wgzHqTfHfQ"" checks",2026-08-13T01:28:47.555Z,178658452755500
"Flop:  [8♦, 6♦, K♠]",2026-08-13T01:28:42.162Z,178658452216200
"""Spenny @ S8ENkJ8OQS"" checks",2026-08-13T01:28:41.335Z,178658452133500
"""georgeorgoe @ wgzHqTfHfQ"" calls 20",2026-08-13T01:28:40.387Z,178658452038700
"""peelic @ vOeqrOXpLT"" calls 20",2026-08-13T01:28:39.428Z,178658451942800
"""Jonah @ xrBY5OZYCv"" folds",2026-08-13T01:28:35.629Z,178658451562900
"""Stevo @ kI2bCqDOyl"" folds",2026-08-13T01:28:34.760Z,178658451476000
"""Spenny @ S8ENkJ8OQS"" posts a big blind of 20",2026-08-13T01:28:33.557Z,178658451355708
"""georgeorgoe @ wgzHqTfHfQ"" posts a small blind of 10",2026-08-13T01:28:33.557Z,178658451355707
"Your hand is 9♦, 2♣",2026-08-13T01:28:33.557Z,178658451355703
"Player stacks: #2 ""Spenny @ S8ENkJ8OQS"" (1120) | #4 ""Stevo @ kI2bCqDOyl"" (1260) | #6 ""Jonah @ xrBY5OZYCv"" (1240) | #7 ""peelic @ vOeqrOXpLT"" (750) | #8 ""georgeorgoe @ wgzHqTfHfQ"" (630)",2026-08-13T01:28:33.557Z,178658451355701
"-- starting hand #39 (id: g8pjd9td2cue)  No Limit Texas Hold'em (dealer: ""peelic @ vOeqrOXpLT"") --",2026-08-13T01:28:33.557Z,178658451355700
"""Spenny @ S8ENkJ8OQS"" shows a 8♥.",2026-08-13T01:28:30.066Z,178658451006600
"Undealt cards: 4♠, 10♣, 8♦, 2♦ [7♥]",2026-08-13T01:28:28.532Z,178658450853200
"""georgeorgoe @ wgzHqTfHfQ"" shows a Q♠, Q♥.",2026-08-13T01:28:27.158Z,178658450715800
"-- ending hand #38 --",2026-08-13T01:28:26.215Z,178658450621502
"""georgeorgoe @ wgzHqTfHfQ"" collected 200 from pot",2026-08-13T01:28:26.215Z,178658450621501
"Uncalled bet of 60 returned to ""georgeorgoe @ wgzHqTfHfQ""",2026-08-13T01:28:26.215Z,178658450621500
"""Spenny @ S8ENkJ8OQS"" folds",2026-08-13T01:28:25.384Z,178658450538400
"""georgeorgoe @ wgzHqTfHfQ"" bets 60",2026-08-13T01:28:22.882Z,178658450288200
"Turn: 4♠, 10♣, 8♦ [2♦]",2026-08-13T01:28:19.375Z,178658449937500
"""peelic @ vOeqrOXpLT"" folds",2026-08-13T01:28:18.557Z,178658449855700
"""Stevo @ kI2bCqDOyl"" folds",2026-08-13T01:28:15.051Z,178658449505100
"""Spenny @ S8ENkJ8OQS"" calls 60",2026-08-13T01:28:12.927Z,178658449292700
"""georgeorgoe @ wgzHqTfHfQ"" bets 60",2026-08-13T01:28:01.509Z,178658448150900
"""peelic @ vOeqrOXpLT"" checks",2026-08-13T01:27:55.122Z,178658447512200
"Flop:  [4♠, 10♣, 8♦]",2026-08-13T01:27:45.901Z,178658446590100
"""georgeorgoe @ wgzHqTfHfQ"" checks",2026-08-13T01:27:45.085Z,178658446508500
"""peelic @ vOeqrOXpLT"" calls 20",2026-08-13T01:27:44.145Z,178658446414500
"""Jonah @ xrBY5OZYCv"" folds",2026-08-13T01:27:35.247Z,178658445524700
"""Stevo @ kI2bCqDOyl"" calls 20",2026-08-13T01:27:34.358Z,178658445435800
"""Spenny @ S8ENkJ8OQS"" calls 20",2026-08-13T01:27:33.397Z,178658445339700
"""georgeorgoe @ wgzHqTfHfQ"" posts a big blind of 20",2026-08-13T01:27:29.296Z,178658444929608
"""peelic @ vOeqrOXpLT"" posts a small blind of 10",2026-08-13T01:27:29.296Z,178658444929607
"Your hand is 3♦, K♠",2026-08-13T01:27:29.296Z,178658444929603
"Player stacks: #2 ""Spenny @ S8ENkJ8OQS"" (1200) | #4 ""Stevo @ kI2bCqDOyl"" (1280) | #6 ""Jonah @ xrBY5OZYCv"" (1240) | #7 ""peelic @ vOeqrOXpLT"" (770) | #8 ""georgeorgoe @ wgzHqTfHfQ"" (510)",2026-08-13T01:27:29.296Z,178658444929601
"-- starting hand #38 (id: oyp40y66mla1)  No Limit Texas Hold'em (dealer: ""Jonah @ xrBY5OZYCv"") --",2026-08-13T01:27:29.296Z,178658444929600
"""georgeorgoe @ wgzHqTfHfQ"" shows a 2♣, 7♠.",2026-08-13T01:27:25.953Z,178658444595300
"Undealt cards: 8♣, 3♥, 5♦, 8♦ [4♦]",2026-08-13T01:27:23.671Z,178658444367100
"-- ending hand #37 --",2026-08-13T01:27:22.693Z,178658444269302
"""Stevo @ kI2bCqDOyl"" collected 100 from pot",2026-08-13T01:27:22.693Z,178658444269301
"Uncalled bet of 40 returned to ""Stevo @ kI2bCqDOyl""",2026-08-13T01:27:22.693Z,178658444269300
"""Jonah @ xrBY5OZYCv"" folds",2026-08-13T01:27:21.874Z,178658444187400
"""Stevo @ kI2bCqDOyl"" bets 40",2026-08-13T01:27:20.564Z,178658444056400
"""Jonah @ xrBY5OZYCv"" checks",2026-08-13T01:27:17.666Z,178658443766600
"Turn: 8♣, 3♥, 5♦ [8♦]",2026-08-13T01:27:16.645Z,178658443664500
"""peelic @ vOeqrOXpLT"" folds",2026-08-13T01:27:15.834Z,178658443583400
"""Jonah @ xrBY5OZYCv"" calls 20",2026-08-13T01:27:07.447Z,178658442744700
"""Stevo @ kI2bCqDOyl"" bets 20",2026-08-13T01:27:05.603Z,178658442560300
"""peelic @ vOeqrOXpLT"" checks",2026-08-13T01:27:03.523Z,178658442352300
"""Jonah @ xrBY5OZYCv"" checks",2026-08-13T01:27:02.676Z,178658442267600
"Flop:  [8♣, 3♥, 5♦]",2026-08-13T01:27:00.140Z,178658442014000
"""peelic @ vOeqrOXpLT"" checks",2026-08-13T01:26:59.262Z,178658441926200
"""Jonah @ xrBY5OZYCv"" calls 20",2026-08-13T01:26:47.447Z,178658440744700
"""Stevo @ kI2bCqDOyl"" calls 20",2026-08-13T01:26:46.516Z,178658440651600
"""Spenny @ S8ENkJ8OQS"" folds",2026-08-13T01:26:45.546Z,178658440554600
"""georgeorgoe @ wgzHqTfHfQ"" folds",2026-08-13T01:26:44.642Z,178658440464200
"""peelic @ vOeqrOXpLT"" posts a big blind of 20",2026-08-13T01:26:42.853Z,178658440285308
"""Jonah @ xrBY5OZYCv"" posts a small blind of 10",2026-08-13T01:26:42.853Z,178658440285307
"Your hand is A♠, 5♥",2026-08-13T01:26:42.853Z,178658440285303
"Player stacks: #2 ""Spenny @ S8ENkJ8OQS"" (1200) | #4 ""Stevo @ kI2bCqDOyl"" (1220) | #6 ""Jonah @ xrBY5OZYCv"" (1280) | #7 ""peelic @ vOeqrOXpLT"" (790) | #8 ""georgeorgoe @ wgzHqTfHfQ"" (510)",2026-08-13T01:26:42.853Z,178658440285301
"-- starting hand #37 (id: i1ji6ntww5db)  No Limit Texas Hold'em (dealer: ""Stevo @ kI2bCqDOyl"") --",2026-08-13T01:26:42.853Z,178658440285300
"""Spenny @ S8ENkJ8OQS"" shows a 4♥, A♣.",2026-08-13T01:26:38.060Z,178658439806000
"""Stevo @ kI2bCqDOyl"" shows a 3♦, 9♠.",2026-08-13T01:26:37.531Z,178658439753100
"-- ending hand #36 --",2026-08-13T01:26:35.792Z,178658439579202
"""peelic @ vOeqrOXpLT"" collected 190 from pot with Pair, K's (combination: 5♥, 6♣, 8♠, K♠, K♥)",2026-08-13T01:26:35.792Z,178658439579201
"""peelic @ vOeqrOXpLT"" shows a K♠, K♥.",2026-08-13T01:26:35.792Z,178658439579200
"""Spenny @ S8ENkJ8OQS"" checks",2026-08-13T01:26:34.951Z,178658439495100
"""peelic @ vOeqrOXpLT"" checks",2026-08-13T01:26:32.495Z,178658439249500
"River: 6♣, 4♦, 2♣, 5♥ [8♠]",2026-08-13T01:26:24.378Z,178658438437800
"""Spenny @ S8ENkJ8OQS"" checks",2026-08-13T01:26:23.507Z,178658438350700
"""peelic @ vOeqrOXpLT"" checks",2026-08-13T01:26:16.703Z,178658437670300
"Turn: 6♣, 4♦, 2♣ [5♥]",2026-08-13T01:26:10.074Z,178658437007400
"""Jonah @ xrBY5OZYCv"" folds",2026-08-13T01:26:09.223Z,178658436922300
"""Spenny @ S8ENkJ8OQS"" calls 60",2026-08-13T01:25:57.312Z,178658435731200
"""peelic @ vOeqrOXpLT"" bets 60",2026-08-13T01:25:54.851Z,178658435485100
"""Jonah @ xrBY5OZYCv"" checks",2026-08-13T01:25:46.797Z,178658434679700
"Flop:  [6♣, 4♦, 2♣]",2026-08-13T01:25:45.332Z,178658434533200
"""Jonah @ xrBY5OZYCv"" checks",2026-08-13T01:25:44.498Z,178658434449800
"""Stevo @ kI2bCqDOyl"" folds",2026-08-13T01:25:43.560Z,178658434356000
"""Spenny @ S8ENkJ8OQS"" calls 20",2026-08-13T01:25:42.513Z,178658434251300
"""georgeorgoe @ wgzHqTfHfQ"" folds",2026-08-13T01:25:40.121Z,178658434012100
"""peelic @ vOeqrOXpLT"" calls 20",2026-08-13T01:25:39.202Z,178658433920200
"""Jonah @ xrBY5OZYCv"" posts a big blind of 20",2026-08-13T01:25:30.496Z,178658433049608
"""Stevo @ kI2bCqDOyl"" posts a small blind of 10",2026-08-13T01:25:30.496Z,178658433049607
"Your hand is 3♦, 9♠",2026-08-13T01:25:30.496Z,178658433049603
"Player stacks: #2 ""Spenny @ S8ENkJ8OQS"" (1280) | #4 ""Stevo @ kI2bCqDOyl"" (1230) | #6 ""Jonah @ xrBY5OZYCv"" (1300) | #7 ""peelic @ vOeqrOXpLT"" (680) | #8 ""georgeorgoe @ wgzHqTfHfQ"" (510)",2026-08-13T01:25:30.496Z,178658433049601
"-- starting hand #36 (id: 3wjav6w1qfvp)  No Limit Texas Hold'em (dealer: ""Spenny @ S8ENkJ8OQS"") --",2026-08-13T01:25:30.496Z,178658433049600
"-- ending hand #35 --",2026-08-13T01:25:24.487Z,178658432448703
"""Jonah @ xrBY5OZYCv"" collected 240 from pot with Pair, 3's (combination: 7♦, Q♦, A♣, 3♥, 3♣)",2026-08-13T01:25:24.487Z,178658432448702
"""Jonah @ xrBY5OZYCv"" shows a 3♥, 4♥.",2026-08-13T01:25:24.487Z,178658432448701
"""Spenny @ S8ENkJ8OQS"" shows a J♦, K♣.",2026-08-13T01:25:24.487Z,178658432448700
"""Jonah @ xrBY5OZYCv"" checks",2026-08-13T01:25:23.639Z,178658432363900
"""Spenny @ S8ENkJ8OQS"" checks",2026-08-13T01:25:22.738Z,178658432273800
"River: 3♣, Q♦, 6♠, A♣ [7♦]",2026-08-13T01:25:20.390Z,178658432039000
"""Spenny @ S8ENkJ8OQS"" calls 40",2026-08-13T01:25:19.557Z,178658431955700
"""Jonah @ xrBY5OZYCv"" bets 40",2026-08-13T01:25:12.609Z,178658431260900
"""Spenny @ S8ENkJ8OQS"" checks",2026-08-13T01:25:10.050Z,178658431005000
"Turn: 3♣, Q♦, 6♠ [A♣]",2026-08-13T01:25:05.379Z,178658430537900
"""Stevo @ kI2bCqDOyl"" folds",2026-08-13T01:25:04.534Z,178658430453400
"""Spenny @ S8ENkJ8OQS"" calls 40",2026-08-13T01:25:02.944Z,178658430294400
"""peelic @ vOeqrOXpLT"" folds",2026-08-13T01:24:54.841Z,178658429484100
"""Jonah @ xrBY5OZYCv"" bets 40",2026-08-13T01:24:49.469Z,178658428946900
"""Stevo @ kI2bCqDOyl"" checks",2026-08-13T01:24:46.621Z,178658428662100
"""Spenny @ S8ENkJ8OQS"" checks",2026-08-13T01:24:45.667Z,178658428566700
"Flop:  [3♣, Q♦, 6♠]",2026-08-13T01:24:41.252Z,178658428125200
"""Stevo @ kI2bCqDOyl"" checks",2026-08-13T01:24:40.368Z,178658428036800
"""Spenny @ S8ENkJ8OQS"" calls 20",2026-08-13T01:24:39.369Z,178658427936900
"""georgeorgoe @ wgzHqTfHfQ"" folds",2026-08-13T01:24:38.480Z,178658427848000
"""peelic @ vOeqrOXpLT"" calls 20",2026-08-13T01:24:37.644Z,178658427764400
"""Jonah @ xrBY5OZYCv"" calls 20",2026-08-13T01:24:26.011Z,178658426601100
"""Stevo @ kI2bCqDOyl"" posts a big blind of 20",2026-08-13T01:24:24.799Z,178658426479908
"""Spenny @ S8ENkJ8OQS"" posts a small blind of 10",2026-08-13T01:24:24.799Z,178658426479907
"Your hand is 9♣, 10♣",2026-08-13T01:24:24.799Z,178658426479903
"Player stacks: #2 ""Spenny @ S8ENkJ8OQS"" (1380) | #4 ""Stevo @ kI2bCqDOyl"" (1250) | #6 ""Jonah @ xrBY5OZYCv"" (1160) | #7 ""peelic @ vOeqrOXpLT"" (700) | #8 ""georgeorgoe @ wgzHqTfHfQ"" (510)",2026-08-13T01:24:24.799Z,178658426479901
"-- starting hand #35 (id: iwuux0zghvtc)  No Limit Texas Hold'em (dealer: ""georgeorgoe @ wgzHqTfHfQ"") --",2026-08-13T01:24:24.799Z,178658426479900
"""Stevo @ kI2bCqDOyl"" shows a Q♣, 9♦.",2026-08-13T01:24:21.779Z,178658426177900
"""Spenny @ S8ENkJ8OQS"" shows a J♥, 8♦.",2026-08-13T01:24:19.216Z,178658425921600
"-- ending hand #34 --",2026-08-13T01:24:17.795Z,178658425779502
"""Jonah @ xrBY5OZYCv"" collected 560 from pot with Flush, Q High (combination: 2♥, 7♥, 9♥, 10♥, Q♥)",2026-08-13T01:24:17.795Z,178658425779501
"""Jonah @ xrBY5OZYCv"" shows a 10♥, 2♥.",2026-08-13T01:24:17.795Z,178658425779500
"""Spenny @ S8ENkJ8OQS"" calls 180",2026-08-13T01:24:16.930Z,178658425693000
"""Jonah @ xrBY5OZYCv"" raises to 180",2026-08-13T01:24:14.590Z,178658425459000
"""Spenny @ S8ENkJ8OQS"" bets 60",2026-08-13T01:24:10.502Z,178658425050200
"River: 10♠, 9♥, 5♣, 7♥ [Q♥]",2026-08-13T01:24:04.389Z,178658424438900
"""georgeorgoe @ wgzHqTfHfQ"" folds",2026-08-13T01:24:03.530Z,178658424353000
"""peelic @ vOeqrOXpLT"" folds",2026-08-13T01:24:02.661Z,178658424266100
"""Jonah @ xrBY5OZYCv"" calls 40",2026-08-13T01:23:54.520Z,178658423452000
"""Stevo @ kI2bCqDOyl"" folds",2026-08-13T01:23:52.916Z,178658423291600
"""Spenny @ S8ENkJ8OQS"" raises to 40",2026-08-13T01:23:50.183Z,178658423018300
"""georgeorgoe @ wgzHqTfHfQ"" bets 20",2026-08-13T01:23:44.064Z,178658422406400
"Turn: 10♠, 9♥, 5♣ [7♥]",2026-08-13T01:23:34.324Z,178658421432400
"""peelic @ vOeqrOXpLT"" checks",2026-08-13T01:23:33.451Z,178658421345100
"""Jonah @ xrBY5OZYCv"" checks",2026-08-13T01:23:29.577Z,178658420957700
"""Stevo @ kI2bCqDOyl"" checks",2026-08-13T01:23:28.616Z,178658420861600
"""Spenny @ S8ENkJ8OQS"" checks",2026-08-13T01:23:27.596Z,178658420759600
"""georgeorgoe @ wgzHqTfHfQ"" checks",2026-08-13T01:23:26.056Z,178658420605600
"Flop:  [10♠, 9♥, 5♣]",2026-08-13T01:23:24.608Z,178658420460800
"""Spenny @ S8ENkJ8OQS"" checks",2026-08-13T01:23:23.782Z,178658420378200
"""georgeorgoe @ wgzHqTfHfQ"" calls 20",2026-08-13T01:23:22.848Z,178658420284800
"""peelic @ vOeqrOXpLT"" calls 20",2026-08-13T01:23:21.957Z,178658420195700
"""Jonah @ xrBY5OZYCv"" calls 20",2026-08-13T01:23:17.141Z,178658419714100
"""Stevo @ kI2bCqDOyl"" calls 20",2026-08-13T01:23:16.215Z,178658419621500
"""Spenny @ S8ENkJ8OQS"" posts a big blind of 20",2026-08-13T01:23:13.796Z,178658419379608
"""georgeorgoe @ wgzHqTfHfQ"" posts a small blind of 10",2026-08-13T01:23:13.796Z,178658419379607
"Your hand is Q♣, 9♦",2026-08-13T01:23:13.796Z,178658419379603
"Player stacks: #2 ""Spenny @ S8ENkJ8OQS"" (1620) | #4 ""Stevo @ kI2bCqDOyl"" (1270) | #6 ""Jonah @ xrBY5OZYCv"" (840) | #7 ""peelic @ vOeqrOXpLT"" (720) | #8 ""georgeorgoe @ wgzHqTfHfQ"" (550)",2026-08-13T01:23:13.796Z,178658419379601
"-- starting hand #34 (id: uvmil3i3bt8k)  No Limit Texas Hold'em (dealer: ""peelic @ vOeqrOXpLT"") --",2026-08-13T01:23:13.796Z,178658419379600
"-- ending hand #33 --",2026-08-13T01:23:07.722Z,178658418772203
"""georgeorgoe @ wgzHqTfHfQ"" collected 60 from pot with Two Pair, A's & K's (combination: Q♥, K♣, K♠, A♥, A♣)",2026-08-13T01:23:07.722Z,178658418772202
"""georgeorgoe @ wgzHqTfHfQ"" shows a Q♥, 2♥.",2026-08-13T01:23:07.722Z,178658418772201
"""peelic @ vOeqrOXpLT"" shows a 9♠, 10♦.",2026-08-13T01:23:07.722Z,178658418772200
"""Stevo @ kI2bCqDOyl"" checks",2026-08-13T01:23:06.910Z,178658418691000
"""georgeorgoe @ wgzHqTfHfQ"" checks",2026-08-13T01:23:05.984Z,178658418598400
"""peelic @ vOeqrOXpLT"" checks",2026-08-13T01:23:01.518Z,178658418151800
"River: 3♥, A♥, K♣, A♣ [K♠]",2026-08-13T01:22:58.092Z,178658417809200
"""Stevo @ kI2bCqDOyl"" checks",2026-08-13T01:22:57.269Z,178658417726900
"""georgeorgoe @ wgzHqTfHfQ"" checks",2026-08-13T01:22:56.212Z,178658417621200
"""peelic @ vOeqrOXpLT"" checks",2026-08-13T01:22:55.291Z,178658417529100
"Turn: 3♥, A♥, K♣ [A♣]",2026-08-13T01:22:44.282Z,178658416428200
"""Stevo @ kI2bCqDOyl"" checks",2026-08-13T01:22:43.475Z,178658416347500
"""georgeorgoe @ wgzHqTfHfQ"" checks",2026-08-13T01:22:42.524Z,178658416252400
"""peelic @ vOeqrOXpLT"" checks",2026-08-13T01:22:41.643Z,178658416164300
"Flop:  [3♥, A♥, K♣]",2026-08-13T01:22:35.404Z,178658415540400
"""georgeorgoe @ wgzHqTfHfQ"" checks",2026-08-13T01:22:34.588Z,178658415458800
"""peelic @ vOeqrOXpLT"" calls 20",2026-08-13T01:22:33.726Z,178658415372600
"""Jonah @ xrBY5OZYCv"" folds",2026-08-13T01:22:31.602Z,178658415160200
"""Stevo @ kI2bCqDOyl"" calls 20",2026-08-13T01:22:30.597Z,178658415059700
"""Spenny @ S8ENkJ8OQS"" folds",2026-08-13T01:22:29.450Z,178658414945000
"""georgeorgoe @ wgzHqTfHfQ"" posts a big blind of 20",2026-08-13T01:22:27.757Z,178658414775708
"""peelic @ vOeqrOXpLT"" posts a small blind of 10",2026-08-13T01:22:27.757Z,178658414775707
"Your hand is 2♦, 8♦",2026-08-13T01:22:27.757Z,178658414775703
"Player stacks: #2 ""Spenny @ S8ENkJ8OQS"" (1620) | #4 ""Stevo @ kI2bCqDOyl"" (1290) | #6 ""Jonah @ xrBY5OZYCv"" (840) | #7 ""peelic @ vOeqrOXpLT"" (740) | #8 ""georgeorgoe @ wgzHqTfHfQ"" (510)",2026-08-13T01:22:27.757Z,178658414775701
"-- starting hand #33 (id: eqj5tdxhk4bx)  No Limit Texas Hold'em (dealer: ""Jonah @ xrBY5OZYCv"") --",2026-08-13T01:22:27.757Z,178658414775700
"""georgeorgoe @ wgzHqTfHfQ"" shows a 8♦, 7♦.",2026-08-13T01:22:21.832Z,178658414183200
"-- ending hand #32 --",2026-08-13T01:22:21.156Z,178658414115602
"""Jonah @ xrBY5OZYCv"" collected 100 from pot with Two Pair, 9's & 5's (combination: A♠, 5♠, 5♥, 9♦, 9♠)",2026-08-13T01:22:21.156Z,178658414115601
"""Jonah @ xrBY5OZYCv"" shows a J♥, 5♠.",2026-08-13T01:22:21.156Z,178658414115600
"""georgeorgoe @ wgzHqTfHfQ"" checks",2026-08-13T01:22:20.336Z,178658414033600
"""Jonah @ xrBY5OZYCv"" checks",2026-08-13T01:22:19.180Z,178658413918000
"River: A♠, 5♥, 9♦, 3♣ [9♠]",2026-08-13T01:22:17.954Z,178658413795400
"""georgeorgoe @ wgzHqTfHfQ"" checks",2026-08-13T01:22:17.132Z,178658413713200
"""Jonah @ xrBY5OZYCv"" checks",2026-08-13T01:22:15.839Z,178658413583900
"Turn: A♠, 5♥, 9♦ [3♣]",2026-08-13T01:22:14.151Z,178658413415100
"""georgeorgoe @ wgzHqTfHfQ"" calls 20",2026-08-13T01:22:13.230Z,178658413323000
"""peelic @ vOeqrOXpLT"" folds",2026-08-13T01:22:12.380Z,178658413238000
"""Jonah @ xrBY5OZYCv"" bets 20",2026-08-13T01:22:04.528Z,178658412452800
"Flop:  [A♠, 5♥, 9♦]",2026-08-13T01:22:01.761Z,178658412176100
"""peelic @ vOeqrOXpLT"" checks",2026-08-13T01:22:00.925Z,178658412092500
"""Jonah @ xrBY5OZYCv"" calls 20",2026-08-13T01:21:58.379Z,178658411837900
"""Stevo @ kI2bCqDOyl"" folds",2026-08-13T01:21:56.530Z,178658411653000
"""Spenny @ S8ENkJ8OQS"" folds",2026-08-13T01:21:54.696Z,178658411469600
"""georgeorgoe @ wgzHqTfHfQ"" calls 20",2026-08-13T01:21:52.120Z,178658411212000
"""peelic @ vOeqrOXpLT"" posts a big blind of 20",2026-08-13T01:21:50.790Z,178658411079008
"""Jonah @ xrBY5OZYCv"" posts a small blind of 10",2026-08-13T01:21:50.790Z,178658411079007
"Your hand is 4♣, 8♠",2026-08-13T01:21:50.790Z,178658411079003
"Player stacks: #2 ""Spenny @ S8ENkJ8OQS"" (1620) | #4 ""Stevo @ kI2bCqDOyl"" (1290) | #6 ""Jonah @ xrBY5OZYCv"" (780) | #7 ""peelic @ vOeqrOXpLT"" (760) | #8 ""georgeorgoe @ wgzHqTfHfQ"" (550)",2026-08-13T01:21:50.790Z,178658411079001
"-- starting hand #32 (id: 5wkisal2hk8f)  No Limit Texas Hold'em (dealer: ""Stevo @ kI2bCqDOyl"") --",2026-08-13T01:21:50.790Z,178658411079000
"-- ending hand #31 --",2026-08-13T01:21:44.779Z,178658410477904
"""georgeorgoe @ wgzHqTfHfQ"" collected 260 from pot with Straight, 8 High (combination: 4♦, 5♠, 6♥, 7♥, 8♠)",2026-08-13T01:21:44.779Z,178658410477903
"""Spenny @ S8ENkJ8OQS"" collected 260 from pot with Straight, 8 High (combination: 4♦, 5♠, 6♦, 7♥, 8♠)",2026-08-13T01:21:44.779Z,178658410477902
"""Spenny @ S8ENkJ8OQS"" shows a 6♦, 3♦.",2026-08-13T01:21:44.779Z,178658410477901
"""georgeorgoe @ wgzHqTfHfQ"" shows a 6♥, K♦.",2026-08-13T01:21:44.779Z,178658410477900
"""peelic @ vOeqrOXpLT"" calls 80",2026-08-13T01:21:43.954Z,178658410395400
"""Stevo @ kI2bCqDOyl"" folds",2026-08-13T01:21:36.602Z,178658409660200
"""Spenny @ S8ENkJ8OQS"" calls 80",2026-08-13T01:21:34.199Z,178658409419900
"""georgeorgoe @ wgzHqTfHfQ"" raises to 80",2026-08-13T01:21:32.795Z,178658409279500
"""peelic @ vOeqrOXpLT"" calls 20",2026-08-13T01:21:29.203Z,178658408920300
"""Stevo @ kI2bCqDOyl"" bets 20",2026-08-13T01:21:24.244Z,178658408424400
"River: 8♠, 4♦, 5♠, J♣ [7♥]",2026-08-13T01:21:23.060Z,178658408306000
"""Spenny @ S8ENkJ8OQS"" calls 20",2026-08-13T01:21:22.244Z,178658408224400
"""georgeorgoe @ wgzHqTfHfQ"" calls 20",2026-08-13T01:21:21.353Z,178658408135300
"""peelic @ vOeqrOXpLT"" calls 20",2026-08-13T01:21:11.306Z,178658407130600
"""Stevo @ kI2bCqDOyl"" bets 20",2026-08-13T01:21:02.626Z,178658406262600
"Turn: 8♠, 4♦, 5♠ [J♣]",2026-08-13T01:21:01.314Z,178658406131400
"""Spenny @ S8ENkJ8OQS"" calls 20",2026-08-13T01:21:00.407Z,178658406040700
"""georgeorgoe @ wgzHqTfHfQ"" calls 20",2026-08-13T01:20:55.207Z,178658405520700
"""peelic @ vOeqrOXpLT"" calls 20",2026-08-13T01:20:54.356Z,178658405435600
"""Jonah @ xrBY5OZYCv"" folds",2026-08-13T01:20:49.398Z,178658404939800
"""Stevo @ kI2bCqDOyl"" bets 20",2026-08-13T01:20:48.082Z,178658404808200
"Flop:  [8♠, 4♦, 5♠]",2026-08-13T01:20:46.567Z,178658404656700
"""Jonah @ xrBY5OZYCv"" checks",2026-08-13T01:20:45.749Z,178658404574900
"""Stevo @ kI2bCqDOyl"" calls 20",2026-08-13T01:20:44.806Z,178658404480600
"""Spenny @ S8ENkJ8OQS"" calls 20",2026-08-13T01:20:43.850Z,178658404385000
"""georgeorgoe @ wgzHqTfHfQ"" calls 20",2026-08-13T01:20:42.912Z,178658404291200
"""peelic @ vOeqrOXpLT"" calls 20",2026-08-13T01:20:41.607Z,178658404160700
"""Jonah @ xrBY5OZYCv"" posts a big blind of 20",2026-08-13T01:20:37.161Z,178658403716108
"""Stevo @ kI2bCqDOyl"" posts a small blind of 10",2026-08-13T01:20:37.161Z,178658403716107
"Your hand is A♣, 8♥",2026-08-13T01:20:37.161Z,178658403716103
"Player stacks: #2 ""Spenny @ S8ENkJ8OQS"" (1500) | #4 ""Stevo @ kI2bCqDOyl"" (1370) | #6 ""Jonah @ xrBY5OZYCv"" (800) | #7 ""peelic @ vOeqrOXpLT"" (900) | #8 ""georgeorgoe @ wgzHqTfHfQ"" (430)",2026-08-13T01:20:37.161Z,178658403716101
"-- starting hand #31 (id: vliyfqldgxkj)  No Limit Texas Hold'em (dealer: ""Spenny @ S8ENkJ8OQS"") --",2026-08-13T01:20:37.161Z,178658403716100
"-- ending hand #30 --",2026-08-13T01:20:31.155Z,178658403115504
"""Stevo @ kI2bCqDOyl"" collected 90 from pot with Two Pair, 9's & 6's (combination: A♥, 6♣, 6♥, 9♠, 9♣)",2026-08-13T01:20:31.155Z,178658403115503
"""Spenny @ S8ENkJ8OQS"" collected 90 from pot with Two Pair, 9's & 6's (combination: A♥, 6♠, 6♥, 9♠, 9♣)",2026-08-13T01:20:31.155Z,178658403115502
"""Spenny @ S8ENkJ8OQS"" shows a 4♣, 6♠.",2026-08-13T01:20:31.155Z,178658403115501
"""Stevo @ kI2bCqDOyl"" shows a 6♣, 7♣.",2026-08-13T01:20:31.155Z,178658403115500
"""Spenny @ S8ENkJ8OQS"" calls 20",2026-08-13T01:20:30.289Z,178658403028900
"""Stevo @ kI2bCqDOyl"" bets 20",2026-08-13T01:20:28.478Z,178658402847800
"""Spenny @ S8ENkJ8OQS"" checks",2026-08-13T01:20:26.351Z,178658402635100
"River: 9♠, 9♣, 6♥, A♥ [3♠]",2026-08-13T01:20:24.773Z,178658402477300
"""Spenny @ S8ENkJ8OQS"" calls 20",2026-08-13T01:20:23.957Z,178658402395700
"""Stevo @ kI2bCqDOyl"" bets 20",2026-08-13T01:20:17.238Z,178658401723800
"""Spenny @ S8ENkJ8OQS"" checks",2026-08-13T01:20:15.776Z,178658401577600
"Turn: 9♠, 9♣, 6♥ [A♥]",2026-08-13T01:20:14.474Z,178658401447400
"""Spenny @ S8ENkJ8OQS"" calls 20",2026-08-13T01:20:13.628Z,178658401362800
"""georgeorgoe @ wgzHqTfHfQ"" folds",2026-08-13T01:20:09.401Z,178658400940100
"""Stevo @ kI2bCqDOyl"" bets 20",2026-08-13T01:20:03.577Z,178658400357700
"""Spenny @ S8ENkJ8OQS"" checks",2026-08-13T01:20:01.664Z,178658400166400
"Flop:  [9♠, 9♣, 6♥]",2026-08-13T01:19:58.556Z,178658399855600
"""Stevo @ kI2bCqDOyl"" checks",2026-08-13T01:19:57.670Z,178658399767000
"""Spenny @ S8ENkJ8OQS"" calls 20",2026-08-13T01:19:49.542Z,178658398954200
"""georgeorgoe @ wgzHqTfHfQ"" calls 20",2026-08-13T01:19:48.597Z,178658398859700
"""peelic @ vOeqrOXpLT"" folds",2026-08-13T01:19:47.753Z,178658398775300
"""Jonah @ xrBY5OZYCv"" folds",2026-08-13T01:19:35.776Z,178658397577600
"""Stevo @ kI2bCqDOyl"" posts a big blind of 20",2026-08-13T01:19:34.918Z,178658397491808
"""Spenny @ S8ENkJ8OQS"" posts a small blind of 10",2026-08-13T01:19:34.918Z,178658397491807
"Your hand is 6♣, 7♣",2026-08-13T01:19:34.918Z,178658397491803
"Player stacks: #2 ""Spenny @ S8ENkJ8OQS"" (1490) | #4 ""Stevo @ kI2bCqDOyl"" (1360) | #6 ""Jonah @ xrBY5OZYCv"" (800) | #7 ""peelic @ vOeqrOXpLT"" (900) | #8 ""georgeorgoe @ wgzHqTfHfQ"" (450)",2026-08-13T01:19:34.918Z,178658397491801
"-- starting hand #30 (id: ilclnewqoy3u)  No Limit Texas Hold'em (dealer: ""georgeorgoe @ wgzHqTfHfQ"") --",2026-08-13T01:19:34.918Z,178658397491800
"-- ending hand #29 --",2026-08-13T01:19:28.910Z,178658396891003
"""Stevo @ kI2bCqDOyl"" collected 180 from pot with Pair, 3's (combination: 8♠, Q♠, K♠, 3♥, 3♣)",2026-08-13T01:19:28.910Z,178658396891002
"""Stevo @ kI2bCqDOyl"" shows a 3♥, K♠.",2026-08-13T01:19:28.910Z,178658396891001
"""Spenny @ S8ENkJ8OQS"" shows a 5♠, 2♠.",2026-08-13T01:19:28.910Z,178658396891000
"""peelic @ vOeqrOXpLT"" checks",2026-08-13T01:19:28.057Z,178658396805700
"""Jonah @ xrBY5OZYCv"" checks",2026-08-13T01:19:24.210Z,178658396421000
"""Stevo @ kI2bCqDOyl"" checks",2026-08-13T01:19:23.303Z,178658396330300
"""Spenny @ S8ENkJ8OQS"" checks",2026-08-13T01:19:20.731Z,178658396073100
"River: 2♦, Q♠, 8♠, 3♣ [6♦]",2026-08-13T01:19:19.156Z,178658395915600
"""georgeorgoe @ wgzHqTfHfQ"" folds",2026-08-13T01:19:18.333Z,178658395833300
"""peelic @ vOeqrOXpLT"" calls 20",2026-08-13T01:19:17.470Z,178658395747000
"""Jonah @ xrBY5OZYCv"" calls 20",2026-08-13T01:19:10.048Z,178658395004800
"""Stevo @ kI2bCqDOyl"" calls 20",2026-08-13T01:19:08.131Z,178658394813100
"""Spenny @ S8ENkJ8OQS"" bets 20",2026-08-13T01:19:05.010Z,178658394501000
"""georgeorgoe @ wgzHqTfHfQ"" checks",2026-08-13T01:18:59.478Z,178658393947800
"Turn: 2♦, Q♠, 8♠ [3♣]",2026-08-13T01:18:55.798Z,178658393579800
"""peelic @ vOeqrOXpLT"" checks",2026-08-13T01:18:54.983Z,178658393498300
"""Jonah @ xrBY5OZYCv"" checks",2026-08-13T01:18:54.132Z,178658393413200
"""Stevo @ kI2bCqDOyl"" checks",2026-08-13T01:18:53.253Z,178658393325300
"""Spenny @ S8ENkJ8OQS"" checks",2026-08-13T01:18:52.308Z,178658393230800
"""georgeorgoe @ wgzHqTfHfQ"" checks",2026-08-13T01:18:48.785Z,178658392878500
"Flop:  [2♦, Q♠, 8♠]",2026-08-13T01:18:46.996Z,178658392699600
"""Spenny @ S8ENkJ8OQS"" checks",2026-08-13T01:18:46.162Z,178658392616200
"""georgeorgoe @ wgzHqTfHfQ"" calls 20",2026-08-13T01:18:45.231Z,178658392523100
"""peelic @ vOeqrOXpLT"" calls 20",2026-08-13T01:18:44.346Z,178658392434600
"""Jonah @ xrBY5OZYCv"" calls 20",2026-08-13T01:18:35.164Z,178658391516400
"""Stevo @ kI2bCqDOyl"" calls 20",2026-08-13T01:18:34.302Z,178658391430200
"""Spenny @ S8ENkJ8OQS"" posts a big blind of 20",2026-08-13T01:18:31.308Z,178658391130808
"""georgeorgoe @ wgzHqTfHfQ"" posts a small blind of 10",2026-08-13T01:18:31.308Z,178658391130807
"Your hand is 3♥, K♠",2026-08-13T01:18:31.308Z,178658391130803
"Player stacks: #2 ""Spenny @ S8ENkJ8OQS"" (1530) | #4 ""Stevo @ kI2bCqDOyl"" (1220) | #6 ""Jonah @ xrBY5OZYCv"" (840) | #7 ""peelic @ vOeqrOXpLT"" (940) | #8 ""georgeorgoe @ wgzHqTfHfQ"" (470)",2026-08-13T01:18:31.308Z,178658391130801
"-- starting hand #29 (id: ena1bnalgoep)  No Limit Texas Hold'em (dealer: ""peelic @ vOeqrOXpLT"") --",2026-08-13T01:18:31.308Z,178658391130800
"""georgeorgoe @ wgzHqTfHfQ"" shows a 6♦, 4♥.",2026-08-13T01:18:26.618Z,178658390661800
"-- ending hand #28 --",2026-08-13T01:18:24.700Z,178658390470002
"""Spenny @ S8ENkJ8OQS"" collected 80 from pot",2026-08-13T01:18:24.700Z,178658390470001
"Uncalled bet of 40 returned to ""Spenny @ S8ENkJ8OQS""",2026-08-13T01:18:24.700Z,178658390470000
"""georgeorgoe @ wgzHqTfHfQ"" folds",2026-08-13T01:18:23.887Z,178658390388700
"""peelic @ vOeqrOXpLT"" folds",2026-08-13T01:18:20.390Z,178658390039000
"""Stevo @ kI2bCqDOyl"" folds",2026-08-13T01:18:16.689Z,178658389668900
"""Spenny @ S8ENkJ8OQS"" bets 40",2026-08-13T01:18:11.440Z,178658389144000
"""georgeorgoe @ wgzHqTfHfQ"" checks",2026-08-13T01:18:08.321Z,178658388832100
"""peelic @ vOeqrOXpLT"" checks",2026-08-13T01:18:07.452Z,178658388745200
"Flop:  [3♠, A♠, J♦]",2026-08-13T01:17:56.387Z,178658387638700
"""georgeorgoe @ wgzHqTfHfQ"" checks",2026-08-13T01:17:55.514Z,178658387551400
"""peelic @ vOeqrOXpLT"" calls 20",2026-08-13T01:17:54.620Z,178658387462000
"""Jonah @ xrBY5OZYCv"" folds",2026-08-13T01:17:53.734Z,178658387373400
"""Stevo @ kI2bCqDOyl"" calls 20",2026-08-13T01:17:52.811Z,178658387281100
"""Spenny @ S8ENkJ8OQS"" calls 20",2026-08-13T01:17:51.894Z,178658387189400
"""georgeorgoe @ wgzHqTfHfQ"" posts a big blind of 20",2026-08-13T01:17:48.082Z,178658386808208
"""peelic @ vOeqrOXpLT"" posts a small blind of 10",2026-08-13T01:17:48.082Z,178658386808207
"Your hand is 9♥, Q♠",2026-08-13T01:17:48.082Z,178658386808203
"Player stacks: #2 ""Spenny @ S8ENkJ8OQS"" (1470) | #4 ""Stevo @ kI2bCqDOyl"" (1240) | #6 ""Jonah @ xrBY5OZYCv"" (840) | #7 ""peelic @ vOeqrOXpLT"" (960) | #8 ""georgeorgoe @ wgzHqTfHfQ"" (490)",2026-08-13T01:17:48.082Z,178658386808201
"-- starting hand #28 (id: axtww8xgyunu)  No Limit Texas Hold'em (dealer: ""Jonah @ xrBY5OZYCv"") --",2026-08-13T01:17:48.082Z,178658386808200
"""Stevo @ kI2bCqDOyl"" shows a 8♠, 7♣.",2026-08-13T01:17:42.404Z,178658386240400
"-- ending hand #27 --",2026-08-13T01:17:41.479Z,178658386147904
"""georgeorgoe @ wgzHqTfHfQ"" collected 490 from pot with Straight, Q High (combination: 8♥, 9♦, 10♥, J♣, Q♣)",2026-08-13T01:17:41.479Z,178658386147903
"""Jonah @ xrBY5OZYCv"" collected 490 from pot with Straight, Q High (combination: 8♥, 9♦, 10♥, J♣, Q♠)",2026-08-13T01:17:41.479Z,178658386147902
"""Jonah @ xrBY5OZYCv"" shows a 4♦, Q♠.",2026-08-13T01:17:41.479Z,178658386147901
"""georgeorgoe @ wgzHqTfHfQ"" shows a 7♠, Q♣.",2026-08-13T01:17:41.479Z,178658386147900
"""Jonah @ xrBY5OZYCv"" calls 390",2026-08-13T01:17:40.662Z,178658386066200
"""Stevo @ kI2bCqDOyl"" folds",2026-08-13T01:17:38.476Z,178658385847600
"""georgeorgoe @ wgzHqTfHfQ"" raises to 390 and go all in",2026-08-13T01:17:36.379Z,178658385637900
"""peelic @ vOeqrOXpLT"" folds",2026-08-13T01:17:33.800Z,178658385380000
"""Jonah @ xrBY5OZYCv"" raises to 120",2026-08-13T01:17:25.842Z,178658384584200
"""Stevo @ kI2bCqDOyl"" bets 40",2026-08-13T01:17:22.874Z,178658384287400
"""georgeorgoe @ wgzHqTfHfQ"" checks",2026-08-13T01:17:20.674Z,178658384067400
"""peelic @ vOeqrOXpLT"" checks",2026-08-13T01:17:16.910Z,178658383691000
"""Jonah @ xrBY5OZYCv"" checks",2026-08-13T01:17:14.423Z,178658383442300
"River: 4♣, 10♥, 8♥, J♣ [9♦]",2026-08-13T01:17:11.092Z,178658383109200
"""Stevo @ kI2bCqDOyl"" checks",2026-08-13T01:17:10.274Z,178658383027400
"""georgeorgoe @ wgzHqTfHfQ"" checks",2026-08-13T01:17:05.274Z,178658382527400
"""peelic @ vOeqrOXpLT"" checks",2026-08-13T01:17:01.987Z,178658382198700
"""Jonah @ xrBY5OZYCv"" checks",2026-08-13T01:16:53.233Z,178658381323300
"Turn: 4♣, 10♥, 8♥ [J♣]",2026-08-13T01:16:51.768Z,178658381176800
"""georgeorgoe @ wgzHqTfHfQ"" calls 20",2026-08-13T01:16:50.904Z,178658381090400
"""peelic @ vOeqrOXpLT"" calls 20",2026-08-13T01:16:46.796Z,178658380679600
"""Jonah @ xrBY5OZYCv"" calls 20",2026-08-13T01:16:38.918Z,178658379891800
"""Stevo @ kI2bCqDOyl"" bets 20",2026-08-13T01:16:36.194Z,178658379619400
"""georgeorgoe @ wgzHqTfHfQ"" checks",2026-08-13T01:16:32.952Z,178658379295200
"""peelic @ vOeqrOXpLT"" checks",2026-08-13T01:16:27.991Z,178658378799100
"""Jonah @ xrBY5OZYCv"" checks",2026-08-13T01:16:25.722Z,178658378572200
"Flop:  [4♣, 10♥, 8♥]",2026-08-13T01:16:24.181Z,178658378418100
"""peelic @ vOeqrOXpLT"" checks",2026-08-13T01:16:23.371Z,178658378337100
"""Jonah @ xrBY5OZYCv"" calls 20",2026-08-13T01:16:22.523Z,178658378252300
"""Stevo @ kI2bCqDOyl"" calls 20",2026-08-13T01:16:21.593Z,178658378159300
"""Spenny @ S8ENkJ8OQS"" folds",2026-08-13T01:16:20.661Z,178658378066100
"""georgeorgoe @ wgzHqTfHfQ"" calls 20",2026-08-13T01:16:19.734Z,178658377973400
"""peelic @ vOeqrOXpLT"" posts a big blind of 20",2026-08-13T01:16:17.774Z,178658377777408
"""Jonah @ xrBY5OZYCv"" posts a small blind of 10",2026-08-13T01:16:17.774Z,178658377777407
"Your hand is 8♠, 7♣",2026-08-13T01:16:17.774Z,178658377777403
"Player stacks: #2 ""Spenny @ S8ENkJ8OQS"" (1470) | #4 ""Stevo @ kI2bCqDOyl"" (1320) | #6 ""Jonah @ xrBY5OZYCv"" (780) | #7 ""peelic @ vOeqrOXpLT"" (1000) | #8 ""georgeorgoe @ wgzHqTfHfQ"" (430)",2026-08-13T01:16:17.774Z,178658377777401
"-- starting hand #27 (id: 4o3uadppsoji)  No Limit Texas Hold'em (dealer: ""Stevo @ kI2bCqDOyl"") --",2026-08-13T01:16:17.774Z,178658377777400
"""Stevo @ kI2bCqDOyl"" shows a J♦, 3♣.",2026-08-13T01:16:15.844Z,178658377584400
"-- ending hand #26 --",2026-08-13T01:16:14.115Z,178658377411502
"""Stevo @ kI2bCqDOyl"" collected 140 from pot",2026-08-13T01:16:14.115Z,178658377411501
"Uncalled bet of 60 returned to ""Stevo @ kI2bCqDOyl""",2026-08-13T01:16:14.115Z,178658377411500
"""Spenny @ S8ENkJ8OQS"" folds",2026-08-13T01:16:13.305Z,178658377330500
"""georgeorgoe @ wgzHqTfHfQ"" folds",2026-08-13T01:16:05.335Z,178658376533500
"""Stevo @ kI2bCqDOyl"" bets 60",2026-08-13T01:16:04.493Z,178658376449300
"River: Q♣, 10♠, 5♥, J♥ [J♠]",2026-08-13T01:16:01.444Z,178658376144400
"""Spenny @ S8ENkJ8OQS"" calls 20",2026-08-13T01:16:00.543Z,178658376054300
"""georgeorgoe @ wgzHqTfHfQ"" calls 20",2026-08-13T01:15:52.534Z,178658375253400
"""Jonah @ xrBY5OZYCv"" folds",2026-08-13T01:15:50.708Z,178658375070800
"""Stevo @ kI2bCqDOyl"" bets 20",2026-08-13T01:15:49.421Z,178658374942100
"Turn: Q♣, 10♠, 5♥ [J♥]",2026-08-13T01:15:43.091Z,178658374309100
"""Spenny @ S8ENkJ8OQS"" checks",2026-08-13T01:15:42.218Z,178658374221800
"""georgeorgoe @ wgzHqTfHfQ"" checks",2026-08-13T01:15:41.195Z,178658374119500
"""Jonah @ xrBY5OZYCv"" checks",2026-08-13T01:15:38.034Z,178658373803400
"""Stevo @ kI2bCqDOyl"" checks",2026-08-13T01:15:37.178Z,178658373717800
"Flop:  [Q♣, 10♠, 5♥]",2026-08-13T01:15:35.887Z,178658373588700
"""Jonah @ xrBY5OZYCv"" checks",2026-08-13T01:15:35.037Z,178658373503700
"""Stevo @ kI2bCqDOyl"" calls 20",2026-08-13T01:15:34.180Z,178658373418000
"""Spenny @ S8ENkJ8OQS"" calls 20",2026-08-13T01:15:33.043Z,178658373304300
"""georgeorgoe @ wgzHqTfHfQ"" calls 20",2026-08-13T01:15:32.115Z,178658373211500
"""peelic @ vOeqrOXpLT"" folds",2026-08-13T01:15:31.187Z,178658373118700
"""Jonah @ xrBY5OZYCv"" posts a big blind of 20",2026-08-13T01:15:20.181Z,178658372018108
"""Stevo @ kI2bCqDOyl"" posts a small blind of 10",2026-08-13T01:15:20.181Z,178658372018107
"Your hand is J♦, 3♣",2026-08-13T01:15:20.181Z,178658372018103
"Player stacks: #2 ""Spenny @ S8ENkJ8OQS"" (1510) | #4 ""Stevo @ kI2bCqDOyl"" (1220) | #6 ""Jonah @ xrBY5OZYCv"" (800) | #7 ""peelic @ vOeqrOXpLT"" (1000) | #8 ""georgeorgoe @ wgzHqTfHfQ"" (470)",2026-08-13T01:15:20.181Z,178658372018101
"-- starting hand #26 (id: zsdrex0wibi0)  No Limit Texas Hold'em (dealer: ""Spenny @ S8ENkJ8OQS"") --",2026-08-13T01:15:20.181Z,178658372018100
"""georgeorgoe @ wgzHqTfHfQ"" shows a A♣, 3♠.",2026-08-13T01:15:14.678Z,178658371467800
"-- ending hand #25 --",2026-08-13T01:15:13.662Z,178658371366202
"""Spenny @ S8ENkJ8OQS"" collected 220 from pot with Straight, A High (combination: 10♣, J♦, Q♦, K♣, A♥)",2026-08-13T01:15:13.662Z,178658371366201
"""Spenny @ S8ENkJ8OQS"" shows a 2♣, 10♣.",2026-08-13T01:15:13.662Z,178658371366200
"""georgeorgoe @ wgzHqTfHfQ"" calls 40",2026-08-13T01:15:12.842Z,178658371284200
"""Spenny @ S8ENkJ8OQS"" bets 40",2026-08-13T01:15:11.271Z,178658371127100
"River: A♥, Q♦, K♣, 5♣ [J♦]",2026-08-13T01:15:02.279Z,178658370227900
"""georgeorgoe @ wgzHqTfHfQ"" calls 40",2026-08-13T01:15:01.397Z,178658370139700
"""Stevo @ kI2bCqDOyl"" folds",2026-08-13T01:14:57.527Z,178658369752700
"""Spenny @ S8ENkJ8OQS"" bets 40",2026-08-13T01:14:56.602Z,178658369660200
"Turn: A♥, Q♦, K♣ [5♣]",2026-08-13T01:14:52.676Z,178658369267600
"""georgeorgoe @ wgzHqTfHfQ"" checks",2026-08-13T01:14:51.835Z,178658369183500
"""Stevo @ kI2bCqDOyl"" checks",2026-08-13T01:14:50.908Z,178658369090800
"""Spenny @ S8ENkJ8OQS"" checks",2026-08-13T01:14:49.154Z,178658368915400
"Flop:  [A♥, Q♦, K♣]",2026-08-13T01:14:46.406Z,178658368640600
"""Stevo @ kI2bCqDOyl"" checks",2026-08-13T01:14:45.576Z,178658368557600
"""Spenny @ S8ENkJ8OQS"" calls 20",2026-08-13T01:14:36.674Z,178658367667400
"""georgeorgoe @ wgzHqTfHfQ"" calls 20",2026-08-13T01:14:35.710Z,178658367571000
"""peelic @ vOeqrOXpLT"" folds",2026-08-13T01:14:34.823Z,178658367482300
"""Jonah @ xrBY5OZYCv"" folds",2026-08-13T01:14:33.955Z,178658367395500
"""Stevo @ kI2bCqDOyl"" posts a big blind of 20",2026-08-13T01:14:32.665Z,178658367266508
"""Spenny @ S8ENkJ8OQS"" posts a small blind of 10",2026-08-13T01:14:32.665Z,178658367266507
"Your hand is 9♥, 3♥",2026-08-13T01:14:32.665Z,178658367266503
"Player stacks: #2 ""Spenny @ S8ENkJ8OQS"" (1390) | #4 ""Stevo @ kI2bCqDOyl"" (1240) | #6 ""Jonah @ xrBY5OZYCv"" (800) | #7 ""peelic @ vOeqrOXpLT"" (1000) | #8 ""georgeorgoe @ wgzHqTfHfQ"" (570)",2026-08-13T01:14:32.665Z,178658367266501
"-- starting hand #25 (id: f8z81tmp2msx)  No Limit Texas Hold'em (dealer: ""georgeorgoe @ wgzHqTfHfQ"") --",2026-08-13T01:14:32.665Z,178658367266500
"""Spenny @ S8ENkJ8OQS"" shows a 2♣.",2026-08-13T01:14:29.238Z,178658366923800
"-- ending hand #24 --",2026-08-13T01:14:25.989Z,178658366598902
"""Spenny @ S8ENkJ8OQS"" collected 110 from pot",2026-08-13T01:14:25.989Z,178658366598901
"Uncalled bet of 40 returned to ""Spenny @ S8ENkJ8OQS""",2026-08-13T01:14:25.989Z,178658366598900
"""Stevo @ kI2bCqDOyl"" folds",2026-08-13T01:14:25.150Z,178658366515000
"""Spenny @ S8ENkJ8OQS"" bets 40",2026-08-13T01:14:24.134Z,178658366413400
"Turn: 2♠, 4♣, 2♥ [K♥]",2026-08-13T01:14:19.381Z,178658365938100
"""peelic @ vOeqrOXpLT"" folds",2026-08-13T01:14:18.529Z,178658365852900
"""Stevo @ kI2bCqDOyl"" calls 20",2026-08-13T01:14:12.739Z,178658365273900
"""Spenny @ S8ENkJ8OQS"" bets 20",2026-08-13T01:14:11.571Z,178658365157100
"Flop:  [2♠, 4♣, 2♥]",2026-08-13T01:14:07.680Z,178658364768000
"""Spenny @ S8ENkJ8OQS"" checks",2026-08-13T01:14:06.850Z,178658364685000
"""georgeorgoe @ wgzHqTfHfQ"" folds",2026-08-13T01:14:05.891Z,178658364589100
"""peelic @ vOeqrOXpLT"" calls 20",2026-08-13T01:14:04.478Z,178658364447800
"""Jonah @ xrBY5OZYCv"" folds",2026-08-13T01:14:03.637Z,178658364363700
"""Stevo @ kI2bCqDOyl"" calls 20",2026-08-13T01:14:02.756Z,178658364275600
"""Spenny @ S8ENkJ8OQS"" posts a big blind of 20",2026-08-13T01:13:58.804Z,178658363880408
"""georgeorgoe @ wgzHqTfHfQ"" posts a small blind of 10",2026-08-13T01:13:58.804Z,178658363880407
"Your hand is 6♠, J♠",2026-08-13T01:13:58.804Z,178658363880403
"Player stacks: #2 ""Spenny @ S8ENkJ8OQS"" (1320) | #4 ""Stevo @ kI2bCqDOyl"" (1280) | #6 ""Jonah @ xrBY5OZYCv"" (800) | #7 ""peelic @ vOeqrOXpLT"" (1020) | #8 ""georgeorgoe @ wgzHqTfHfQ"" (580)",2026-08-13T01:13:58.804Z,178658363880401
"-- starting hand #24 (id: lrqvyqrfxwc7)  No Limit Texas Hold'em (dealer: ""peelic @ vOeqrOXpLT"") --",2026-08-13T01:13:58.804Z,178658363880400
"""georgeorgoe @ wgzHqTfHfQ"" shows a A♣, 5♣.",2026-08-13T01:13:53.016Z,178658363301600
"-- ending hand #23 --",2026-08-13T01:13:52.176Z,178658363217602
"""georgeorgoe @ wgzHqTfHfQ"" collected 40 from pot",2026-08-13T01:13:52.176Z,178658363217601
"Uncalled bet of 20 returned to ""georgeorgoe @ wgzHqTfHfQ""",2026-08-13T01:13:52.176Z,178658363217600
"""peelic @ vOeqrOXpLT"" folds",2026-08-13T01:13:51.352Z,178658363135200
"""georgeorgoe @ wgzHqTfHfQ"" bets 20",2026-08-13T01:13:43.537Z,178658362353700
"""peelic @ vOeqrOXpLT"" checks",2026-08-13T01:13:40.523Z,178658362052300
"Flop:  [10♥, K♦, 5♥]",2026-08-13T01:13:38.767Z,178658361876700
"""georgeorgoe @ wgzHqTfHfQ"" checks",2026-08-13T01:13:37.917Z,178658361791700
"""peelic @ vOeqrOXpLT"" calls 20",2026-08-13T01:13:36.998Z,178658361699800
"""Jonah @ xrBY5OZYCv"" folds",2026-08-13T01:13:36.139Z,178658361613900
"""Stevo @ kI2bCqDOyl"" folds",2026-08-13T01:13:35.215Z,178658361521500
"""Spenny @ S8ENkJ8OQS"" folds",2026-08-13T01:13:30.950Z,178658361095000
"""georgeorgoe @ wgzHqTfHfQ"" posts a big blind of 20",2026-08-13T01:13:25.076Z,178658360507608
"""peelic @ vOeqrOXpLT"" posts a small blind of 10",2026-08-13T01:13:25.076Z,178658360507607
"Your hand is 4♦, 3♣",2026-08-13T01:13:25.076Z,178658360507603
"Player stacks: #2 ""Spenny @ S8ENkJ8OQS"" (1320) | #4 ""Stevo @ kI2bCqDOyl"" (1280) | #6 ""Jonah @ xrBY5OZYCv"" (800) | #7 ""peelic @ vOeqrOXpLT"" (1040) | #8 ""georgeorgoe @ wgzHqTfHfQ"" (560)",2026-08-13T01:13:25.076Z,178658360507601
"-- starting hand #23 (id: r8w0oahbqm5h)  No Limit Texas Hold'em (dealer: ""Jonah @ xrBY5OZYCv"") --",2026-08-13T01:13:25.076Z,178658360507600
"""georgeorgoe @ wgzHqTfHfQ"" shows a 10♥, 3♣.",2026-08-13T01:13:18.770Z,178658359877000
"-- ending hand #22 --",2026-08-13T01:13:18.469Z,178658359846902
"""Stevo @ kI2bCqDOyl"" collected 680 from pot with Three of a Kind, 7's (combination: 5♣, A♠, 7♣, 7♦, 7♥)",2026-08-13T01:13:18.469Z,178658359846901
"""Stevo @ kI2bCqDOyl"" shows a 7♣, 7♦.",2026-08-13T01:13:18.469Z,178658359846900
"""peelic @ vOeqrOXpLT"" calls 120",2026-08-13T01:13:17.585Z,178658359758500
"""Stevo @ kI2bCqDOyl"" bets 120",2026-08-13T01:13:10.678Z,178658359067800
"""peelic @ vOeqrOXpLT"" checks",2026-08-13T01:13:06.985Z,178658358698500
"River: 2♠, 4♥, A♠, 5♣ [7♥]",2026-08-13T01:13:05.536Z,178658358553600
"""peelic @ vOeqrOXpLT"" calls 120",2026-08-13T01:13:04.678Z,178658358467800
"""Stevo @ kI2bCqDOyl"" raises to 120",2026-08-13T01:12:56.752Z,178658357675200
"""Spenny @ S8ENkJ8OQS"" folds",2026-08-13T01:12:52.735Z,178658357273500
"""peelic @ vOeqrOXpLT"" bets 60",2026-08-13T01:12:48.610Z,178658356861000
"Turn: 2♠, 4♥, A♠ [5♣]",2026-08-13T01:12:40.088Z,178658356008800
"""Spenny @ S8ENkJ8OQS"" calls 40",2026-08-13T01:12:39.271Z,178658355927100
"""peelic @ vOeqrOXpLT"" calls 40",2026-08-13T01:12:31.647Z,178658355164700
"""Jonah @ xrBY5OZYCv"" folds",2026-08-13T01:12:23.150Z,178658354315000
"""Stevo @ kI2bCqDOyl"" bets 40",2026-08-13T01:12:18.539Z,178658353853900
"""Spenny @ S8ENkJ8OQS"" checks",2026-08-13T01:12:15.685Z,178658353568500
"""peelic @ vOeqrOXpLT"" checks",2026-08-13T01:12:12.248Z,178658353224800
"""Jonah @ xrBY5OZYCv"" checks",2026-08-13T01:12:04.127Z,178658352412700
"Flop:  [2♠, 4♥, A♠]",2026-08-13T01:12:02.540Z,178658352254000
"""peelic @ vOeqrOXpLT"" checks",2026-08-13T01:12:01.655Z,178658352165500
"""Jonah @ xrBY5OZYCv"" calls 20",2026-08-13T01:11:56.814Z,178658351681400
"""Stevo @ kI2bCqDOyl"" calls 20",2026-08-13T01:11:55.851Z,178658351585100
"""Spenny @ S8ENkJ8OQS"" calls 20",2026-08-13T01:11:54.894Z,178658351489400
"""georgeorgoe @ wgzHqTfHfQ"" folds",2026-08-13T01:11:48.868Z,178658350886800
"""peelic @ vOeqrOXpLT"" posts a big blind of 20",2026-08-13T01:11:43.309Z,178658350330908
"""Jonah @ xrBY5OZYCv"" posts a small blind of 10",2026-08-13T01:11:43.309Z,178658350330907
"Your hand is 7♣, 7♦",2026-08-13T01:11:43.309Z,178658350330903
"Player stacks: #2 ""Spenny @ S8ENkJ8OQS"" (1380) | #4 ""Stevo @ kI2bCqDOyl"" (900) | #6 ""Jonah @ xrBY5OZYCv"" (820) | #7 ""peelic @ vOeqrOXpLT"" (1340) | #8 ""georgeorgoe @ wgzHqTfHfQ"" (560)",2026-08-13T01:11:43.309Z,178658350330901
"-- starting hand #22 (id: lrhsrxdm9krz)  No Limit Texas Hold'em (dealer: ""Stevo @ kI2bCqDOyl"") --",2026-08-13T01:11:43.309Z,178658350330900
"-- ending hand #21 --",2026-08-13T01:11:40.312Z,178658350031202
"""Stevo @ kI2bCqDOyl"" collected 240 from pot",2026-08-13T01:11:40.312Z,178658350031201
"Uncalled bet of 80 returned to ""Stevo @ kI2bCqDOyl""",2026-08-13T01:11:40.312Z,178658350031200
"""georgeorgoe @ wgzHqTfHfQ"" folds",2026-08-13T01:11:39.507Z,178658349950700
"""Stevo @ kI2bCqDOyl"" bets 80",2026-08-13T01:11:32.967Z,178658349296700
"River: A♠, 8♠, 5♠, 7♣ [4♦]",2026-08-13T01:11:30.307Z,178658349030700
"""Spenny @ S8ENkJ8OQS"" folds",2026-08-13T01:11:29.345Z,178658348934500
"""georgeorgoe @ wgzHqTfHfQ"" calls 40",2026-08-13T01:11:19.132Z,178658347913200
"""Stevo @ kI2bCqDOyl"" bets 40",2026-08-13T01:11:15.161Z,178658347516100
"Turn: A♠, 8♠, 5♠ [7♣]",2026-08-13T01:11:12.693Z,178658347269300
"""Spenny @ S8ENkJ8OQS"" calls 20",2026-08-13T01:11:11.774Z,178658347177400
"""georgeorgoe @ wgzHqTfHfQ"" calls 20",2026-08-13T01:11:10.733Z,178658347073300
"""peelic @ vOeqrOXpLT"" folds",2026-08-13T01:11:09.892Z,178658346989200
"""Jonah @ xrBY5OZYCv"" folds",2026-08-13T01:10:57.896Z,178658345789600
"""Stevo @ kI2bCqDOyl"" bets 20",2026-08-13T01:10:56.719Z,178658345671900
"Flop:  [A♠, 8♠, 5♠]",2026-08-13T01:10:55.179Z,178658345517900
"""Jonah @ xrBY5OZYCv"" checks",2026-08-13T01:10:54.335Z,178658345433500
"""Stevo @ kI2bCqDOyl"" calls 20",2026-08-13T01:10:53.384Z,178658345338400
"""Spenny @ S8ENkJ8OQS"" calls 20",2026-08-13T01:10:52.333Z,178658345233300
"""georgeorgoe @ wgzHqTfHfQ"" calls 20",2026-08-13T01:10:43.864Z,178658344386400
"""peelic @ vOeqrOXpLT"" calls 20",2026-08-13T01:10:40.348Z,178658344034800
"""Jonah @ xrBY5OZYCv"" posts a big blind of 20",2026-08-13T01:10:35.664Z,178658343566408
"""Stevo @ kI2bCqDOyl"" posts a small blind of 10",2026-08-13T01:10:35.664Z,178658343566407
"Your hand is A♦, 8♣",2026-08-13T01:10:35.664Z,178658343566403
"Player stacks: #2 ""Spenny @ S8ENkJ8OQS"" (1420) | #4 ""Stevo @ kI2bCqDOyl"" (740) | #6 ""Jonah @ xrBY5OZYCv"" (840) | #7 ""peelic @ vOeqrOXpLT"" (1360) | #8 ""georgeorgoe @ wgzHqTfHfQ"" (640)",2026-08-13T01:10:35.664Z,178658343566401
"-- starting hand #21 (id: iutpue3wdiuh)  No Limit Texas Hold'em (dealer: ""Spenny @ S8ENkJ8OQS"") --",2026-08-13T01:10:35.664Z,178658343566400
"-- ending hand #20 --",2026-08-13T01:10:29.670Z,178658342967002
"""Spenny @ S8ENkJ8OQS"" collected 60 from pot",2026-08-13T01:10:29.670Z,178658342967001
"Uncalled bet of 20 returned to ""Spenny @ S8ENkJ8OQS""",2026-08-13T01:10:29.670Z,178658342967000
"""Jonah @ xrBY5OZYCv"" folds",2026-08-13T01:10:28.803Z,178658342880300
"""Stevo @ kI2bCqDOyl"" folds",2026-08-13T01:10:27.174Z,178658342717400
"""Spenny @ S8ENkJ8OQS"" bets 20",2026-08-13T01:10:26.147Z,178658342614700
"Flop:  [A♦, K♠, 6♣]",2026-08-13T01:10:22.196Z,178658342219600
"""Stevo @ kI2bCqDOyl"" checks",2026-08-13T01:10:21.382Z,178658342138200
"""Spenny @ S8ENkJ8OQS"" calls 20",2026-08-13T01:10:20.435Z,178658342043500
"""georgeorgoe @ wgzHqTfHfQ"" folds",2026-08-13T01:10:19.496Z,178658341949600
"""peelic @ vOeqrOXpLT"" folds",2026-08-13T01:10:18.605Z,178658341860500
"""Jonah @ xrBY5OZYCv"" calls 20",2026-08-13T01:10:12.226Z,178658341222600
"""Stevo @ kI2bCqDOyl"" posts a big blind of 20",2026-08-13T01:10:08.856Z,178658340885608
"""Spenny @ S8ENkJ8OQS"" posts a small blind of 10",2026-08-13T01:10:08.856Z,178658340885607
"Your hand is 10♦, 2♦",2026-08-13T01:10:08.856Z,178658340885603
"Player stacks: #2 ""Spenny @ S8ENkJ8OQS"" (1380) | #4 ""Stevo @ kI2bCqDOyl"" (760) | #6 ""Jonah @ xrBY5OZYCv"" (860) | #7 ""peelic @ vOeqrOXpLT"" (1360) | #8 ""georgeorgoe @ wgzHqTfHfQ"" (640)",2026-08-13T01:10:08.856Z,178658340885601
"-- starting hand #20 (id: fnnity91xc9n)  No Limit Texas Hold'em (dealer: ""georgeorgoe @ wgzHqTfHfQ"") --",2026-08-13T01:10:08.856Z,178658340885600
"Undealt cards: 3♥, 6♦, A♠ [3♦, K♣]",2026-08-13T01:10:04.240Z,178658340424000
"-- ending hand #19 --",2026-08-13T01:10:02.897Z,178658340289702
"""Stevo @ kI2bCqDOyl"" collected 80 from pot",2026-08-13T01:10:02.897Z,178658340289701
"Uncalled bet of 20 returned to ""Stevo @ kI2bCqDOyl""",2026-08-13T01:10:02.897Z,178658340289700
"""Spenny @ S8ENkJ8OQS"" folds",2026-08-13T01:10:02.042Z,178658340204200
"""georgeorgoe @ wgzHqTfHfQ"" folds",2026-08-13T01:09:57.001Z,178658339700100
"""peelic @ vOeqrOXpLT"" folds",2026-08-13T01:09:53.607Z,178658339360700
"""Stevo @ kI2bCqDOyl"" bets 20",2026-08-13T01:09:48.848Z,178658338884800
"""Spenny @ S8ENkJ8OQS"" checks",2026-08-13T01:09:47.554Z,178658338755400
"""georgeorgoe @ wgzHqTfHfQ"" checks",2026-08-13T01:09:46.631Z,178658338663100
"Flop:  [3♥, 6♦, A♠]",2026-08-13T01:09:43.270Z,178658338327000
"""Spenny @ S8ENkJ8OQS"" checks",2026-08-13T01:09:42.412Z,178658338241200
"""georgeorgoe @ wgzHqTfHfQ"" calls 20",2026-08-13T01:09:41.500Z,178658338150000
"""peelic @ vOeqrOXpLT"" calls 20",2026-08-13T01:09:40.592Z,178658338059200
"""Jonah @ xrBY5OZYCv"" folds",2026-08-13T01:09:35.164Z,178658337516400
"""Stevo @ kI2bCqDOyl"" calls 20",2026-08-13T01:09:34.270Z,178658337427000
"""Spenny @ S8ENkJ8OQS"" posts a big blind of 20",2026-08-13T01:09:33.061Z,178658337306108
"""georgeorgoe @ wgzHqTfHfQ"" posts a small blind of 10",2026-08-13T01:09:33.061Z,178658337306107
"Your hand is 5♦, A♣",2026-08-13T01:09:33.061Z,178658337306103
"Player stacks: #2 ""Spenny @ S8ENkJ8OQS"" (1400) | #4 ""Stevo @ kI2bCqDOyl"" (700) | #6 ""Jonah @ xrBY5OZYCv"" (860) | #7 ""peelic @ vOeqrOXpLT"" (1380) | #8 ""georgeorgoe @ wgzHqTfHfQ"" (660)",2026-08-13T01:09:33.061Z,178658337306101
"-- starting hand #19 (id: kohw2bsyr6hr)  No Limit Texas Hold'em (dealer: ""peelic @ vOeqrOXpLT"") --",2026-08-13T01:09:33.061Z,178658337306100
"""georgeorgoe @ wgzHqTfHfQ"" shows a 6♦, K♣.",2026-08-13T01:09:31.875Z,178658337187500
"""Stevo @ kI2bCqDOyl"" shows a Q♦, 3♣.",2026-08-13T01:09:27.638Z,178658336763800
"-- ending hand #18 --",2026-08-13T01:09:26.056Z,178658336605602
"""peelic @ vOeqrOXpLT"" collected 180 from pot with Pair, A's (combination: 6♥, 7♣, Q♠, A♠, A♣)",2026-08-13T01:09:26.056Z,178658336605601
"""peelic @ vOeqrOXpLT"" shows a A♠, 4♦.",2026-08-13T01:09:26.056Z,178658336605600
"""Stevo @ kI2bCqDOyl"" calls 40",2026-08-13T01:09:25.154Z,178658336515400
"""peelic @ vOeqrOXpLT"" bets 40",2026-08-13T01:09:23.790Z,178658336379000
"River: 5♣, 7♣, 6♥, Q♠ [A♣]",2026-08-13T01:09:20.945Z,178658336094500
"""georgeorgoe @ wgzHqTfHfQ"" folds",2026-08-13T01:09:20.139Z,178658336013900
"""peelic @ vOeqrOXpLT"" calls 20",2026-08-13T01:09:16.658Z,178658335665800
"""Stevo @ kI2bCqDOyl"" bets 20",2026-08-13T01:09:14.283Z,178658335428300
"""georgeorgoe @ wgzHqTfHfQ"" checks",2026-08-13T01:09:12.813Z,178658335281300
"""peelic @ vOeqrOXpLT"" checks",2026-08-13T01:09:11.546Z,178658335154600
"Turn: 5♣, 7♣, 6♥ [Q♠]",2026-08-13T01:09:06.535Z,178658334653500
"""Stevo @ kI2bCqDOyl"" checks",2026-08-13T01:09:05.697Z,178658334569700
"""georgeorgoe @ wgzHqTfHfQ"" checks",2026-08-13T01:09:03.051Z,178658334305100
"""peelic @ vOeqrOXpLT"" checks",2026-08-13T01:08:59.885Z,178658333988500
"Flop:  [5♣, 7♣, 6♥]",2026-08-13T01:08:58.316Z,178658333831600
"""georgeorgoe @ wgzHqTfHfQ"" checks",2026-08-13T01:08:57.493Z,178658333749300
"""peelic @ vOeqrOXpLT"" calls 20",2026-08-13T01:08:56.613Z,178658333661300
"""Jonah @ xrBY5OZYCv"" folds",2026-08-13T01:08:55.738Z,178658333573800
"""Stevo @ kI2bCqDOyl"" calls 20",2026-08-13T01:08:52.887Z,178658333288700
"""Spenny @ S8ENkJ8OQS"" folds",2026-08-13T01:08:51.969Z,178658333196900
"""georgeorgoe @ wgzHqTfHfQ"" posts a big blind of 20",2026-08-13T01:08:46.111Z,178658332611108
"""peelic @ vOeqrOXpLT"" posts a small blind of 10",2026-08-13T01:08:46.111Z,178658332611107
"Your hand is Q♦, 3♣",2026-08-13T01:08:46.111Z,178658332611103
"Player stacks: #2 ""Spenny @ S8ENkJ8OQS"" (1400) | #4 ""Stevo @ kI2bCqDOyl"" (780) | #6 ""Jonah @ xrBY5OZYCv"" (860) | #7 ""peelic @ vOeqrOXpLT"" (1280) | #8 ""georgeorgoe @ wgzHqTfHfQ"" (680)",2026-08-13T01:08:46.111Z,178658332611101
"-- starting hand #18 (id: hi0ibx5zgxum)  No Limit Texas Hold'em (dealer: ""Jonah @ xrBY5OZYCv"") --",2026-08-13T01:08:46.111Z,178658332611100
"-- ending hand #17 --",2026-08-13T01:08:43.117Z,178658332311702
"""peelic @ vOeqrOXpLT"" collected 280 from pot",2026-08-13T01:08:43.117Z,178658332311701
"Uncalled bet of 80 returned to ""peelic @ vOeqrOXpLT""",2026-08-13T01:08:43.117Z,178658332311700
"""Stevo @ kI2bCqDOyl"" folds",2026-08-13T01:08:42.289Z,178658332228900
"""peelic @ vOeqrOXpLT"" bets 80",2026-08-13T01:08:40.370Z,178658332037000
"River: 3♣, 7♦, 5♦, 9♦ [10♥]",2026-08-13T01:08:34.111Z,178658331411100
"""Jonah @ xrBY5OZYCv"" folds",2026-08-13T01:08:33.254Z,178658331325400
"""Stevo @ kI2bCqDOyl"" calls 50",2026-08-13T01:08:32.382Z,178658331238200
"""georgeorgoe @ wgzHqTfHfQ"" folds",2026-08-13T01:08:31.034Z,178658331103400
"""peelic @ vOeqrOXpLT"" bets 50",2026-08-13T01:08:30.174Z,178658331017400
"""Jonah @ xrBY5OZYCv"" checks",2026-08-13T01:08:22.919Z,178658330291900
"Turn: 3♣, 7♦, 5♦ [9♦]",2026-08-13T01:08:21.100Z,178658330110000
"""Spenny @ S8ENkJ8OQS"" folds",2026-08-13T01:08:20.209Z,178658330020900
"""georgeorgoe @ wgzHqTfHfQ"" calls 20",2026-08-13T01:08:14.423Z,178658329442300
"""peelic @ vOeqrOXpLT"" calls 20",2026-08-13T01:08:13.587Z,178658329358700
"""Jonah @ xrBY5OZYCv"" calls 20",2026-08-13T01:08:10.116Z,178658329011600
"""Stevo @ kI2bCqDOyl"" bets 20",2026-08-13T01:08:08.530Z,178658328853000
"""Spenny @ S8ENkJ8OQS"" checks",2026-08-13T01:08:04.725Z,178658328472500
"""georgeorgoe @ wgzHqTfHfQ"" checks",2026-08-13T01:08:00.509Z,178658328050900
"""peelic @ vOeqrOXpLT"" checks",2026-08-13T01:07:59.590Z,178658327959000
"""Jonah @ xrBY5OZYCv"" checks",2026-08-13T01:07:51.727Z,178658327172700
"Flop:  [3♣, 7♦, 5♦]",2026-08-13T01:07:45.682Z,178658326568200
"""peelic @ vOeqrOXpLT"" checks",2026-08-13T01:07:44.874Z,178658326487400
"""Jonah @ xrBY5OZYCv"" calls 20",2026-08-13T01:07:37.423Z,178658325742300
"""Stevo @ kI2bCqDOyl"" calls 20",2026-08-13T01:07:36.532Z,178658325653200
"""Spenny @ S8ENkJ8OQS"" calls 20",2026-08-13T01:07:33.147Z,178658325314700
"""georgeorgoe @ wgzHqTfHfQ"" calls 20",2026-08-13T01:07:32.232Z,178658325223200
"""peelic @ vOeqrOXpLT"" posts a big blind of 20",2026-08-13T01:07:30.358Z,178658325035808
"""Jonah @ xrBY5OZYCv"" posts a small blind of 10",2026-08-13T01:07:30.358Z,178658325035807
"Your hand is J♦, 7♠",2026-08-13T01:07:30.358Z,178658325035803
"Player stacks: #2 ""Spenny @ S8ENkJ8OQS"" (1420) | #4 ""Stevo @ kI2bCqDOyl"" (870) | #6 ""Jonah @ xrBY5OZYCv"" (900) | #7 ""peelic @ vOeqrOXpLT"" (1090) | #8 ""georgeorgoe @ wgzHqTfHfQ"" (720)",2026-08-13T01:07:30.358Z,178658325035801
"-- starting hand #17 (id: lvswedpedl87)  No Limit Texas Hold'em (dealer: ""Stevo @ kI2bCqDOyl"") --",2026-08-13T01:07:30.358Z,178658325035800
"Undealt cards: 3♥, K♣, 6♠ [8♠, 7♦]",2026-08-13T01:07:25.194Z,178658324519400
"-- ending hand #16 --",2026-08-13T01:07:24.419Z,178658324441902
"""Jonah @ xrBY5OZYCv"" collected 60 from pot",2026-08-13T01:07:24.419Z,178658324441901
"Uncalled bet of 40 returned to ""Jonah @ xrBY5OZYCv""",2026-08-13T01:07:24.419Z,178658324441900
"""Stevo @ kI2bCqDOyl"" folds",2026-08-13T01:07:23.611Z,178658324361100
"""peelic @ vOeqrOXpLT"" folds",2026-08-13T01:07:19.745Z,178658323974500
"""Jonah @ xrBY5OZYCv"" bets 40",2026-08-13T01:07:15.579Z,178658323557900
"""Stevo @ kI2bCqDOyl"" checks",2026-08-13T01:07:11.450Z,178658323145000
"Flop:  [3♥, K♣, 6♠]",2026-08-13T01:07:02.423Z,178658322242300
"""Jonah @ xrBY5OZYCv"" checks",2026-08-13T01:07:01.546Z,178658322154600
"""Stevo @ kI2bCqDOyl"" calls 20",2026-08-13T01:07:00.555Z,178658322055500
"""Spenny @ S8ENkJ8OQS"" folds",2026-08-13T01:06:59.554Z,178658321955400
"""georgeorgoe @ wgzHqTfHfQ"" folds",2026-08-13T01:06:58.633Z,178658321863300
"""peelic @ vOeqrOXpLT"" calls 20",2026-08-13T01:06:53.541Z,178658321354100
"""Jonah @ xrBY5OZYCv"" posts a big blind of 20",2026-08-13T01:06:50.470Z,178658321047008
"""Stevo @ kI2bCqDOyl"" posts a small blind of 10",2026-08-13T01:06:50.470Z,178658321047007
"Your hand is Q♣, 8♥",2026-08-13T01:06:50.470Z,178658321047003
"Player stacks: #2 ""Spenny @ S8ENkJ8OQS"" (1420) | #4 ""Stevo @ kI2bCqDOyl"" (890) | #6 ""Jonah @ xrBY5OZYCv"" (860) | #7 ""peelic @ vOeqrOXpLT"" (1110) | #8 ""georgeorgoe @ wgzHqTfHfQ"" (720)",2026-08-13T01:06:50.470Z,178658321047001
"-- starting hand #16 (id: dsvawig3ubng)  No Limit Texas Hold'em (dealer: ""Spenny @ S8ENkJ8OQS"") --",2026-08-13T01:06:50.470Z,178658321047000
"""Stevo @ kI2bCqDOyl"" shows a 8♥, 2♠.",2026-08-13T01:06:45.635Z,178658320563500
"-- ending hand #15 --",2026-08-13T01:06:43.965Z,178658320396502
"""Spenny @ S8ENkJ8OQS"" collected 530 from pot with Two Pair, 9's & 7's (combination: A♠, 7♠, 7♦, 9♣, 9♥)",2026-08-13T01:06:43.965Z,178658320396501
"""Spenny @ S8ENkJ8OQS"" shows a 7♠, 9♣.",2026-08-13T01:06:43.965Z,178658320396500
"""peelic @ vOeqrOXpLT"" calls 40",2026-08-13T01:06:43.093Z,178658320309300
"""Jonah @ xrBY5OZYCv"" folds",2026-08-13T01:06:37.116Z,178658319711600
"""Spenny @ S8ENkJ8OQS"" bets 40",2026-08-13T01:06:36.216Z,178658319621600
"River: 7♦, 10♦, A♠, 9♥ [J♠]",2026-08-13T01:06:33.160Z,178658319316000
"""peelic @ vOeqrOXpLT"" calls 60",2026-08-13T01:06:32.307Z,178658319230700
"""Jonah @ xrBY5OZYCv"" calls 60",2026-08-13T01:06:28.467Z,178658318846700
"""Spenny @ S8ENkJ8OQS"" bets 60",2026-08-13T01:06:24.132Z,178658318413200
"Turn: 7♦, 10♦, A♠ [9♥]",2026-08-13T01:06:20.555Z,178658318055500
"""Spenny @ S8ENkJ8OQS"" calls 30",2026-08-13T01:06:19.650Z,178658317965000
"""georgeorgoe @ wgzHqTfHfQ"" folds",2026-08-13T01:06:10.627Z,178658317062700
"""peelic @ vOeqrOXpLT"" calls 30",2026-08-13T01:06:06.726Z,178658316672600
"""Jonah @ xrBY5OZYCv"" bets 30",2026-08-13T01:06:04.650Z,178658316465000
"""Spenny @ S8ENkJ8OQS"" checks",2026-08-13T01:05:58.964Z,178658315896400
"Flop:  [7♦, 10♦, A♠]",2026-08-13T01:05:57.406Z,178658315740600
"""Stevo @ kI2bCqDOyl"" folds",2026-08-13T01:05:56.594Z,178658315659400
"""Spenny @ S8ENkJ8OQS"" calls 40",2026-08-13T01:05:52.038Z,178658315203800
"""georgeorgoe @ wgzHqTfHfQ"" calls 40",2026-08-13T01:05:51.102Z,178658315110200
"""peelic @ vOeqrOXpLT"" calls 40",2026-08-13T01:05:47.900Z,178658314790000
"""Jonah @ xrBY5OZYCv"" raises to 40",2026-08-13T01:05:44.207Z,178658314420700
"""Stevo @ kI2bCqDOyl"" posts a big blind of 20",2026-08-13T01:05:39.360Z,178658313936008
"""Spenny @ S8ENkJ8OQS"" posts a small blind of 10",2026-08-13T01:05:39.360Z,178658313936007
"Your hand is 8♥, 2♠",2026-08-13T01:05:39.360Z,178658313936003
"Player stacks: #2 ""Spenny @ S8ENkJ8OQS"" (1060) | #4 ""Stevo @ kI2bCqDOyl"" (910) | #6 ""Jonah @ xrBY5OZYCv"" (990) | #7 ""peelic @ vOeqrOXpLT"" (1280) | #8 ""georgeorgoe @ wgzHqTfHfQ"" (760)",2026-08-13T01:05:39.360Z,178658313936001
"-- starting hand #15 (id: ob6wbulz4odq)  No Limit Texas Hold'em (dealer: ""georgeorgoe @ wgzHqTfHfQ"") --",2026-08-13T01:05:39.360Z,178658313936000
"""Spenny @ S8ENkJ8OQS"" shows a K♦, 5♦.",2026-08-13T01:05:34.496Z,178658313449600
"-- ending hand #14 --",2026-08-13T01:05:32.790Z,178658313279002
"""Jonah @ xrBY5OZYCv"" collected 130 from pot with A High (combination: 8♣, 9♥, 10♠, Q♠, A♦)",2026-08-13T01:05:32.790Z,178658313279001
"""Jonah @ xrBY5OZYCv"" shows a Q♠, A♦.",2026-08-13T01:05:32.790Z,178658313279000
"""Spenny @ S8ENkJ8OQS"" calls 20",2026-08-13T01:05:31.948Z,178658313194800
"""Jonah @ xrBY5OZYCv"" bets 20",2026-08-13T01:05:23.532Z,178658312353200
"""Spenny @ S8ENkJ8OQS"" checks",2026-08-13T01:05:21.797Z,178658312179700
"River: 9♥, 10♠, 8♣, 4♥ [7♦]",2026-08-13T01:05:17.780Z,178658311778000
"""Jonah @ xrBY5OZYCv"" checks",2026-08-13T01:05:16.956Z,178658311695600
"""Spenny @ S8ENkJ8OQS"" checks",2026-08-13T01:05:13.822Z,178658311382200
"Turn: 9♥, 10♠, 8♣ [4♥]",2026-08-13T01:05:12.102Z,178658311210200
"""Jonah @ xrBY5OZYCv"" checks",2026-08-13T01:05:11.260Z,178658311126000
"""Spenny @ S8ENkJ8OQS"" checks",2026-08-13T01:05:07.893Z,178658310789300
"Flop:  [9♥, 10♠, 8♣]",2026-08-13T01:05:03.978Z,178658310397800
"""Spenny @ S8ENkJ8OQS"" calls 40",2026-08-13T01:05:03.137Z,178658310313700
"""georgeorgoe @ wgzHqTfHfQ"" folds",2026-08-13T01:04:57.491Z,178658309749100
"""peelic @ vOeqrOXpLT"" folds",2026-08-13T01:04:56.659Z,178658309665900
"""Jonah @ xrBY5OZYCv"" raises to 40",2026-08-13T01:04:55.805Z,178658309580500
"""Stevo @ kI2bCqDOyl"" folds",2026-08-13T01:04:49.477Z,178658308947700
"""Spenny @ S8ENkJ8OQS"" posts a big blind of 20",2026-08-13T01:04:46.219Z,178658308621908
"""georgeorgoe @ wgzHqTfHfQ"" posts a small blind of 10",2026-08-13T01:04:46.219Z,178658308621907
"Your hand is 8♦, 2♣",2026-08-13T01:04:46.219Z,178658308621903
"Player stacks: #2 ""Spenny @ S8ENkJ8OQS"" (1120) | #4 ""Stevo @ kI2bCqDOyl"" (910) | #6 ""Jonah @ xrBY5OZYCv"" (920) | #7 ""peelic @ vOeqrOXpLT"" (1280) | #8 ""georgeorgoe @ wgzHqTfHfQ"" (770)",2026-08-13T01:04:46.219Z,178658308621901
"-- starting hand #14 (id: e5c3lfi4uspi)  No Limit Texas Hold'em (dealer: ""peelic @ vOeqrOXpLT"") --",2026-08-13T01:04:46.219Z,178658308621900
"-- ending hand #13 --",2026-08-13T01:04:40.188Z,178658308018803
"""Spenny @ S8ENkJ8OQS"" collected 360 from pot with Pair, A's (combination: 10♥, J♣, K♠, A♠, A♥)",2026-08-13T01:04:40.188Z,178658308018802
"""Spenny @ S8ENkJ8OQS"" shows a A♠, 8♠.",2026-08-13T01:04:40.188Z,178658308018801
"""georgeorgoe @ wgzHqTfHfQ"" shows a 5♣, J♦.",2026-08-13T01:04:40.188Z,178658308018800
"""Spenny @ S8ENkJ8OQS"" calls 60",2026-08-13T01:04:39.382Z,178658307938200
"""georgeorgoe @ wgzHqTfHfQ"" bets 60",2026-08-13T01:04:38.039Z,178658307803900
"River: 10♥, J♣, 7♦, A♥ [K♠]",2026-08-13T01:04:34.571Z,178658307457100
"""georgeorgoe @ wgzHqTfHfQ"" calls 20",2026-08-13T01:04:33.716Z,178658307371600
"""Spenny @ S8ENkJ8OQS"" bets 20",2026-08-13T01:04:32.658Z,178658307265800
"""georgeorgoe @ wgzHqTfHfQ"" checks",2026-08-13T01:04:30.406Z,178658307040600
"Turn: 10♥, J♣, 7♦ [A♥]",2026-08-13T01:04:26.049Z,178658306604900
"""peelic @ vOeqrOXpLT"" folds",2026-08-13T01:04:25.210Z,178658306521000
"""Jonah @ xrBY5OZYCv"" folds",2026-08-13T01:04:14.285Z,178658305428500
"""Spenny @ S8ENkJ8OQS"" calls 60",2026-08-13T01:04:13.415Z,178658305341500
"""georgeorgoe @ wgzHqTfHfQ"" bets 60",2026-08-13T01:04:03.401Z,178658304340100
"""peelic @ vOeqrOXpLT"" checks",2026-08-13T01:03:58.766Z,178658303876600
"Flop:  [10♥, J♣, 7♦]",2026-08-13T01:03:50.830Z,178658303083000
"""georgeorgoe @ wgzHqTfHfQ"" checks",2026-08-13T01:03:49.988Z,178658302998800
"""peelic @ vOeqrOXpLT"" calls 20",2026-08-13T01:03:46.224Z,178658302622400
"""Jonah @ xrBY5OZYCv"" calls 20",2026-08-13T01:03:39.473Z,178658301947300
"""Stevo @ kI2bCqDOyl"" folds",2026-08-13T01:03:38.550Z,178658301855000
"""Spenny @ S8ENkJ8OQS"" calls 20",2026-08-13T01:03:37.562Z,178658301756200
"""georgeorgoe @ wgzHqTfHfQ"" posts a big blind of 20",2026-08-13T01:03:33.922Z,178658301392208
"""peelic @ vOeqrOXpLT"" posts a small blind of 10",2026-08-13T01:03:33.922Z,178658301392207
"Your hand is 6♣, 2♦",2026-08-13T01:03:33.922Z,178658301392203
"Player stacks: #2 ""Spenny @ S8ENkJ8OQS"" (920) | #4 ""Stevo @ kI2bCqDOyl"" (910) | #6 ""Jonah @ xrBY5OZYCv"" (940) | #7 ""peelic @ vOeqrOXpLT"" (1300) | #8 ""georgeorgoe @ wgzHqTfHfQ"" (930)",2026-08-13T01:03:33.922Z,178658301392201
"-- starting hand #13 (id: 7crplfq3lasf)  No Limit Texas Hold'em (dealer: ""Jonah @ xrBY5OZYCv"") --",2026-08-13T01:03:33.922Z,178658301392200
"""georgeorgoe @ wgzHqTfHfQ"" shows a 7♠, A♦.",2026-08-13T01:03:31.451Z,178658301145100
"-- ending hand #12 --",2026-08-13T01:03:30.310Z,178658301031002
"""georgeorgoe @ wgzHqTfHfQ"" collected 240 from pot",2026-08-13T01:03:30.310Z,178658301031001
"Uncalled bet of 60 returned to ""georgeorgoe @ wgzHqTfHfQ""",2026-08-13T01:03:30.310Z,178658301031000
"""peelic @ vOeqrOXpLT"" folds",2026-08-13T01:03:29.472Z,178658300947200
"""Jonah @ xrBY5OZYCv"" folds",2026-08-13T01:03:20.175Z,178658300017500
"""georgeorgoe @ wgzHqTfHfQ"" raises to 80",2026-08-13T01:03:18.768Z,178658299876800
"""peelic @ vOeqrOXpLT"" calls 20",2026-08-13T01:03:12.014Z,178658299201400
"""Jonah @ xrBY5OZYCv"" bets 20",2026-08-13T01:03:04.978Z,178658298497800
"River: 4♠, 2♠, 7♦, 10♣ [7♣]",2026-08-13T01:03:02.426Z,178658298242600
"""georgeorgoe @ wgzHqTfHfQ"" checks",2026-08-13T01:03:01.587Z,178658298158700
"""peelic @ vOeqrOXpLT"" checks",2026-08-13T01:02:55.704Z,178658297570400
"""Jonah @ xrBY5OZYCv"" checks",2026-08-13T01:02:50.967Z,178658297096700
"Turn: 4♠, 2♠, 7♦ [10♣]",2026-08-13T01:02:48.982Z,178658296898200
"""peelic @ vOeqrOXpLT"" calls 20",2026-08-13T01:02:48.098Z,178658296809800
"""Jonah @ xrBY5OZYCv"" calls 20",2026-08-13T01:02:43.577Z,178658296357700
"""georgeorgoe @ wgzHqTfHfQ"" bets 20",2026-08-13T01:02:40.157Z,178658296015700
"""peelic @ vOeqrOXpLT"" checks",2026-08-13T01:02:35.011Z,178658295501100
"""Jonah @ xrBY5OZYCv"" checks",2026-08-13T01:02:32.392Z,178658295239200
"Flop:  [4♠, 2♠, 7♦]",2026-08-13T01:02:28.266Z,178658294826600
"""georgeorgoe @ wgzHqTfHfQ"" calls 40",2026-08-13T01:02:27.450Z,178658294745000
"""peelic @ vOeqrOXpLT"" calls 40",2026-08-13T01:02:18.659Z,178658293865900
"""Jonah @ xrBY5OZYCv"" raises to 40",2026-08-13T01:02:10.338Z,178658293033800
"""Stevo @ kI2bCqDOyl"" folds",2026-08-13T01:02:08.014Z,178658292801400
"""Spenny @ S8ENkJ8OQS"" folds",2026-08-13T01:02:04.627Z,178658292462700
"""georgeorgoe @ wgzHqTfHfQ"" calls 20",2026-08-13T01:02:02.966Z,178658292296600
"""peelic @ vOeqrOXpLT"" posts a big blind of 20",2026-08-13T01:01:58.795Z,178658291879508
"""Jonah @ xrBY5OZYCv"" posts a small blind of 10",2026-08-13T01:01:58.795Z,178658291879507
"Your hand is 5♠, 8♦",2026-08-13T01:01:58.795Z,178658291879503
"Player stacks: #2 ""Spenny @ S8ENkJ8OQS"" (920) | #4 ""Stevo @ kI2bCqDOyl"" (910) | #6 ""Jonah @ xrBY5OZYCv"" (1020) | #7 ""peelic @ vOeqrOXpLT"" (1380) | #8 ""georgeorgoe @ wgzHqTfHfQ"" (770)",2026-08-13T01:01:58.795Z,178658291879501
"-- starting hand #12 (id: tvrhiiufqiij)  No Limit Texas Hold'em (dealer: ""Stevo @ kI2bCqDOyl"") --",2026-08-13T01:01:58.795Z,178658291879500
"""Spenny @ S8ENkJ8OQS"" shows a 9♣.",2026-08-13T01:01:56.002Z,178658291600200
"-- ending hand #11 --",2026-08-13T01:01:55.163Z,178658291516302
"""Spenny @ S8ENkJ8OQS"" collected 80 from pot",2026-08-13T01:01:55.163Z,178658291516301
"Uncalled bet of 60 returned to ""Spenny @ S8ENkJ8OQS""",2026-08-13T01:01:55.163Z,178658291516300
"""peelic @ vOeqrOXpLT"" folds",2026-08-13T01:01:54.313Z,178658291431300
"""Jonah @ xrBY5OZYCv"" folds",2026-08-13T01:01:45.358Z,178658290535800
"""Stevo @ kI2bCqDOyl"" folds",2026-08-13T01:01:33.467Z,178658289346700
"""Spenny @ S8ENkJ8OQS"" bets 60",2026-08-13T01:01:32.297Z,178658289229700
"""peelic @ vOeqrOXpLT"" checks",2026-08-13T01:01:28.406Z,178658288840600
"""Jonah @ xrBY5OZYCv"" checks",2026-08-13T01:01:24.916Z,178658288491600
"""Stevo @ kI2bCqDOyl"" checks",2026-08-13T01:01:24.051Z,178658288405100
"River: 9♦, 6♦, J♣, K♥ [9♥]",2026-08-13T01:01:15.721Z,178658287572100
"""Spenny @ S8ENkJ8OQS"" checks",2026-08-13T01:01:14.857Z,178658287485700
"""peelic @ vOeqrOXpLT"" checks",2026-08-13T01:01:13.918Z,178658287391800
"""Jonah @ xrBY5OZYCv"" checks",2026-08-13T01:01:03.980Z,178658286398000
"""Stevo @ kI2bCqDOyl"" checks",2026-08-13T01:01:03.078Z,178658286307800
"Turn: 9♦, 6♦, J♣ [K♥]",2026-08-13T01:00:57.273Z,178658285727300
"""Spenny @ S8ENkJ8OQS"" checks",2026-08-13T01:00:56.437Z,178658285643700
"""peelic @ vOeqrOXpLT"" checks",2026-08-13T01:00:55.499Z,178658285549900
"""Jonah @ xrBY5OZYCv"" checks",2026-08-13T01:00:43.715Z,178658284371500
"""Stevo @ kI2bCqDOyl"" checks",2026-08-13T01:00:42.823Z,178658284282300
"Flop:  [9♦, 6♦, J♣]",2026-08-13T01:00:38.550Z,178658283855000
"""Jonah @ xrBY5OZYCv"" checks",2026-08-13T01:00:37.710Z,178658283771000
"""Stevo @ kI2bCqDOyl"" calls 20",2026-08-13T01:00:36.852Z,178658283685200
"""Spenny @ S8ENkJ8OQS"" calls 20",2026-08-13T01:00:35.823Z,178658283582300
"""georgeorgoe @ wgzHqTfHfQ"" folds",2026-08-13T01:00:34.899Z,178658283489900
"""peelic @ vOeqrOXpLT"" calls 20",2026-08-13T01:00:31.222Z,178658283122200
"""Jonah @ xrBY5OZYCv"" posts a big blind of 20",2026-08-13T01:00:28.159Z,178658282815908
"""Stevo @ kI2bCqDOyl"" posts a small blind of 10",2026-08-13T01:00:28.159Z,178658282815907
"Your hand is A♦, 7♠",2026-08-13T01:00:28.159Z,178658282815903
"Player stacks: #2 ""Spenny @ S8ENkJ8OQS"" (860) | #4 ""Stevo @ kI2bCqDOyl"" (930) | #6 ""Jonah @ xrBY5OZYCv"" (1040) | #7 ""peelic @ vOeqrOXpLT"" (1400) | #8 ""georgeorgoe @ wgzHqTfHfQ"" (770)",2026-08-13T01:00:28.159Z,178658282815901
"-- starting hand #11 (id: 2umekrx4lway)  No Limit Texas Hold'em (dealer: ""Spenny @ S8ENkJ8OQS"") --",2026-08-13T01:00:28.159Z,178658282815900
"-- ending hand #10 --",2026-08-13T01:00:22.138Z,178658282213803
"""Jonah @ xrBY5OZYCv"" collected 440 from pot with Three of a Kind, Q's (combination: 7♣, 10♥, Q♣, Q♦, Q♠)",2026-08-13T01:00:22.138Z,178658282213802
"""Jonah @ xrBY5OZYCv"" shows a Q♣, 2♥.",2026-08-13T01:00:22.138Z,178658282213801
"""Spenny @ S8ENkJ8OQS"" shows a A♠, K♣.",2026-08-13T01:00:22.138Z,178658282213800
"""Jonah @ xrBY5OZYCv"" calls 100",2026-08-13T01:00:21.281Z,178658282128100
"""Spenny @ S8ENkJ8OQS"" bets 100",2026-08-13T01:00:10.646Z,178658281064600
"River: 10♥, 7♣, Q♦, 4♠ [Q♠]",2026-08-13T01:00:03.503Z,178658280350300
"""Spenny @ S8ENkJ8OQS"" calls 40",2026-08-13T01:00:02.510Z,178658280251000
"""Jonah @ xrBY5OZYCv"" bets 40",2026-08-13T00:59:54.192Z,178658279419200
"""Spenny @ S8ENkJ8OQS"" checks",2026-08-13T00:59:52.328Z,178658279232800
"Turn: 10♥, 7♣, Q♦ [4♠]",2026-08-13T00:59:50.848Z,178658279084800
"""Stevo @ kI2bCqDOyl"" folds",2026-08-13T00:59:49.905Z,178658278990500
"""Spenny @ S8ENkJ8OQS"" calls 30",2026-08-13T00:59:49.069Z,178658278906900
"""georgeorgoe @ wgzHqTfHfQ"" folds",2026-08-13T00:59:41.326Z,178658278132600
"""peelic @ vOeqrOXpLT"" folds",2026-08-13T00:59:40.469Z,178658278046900
"""Jonah @ xrBY5OZYCv"" bets 30",2026-08-13T00:59:35.829Z,178658277582900
"""Stevo @ kI2bCqDOyl"" checks",2026-08-13T00:59:32.217Z,178658277221700
"""Spenny @ S8ENkJ8OQS"" checks",2026-08-13T00:59:31.315Z,178658277131500
"Flop:  [10♥, 7♣, Q♦]",2026-08-13T00:59:26.252Z,178658276625200
"""Stevo @ kI2bCqDOyl"" checks",2026-08-13T00:59:25.410Z,178658276541000
"""Spenny @ S8ENkJ8OQS"" calls 20",2026-08-13T00:59:24.528Z,178658276452800
"""georgeorgoe @ wgzHqTfHfQ"" calls 20",2026-08-13T00:59:23.641Z,178658276364100
"""peelic @ vOeqrOXpLT"" calls 20",2026-08-13T00:59:22.683Z,178658276268300
"""Jonah @ xrBY5OZYCv"" calls 20",2026-08-13T00:59:21.837Z,178658276183700
"""Stevo @ kI2bCqDOyl"" posts a big blind of 20",2026-08-13T00:59:18.612Z,178658275861208
"""Spenny @ S8ENkJ8OQS"" posts a small blind of 10",2026-08-13T00:59:18.612Z,178658275861207
"Your hand is 4♥, 2♠",2026-08-13T00:59:18.612Z,178658275861203
"Player stacks: #2 ""Spenny @ S8ENkJ8OQS"" (1050) | #4 ""Stevo @ kI2bCqDOyl"" (950) | #6 ""Jonah @ xrBY5OZYCv"" (790) | #7 ""peelic @ vOeqrOXpLT"" (1420) | #8 ""georgeorgoe @ wgzHqTfHfQ"" (790)",2026-08-13T00:59:18.612Z,178658275861201
"-- starting hand #10 (id: xegtgua2asln)  No Limit Texas Hold'em (dealer: ""georgeorgoe @ wgzHqTfHfQ"") --",2026-08-13T00:59:18.612Z,178658275861200
"""georgeorgoe @ wgzHqTfHfQ"" shows a 3♠, 9♦.",2026-08-13T00:59:15.834Z,178658275583400
"-- ending hand #9 --",2026-08-13T00:59:12.008Z,178658275200802
"""peelic @ vOeqrOXpLT"" collected 510 from pot with Straight, K High (combination: 9♣, 10♦, J♠, Q♦, K♦)",2026-08-13T00:59:12.008Z,178658275200801
"""peelic @ vOeqrOXpLT"" shows a Q♦, 10♦.",2026-08-13T00:59:12.008Z,178658275200800
"""Spenny @ S8ENkJ8OQS"" calls 120",2026-08-13T00:59:11.143Z,178658275114300
"""peelic @ vOeqrOXpLT"" bets 120",2026-08-13T00:59:01.053Z,178658274105300
"""Spenny @ S8ENkJ8OQS"" checks",2026-08-13T00:58:56.599Z,178658273659900
"River: 9♣, K♦, 5♥, J♠ [6♦]",2026-08-13T00:58:54.951Z,178658273495100
"""Spenny @ S8ENkJ8OQS"" calls 80",2026-08-13T00:58:54.122Z,178658273412200
"""peelic @ vOeqrOXpLT"" raises to 80",2026-08-13T00:58:47.384Z,178658272738400
"""Spenny @ S8ENkJ8OQS"" bets 20",2026-08-13T00:58:41.666Z,178658272166600
"Turn: 9♣, K♦, 5♥ [J♠]",2026-08-13T00:58:36.505Z,178658271650500
"""peelic @ vOeqrOXpLT"" calls 20",2026-08-13T00:58:35.690Z,178658271569000
"""Jonah @ xrBY5OZYCv"" folds",2026-08-13T00:58:29.023Z,178658270902300
"""Spenny @ S8ENkJ8OQS"" bets 20",2026-08-13T00:58:27.047Z,178658270704700
"Flop:  [9♣, K♦, 5♥]",2026-08-13T00:58:20.849Z,178658270084900
"""Spenny @ S8ENkJ8OQS"" checks",2026-08-13T00:58:20.046Z,178658270004600
"""georgeorgoe @ wgzHqTfHfQ"" folds",2026-08-13T00:58:19.127Z,178658269912700
"""peelic @ vOeqrOXpLT"" calls 20",2026-08-13T00:58:18.266Z,178658269826600
"""Jonah @ xrBY5OZYCv"" calls 20",2026-08-13T00:58:17.300Z,178658269730000
"""Stevo @ kI2bCqDOyl"" folds",2026-08-13T00:58:16.415Z,178658269641500
"""Spenny @ S8ENkJ8OQS"" posts a big blind of 20",2026-08-13T00:58:14.894Z,178658269489408
"""georgeorgoe @ wgzHqTfHfQ"" posts a small blind of 10",2026-08-13T00:58:14.894Z,178658269489407
"Your hand is 3♥, J♦",2026-08-13T00:58:14.894Z,178658269489403
"Player stacks: #2 ""Spenny @ S8ENkJ8OQS"" (1290) | #4 ""Stevo @ kI2bCqDOyl"" (950) | #6 ""Jonah @ xrBY5OZYCv"" (810) | #7 ""peelic @ vOeqrOXpLT"" (1150) | #8 ""georgeorgoe @ wgzHqTfHfQ"" (800)",2026-08-13T00:58:14.894Z,178658269489401
"-- starting hand #9 (id: y8l2qch6wqka)  No Limit Texas Hold'em (dealer: ""peelic @ vOeqrOXpLT"") --",2026-08-13T00:58:14.894Z,178658269489400
"""Jonah @ xrBY5OZYCv"" shows a 8♠, 10♠.",2026-08-13T00:58:10.891Z,178658269089100
"-- ending hand #8 --",2026-08-13T00:58:08.358Z,178658268835802
"""peelic @ vOeqrOXpLT"" collected 120 from pot with Pair, 5's (combination: 9♠, K♦, A♦, 5♦, 5♠)",2026-08-13T00:58:08.358Z,178658268835801
"""peelic @ vOeqrOXpLT"" shows a 5♦, K♦.",2026-08-13T00:58:08.358Z,178658268835800
"""georgeorgoe @ wgzHqTfHfQ"" checks",2026-08-13T00:58:07.518Z,178658268751800
"""peelic @ vOeqrOXpLT"" checks",2026-08-13T00:58:06.635Z,178658268663500
"River: 9♠, A♦, 4♦, 2♠ [5♠]",2026-08-13T00:57:56.867Z,178658267686700
"""georgeorgoe @ wgzHqTfHfQ"" checks",2026-08-13T00:57:56.042Z,178658267604200
"""peelic @ vOeqrOXpLT"" checks",2026-08-13T00:57:47.346Z,178658266734600
"Turn: 9♠, A♦, 4♦ [2♠]",2026-08-13T00:57:43.661Z,178658266366100
"""Jonah @ xrBY5OZYCv"" folds",2026-08-13T00:57:42.849Z,178658266284900
"""Spenny @ S8ENkJ8OQS"" folds",2026-08-13T00:57:39.507Z,178658265950700
"""georgeorgoe @ wgzHqTfHfQ"" calls 20",2026-08-13T00:57:36.107Z,178658265610700
"""peelic @ vOeqrOXpLT"" bets 20",2026-08-13T00:57:28.093Z,178658264809300
"Flop:  [9♠, A♦, 4♦]",2026-08-13T00:57:23.554Z,178658264355400
"""georgeorgoe @ wgzHqTfHfQ"" checks",2026-08-13T00:57:22.682Z,178658264268200
"""peelic @ vOeqrOXpLT"" calls 20",2026-08-13T00:57:21.797Z,178658264179700
"""Jonah @ xrBY5OZYCv"" calls 20",2026-08-13T00:57:10.690Z,178658263069000
"""Stevo @ kI2bCqDOyl"" folds",2026-08-13T00:57:09.751Z,178658262975100
"""Spenny @ S8ENkJ8OQS"" calls 20",2026-08-13T00:57:08.797Z,178658262879700
"""georgeorgoe @ wgzHqTfHfQ"" posts a big blind of 20",2026-08-13T00:57:04.230Z,178658262423008
"""peelic @ vOeqrOXpLT"" posts a small blind of 10",2026-08-13T00:57:04.230Z,178658262423007
"Your hand is 6♦, 10♣",2026-08-13T00:57:04.230Z,178658262423003
"Player stacks: #2 ""Spenny @ S8ENkJ8OQS"" (1310) | #4 ""Stevo @ kI2bCqDOyl"" (950) | #6 ""Jonah @ xrBY5OZYCv"" (830) | #7 ""peelic @ vOeqrOXpLT"" (1070) | #8 ""georgeorgoe @ wgzHqTfHfQ"" (840)",2026-08-13T00:57:04.230Z,178658262423001
"-- starting hand #8 (id: ktfi5tm9or40)  No Limit Texas Hold'em (dealer: ""Jonah @ xrBY5OZYCv"") --",2026-08-13T00:57:04.230Z,178658262423000
"""Stevo @ kI2bCqDOyl"" shows a 9♠, 4♣.",2026-08-13T00:56:59.425Z,178658261942500
"""georgeorgoe @ wgzHqTfHfQ"" shows a 2♠, 4♦.",2026-08-13T00:56:57.618Z,178658261761800
"-- ending hand #7 --",2026-08-13T00:56:57.175Z,178658261717503
"""peelic @ vOeqrOXpLT"" collected 40 from pot with Pair, 4's (combination: 7♣, 8♦, 10♦, 4♥, 4♠)",2026-08-13T00:56:57.175Z,178658261717502
"""peelic @ vOeqrOXpLT"" shows a 3♦, 4♥.",2026-08-13T00:56:57.175Z,178658261717501
"""Jonah @ xrBY5OZYCv"" shows a J♥, K♣.",2026-08-13T00:56:57.175Z,178658261717500
"""peelic @ vOeqrOXpLT"" checks",2026-08-13T00:56:56.309Z,178658261630900
"""Jonah @ xrBY5OZYCv"" checks",2026-08-13T00:56:50.865Z,178658261086500
"River: 10♦, 8♦, 7♣, 4♠ [2♥]",2026-08-13T00:56:49.500Z,178658260950000
"""peelic @ vOeqrOXpLT"" checks",2026-08-13T00:56:48.646Z,178658260864600
"""Jonah @ xrBY5OZYCv"" checks",2026-08-13T00:56:42.657Z,178658260265700
"Turn: 10♦, 8♦, 7♣ [4♠]",2026-08-13T00:56:41.098Z,178658260109800
"""peelic @ vOeqrOXpLT"" checks",2026-08-13T00:56:40.249Z,178658260024900
"""Jonah @ xrBY5OZYCv"" checks",2026-08-13T00:56:29.672Z,178658258967200
"Flop:  [10♦, 8♦, 7♣]",2026-08-13T00:56:27.282Z,178658258728200
"""peelic @ vOeqrOXpLT"" checks",2026-08-13T00:56:26.406Z,178658258640600
"""Jonah @ xrBY5OZYCv"" calls 20",2026-08-13T00:56:25.549Z,178658258554900
"""Stevo @ kI2bCqDOyl"" folds",2026-08-13T00:56:24.680Z,178658258468000
"""Spenny @ S8ENkJ8OQS"" folds",2026-08-13T00:56:23.808Z,178658258380800
"""georgeorgoe @ wgzHqTfHfQ"" folds",2026-08-13T00:56:17.303Z,178658257730300
"""peelic @ vOeqrOXpLT"" posts a big blind of 20",2026-08-13T00:56:16.488Z,178658257648808
"""Jonah @ xrBY5OZYCv"" posts a small blind of 10",2026-08-13T00:56:16.488Z,178658257648807
"Your hand is 9♠, 4♣",2026-08-13T00:56:16.488Z,178658257648803
"Player stacks: #2 ""Spenny @ S8ENkJ8OQS"" (1310) | #4 ""Stevo @ kI2bCqDOyl"" (950) | #6 ""Jonah @ xrBY5OZYCv"" (850) | #7 ""peelic @ vOeqrOXpLT"" (1050) | #8 ""georgeorgoe @ wgzHqTfHfQ"" (840)",2026-08-13T00:56:16.488Z,178658257648801
"-- starting hand #7 (id: suvepiamec7b)  No Limit Texas Hold'em (dealer: ""Stevo @ kI2bCqDOyl"") --",2026-08-13T00:56:16.488Z,178658257648800
"""georgeorgoe @ wgzHqTfHfQ"" shows a 6♠, 8♦.",2026-08-13T00:56:12.925Z,178658257292500
"-- ending hand #6 --",2026-08-13T00:56:09.972Z,178658256997202
"""Stevo @ kI2bCqDOyl"" collected 360 from pot with Straight, A High (combination: 10♣, J♦, Q♦, K♦, A♥)",2026-08-13T00:56:09.972Z,178658256997201
"""Stevo @ kI2bCqDOyl"" shows a A♥, 3♣.",2026-08-13T00:56:09.972Z,178658256997200
"""peelic @ vOeqrOXpLT"" calls 90",2026-08-13T00:56:09.081Z,178658256908100
"""Stevo @ kI2bCqDOyl"" bets 90",2026-08-13T00:56:03.649Z,178658256364900
"River: K♣, J♦, K♦, Q♦ [10♣]",2026-08-13T00:56:00.779Z,178658256077900
"""Jonah @ xrBY5OZYCv"" folds",2026-08-13T00:55:59.915Z,178658255991500
"""Stevo @ kI2bCqDOyl"" calls 60",2026-08-13T00:55:59.026Z,178658255902600
"""peelic @ vOeqrOXpLT"" bets 60",2026-08-13T00:55:55.135Z,178658255513500
"""Jonah @ xrBY5OZYCv"" checks",2026-08-13T00:55:47.729Z,178658254772900
"""Stevo @ kI2bCqDOyl"" checks",2026-08-13T00:55:46.374Z,178658254637400
"Turn: K♣, J♦, K♦ [Q♦]",2026-08-13T00:55:45.403Z,178658254540300
"""peelic @ vOeqrOXpLT"" checks",2026-08-13T00:55:44.579Z,178658254457900
"""Jonah @ xrBY5OZYCv"" checks",2026-08-13T00:55:41.126Z,178658254112600
"""Stevo @ kI2bCqDOyl"" checks",2026-08-13T00:55:40.215Z,178658254021500
"Flop:  [K♣, J♦, K♦]",2026-08-13T00:55:38.858Z,178658253885800
"""Jonah @ xrBY5OZYCv"" checks",2026-08-13T00:55:38.007Z,178658253800700
"""Stevo @ kI2bCqDOyl"" calls 20",2026-08-13T00:55:37.118Z,178658253711800
"""Spenny @ S8ENkJ8OQS"" folds",2026-08-13T00:55:36.076Z,178658253607600
"""georgeorgoe @ wgzHqTfHfQ"" folds",2026-08-13T00:55:33.776Z,178658253377600
"""peelic @ vOeqrOXpLT"" calls 20",2026-08-13T00:55:32.849Z,178658253284900
"""Jonah @ xrBY5OZYCv"" posts a big blind of 20",2026-08-13T00:55:22.566Z,178658252256608
"""Stevo @ kI2bCqDOyl"" posts a small blind of 10",2026-08-13T00:55:22.566Z,178658252256607
"Your hand is A♥, 3♣",2026-08-13T00:55:22.566Z,178658252256603
"Player stacks: #2 ""Spenny @ S8ENkJ8OQS"" (1310) | #4 ""Stevo @ kI2bCqDOyl"" (760) | #6 ""Jonah @ xrBY5OZYCv"" (870) | #7 ""peelic @ vOeqrOXpLT"" (1220) | #8 ""georgeorgoe @ wgzHqTfHfQ"" (840)",2026-08-13T00:55:22.566Z,178658252256601
"-- starting hand #6 (id: ef3y7zq4ffjd)  No Limit Texas Hold'em (dealer: ""Spenny @ S8ENkJ8OQS"") --",2026-08-13T00:55:22.566Z,178658252256600
"""georgeorgoe @ wgzHqTfHfQ"" shows a A♠, A♦.",2026-08-13T00:55:19.984Z,178658251998400
"-- ending hand #5 --",2026-08-13T00:55:16.022Z,178658251602202
"""Spenny @ S8ENkJ8OQS"" collected 540 from pot with Straight, J High (combination: 7♥, 8♣, 9♦, 10♥, J♠)",2026-08-13T00:55:16.022Z,178658251602201
"""Spenny @ S8ENkJ8OQS"" shows a 7♣, 10♥.",2026-08-13T00:55:16.022Z,178658251602200
"""georgeorgoe @ wgzHqTfHfQ"" checks",2026-08-13T00:55:15.211Z,178658251521100
"""Spenny @ S8ENkJ8OQS"" checks",2026-08-13T00:55:11.076Z,178658251107600
"River: 8♣, J♠, 9♦, 7♥ [5♠]",2026-08-13T00:55:08.769Z,178658250876900
"""Spenny @ S8ENkJ8OQS"" calls 100",2026-08-13T00:55:07.931Z,178658250793100
"""georgeorgoe @ wgzHqTfHfQ"" bets 100",2026-08-13T00:55:06.184Z,178658250618400
"""Spenny @ S8ENkJ8OQS"" checks",2026-08-13T00:55:02.536Z,178658250253600
"Turn: 8♣, J♠, 9♦ [7♥]",2026-08-13T00:54:58.655Z,178658249865500
"""Spenny @ S8ENkJ8OQS"" calls 80",2026-08-13T00:54:57.775Z,178658249777500
"""georgeorgoe @ wgzHqTfHfQ"" raises to 80",2026-08-13T00:54:55.059Z,178658249505900
"""peelic @ vOeqrOXpLT"" folds",2026-08-13T00:54:51.258Z,178658249125800
"""Stevo @ kI2bCqDOyl"" folds",2026-08-13T00:54:43.988Z,178658248398800
"""Spenny @ S8ENkJ8OQS"" bets 40",2026-08-13T00:54:43.062Z,178658248306200
"Flop:  [8♣, J♠, 9♦]",2026-08-13T00:54:38.612Z,178658247861200
"""peelic @ vOeqrOXpLT"" calls 40",2026-08-13T00:54:37.721Z,178658247772100
"""Jonah @ xrBY5OZYCv"" folds",2026-08-13T00:54:34.561Z,178658247456100
"""Stevo @ kI2bCqDOyl"" calls 40",2026-08-13T00:54:33.010Z,178658247301000
"""Spenny @ S8ENkJ8OQS"" calls 40",2026-08-13T00:54:31.874Z,178658247187400
"""georgeorgoe @ wgzHqTfHfQ"" raises to 40",2026-08-13T00:54:28.931Z,178658246893100
"""peelic @ vOeqrOXpLT"" calls 20",2026-08-13T00:54:24.526Z,178658246452600
"""Jonah @ xrBY5OZYCv"" calls 20",2026-08-13T00:54:22.256Z,178658246225600
"""Stevo @ kI2bCqDOyl"" posts a big blind of 20",2026-08-13T00:54:20.603Z,178658246060308
"""Spenny @ S8ENkJ8OQS"" posts a small blind of 10",2026-08-13T00:54:20.603Z,178658246060307
"Your hand is 5♣, 2♣",2026-08-13T00:54:20.603Z,178658246060303
"Player stacks: #2 ""Spenny @ S8ENkJ8OQS"" (990) | #4 ""Stevo @ kI2bCqDOyl"" (800) | #6 ""Jonah @ xrBY5OZYCv"" (890) | #7 ""peelic @ vOeqrOXpLT"" (1260) | #8 ""georgeorgoe @ wgzHqTfHfQ"" (1060)",2026-08-13T00:54:20.603Z,178658246060301
"-- starting hand #5 (id: zkxjc062tugf)  No Limit Texas Hold'em (dealer: ""georgeorgoe @ wgzHqTfHfQ"") --",2026-08-13T00:54:20.603Z,178658246060300
"""Spenny @ S8ENkJ8OQS"" shows a 3♣, 3♦.",2026-08-13T00:54:16.255Z,178658245625500
"-- ending hand #4 --",2026-08-13T00:54:14.084Z,178658245408403
"""peelic @ vOeqrOXpLT"" collected 220 from pot with Two Pair, J's & 10's (combination: A♣, 10♣, 10♦, J♦, J♠)",2026-08-13T00:54:14.084Z,178658245408402
"""peelic @ vOeqrOXpLT"" shows a 10♣, A♣.",2026-08-13T00:54:14.084Z,178658245408401
"""Stevo @ kI2bCqDOyl"" shows a 6♣, 7♠.",2026-08-13T00:54:14.084Z,178658245408400
"""Spenny @ S8ENkJ8OQS"" folds",2026-08-13T00:54:13.279Z,178658245327900
"""peelic @ vOeqrOXpLT"" calls 40",2026-08-13T00:54:07.247Z,178658244724700
"""Stevo @ kI2bCqDOyl"" bets 40",2026-08-13T00:54:00.461Z,178658244046100
"""Spenny @ S8ENkJ8OQS"" checks",2026-08-13T00:53:58.183Z,178658243818300
"River: 10♦, J♦, 7♦, 9♣ [J♠]",2026-08-13T00:53:52.394Z,178658243239400
"""peelic @ vOeqrOXpLT"" checks",2026-08-13T00:53:51.523Z,178658243152300
"""Stevo @ kI2bCqDOyl"" checks",2026-08-13T00:53:49.002Z,178658242900200
"""Spenny @ S8ENkJ8OQS"" checks",2026-08-13T00:53:43.304Z,178658242330400
"Turn: 10♦, J♦, 7♦ [9♣]",2026-08-13T00:53:39.188Z,178658241918800
"""georgeorgoe @ wgzHqTfHfQ"" folds",2026-08-13T00:53:38.386Z,178658241838600
"""peelic @ vOeqrOXpLT"" calls 20",2026-08-13T00:53:37.407Z,178658241740700
"""Stevo @ kI2bCqDOyl"" calls 20",2026-08-13T00:53:31.282Z,178658241128200
"""Spenny @ S8ENkJ8OQS"" bets 20",2026-08-13T00:53:27.125Z,178658240712500
"""georgeorgoe @ wgzHqTfHfQ"" checks",2026-08-13T00:53:23.604Z,178658240360400
"Flop:  [10♦, J♦, 7♦]",2026-08-13T00:53:20.498Z,178658240049800
"""Spenny @ S8ENkJ8OQS"" checks",2026-08-13T00:53:19.655Z,178658239965500
"""georgeorgoe @ wgzHqTfHfQ"" calls 20",2026-08-13T00:53:17.234Z,178658239723400
"""peelic @ vOeqrOXpLT"" calls 20",2026-08-13T00:53:08.179Z,178658238817900
"""Jonah @ xrBY5OZYCv"" folds",2026-08-13T00:53:07.316Z,178658238731600
"""Stevo @ kI2bCqDOyl"" calls 20",2026-08-13T00:53:06.222Z,178658238622200
"""Spenny @ S8ENkJ8OQS"" posts a big blind of 20",2026-08-13T00:53:05.286Z,178658238528608
"""georgeorgoe @ wgzHqTfHfQ"" posts a small blind of 10",2026-08-13T00:53:05.286Z,178658238528607
"Your hand is 6♣, 7♠",2026-08-13T00:53:05.286Z,178658238528603
"Player stacks: #2 ""Spenny @ S8ENkJ8OQS"" (1030) | #4 ""Stevo @ kI2bCqDOyl"" (880) | #6 ""Jonah @ xrBY5OZYCv"" (890) | #7 ""peelic @ vOeqrOXpLT"" (1120) | #8 ""georgeorgoe @ wgzHqTfHfQ"" (1080)",2026-08-13T00:53:05.286Z,178658238528601
"-- starting hand #4 (id: 9wxim2y0rp92)  No Limit Texas Hold'em (dealer: ""peelic @ vOeqrOXpLT"") --",2026-08-13T00:53:05.286Z,178658238528600
"""Stevo @ kI2bCqDOyl"" shows a Q♠, 8♣.",2026-08-13T00:53:03.028Z,178658238302800
"-- ending hand #3 --",2026-08-13T00:53:01.672Z,178658238167202
"""peelic @ vOeqrOXpLT"" collected 240 from pot",2026-08-13T00:53:01.672Z,178658238167201
"Uncalled bet of 180 returned to ""peelic @ vOeqrOXpLT""",2026-08-13T00:53:01.672Z,178658238167200
"""Stevo @ kI2bCqDOyl"" folds",2026-08-13T00:53:00.851Z,178658238085100
"""peelic @ vOeqrOXpLT"" bets 180",2026-08-13T00:52:59.678Z,178658237967800
"River: 9♦, 9♥, 10♠, 7♦ [5♥]",2026-08-13T00:52:56.506Z,178658237650600
"""Stevo @ kI2bCqDOyl"" calls 40",2026-08-13T00:52:55.675Z,178658237567500
"""peelic @ vOeqrOXpLT"" bets 40",2026-08-13T00:52:54.634Z,178658237463400
"Turn: 9♦, 9♥, 10♠ [7♦]",2026-08-13T00:52:52.324Z,178658237232400
"""Jonah @ xrBY5OZYCv"" folds",2026-08-13T00:52:51.503Z,178658237150300
"""Stevo @ kI2bCqDOyl"" calls 40",2026-08-13T00:52:50.555Z,178658237055500
"""georgeorgoe @ wgzHqTfHfQ"" folds",2026-08-13T00:52:49.234Z,178658236923400
"""peelic @ vOeqrOXpLT"" bets 40",2026-08-13T00:52:47.969Z,178658236796900
"Flop:  [9♦, 9♥, 10♠]",2026-08-13T00:52:44.809Z,178658236480900
"""georgeorgoe @ wgzHqTfHfQ"" checks",2026-08-13T00:52:43.925Z,178658236392500
"""peelic @ vOeqrOXpLT"" calls 20",2026-08-13T00:52:43.041Z,178658236304100
"""Jonah @ xrBY5OZYCv"" calls 20",2026-08-13T00:52:32.254Z,178658235225400
"""Stevo @ kI2bCqDOyl"" calls 20",2026-08-13T00:52:31.318Z,178658235131800
"""Spenny @ S8ENkJ8OQS"" folds",2026-08-13T00:52:27.697Z,178658234769700
"""georgeorgoe @ wgzHqTfHfQ"" posts a big blind of 20",2026-08-13T00:52:24.715Z,178658234471508
"""peelic @ vOeqrOXpLT"" posts a small blind of 10",2026-08-13T00:52:24.715Z,178658234471507
"Your hand is Q♠, 8♣",2026-08-13T00:52:24.715Z,178658234471503
"Player stacks: #2 ""Spenny @ S8ENkJ8OQS"" (1030) | #4 ""Stevo @ kI2bCqDOyl"" (980) | #6 ""Jonah @ xrBY5OZYCv"" (910) | #7 ""peelic @ vOeqrOXpLT"" (980) | #8 ""georgeorgoe @ wgzHqTfHfQ"" (1100)",2026-08-13T00:52:24.715Z,178658234471501
"-- starting hand #3 (id: it7cxpnomth1)  No Limit Texas Hold'em (dealer: ""Jonah @ xrBY5OZYCv"") --",2026-08-13T00:52:24.715Z,178658234471500
"""Spenny @ S8ENkJ8OQS"" shows a 9♠.",2026-08-13T00:52:20.018Z,178658234001800
"""georgeorgoe @ wgzHqTfHfQ"" shows a K♣, 10♦.",2026-08-13T00:52:17.902Z,178658233790200
"-- ending hand #2 --",2026-08-13T00:52:17.393Z,178658233739302
"""georgeorgoe @ wgzHqTfHfQ"" collected 160 from pot",2026-08-13T00:52:17.393Z,178658233739301
"Uncalled bet of 60 returned to ""georgeorgoe @ wgzHqTfHfQ""",2026-08-13T00:52:17.393Z,178658233739300
"""Spenny @ S8ENkJ8OQS"" folds",2026-08-13T00:52:16.553Z,178658233655300
"""georgeorgoe @ wgzHqTfHfQ"" bets 60",2026-08-13T00:52:07.039Z,178658232703900
"Turn: 9♣, Q♥, A♦ [J♥]",2026-08-13T00:52:04.267Z,178658232426700
"""peelic @ vOeqrOXpLT"" folds",2026-08-13T00:52:03.388Z,178658232338800
"""Jonah @ xrBY5OZYCv"" folds",2026-08-13T00:51:59.332Z,178658231933200
"""Spenny @ S8ENkJ8OQS"" calls 40",2026-08-13T00:51:58.418Z,178658231841800
"""georgeorgoe @ wgzHqTfHfQ"" bets 40",2026-08-13T00:51:57.178Z,178658231717800
"""peelic @ vOeqrOXpLT"" checks",2026-08-13T00:51:54.625Z,178658231462500
"""Jonah @ xrBY5OZYCv"" checks",2026-08-13T00:51:53.356Z,178658231335600
"Flop:  [9♣, Q♥, A♦]",2026-08-13T00:51:52.080Z,178658231208000
"""peelic @ vOeqrOXpLT"" checks",2026-08-13T00:51:51.269Z,178658231126900
"""Jonah @ xrBY5OZYCv"" calls 20",2026-08-13T00:51:46.725Z,178658230672500
"""Stevo @ kI2bCqDOyl"" folds",2026-08-13T00:51:45.793Z,178658230579300
"""Spenny @ S8ENkJ8OQS"" calls 20",2026-08-13T00:51:44.739Z,178658230473900
"""georgeorgoe @ wgzHqTfHfQ"" calls 20",2026-08-13T00:51:37.119Z,178658229711900
"""peelic @ vOeqrOXpLT"" posts a big blind of 20",2026-08-13T00:51:31.963Z,178658229196308
"""Jonah @ xrBY5OZYCv"" posts a small blind of 10",2026-08-13T00:51:31.963Z,178658229196307
"Your hand is 3♣, 9♥",2026-08-13T00:51:31.963Z,178658229196303
"Player stacks: #2 ""Spenny @ S8ENkJ8OQS"" (1090) | #4 ""Stevo @ kI2bCqDOyl"" (980) | #6 ""Jonah @ xrBY5OZYCv"" (930) | #7 ""peelic @ vOeqrOXpLT"" (1000) | #8 ""georgeorgoe @ wgzHqTfHfQ"" (1000)",2026-08-13T00:51:31.963Z,178658229196301
"-- starting hand #2 (id: es3d3munyfcw)  No Limit Texas Hold'em (dealer: ""Stevo @ kI2bCqDOyl"") --",2026-08-13T00:51:31.963Z,178658229196300
"""Stevo @ kI2bCqDOyl"" shows a 5♣.",2026-08-13T00:51:27.640Z,178658228764000
"Undealt cards: 3♣, A♦, K♥, 2♣ [4♠]",2026-08-13T00:51:26.355Z,178658228635500
"""Spenny @ S8ENkJ8OQS"" shows a 3♥, 2♥.",2026-08-13T00:51:26.095Z,178658228609500
"-- ending hand #1 --",2026-08-13T00:51:24.616Z,178658228461602
"""Spenny @ S8ENkJ8OQS"" collected 160 from pot",2026-08-13T00:51:24.616Z,178658228461601
"Uncalled bet of 60 returned to ""Spenny @ S8ENkJ8OQS""",2026-08-13T00:51:24.616Z,178658228461600
"""Jonah @ xrBY5OZYCv"" folds",2026-08-13T00:51:23.812Z,178658228381200
"""Spenny @ S8ENkJ8OQS"" bets 60",2026-08-13T00:51:22.915Z,178658228291500
"""Jonah @ xrBY5OZYCv"" checks",2026-08-13T00:51:19.668Z,178658227966800
"Turn: 3♣, A♦, K♥ [2♣]",2026-08-13T00:51:18.176Z,178658227817600
"""Jonah @ xrBY5OZYCv"" calls 20",2026-08-13T00:51:17.363Z,178658227736300
"""Spenny @ S8ENkJ8OQS"" bets 20",2026-08-13T00:51:06.994Z,178658226699400
"""Jonah @ xrBY5OZYCv"" checks",2026-08-13T00:51:04.022Z,178658226402200
"Flop:  [3♣, A♦, K♥]",2026-08-13T00:51:01.769Z,178658226176900
"""Stevo @ kI2bCqDOyl"" folds",2026-08-13T00:51:00.877Z,178658226087700
"""Spenny @ S8ENkJ8OQS"" calls 50",2026-08-13T00:50:59.928Z,178658225992800
"""Jonah @ xrBY5OZYCv"" raises to 50",2026-08-13T00:50:52.963Z,178658225296300
"""Stevo @ kI2bCqDOyl"" calls 20",2026-08-13T00:50:48.974Z,178658224897400
"""Spenny @ S8ENkJ8OQS"" calls 20",2026-08-13T00:50:47.718Z,178658224771800
"""georgeorgoe @ wgzHqTfHfQ"" folds",2026-08-13T00:50:46.807Z,178658224680700
"""peelic @ vOeqrOXpLT"" folds",2026-08-13T00:50:42.161Z,178658224216100
"""Jonah @ xrBY5OZYCv"" posts a big blind of 20",2026-08-13T00:50:39.156Z,178658223915613
"""Stevo @ kI2bCqDOyl"" posts a small blind of 10",2026-08-13T00:50:39.156Z,178658223915612
"Your hand is J♥, 5♣",2026-08-13T00:50:39.156Z,178658223915608
"Player stacks: #2 ""Spenny @ S8ENkJ8OQS"" (1000) | #4 ""Stevo @ kI2bCqDOyl"" (1000) | #6 ""Jonah @ xrBY5OZYCv"" (1000) | #7 ""peelic @ vOeqrOXpLT"" (1000) | #8 ""georgeorgoe @ wgzHqTfHfQ"" (1000)",2026-08-13T00:50:39.156Z,178658223915606
"The player ""georgeorgoe @ wgzHqTfHfQ"" joined the game with a stack of 1000.",2026-08-13T00:50:39.156Z,178658223915605
"The player ""peelic @ vOeqrOXpLT"" joined the game with a stack of 1000.",2026-08-13T00:50:39.156Z,178658223915604
"The player ""Jonah @ xrBY5OZYCv"" joined the game with a stack of 1000.",2026-08-13T00:50:39.156Z,178658223915603
"The player ""Stevo @ kI2bCqDOyl"" joined the game with a stack of 1000.",2026-08-13T00:50:39.156Z,178658223915602
"The player ""Spenny @ S8ENkJ8OQS"" joined the game with a stack of 1000.",2026-08-13T00:50:39.156Z,178658223915601
"-- starting hand #1 (id: lgkgh8o4vve9)  No Limit Texas Hold'em (dealer: ""Spenny @ S8ENkJ8OQS"") --",2026-08-13T00:50:39.156Z,178658223915600
"The admin approved the player ""Spenny @ S8ENkJ8OQS"" participation with a stack of 1000.",2026-08-13T00:50:33.391Z,178658223339100
"The player ""Spenny @ S8ENkJ8OQS"" requested a seat.",2026-08-13T00:50:31.282Z,178658223128200
"The admin approved the player ""peelic @ vOeqrOXpLT"" participation with a stack of 1000.",2026-08-13T00:47:01.880Z,178658202188000
"The player ""peelic @ vOeqrOXpLT"" requested a seat.",2026-08-13T00:46:24.473Z,178658198447300
"The admin approved the player ""georgeorgoe @ wgzHqTfHfQ"" participation with a stack of 1000.",2026-08-13T00:38:56.953Z,178658153695300
"The player ""georgeorgoe @ wgzHqTfHfQ"" requested a seat.",2026-08-13T00:38:52.252Z,178658153225200
"The admin approved the player ""Jonah @ xrBY5OZYCv"" participation with a stack of 1000.",2026-08-13T00:34:02.547Z,178658124254700
"The player ""Jonah @ xrBY5OZYCv"" requested a seat.",2026-08-13T00:32:43.905Z,178658116390500
"Game Config Changes
* Allow Straddle: off » on
* Nit Minimum Players: off » 3
* Allow Rebuy: off » off
* Decision Limit Time: 20s » 9s
* Deal Cards to Away Players: off » on
* Rabbit Hunt: off » on
* Max Time Bank: 10s » 2s
* Hands to Full Refill Time Bank: 10 » 2
* Auto Trim Excess Bets: off » on",2026-08-13T00:30:17.858Z,178658101785800
"The admin approved the player ""Stevo @ kI2bCqDOyl"" participation with a stack of 1000.",2026-08-13T00:29:19.141Z,178658095914101
"The player ""Stevo @ kI2bCqDOyl"" requested a seat.",2026-08-13T00:29:19.141Z,178658095914100
