entry,at,order
"""goergoe @ _sqcLETZ0C"" posts a big blind of 20",2026-10-08T02:30:29.636Z,179142662963605
"""arash @ RYnRljE1SO"" posts a small blind of 10",2026-10-08T02:30:29.636Z,179142662963604
"Your hand is 9♠, 10♦",2026-10-08T02:30:29.636Z,179142662963602
"Player stacks: #3 ""goergoe @ _sqcLETZ0C"" (2700) | #8 ""arash @ RYnRljE1SO"" (3330)",2026-10-08T02:30:29.636Z,179142662963601
"-- starting hand #130 (id: tl1ftmhdlarg)  No Limit Texas Hold'em (dealer: ""arash @ RYnRljE1SO"") --",2026-10-08T02:30:29.636Z,179142662963600
"""goergoe @ _sqcLETZ0C"" shows a 7♦, 6♠.",2026-10-08T02:30:26.556Z,179142662655600
"-- ending hand #129 --",2026-10-08T02:30:25.972Z,179142662597202
"""goergoe @ _sqcLETZ0C"" collected 40 from pot",2026-10-08T02:30:25.972Z,179142662597201
"Uncalled bet of 40 returned to ""goergoe @ _sqcLETZ0C""",2026-10-08T02:30:25.972Z,179142662597200
"""arash @ RYnRljE1SO"" folds",2026-10-08T02:30:25.113Z,179142662511300
"""goergoe @ _sqcLETZ0C"" bets 40",2026-10-08T02:30:23.906Z,179142662390600
"""arash @ RYnRljE1SO"" checks",2026-10-08T02:30:21.530Z,179142662153000
"River: A♠, J♠, 4♥, Q♦ [4♠]",2026-10-08T02:30:20.198Z,179142662019800
"""goergoe @ _sqcLETZ0C"" checks",2026-10-08T02:30:19.391Z,179142661939100
"""arash @ RYnRljE1SO"" checks",2026-10-08T02:30:18.526Z,179142661852600
"Turn: A♠, J♠, 4♥ [Q♦]",2026-10-08T02:30:17.072Z,179142661707200
"""goergoe @ _sqcLETZ0C"" checks",2026-10-08T02:30:16.262Z,179142661626200
"""arash @ RYnRljE1SO"" checks",2026-10-08T02:30:15.398Z,179142661539800
"Flop:  [A♠, J♠, 4♥]",2026-10-08T02:30:12.997Z,179142661299700
"""arash @ RYnRljE1SO"" checks",2026-10-08T02:30:12.193Z,179142661219300
"""goergoe @ _sqcLETZ0C"" calls 20",2026-10-08T02:30:10.608Z,179142661060800
"""arash @ RYnRljE1SO"" posts a big blind of 20",2026-10-08T02:30:08.791Z,179142660879105
"""goergoe @ _sqcLETZ0C"" posts a small blind of 10",2026-10-08T02:30:08.791Z,179142660879104
"Your hand is 7♦, 6♠",2026-10-08T02:30:08.791Z,179142660879102
"Player stacks: #3 ""goergoe @ _sqcLETZ0C"" (2680) | #8 ""arash @ RYnRljE1SO"" (3350)",2026-10-08T02:30:08.791Z,179142660879101
"-- starting hand #129 (id: 3bcbul1iqauj)  No Limit Texas Hold'em (dealer: ""goergoe @ _sqcLETZ0C"") --",2026-10-08T02:30:08.791Z,179142660879100
"Undealt cards: Q♦, 3♥, A♣, 8♦ [6♥]",2026-10-08T02:30:04.028Z,179142660402800
"""goergoe @ _sqcLETZ0C"" shows a Q♠, 8♥.",2026-10-08T02:30:02.836Z,179142660283600
"-- ending hand #128 --",2026-10-08T02:30:02.180Z,179142660218002
"""goergoe @ _sqcLETZ0C"" collected 80 from pot",2026-10-08T02:30:02.180Z,179142660218001
"Uncalled bet of 50 returned to ""goergoe @ _sqcLETZ0C""",2026-10-08T02:30:02.180Z,179142660218000
"""arash @ RYnRljE1SO"" folds",2026-10-08T02:30:01.306Z,179142660130600
"""goergoe @ _sqcLETZ0C"" bets 50",2026-10-08T02:29:59.568Z,179142659956800
"Turn: Q♦, 3♥, A♣ [8♦]",2026-10-08T02:29:57.949Z,179142659794900
"""arash @ RYnRljE1SO"" calls 20",2026-10-08T02:29:57.125Z,179142659712500
"""goergoe @ _sqcLETZ0C"" bets 20",2026-10-08T02:29:55.034Z,179142659503400
"Flop:  [Q♦, 3♥, A♣]",2026-10-08T02:29:53.790Z,179142659379000
"""goergoe @ _sqcLETZ0C"" checks",2026-10-08T02:29:52.968Z,179142659296800
"""arash @ RYnRljE1SO"" calls 20",2026-10-08T02:29:52.078Z,179142659207800
"""goergoe @ _sqcLETZ0C"" posts a big blind of 20",2026-10-08T02:29:50.786Z,179142659078605
"""arash @ RYnRljE1SO"" posts a small blind of 10",2026-10-08T02:29:50.786Z,179142659078604
"Your hand is Q♠, 8♥",2026-10-08T02:29:50.786Z,179142659078602
"Player stacks: #3 ""goergoe @ _sqcLETZ0C"" (2640) | #8 ""arash @ RYnRljE1SO"" (3390)",2026-10-08T02:29:50.786Z,179142659078601
"-- starting hand #128 (id: qgojco5mayy0)  No Limit Texas Hold'em (dealer: ""arash @ RYnRljE1SO"") --",2026-10-08T02:29:50.786Z,179142659078600
"""arash @ RYnRljE1SO"" shows a 5♥, 10♥.",2026-10-08T02:29:46.085Z,179142658608500
"""goergoe @ _sqcLETZ0C"" shows a K♥, 2♠.",2026-10-08T02:29:44.447Z,179142658444700
"Undealt cards: 3♣, 4♦, 2♦, Q♣ [6♦]",2026-10-08T02:29:43.719Z,179142658371900
"-- ending hand #127 --",2026-10-08T02:29:43.477Z,179142658347702
"""arash @ RYnRljE1SO"" collected 220 from pot",2026-10-08T02:29:43.477Z,179142658347701
"Uncalled bet of 100 returned to ""arash @ RYnRljE1SO""",2026-10-08T02:29:43.477Z,179142658347700
"""goergoe @ _sqcLETZ0C"" folds",2026-10-08T02:29:42.650Z,179142658265000
"""arash @ RYnRljE1SO"" bets 100",2026-10-08T02:29:41.227Z,179142658122700
"Turn: 3♣, 4♦, 2♦ [Q♣]",2026-10-08T02:29:39.144Z,179142657914400
"""arash @ RYnRljE1SO"" calls 50",2026-10-08T02:29:38.325Z,179142657832500
"""goergoe @ _sqcLETZ0C"" bets 50",2026-10-08T02:29:36.978Z,179142657697800
"""arash @ RYnRljE1SO"" checks",2026-10-08T02:29:34.775Z,179142657477500
"Flop:  [3♣, 4♦, 2♦]",2026-10-08T02:29:33.465Z,179142657346500
"""goergoe @ _sqcLETZ0C"" calls 60",2026-10-08T02:29:32.584Z,179142657258400
"""arash @ RYnRljE1SO"" raises to 60",2026-10-08T02:29:31.595Z,179142657159500
"""goergoe @ _sqcLETZ0C"" calls 20",2026-10-08T02:29:29.014Z,179142656901400
"""arash @ RYnRljE1SO"" posts a big blind of 20",2026-10-08T02:29:27.460Z,179142656746005
"""goergoe @ _sqcLETZ0C"" posts a small blind of 10",2026-10-08T02:29:27.460Z,179142656746004
"Your hand is K♥, 2♠",2026-10-08T02:29:27.460Z,179142656746002
"Player stacks: #3 ""goergoe @ _sqcLETZ0C"" (2750) | #8 ""arash @ RYnRljE1SO"" (3280)",2026-10-08T02:29:27.460Z,179142656746001
"-- starting hand #127 (id: dctx8yoa95ib)  No Limit Texas Hold'em (dealer: ""goergoe @ _sqcLETZ0C"") --",2026-10-08T02:29:27.460Z,179142656746000
"-- ending hand #126 --",2026-10-08T02:29:21.450Z,179142656145003
"""arash @ RYnRljE1SO"" collected 280 from pot with Pair, 4's (combination: 7♥, 9♠, A♠, 4♦, 4♠)",2026-10-08T02:29:21.450Z,179142656145002
"""arash @ RYnRljE1SO"" shows a 2♣, 4♦.",2026-10-08T02:29:21.450Z,179142656145001
"""goergoe @ _sqcLETZ0C"" shows a 10♦, Q♥.",2026-10-08T02:29:21.450Z,179142656145000
"""arash @ RYnRljE1SO"" calls 50",2026-10-08T02:29:20.604Z,179142656060400
"""goergoe @ _sqcLETZ0C"" bets 50",2026-10-08T02:29:19.665Z,179142655966500
"River: 4♠, 7♥, A♠, 9♠ [5♦]",2026-10-08T02:29:15.489Z,179142655548900
"""arash @ RYnRljE1SO"" calls 50",2026-10-08T02:29:14.667Z,179142655466700
"""goergoe @ _sqcLETZ0C"" bets 50",2026-10-08T02:29:13.668Z,179142655366800
"Turn: 4♠, 7♥, A♠ [9♠]",2026-10-08T02:29:11.488Z,179142655148800
"""arash @ RYnRljE1SO"" calls 20",2026-10-08T02:29:10.649Z,179142655064900
"""goergoe @ _sqcLETZ0C"" bets 20",2026-10-08T02:29:09.591Z,179142654959100
"Flop:  [4♠, 7♥, A♠]",2026-10-08T02:29:08.288Z,179142654828800
"""goergoe @ _sqcLETZ0C"" checks",2026-10-08T02:29:07.444Z,179142654744400
"""arash @ RYnRljE1SO"" calls 20",2026-10-08T02:29:06.035Z,179142654603500
"""goergoe @ _sqcLETZ0C"" posts a big blind of 20",2026-10-08T02:29:04.329Z,179142654432905
"""arash @ RYnRljE1SO"" posts a small blind of 10",2026-10-08T02:29:04.329Z,179142654432904
"Your hand is 10♦, Q♥",2026-10-08T02:29:04.329Z,179142654432902
"Player stacks: #3 ""goergoe @ _sqcLETZ0C"" (2890) | #8 ""arash @ RYnRljE1SO"" (3140)",2026-10-08T02:29:04.329Z,179142654432901
"-- starting hand #126 (id: eqk7arfnf4wh)  No Limit Texas Hold'em (dealer: ""arash @ RYnRljE1SO"") --",2026-10-08T02:29:04.329Z,179142654432900
"""goergoe @ _sqcLETZ0C"" shows a 7♥, 10♣.",2026-10-08T02:29:01.420Z,179142654142000
"-- ending hand #125 --",2026-10-08T02:29:00.696Z,179142654069602
"""goergoe @ _sqcLETZ0C"" collected 360 from pot",2026-10-08T02:29:00.696Z,179142654069601
"Uncalled bet of 120 returned to ""goergoe @ _sqcLETZ0C""",2026-10-08T02:29:00.696Z,179142654069600
"""arash @ RYnRljE1SO"" folds",2026-10-08T02:28:59.872Z,179142653987200
"""goergoe @ _sqcLETZ0C"" bets 120",2026-10-08T02:28:58.422Z,179142653842200
"""arash @ RYnRljE1SO"" checks",2026-10-08T02:28:55.867Z,179142653586700
"River: 10♠, 3♣, 2♥, 8♥ [7♠]",2026-10-08T02:28:54.656Z,179142653465600
"""goergoe @ _sqcLETZ0C"" calls 80",2026-10-08T02:28:53.787Z,179142653378700
"""arash @ RYnRljE1SO"" bets 80",2026-10-08T02:28:52.913Z,179142653291300
"Turn: 10♠, 3♣, 2♥ [8♥]",2026-10-08T02:28:50.762Z,179142653076200
"""goergoe @ _sqcLETZ0C"" calls 80",2026-10-08T02:28:49.945Z,179142652994500
"""arash @ RYnRljE1SO"" raises to 80",2026-10-08T02:28:48.491Z,179142652849100
"""goergoe @ _sqcLETZ0C"" bets 20",2026-10-08T02:28:46.538Z,179142652653800
"""arash @ RYnRljE1SO"" checks",2026-10-08T02:28:45.420Z,179142652542000
"Flop:  [10♠, 3♣, 2♥]",2026-10-08T02:28:43.863Z,179142652386300
"""arash @ RYnRljE1SO"" checks",2026-10-08T02:28:43.058Z,179142652305800
"""goergoe @ _sqcLETZ0C"" calls 20",2026-10-08T02:28:42.077Z,179142652207700
"""arash @ RYnRljE1SO"" posts a big blind of 20",2026-10-08T02:28:40.756Z,179142652075605
"""goergoe @ _sqcLETZ0C"" posts a small blind of 10",2026-10-08T02:28:40.756Z,179142652075604
"Your hand is 7♥, 10♣",2026-10-08T02:28:40.756Z,179142652075602
"Player stacks: #3 ""goergoe @ _sqcLETZ0C"" (2710) | #8 ""arash @ RYnRljE1SO"" (3320)",2026-10-08T02:28:40.756Z,179142652075601
"-- starting hand #125 (id: gmxubqsdxhde)  No Limit Texas Hold'em (dealer: ""goergoe @ _sqcLETZ0C"") --",2026-10-08T02:28:40.756Z,179142652075600
"-- ending hand #124 --",2026-10-08T02:28:34.744Z,179142651474402
"""goergoe @ _sqcLETZ0C"" collected 400 from pot with Full House, 7's over 9's (combination: 9♥, 9♣, 7♦, 7♥, 7♠)",2026-10-08T02:28:34.744Z,179142651474401
"""goergoe @ _sqcLETZ0C"" shows a 9♥, Q♥.",2026-10-08T02:28:34.744Z,179142651474400
"""arash @ RYnRljE1SO"" calls 80",2026-10-08T02:28:33.894Z,179142651389400
"""goergoe @ _sqcLETZ0C"" bets 80",2026-10-08T02:28:32.848Z,179142651284800
"River: 9♣, 7♦, 7♥, 7♠ [6♦]",2026-10-08T02:28:30.841Z,179142651084100
"""arash @ RYnRljE1SO"" calls 40",2026-10-08T02:28:30.025Z,179142651002500
"""goergoe @ _sqcLETZ0C"" bets 40",2026-10-08T02:28:29.045Z,179142650904500
"Turn: 9♣, 7♦, 7♥ [7♠]",2026-10-08T02:28:26.737Z,179142650673700
"""goergoe @ _sqcLETZ0C"" calls 60",2026-10-08T02:28:25.920Z,179142650592000
"""arash @ RYnRljE1SO"" raises to 60",2026-10-08T02:28:24.928Z,179142650492800
"""goergoe @ _sqcLETZ0C"" bets 20",2026-10-08T02:28:22.767Z,179142650276700
"Flop:  [9♣, 7♦, 7♥]",2026-10-08T02:28:20.591Z,179142650059100
"""goergoe @ _sqcLETZ0C"" checks",2026-10-08T02:28:19.756Z,179142649975600
"""arash @ RYnRljE1SO"" calls 20",2026-10-08T02:28:18.884Z,179142649888400
"""goergoe @ _sqcLETZ0C"" posts a big blind of 20",2026-10-08T02:28:17.130Z,179142649713005
"""arash @ RYnRljE1SO"" posts a small blind of 10",2026-10-08T02:28:17.130Z,179142649713004
"Your hand is 9♥, Q♥",2026-10-08T02:28:17.130Z,179142649713002
"Player stacks: #3 ""goergoe @ _sqcLETZ0C"" (2510) | #8 ""arash @ RYnRljE1SO"" (3520)",2026-10-08T02:28:17.130Z,179142649713001
"-- starting hand #124 (id: pa3qss3oqsiw)  No Limit Texas Hold'em (dealer: ""arash @ RYnRljE1SO"") --",2026-10-08T02:28:17.130Z,179142649713000
"""goergoe @ _sqcLETZ0C"" shows a 6♥, 4♦.",2026-10-08T02:28:11.519Z,179142649151900
"""arash @ RYnRljE1SO"" shows a 8♣, 2♣.",2026-10-08T02:28:10.547Z,179142649054700
"Undealt cards: 3♥, Q♥, Q♣, 10♦ [2♠]",2026-10-08T02:28:10.050Z,179142649005000
"-- ending hand #123 --",2026-10-08T02:28:09.786Z,179142648978602
"""arash @ RYnRljE1SO"" collected 120 from pot",2026-10-08T02:28:09.786Z,179142648978601
"Uncalled bet of 60 returned to ""arash @ RYnRljE1SO""",2026-10-08T02:28:09.786Z,179142648978600
"""goergoe @ _sqcLETZ0C"" folds",2026-10-08T02:28:08.941Z,179142648894100
"""arash @ RYnRljE1SO"" bets 60",2026-10-08T02:28:08.044Z,179142648804400
"Turn: 3♥, Q♥, Q♣ [10♦]",2026-10-08T02:28:06.071Z,179142648607100
"""goergoe @ _sqcLETZ0C"" checks",2026-10-08T02:28:05.256Z,179142648525600
"""arash @ RYnRljE1SO"" checks",2026-10-08T02:28:02.098Z,179142648209800
"Flop:  [3♥, Q♥, Q♣]",2026-10-08T02:28:00.541Z,179142648054100
"""arash @ RYnRljE1SO"" calls 60",2026-10-08T02:27:59.665Z,179142647966500
"""goergoe @ _sqcLETZ0C"" raises to 60",2026-10-08T02:27:58.316Z,179142647831600
"""arash @ RYnRljE1SO"" posts a big blind of 20",2026-10-08T02:27:55.536Z,179142647553605
"""goergoe @ _sqcLETZ0C"" posts a small blind of 10",2026-10-08T02:27:55.536Z,179142647553604
"Your hand is 6♥, 4♦",2026-10-08T02:27:55.536Z,179142647553602
"Player stacks: #3 ""goergoe @ _sqcLETZ0C"" (2570) | #8 ""arash @ RYnRljE1SO"" (3460)",2026-10-08T02:27:55.536Z,179142647553601
"-- starting hand #123 (id: rtrxsckc7s6h)  No Limit Texas Hold'em (dealer: ""goergoe @ _sqcLETZ0C"") --",2026-10-08T02:27:55.536Z,179142647553600
"""arash @ RYnRljE1SO"" shows a 2♠, 7♦.",2026-10-08T02:27:50.533Z,179142647053300
"Undealt cards:  [A♠, 8♥, K♥, 10♦, 2♥]",2026-10-08T02:27:49.669Z,179142646966900
"-- ending hand #122 --",2026-10-08T02:27:48.930Z,179142646893002
"""goergoe @ _sqcLETZ0C"" collected 40 from pot",2026-10-08T02:27:48.930Z,179142646893001
"Uncalled bet of 40 returned to ""goergoe @ _sqcLETZ0C""",2026-10-08T02:27:48.930Z,179142646893000
"""arash @ RYnRljE1SO"" folds",2026-10-08T02:27:48.039Z,179142646803900
"""goergoe @ _sqcLETZ0C"" raises to 60",2026-10-08T02:27:45.678Z,179142646567800
"""arash @ RYnRljE1SO"" calls 20",2026-10-08T02:27:41.358Z,179142646135800
"""goergoe @ _sqcLETZ0C"" posts a big blind of 20",2026-10-08T02:27:40.158Z,179142646015805
"""arash @ RYnRljE1SO"" posts a small blind of 10",2026-10-08T02:27:40.158Z,179142646015804
"Your hand is 3♦, Q♣",2026-10-08T02:27:40.158Z,179142646015802
"Player stacks: #3 ""goergoe @ _sqcLETZ0C"" (2550) | #8 ""arash @ RYnRljE1SO"" (3480)",2026-10-08T02:27:40.158Z,179142646015801
"-- starting hand #122 (id: szmmpdl1n2ve)  No Limit Texas Hold'em (dealer: ""arash @ RYnRljE1SO"") --",2026-10-08T02:27:40.158Z,179142646015800
"""goergoe @ _sqcLETZ0C"" shows a 2♥, 5♦.",2026-10-08T02:27:35.487Z,179142645548700
"Undealt cards: K♠, 9♣, A♦, 5♥ [6♠]",2026-10-08T02:27:34.913Z,179142645491300
"-- ending hand #121 --",2026-10-08T02:27:33.552Z,179142645355202
"""goergoe @ _sqcLETZ0C"" collected 40 from pot",2026-10-08T02:27:33.552Z,179142645355201
"Uncalled bet of 20 returned to ""goergoe @ _sqcLETZ0C""",2026-10-08T02:27:33.552Z,179142645355200
"""arash @ RYnRljE1SO"" folds",2026-10-08T02:27:32.738Z,179142645273800
"""goergoe @ _sqcLETZ0C"" bets 20",2026-10-08T02:27:31.585Z,179142645158500
"""arash @ RYnRljE1SO"" checks",2026-10-08T02:27:30.368Z,179142645036800
"Turn: K♠, 9♣, A♦ [5♥]",2026-10-08T02:27:28.953Z,179142644895300
"""goergoe @ _sqcLETZ0C"" checks",2026-10-08T02:27:28.099Z,179142644809900
"""arash @ RYnRljE1SO"" checks",2026-10-08T02:27:27.264Z,179142644726400
"Flop:  [K♠, 9♣, A♦]",2026-10-08T02:27:25.354Z,179142644535400
"""arash @ RYnRljE1SO"" checks",2026-10-08T02:27:24.533Z,179142644453300
"""goergoe @ _sqcLETZ0C"" calls 20",2026-10-08T02:27:22.139Z,179142644213900
"""arash @ RYnRljE1SO"" posts a big blind of 20",2026-10-08T02:27:16.958Z,179142643695805
"""goergoe @ _sqcLETZ0C"" posts a small blind of 10",2026-10-08T02:27:16.958Z,179142643695804
"Your hand is 2♥, 5♦",2026-10-08T02:27:16.958Z,179142643695802
"Player stacks: #3 ""goergoe @ _sqcLETZ0C"" (2530) | #8 ""arash @ RYnRljE1SO"" (3500)",2026-10-08T02:27:16.958Z,179142643695801
"-- starting hand #121 (id: liird5awya1z)  No Limit Texas Hold'em (dealer: ""goergoe @ _sqcLETZ0C"") --",2026-10-08T02:27:16.958Z,179142643695800
"""goergoe @ _sqcLETZ0C"" shows a 9♠, 5♥.",2026-10-08T02:27:15.331Z,179142643533100
"Undealt cards: A♣, 10♠, 8♦ [4♣, 5♠]",2026-10-08T02:27:11.461Z,179142643146100
"-- ending hand #120 --",2026-10-08T02:27:10.351Z,179142643035102
"""arash @ RYnRljE1SO"" collected 40 from pot",2026-10-08T02:27:10.351Z,179142643035101
"Uncalled bet of 60 returned to ""arash @ RYnRljE1SO""",2026-10-08T02:27:10.351Z,179142643035100
"""goergoe @ _sqcLETZ0C"" folds",2026-10-08T02:27:09.542Z,179142642954200
"""arash @ RYnRljE1SO"" bets 60",2026-10-08T02:27:07.113Z,179142642711300
"""goergoe @ _sqcLETZ0C"" checks",2026-10-08T02:27:05.044Z,179142642504400
"Flop:  [A♣, 10♠, 8♦]",2026-10-08T02:27:03.734Z,179142642373400
"""goergoe @ _sqcLETZ0C"" checks",2026-10-08T02:27:02.884Z,179142642288400
"""arash @ RYnRljE1SO"" calls 20",2026-10-08T02:27:01.210Z,179142642121000
"""goergoe @ _sqcLETZ0C"" posts a big blind of 20",2026-10-08T02:26:59.756Z,179142641975605
"""arash @ RYnRljE1SO"" posts a small blind of 10",2026-10-08T02:26:59.756Z,179142641975604
"Your hand is 9♠, 5♥",2026-10-08T02:26:59.756Z,179142641975602
"Player stacks: #3 ""goergoe @ _sqcLETZ0C"" (2550) | #8 ""arash @ RYnRljE1SO"" (3480)",2026-10-08T02:26:59.756Z,179142641975601
"-- starting hand #120 (id: f38suzb3f1iz)  No Limit Texas Hold'em (dealer: ""arash @ RYnRljE1SO"") --",2026-10-08T02:26:59.756Z,179142641975600
"""goergoe @ _sqcLETZ0C"" shows a K♣, 3♦.",2026-10-08T02:26:54.248Z,179142641424800
"Undealt cards: J♣, 8♥, J♠, 6♦ [Q♠]",2026-10-08T02:26:53.257Z,179142641325700
"-- ending hand #119 --",2026-10-08T02:26:53.133Z,179142641313302
"""arash @ RYnRljE1SO"" collected 40 from pot",2026-10-08T02:26:53.133Z,179142641313301
"Uncalled bet of 50 returned to ""arash @ RYnRljE1SO""",2026-10-08T02:26:53.133Z,179142641313300
"""goergoe @ _sqcLETZ0C"" folds",2026-10-08T02:26:52.308Z,179142641230800
"""arash @ RYnRljE1SO"" bets 50",2026-10-08T02:26:50.185Z,179142641018500
"Turn: J♣, 8♥, J♠ [6♦]",2026-10-08T02:26:46.091Z,179142640609100
"""goergoe @ _sqcLETZ0C"" checks",2026-10-08T02:26:45.285Z,179142640528500
"""arash @ RYnRljE1SO"" checks",2026-10-08T02:26:44.411Z,179142640441100
"Flop:  [J♣, 8♥, J♠]",2026-10-08T02:26:41.237Z,179142640123700
"""arash @ RYnRljE1SO"" checks",2026-10-08T02:26:40.428Z,179142640042800
"""goergoe @ _sqcLETZ0C"" calls 20",2026-10-08T02:26:36.766Z,179142639676600
"""arash @ RYnRljE1SO"" posts a big blind of 20",2026-10-08T02:26:32.890Z,179142639289008
"""goergoe @ _sqcLETZ0C"" posts a small blind of 10",2026-10-08T02:26:32.890Z,179142639289007
"Your hand is K♣, 3♦",2026-10-08T02:26:32.890Z,179142639289005
"Player stacks: #3 ""goergoe @ _sqcLETZ0C"" (2570) | #8 ""arash @ RYnRljE1SO"" (3460)",2026-10-08T02:26:32.890Z,179142639289004
"-- starting hand #119 (id: fyxuu5hjppwl)  No Limit Texas Hold'em (dealer: ""goergoe @ _sqcLETZ0C"") --",2026-10-08T02:26:32.890Z,179142639289003
"The player ""Jonah @ xrBY5OZYCv"" quits the game with a stack of 0.",2026-10-08T02:26:32.890Z,179142639289002
"The player ""Spenny @ S8ENkJ8OQS"" quits the game with a stack of 0.",2026-10-08T02:26:32.890Z,179142639289001
"The player ""peelic @ vOeqrOXpLT"" quits the game with a stack of 0.",2026-10-08T02:26:32.890Z,179142639289000
"-- ending hand #118 --",2026-10-08T02:26:26.833Z,179142638683307
"""Jonah @ xrBY5OZYCv"" shows a A♣, 2♣.",2026-10-08T02:26:26.833Z,179142638683306
"""Spenny @ S8ENkJ8OQS"" shows a 4♥, 4♠.",2026-10-08T02:26:26.833Z,179142638683305
"""goergoe @ _sqcLETZ0C"" collected 1580 from pot with Two Pair, K's & 9's (combination: Q♠, 9♣, 9♥, K♠, K♣)",2026-10-08T02:26:26.833Z,179142638683304
"""goergoe @ _sqcLETZ0C"" collected 360 from pot with Two Pair, K's & 9's (combination: Q♠, 9♣, 9♥, K♠, K♣)",2026-10-08T02:26:26.833Z,179142638683303
"""goergoe @ _sqcLETZ0C"" collected 600 from pot with Two Pair, K's & 9's (combination: Q♠, 9♣, 9♥, K♠, K♣)",2026-10-08T02:26:26.833Z,179142638683302
"""goergoe @ _sqcLETZ0C"" shows a 3♦, K♠.",2026-10-08T02:26:26.833Z,179142638683301
"""peelic @ vOeqrOXpLT"" shows a 10♦, 10♣.",2026-10-08T02:26:26.833Z,179142638683300
"""goergoe @ _sqcLETZ0C"" calls 770",2026-10-08T02:26:26.024Z,179142638602400
"""peelic @ vOeqrOXpLT"" bets 770 and go all in",2026-10-08T02:26:19.343Z,179142637934300
"River: 9♣, K♣, 9♥, 2♠ [Q♠]",2026-10-08T02:26:15.549Z,179142637554900
"""peelic @ vOeqrOXpLT"" calls 20",2026-10-08T02:26:14.671Z,179142637467100
"""goergoe @ _sqcLETZ0C"" bets 20",2026-10-08T02:26:13.353Z,179142637335300
"""peelic @ vOeqrOXpLT"" checks",2026-10-08T02:26:08.766Z,179142636876600
"Turn: 9♣, K♣, 9♥ [2♠]",2026-10-08T02:26:06.945Z,179142636694500
"""goergoe @ _sqcLETZ0C"" calls 120",2026-10-08T02:26:06.057Z,179142636605700
"""peelic @ vOeqrOXpLT"" calls 120",2026-10-08T02:26:05.175Z,179142636517500
"""arash @ RYnRljE1SO"" folds",2026-10-08T02:26:04.251Z,179142636425100
"""Jonah @ xrBY5OZYCv"" raises to 120 and go all in",2026-10-08T02:26:03.286Z,179142636328600
"""goergoe @ _sqcLETZ0C"" calls 110",2026-10-08T02:26:00.988Z,179142636098800
"""peelic @ vOeqrOXpLT"" bets 110",2026-10-08T02:25:58.434Z,179142635843400
"Flop:  [9♣, K♣, 9♥]",2026-10-08T02:25:52.968Z,179142635296800
"""peelic @ vOeqrOXpLT"" calls 120",2026-10-08T02:25:52.118Z,179142635211800
"""arash @ RYnRljE1SO"" calls 120",2026-10-08T02:25:51.277Z,179142635127700
"""Jonah @ xrBY5OZYCv"" calls 120",2026-10-08T02:25:50.357Z,179142635035700
"""goergoe @ _sqcLETZ0C"" calls 120",2026-10-08T02:25:49.489Z,179142634948900
"""Spenny @ S8ENkJ8OQS"" raises to 120 and go all in",2026-10-08T02:25:45.140Z,179142634514000
"""peelic @ vOeqrOXpLT"" calls 20",2026-10-08T02:25:41.997Z,179142634199700
"""arash @ RYnRljE1SO"" calls 20",2026-10-08T02:25:41.160Z,179142634116000
"""Jonah @ xrBY5OZYCv"" calls 20",2026-10-08T02:25:39.664Z,179142633966400
"""goergoe @ _sqcLETZ0C"" calls 20",2026-10-08T02:25:37.980Z,179142633798000
"""Spenny @ S8ENkJ8OQS"" posts a big blind of 20",2026-10-08T02:25:37.067Z,179142633706708
"""peelic @ vOeqrOXpLT"" posts a small blind of 10",2026-10-08T02:25:37.067Z,179142633706707
"Your hand is 3♦, K♠",2026-10-08T02:25:37.067Z,179142633706703
"Player stacks: #1 ""Spenny @ S8ENkJ8OQS"" (120) | #3 ""goergoe @ _sqcLETZ0C"" (1060) | #7 ""Jonah @ xrBY5OZYCv"" (240) | #8 ""arash @ RYnRljE1SO"" (3580) | #10 ""peelic @ vOeqrOXpLT"" (1030)",2026-10-08T02:25:37.067Z,179142633706701
"-- starting hand #118 (id: owtdsu7vco4m)  No Limit Texas Hold'em (dealer: ""arash @ RYnRljE1SO"") --",2026-10-08T02:25:37.067Z,179142633706700
"""Spenny @ S8ENkJ8OQS"" shows a J♠, K♣.",2026-10-08T02:25:31.966Z,179142633196600
"-- ending hand #117 --",2026-10-08T02:25:30.467Z,179142633046702
"""arash @ RYnRljE1SO"" collected 550 from pot with Pair, Q's (combination: 8♣, J♦, K♠, Q♠, Q♣)",2026-10-08T02:25:30.467Z,179142633046701
"""arash @ RYnRljE1SO"" shows a Q♠, K♠.",2026-10-08T02:25:30.467Z,179142633046700
"""Jonah @ xrBY5OZYCv"" folds",2026-10-08T02:25:29.618Z,179142632961800
"""Spenny @ S8ENkJ8OQS"" calls 50",2026-10-08T02:25:28.760Z,179142632876000
"""arash @ RYnRljE1SO"" bets 50",2026-10-08T02:25:25.070Z,179142632507000
"River: 3♥, 4♠, J♦, 8♣ [Q♣]",2026-10-08T02:25:21.457Z,179142632145700
"""Jonah @ xrBY5OZYCv"" checks",2026-10-08T02:25:20.598Z,179142632059800
"""Spenny @ S8ENkJ8OQS"" checks",2026-10-08T02:25:19.296Z,179142631929600
"""arash @ RYnRljE1SO"" checks",2026-10-08T02:25:15.940Z,179142631594000
"Turn: 3♥, 4♠, J♦ [8♣]",2026-10-08T02:25:13.032Z,179142631303200
"""goergoe @ _sqcLETZ0C"" folds",2026-10-08T02:25:12.201Z,179142631220100
"""Spenny @ S8ENkJ8OQS"" calls 70",2026-10-08T02:25:10.518Z,179142631051800
"""arash @ RYnRljE1SO"" calls 70",2026-10-08T02:25:06.859Z,179142630685900
"""Jonah @ xrBY5OZYCv"" raises to 70",2026-10-08T02:25:04.835Z,179142630483500
"""goergoe @ _sqcLETZ0C"" calls 20",2026-10-08T02:25:01.817Z,179142630181700
"""Spenny @ S8ENkJ8OQS"" bets 20",2026-10-08T02:25:00.502Z,179142630050200
"""arash @ RYnRljE1SO"" checks",2026-10-08T02:24:57.397Z,179142629739700
"Flop:  [3♥, 4♠, J♦]",2026-10-08T02:24:55.579Z,179142629557900
"""Jonah @ xrBY5OZYCv"" calls 50",2026-10-08T02:24:54.764Z,179142629476400
"""goergoe @ _sqcLETZ0C"" calls 50",2026-10-08T02:24:51.707Z,179142629170700
"""Spenny @ S8ENkJ8OQS"" calls 50",2026-10-08T02:24:50.859Z,179142629085900
"""peelic @ vOeqrOXpLT"" folds",2026-10-08T02:24:49.910Z,179142628991000
"""arash @ RYnRljE1SO"" raises to 50",2026-10-08T02:24:44.465Z,179142628446500
"""Jonah @ xrBY5OZYCv"" calls 20",2026-10-08T02:24:42.089Z,179142628208900
"""goergoe @ _sqcLETZ0C"" calls 20",2026-10-08T02:24:41.175Z,179142628117500
"""Spenny @ S8ENkJ8OQS"" calls 20",2026-10-08T02:24:39.235Z,179142627923500
"""peelic @ vOeqrOXpLT"" posts a big blind of 20",2026-10-08T02:24:37.631Z,179142627763108
"""arash @ RYnRljE1SO"" posts a small blind of 10",2026-10-08T02:24:37.631Z,179142627763107
"Your hand is 9♠, 8♥",2026-10-08T02:24:37.631Z,179142627763103
"Player stacks: #1 ""Spenny @ S8ENkJ8OQS"" (290) | #3 ""goergoe @ _sqcLETZ0C"" (1130) | #7 ""Jonah @ xrBY5OZYCv"" (360) | #8 ""arash @ RYnRljE1SO"" (3200) | #10 ""peelic @ vOeqrOXpLT"" (1050)",2026-10-08T02:24:37.631Z,179142627763101
"-- starting hand #117 (id: zyo2q2hizpjn)  No Limit Texas Hold'em (dealer: ""Jonah @ xrBY5OZYCv"") --",2026-10-08T02:24:37.631Z,179142627763100
"""goergoe @ _sqcLETZ0C"" shows a 10♠, 9♦.",2026-10-08T02:24:33.823Z,179142627382300
"Undealt cards: 4♠, A♥, 4♣, 7♦ [10♣]",2026-10-08T02:24:32.045Z,179142627204500
"-- ending hand #116 --",2026-10-08T02:24:30.964Z,179142627096402
"""arash @ RYnRljE1SO"" collected 210 from pot",2026-10-08T02:24:30.964Z,179142627096401
"Uncalled bet of 60 returned to ""arash @ RYnRljE1SO""",2026-10-08T02:24:30.964Z,179142627096400
"""goergoe @ _sqcLETZ0C"" folds",2026-10-08T02:24:30.113Z,179142627011300
"""Spenny @ S8ENkJ8OQS"" folds",2026-10-08T02:24:26.235Z,179142626623500
"""peelic @ vOeqrOXpLT"" folds",2026-10-08T02:24:22.819Z,179142626281900
"""arash @ RYnRljE1SO"" bets 60",2026-10-08T02:24:15.017Z,179142625501700
"Turn: 4♠, A♥, 4♣ [7♦]",2026-10-08T02:24:10.254Z,179142625025400
"""goergoe @ _sqcLETZ0C"" checks",2026-10-08T02:24:09.378Z,179142624937800
"""Spenny @ S8ENkJ8OQS"" checks",2026-10-08T02:24:08.482Z,179142624848200
"""peelic @ vOeqrOXpLT"" checks",2026-10-08T02:24:04.066Z,179142624406600
"""arash @ RYnRljE1SO"" checks",2026-10-08T02:24:01.710Z,179142624171000
"Flop:  [4♠, A♥, 4♣]",2026-10-08T02:23:59.557Z,179142623955700
"""goergoe @ _sqcLETZ0C"" calls 50",2026-10-08T02:23:58.711Z,179142623871100
"""Spenny @ S8ENkJ8OQS"" calls 50",2026-10-08T02:23:57.859Z,179142623785900
"""peelic @ vOeqrOXpLT"" calls 50",2026-10-08T02:23:54.717Z,179142623471700
"""arash @ RYnRljE1SO"" raises to 50",2026-10-08T02:23:49.673Z,179142622967300
"""Jonah @ xrBY5OZYCv"" folds",2026-10-08T02:23:46.724Z,179142622672400
"""goergoe @ _sqcLETZ0C"" calls 20",2026-10-08T02:23:45.804Z,179142622580400
"""Spenny @ S8ENkJ8OQS"" calls 20",2026-10-08T02:23:44.946Z,179142622494600
"""peelic @ vOeqrOXpLT"" calls 20",2026-10-08T02:23:42.032Z,179142622203200
"""arash @ RYnRljE1SO"" posts a big blind of 20",2026-10-08T02:23:40.312Z,179142622031208
"""Jonah @ xrBY5OZYCv"" posts a small blind of 10",2026-10-08T02:23:40.312Z,179142622031207
"Your hand is 10♠, 9♦",2026-10-08T02:23:40.312Z,179142622031203
"Player stacks: #1 ""Spenny @ S8ENkJ8OQS"" (340) | #3 ""goergoe @ _sqcLETZ0C"" (1180) | #7 ""Jonah @ xrBY5OZYCv"" (370) | #8 ""arash @ RYnRljE1SO"" (3040) | #10 ""peelic @ vOeqrOXpLT"" (1100)",2026-10-08T02:23:40.312Z,179142622031201
"-- starting hand #116 (id: n5x87oa5ussj)  No Limit Texas Hold'em (dealer: ""goergoe @ _sqcLETZ0C"") --",2026-10-08T02:23:40.312Z,179142622031200
"""goergoe @ _sqcLETZ0C"" shows a 3♣, 7♦.",2026-10-08T02:23:38.747Z,179142621874700
"-- ending hand #115 --",2026-10-08T02:23:33.781Z,179142621378103
"""Spenny @ S8ENkJ8OQS"" collected 280 from pot with Two Pair, J's & 6's (combination: Q♦, 6♠, 6♣, J♠, J♦)",2026-10-08T02:23:33.781Z,179142621378102
"""Spenny @ S8ENkJ8OQS"" shows a Q♦, J♠.",2026-10-08T02:23:33.781Z,179142621378101
"""peelic @ vOeqrOXpLT"" shows a 7♣, 7♠.",2026-10-08T02:23:33.781Z,179142621378100
"""Jonah @ xrBY5OZYCv"" folds",2026-10-08T02:23:32.963Z,179142621296300
"""Spenny @ S8ENkJ8OQS"" calls 40",2026-10-08T02:23:32.103Z,179142621210300
"""peelic @ vOeqrOXpLT"" bets 40",2026-10-08T02:23:30.604Z,179142621060400
"""Jonah @ xrBY5OZYCv"" checks",2026-10-08T02:23:25.381Z,179142620538100
"River: J♦, 9♥, 6♠, 8♦ [6♣]",2026-10-08T02:23:20.449Z,179142620044900
"""peelic @ vOeqrOXpLT"" calls 20",2026-10-08T02:23:19.615Z,179142619961500
"""Jonah @ xrBY5OZYCv"" calls 20",2026-10-08T02:23:17.957Z,179142619795700
"""Spenny @ S8ENkJ8OQS"" bets 20",2026-10-08T02:23:15.466Z,179142619546600
"""peelic @ vOeqrOXpLT"" checks",2026-10-08T02:23:10.440Z,179142619044000
"""Jonah @ xrBY5OZYCv"" checks",2026-10-08T02:23:09.589Z,179142618958900
"Turn: J♦, 9♥, 6♠ [8♦]",2026-10-08T02:23:07.363Z,179142618736300
"""peelic @ vOeqrOXpLT"" calls 20",2026-10-08T02:23:06.550Z,179142618655000
"""Jonah @ xrBY5OZYCv"" calls 20",2026-10-08T02:23:02.451Z,179142618245100
"""goergoe @ _sqcLETZ0C"" folds",2026-10-08T02:22:58.454Z,179142617845400
"""Spenny @ S8ENkJ8OQS"" bets 20",2026-10-08T02:22:57.101Z,179142617710100
"""peelic @ vOeqrOXpLT"" checks",2026-10-08T02:22:53.887Z,179142617388700
"""Jonah @ xrBY5OZYCv"" checks",2026-10-08T02:22:52.928Z,179142617292800
"""goergoe @ _sqcLETZ0C"" checks",2026-10-08T02:22:51.949Z,179142617194900
"Flop:  [J♦, 9♥, 6♠]",2026-10-08T02:22:50.450Z,179142617045000
"""Jonah @ xrBY5OZYCv"" checks",2026-10-08T02:22:49.508Z,179142616950800
"""goergoe @ _sqcLETZ0C"" calls 20",2026-10-08T02:22:48.537Z,179142616853700
"""Spenny @ S8ENkJ8OQS"" calls 20",2026-10-08T02:22:47.697Z,179142616769700
"""peelic @ vOeqrOXpLT"" calls 20",2026-10-08T02:22:45.477Z,179142616547700
"""arash @ RYnRljE1SO"" folds",2026-10-08T02:22:44.511Z,179142616451100
"""Jonah @ xrBY5OZYCv"" posts a big blind of 20",2026-10-08T02:22:43.444Z,179142616344408
"""goergoe @ _sqcLETZ0C"" posts a small blind of 10",2026-10-08T02:22:43.444Z,179142616344407
"Your hand is 3♣, 7♦",2026-10-08T02:22:43.444Z,179142616344403
"Player stacks: #1 ""Spenny @ S8ENkJ8OQS"" (160) | #3 ""goergoe @ _sqcLETZ0C"" (1200) | #7 ""Jonah @ xrBY5OZYCv"" (430) | #8 ""arash @ RYnRljE1SO"" (3040) | #10 ""peelic @ vOeqrOXpLT"" (1200)",2026-10-08T02:22:43.444Z,179142616344401
"-- starting hand #115 (id: enyrd4xywhmd)  No Limit Texas Hold'em (dealer: ""Spenny @ S8ENkJ8OQS"") --",2026-10-08T02:22:43.444Z,179142616344400
"-- ending hand #114 --",2026-10-08T02:22:37.437Z,179142615743702
"""goergoe @ _sqcLETZ0C"" collected 680 from pot with Straight, K High (combination: 9♥, 10♣, J♥, Q♠, K♦)",2026-10-08T02:22:37.437Z,179142615743701
"""goergoe @ _sqcLETZ0C"" shows a J♥, Q♠.",2026-10-08T02:22:37.437Z,179142615743700
"""peelic @ vOeqrOXpLT"" calls 120",2026-10-08T02:22:36.521Z,179142615652100
"""Jonah @ xrBY5OZYCv"" folds",2026-10-08T02:22:35.095Z,179142615509500
"""goergoe @ _sqcLETZ0C"" bets 120",2026-10-08T02:22:34.114Z,179142615411400
"River: 3♦, 9♥, 10♣, 7♦ [K♦]",2026-10-08T02:22:27.999Z,179142614799900
"""arash @ RYnRljE1SO"" folds",2026-10-08T02:22:27.191Z,179142614719100
"""Jonah @ xrBY5OZYCv"" calls 60",2026-10-08T02:22:22.914Z,179142614291400
"""goergoe @ _sqcLETZ0C"" calls 60",2026-10-08T02:22:22.049Z,179142614204900
"""peelic @ vOeqrOXpLT"" bets 60",2026-10-08T02:22:20.098Z,179142614009800
"""arash @ RYnRljE1SO"" checks",2026-10-08T02:22:13.237Z,179142613323700
"""Jonah @ xrBY5OZYCv"" checks",2026-10-08T02:22:09.830Z,179142612983000
"""goergoe @ _sqcLETZ0C"" checks",2026-10-08T02:22:08.509Z,179142612850900
"Turn: 3♦, 9♥, 10♣ [7♦]",2026-10-08T02:22:06.190Z,179142612619000
"""arash @ RYnRljE1SO"" calls 40",2026-10-08T02:22:05.303Z,179142612530300
"""Jonah @ xrBY5OZYCv"" calls 40",2026-10-08T02:22:04.382Z,179142612438200
"""goergoe @ _sqcLETZ0C"" calls 40",2026-10-08T02:21:56.581Z,179142611658100
"""Spenny @ S8ENkJ8OQS"" folds",2026-10-08T02:21:55.672Z,179142611567200
"""peelic @ vOeqrOXpLT"" bets 40",2026-10-08T02:21:45.979Z,179142610597900
"""arash @ RYnRljE1SO"" checks",2026-10-08T02:21:43.705Z,179142610370500
"""Jonah @ xrBY5OZYCv"" checks",2026-10-08T02:21:41.707Z,179142610170700
"""goergoe @ _sqcLETZ0C"" checks",2026-10-08T02:21:40.839Z,179142610083900
"""Spenny @ S8ENkJ8OQS"" checks",2026-10-08T02:21:33.183Z,179142609318300
"Flop:  [3♦, 9♥, 10♣]",2026-10-08T02:21:29.126Z,179142608912600
"""goergoe @ _sqcLETZ0C"" checks",2026-10-08T02:21:28.276Z,179142608827600
"""Spenny @ S8ENkJ8OQS"" calls 20",2026-10-08T02:21:22.718Z,179142608271800
"""peelic @ vOeqrOXpLT"" calls 20",2026-10-08T02:21:21.797Z,179142608179700
"""arash @ RYnRljE1SO"" calls 20",2026-10-08T02:21:20.953Z,179142608095300
"""Jonah @ xrBY5OZYCv"" calls 20",2026-10-08T02:21:20.005Z,179142608000500
"""goergoe @ _sqcLETZ0C"" posts a big blind of 20",2026-10-08T02:21:18.521Z,179142607852108
"""Spenny @ S8ENkJ8OQS"" posts a small blind of 10",2026-10-08T02:21:18.521Z,179142607852107
"Your hand is J♥, Q♠",2026-10-08T02:21:18.521Z,179142607852103
"Player stacks: #1 ""Spenny @ S8ENkJ8OQS"" (180) | #3 ""goergoe @ _sqcLETZ0C"" (760) | #7 ""Jonah @ xrBY5OZYCv"" (550) | #8 ""arash @ RYnRljE1SO"" (3100) | #10 ""peelic @ vOeqrOXpLT"" (1440)",2026-10-08T02:21:18.521Z,179142607852101
"-- starting hand #114 (id: zhxzwyxqplmp)  No Limit Texas Hold'em (dealer: ""peelic @ vOeqrOXpLT"") --",2026-10-08T02:21:18.521Z,179142607852100
"""peelic @ vOeqrOXpLT"" shows a Q♠.",2026-10-08T02:21:13.919Z,179142607391900
"-- ending hand #113 --",2026-10-08T02:21:11.911Z,179142607191102
"""arash @ RYnRljE1SO"" collected 180 from pot",2026-10-08T02:21:11.911Z,179142607191101
"Uncalled bet of 80 returned to ""arash @ RYnRljE1SO""",2026-10-08T02:21:11.911Z,179142607191100
"""peelic @ vOeqrOXpLT"" folds",2026-10-08T02:21:11.036Z,179142607103600
"""arash @ RYnRljE1SO"" raises to 120",2026-10-08T02:21:02.157Z,179142606215700
"""peelic @ vOeqrOXpLT"" bets 40",2026-10-08T02:20:56.533Z,179142605653300
"Turn: 6♠, 3♥, Q♥ [2♣]",2026-10-08T02:20:50.688Z,179142605068800
"""arash @ RYnRljE1SO"" calls 20",2026-10-08T02:20:49.864Z,179142604986400
"""Spenny @ S8ENkJ8OQS"" folds",2026-10-08T02:20:48.917Z,179142604891700
"""peelic @ vOeqrOXpLT"" bets 20",2026-10-08T02:20:44.133Z,179142604413300
"Flop:  [6♠, 3♥, Q♥]",2026-10-08T02:20:41.532Z,179142604153200
"""Spenny @ S8ENkJ8OQS"" checks",2026-10-08T02:20:40.683Z,179142604068300
"""peelic @ vOeqrOXpLT"" calls 20",2026-10-08T02:20:36.304Z,179142603630400
"""arash @ RYnRljE1SO"" calls 20",2026-10-08T02:20:35.460Z,179142603546000
"""Jonah @ xrBY5OZYCv"" folds",2026-10-08T02:20:32.740Z,179142603274000
"""goergoe @ _sqcLETZ0C"" folds",2026-10-08T02:20:31.879Z,179142603187900
"""Spenny @ S8ENkJ8OQS"" posts a big blind of 20",2026-10-08T02:20:30.693Z,179142603069308
"""peelic @ vOeqrOXpLT"" posts a small blind of 10",2026-10-08T02:20:30.693Z,179142603069307
"Your hand is J♣, 2♥",2026-10-08T02:20:30.693Z,179142603069303
"Player stacks: #1 ""Spenny @ S8ENkJ8OQS"" (200) | #3 ""goergoe @ _sqcLETZ0C"" (760) | #7 ""Jonah @ xrBY5OZYCv"" (550) | #8 ""arash @ RYnRljE1SO"" (3000) | #10 ""peelic @ vOeqrOXpLT"" (1520)",2026-10-08T02:20:30.693Z,179142603069301
"-- starting hand #113 (id: eqrovqe1foaa)  No Limit Texas Hold'em (dealer: ""arash @ RYnRljE1SO"") --",2026-10-08T02:20:30.693Z,179142603069300
"""Spenny @ S8ENkJ8OQS"" shows a J♣, J♥.",2026-10-08T02:20:26.215Z,179142602621500
"-- ending hand #112 --",2026-10-08T02:20:24.157Z,179142602415702
"""peelic @ vOeqrOXpLT"" collected 360 from pot with Three of a Kind, 9's (combination: K♦, A♣, 9♠, 9♦, 9♥)",2026-10-08T02:20:24.157Z,179142602415701
"""peelic @ vOeqrOXpLT"" shows a 9♠, K♦.",2026-10-08T02:20:24.157Z,179142602415700
"""arash @ RYnRljE1SO"" folds",2026-10-08T02:20:23.352Z,179142602335200
"""Spenny @ S8ENkJ8OQS"" calls 80",2026-10-08T02:20:18.271Z,179142601827100
"""peelic @ vOeqrOXpLT"" bets 80",2026-10-08T02:20:08.512Z,179142600851200
"""arash @ RYnRljE1SO"" checks",2026-10-08T02:20:05.191Z,179142600519100
"River: 9♦, Q♦, 2♣, 9♥ [A♣]",2026-10-08T02:20:02.756Z,179142600275600
"""arash @ RYnRljE1SO"" calls 40",2026-10-08T02:20:01.866Z,179142600186600
"""Jonah @ xrBY5OZYCv"" folds",2026-10-08T02:20:00.756Z,179142600075600
"""Spenny @ S8ENkJ8OQS"" calls 40",2026-10-08T02:19:52.882Z,179142599288200
"""peelic @ vOeqrOXpLT"" bets 40",2026-10-08T02:19:44.357Z,179142598435700
"""arash @ RYnRljE1SO"" checks",2026-10-08T02:19:37.834Z,179142597783400
"Turn: 9♦, Q♦, 2♣ [9♥]",2026-10-08T02:19:35.949Z,179142597594900
"""Jonah @ xrBY5OZYCv"" checks",2026-10-08T02:19:35.145Z,179142597514500
"""Spenny @ S8ENkJ8OQS"" checks",2026-10-08T02:19:34.281Z,179142597428100
"""peelic @ vOeqrOXpLT"" checks",2026-10-08T02:19:32.543Z,179142597254300
"""arash @ RYnRljE1SO"" checks",2026-10-08T02:19:30.935Z,179142597093500
"Flop:  [9♦, Q♦, 2♣]",2026-10-08T02:19:29.357Z,179142596935700
"""peelic @ vOeqrOXpLT"" checks",2026-10-08T02:19:28.508Z,179142596850800
"""arash @ RYnRljE1SO"" calls 20",2026-10-08T02:19:27.675Z,179142596767500
"""Jonah @ xrBY5OZYCv"" calls 20",2026-10-08T02:19:26.705Z,179142596670500
"""goergoe @ _sqcLETZ0C"" folds",2026-10-08T02:19:25.798Z,179142596579800
"""Spenny @ S8ENkJ8OQS"" calls 20",2026-10-08T02:19:24.273Z,179142596427300
"""peelic @ vOeqrOXpLT"" posts a big blind of 20",2026-10-08T02:19:18.867Z,179142595886708
"""arash @ RYnRljE1SO"" posts a small blind of 10",2026-10-08T02:19:18.867Z,179142595886707
"Your hand is J♠, 5♥",2026-10-08T02:19:18.867Z,179142595886703
"Player stacks: #1 ""Spenny @ S8ENkJ8OQS"" (340) | #3 ""goergoe @ _sqcLETZ0C"" (760) | #7 ""Jonah @ xrBY5OZYCv"" (570) | #8 ""arash @ RYnRljE1SO"" (3060) | #10 ""peelic @ vOeqrOXpLT"" (1300)",2026-10-08T02:19:18.867Z,179142595886701
"-- starting hand #112 (id: fp0civdylgc5)  No Limit Texas Hold'em (dealer: ""Jonah @ xrBY5OZYCv"") --",2026-10-08T02:19:18.867Z,179142595886700
"-- ending hand #111 --",2026-10-08T02:19:12.858Z,179142595285803
"""goergoe @ _sqcLETZ0C"" collected 550 from pot with Flush, Q High (combination: 6♠, 7♠, 8♠, J♠, Q♠)",2026-10-08T02:19:12.858Z,179142595285802
"""goergoe @ _sqcLETZ0C"" shows a J♠, Q♠.",2026-10-08T02:19:12.858Z,179142595285801
"""Spenny @ S8ENkJ8OQS"" shows a 2♣, A♦.",2026-10-08T02:19:12.858Z,179142595285800
"""arash @ RYnRljE1SO"" calls 60",2026-10-08T02:19:12.055Z,179142595205500
"""goergoe @ _sqcLETZ0C"" calls 60",2026-10-08T02:19:11.080Z,179142595108000
"""Spenny @ S8ENkJ8OQS"" bets 60",2026-10-08T02:19:09.064Z,179142594906400
"""arash @ RYnRljE1SO"" checks",2026-10-08T02:19:02.663Z,179142594266300
"River: 2♠, 7♠, 8♠, A♥ [6♠]",2026-10-08T02:18:58.966Z,179142593896600
"""Spenny @ S8ENkJ8OQS"" calls 80",2026-10-08T02:18:58.079Z,179142593807900
"""arash @ RYnRljE1SO"" calls 80",2026-10-08T02:18:54.421Z,179142593442100
"""goergoe @ _sqcLETZ0C"" raises to 80",2026-10-08T02:18:52.756Z,179142593275600
"""Spenny @ S8ENkJ8OQS"" bets 40",2026-10-08T02:18:49.743Z,179142592974300
"""arash @ RYnRljE1SO"" checks",2026-10-08T02:18:44.605Z,179142592460500
"Turn: 2♠, 7♠, 8♠ [A♥]",2026-10-08T02:18:42.963Z,179142592296300
"""arash @ RYnRljE1SO"" calls 20",2026-10-08T02:18:42.075Z,179142592207500
"""goergoe @ _sqcLETZ0C"" calls 20",2026-10-08T02:18:41.143Z,179142592114300
"""Spenny @ S8ENkJ8OQS"" bets 20",2026-10-08T02:18:35.160Z,179142591516000
"""arash @ RYnRljE1SO"" checks",2026-10-08T02:18:30.895Z,179142591089500
"Flop:  [2♠, 7♠, 8♠]",2026-10-08T02:18:28.539Z,179142590853900
"""arash @ RYnRljE1SO"" checks",2026-10-08T02:18:27.657Z,179142590765700
"""Jonah @ xrBY5OZYCv"" folds",2026-10-08T02:18:26.636Z,179142590663600
"""goergoe @ _sqcLETZ0C"" calls 20",2026-10-08T02:18:25.767Z,179142590576700
"""Spenny @ S8ENkJ8OQS"" calls 20",2026-10-08T02:18:24.812Z,179142590481200
"""peelic @ vOeqrOXpLT"" folds",2026-10-08T02:18:20.205Z,179142590020500
"""arash @ RYnRljE1SO"" posts a big blind of 20",2026-10-08T02:18:18.934Z,179142589893408
"""Jonah @ xrBY5OZYCv"" posts a small blind of 10",2026-10-08T02:18:18.934Z,179142589893407
"Your hand is J♠, Q♠",2026-10-08T02:18:18.934Z,179142589893403
"Player stacks: #1 ""Spenny @ S8ENkJ8OQS"" (520) | #3 ""goergoe @ _sqcLETZ0C"" (390) | #7 ""Jonah @ xrBY5OZYCv"" (580) | #8 ""arash @ RYnRljE1SO"" (3240) | #10 ""peelic @ vOeqrOXpLT"" (1300)",2026-10-08T02:18:18.934Z,179142589893401
"-- starting hand #111 (id: sjkoa2npyzqb)  No Limit Texas Hold'em (dealer: ""goergoe @ _sqcLETZ0C"") --",2026-10-08T02:18:18.934Z,179142589893400
"-- ending hand #110 --",2026-10-08T02:18:15.934Z,179142589593402
"""Jonah @ xrBY5OZYCv"" collected 80 from pot",2026-10-08T02:18:15.934Z,179142589593401
"Uncalled bet of 100 returned to ""Jonah @ xrBY5OZYCv""",2026-10-08T02:18:15.934Z,179142589593400
"""goergoe @ _sqcLETZ0C"" folds",2026-10-08T02:18:15.004Z,179142589500400
"""peelic @ vOeqrOXpLT"" folds",2026-10-08T02:18:14.169Z,179142589416900
"""arash @ RYnRljE1SO"" folds",2026-10-08T02:18:13.296Z,179142589329600
"""Jonah @ xrBY5OZYCv"" bets 100",2026-10-08T02:18:11.513Z,179142589151300
"""goergoe @ _sqcLETZ0C"" checks",2026-10-08T02:18:07.187Z,179142588718700
"River: 8♠, J♦, 9♣, 7♣ [J♥]",2026-10-08T02:18:05.946Z,179142588594600
"""peelic @ vOeqrOXpLT"" checks",2026-10-08T02:18:05.121Z,179142588512100
"""arash @ RYnRljE1SO"" checks",2026-10-08T02:18:02.724Z,179142588272400
"""Jonah @ xrBY5OZYCv"" checks",2026-10-08T02:17:54.480Z,179142587448000
"""goergoe @ _sqcLETZ0C"" checks",2026-10-08T02:17:52.724Z,179142587272400
"Turn: 8♠, J♦, 9♣ [7♣]",2026-10-08T02:17:50.082Z,179142587008200
"""peelic @ vOeqrOXpLT"" checks",2026-10-08T02:17:49.256Z,179142586925600
"""arash @ RYnRljE1SO"" checks",2026-10-08T02:17:47.228Z,179142586722800
"""Jonah @ xrBY5OZYCv"" checks",2026-10-08T02:17:40.222Z,179142586022200
"""goergoe @ _sqcLETZ0C"" checks",2026-10-08T02:17:38.161Z,179142585816100
"Flop:  [8♠, J♦, 9♣]",2026-10-08T02:17:36.758Z,179142585675800
"""Jonah @ xrBY5OZYCv"" checks",2026-10-08T02:17:35.919Z,179142585591900
"""goergoe @ _sqcLETZ0C"" calls 20",2026-10-08T02:17:35.064Z,179142585506400
"""Spenny @ S8ENkJ8OQS"" folds",2026-10-08T02:17:34.206Z,179142585420600
"""peelic @ vOeqrOXpLT"" calls 20",2026-10-08T02:17:30.799Z,179142585079900
"""arash @ RYnRljE1SO"" calls 20",2026-10-08T02:17:28.935Z,179142584893500
"""Jonah @ xrBY5OZYCv"" posts a big blind of 20",2026-10-08T02:17:27.349Z,179142584734908
"""goergoe @ _sqcLETZ0C"" posts a small blind of 10",2026-10-08T02:17:27.349Z,179142584734907
"Your hand is 5♦, Q♠",2026-10-08T02:17:27.349Z,179142584734903
"Player stacks: #1 ""Spenny @ S8ENkJ8OQS"" (520) | #3 ""goergoe @ _sqcLETZ0C"" (410) | #7 ""Jonah @ xrBY5OZYCv"" (520) | #8 ""arash @ RYnRljE1SO"" (3260) | #10 ""peelic @ vOeqrOXpLT"" (1320)",2026-10-08T02:17:27.349Z,179142584734901
"-- starting hand #110 (id: d6zcanlzcnow)  No Limit Texas Hold'em (dealer: ""Spenny @ S8ENkJ8OQS"") --",2026-10-08T02:17:27.349Z,179142584734900
"-- ending hand #109 --",2026-10-08T02:17:21.342Z,179142584134205
"""peelic @ vOeqrOXpLT"" collected 100 from pot with Pair, 9's (combination: 7♦, Q♥, K♥, 9♦, 9♣)",2026-10-08T02:17:21.342Z,179142584134204
"""peelic @ vOeqrOXpLT"" shows a 9♦, 9♣.",2026-10-08T02:17:21.342Z,179142584134203
"""Jonah @ xrBY5OZYCv"" shows a 7♥, 8♣.",2026-10-08T02:17:21.342Z,179142584134202
"""goergoe @ _sqcLETZ0C"" shows a 8♥, 7♣.",2026-10-08T02:17:21.342Z,179142584134201
"""Spenny @ S8ENkJ8OQS"" shows a 10♥, 5♣.",2026-10-08T02:17:21.342Z,179142584134200
"""peelic @ vOeqrOXpLT"" checks",2026-10-08T02:17:20.442Z,179142584044200
"""arash @ RYnRljE1SO"" checks",2026-10-08T02:17:19.562Z,179142583956200
"""Jonah @ xrBY5OZYCv"" checks",2026-10-08T02:17:15.619Z,179142583561900
"""goergoe @ _sqcLETZ0C"" checks",2026-10-08T02:17:14.327Z,179142583432700
"""Spenny @ S8ENkJ8OQS"" checks",2026-10-08T02:17:13.408Z,179142583340800
"River: 6♣, 3♠, K♥, 7♦ [Q♥]",2026-10-08T02:17:11.207Z,179142583120700
"""peelic @ vOeqrOXpLT"" checks",2026-10-08T02:17:10.379Z,179142583037900
"""arash @ RYnRljE1SO"" checks",2026-10-08T02:17:08.241Z,179142582824100
"""Jonah @ xrBY5OZYCv"" checks",2026-10-08T02:17:07.263Z,179142582726300
"""goergoe @ _sqcLETZ0C"" checks",2026-10-08T02:17:06.364Z,179142582636400
"""Spenny @ S8ENkJ8OQS"" checks",2026-10-08T02:17:05.531Z,179142582553100
"Turn: 6♣, 3♠, K♥ [7♦]",2026-10-08T02:17:02.493Z,179142582249300
"""peelic @ vOeqrOXpLT"" checks",2026-10-08T02:17:01.666Z,179142582166600
"""arash @ RYnRljE1SO"" checks",2026-10-08T02:17:00.764Z,179142582076400
"""Jonah @ xrBY5OZYCv"" checks",2026-10-08T02:16:58.821Z,179142581882100
"""goergoe @ _sqcLETZ0C"" checks",2026-10-08T02:16:57.936Z,179142581793600
"""Spenny @ S8ENkJ8OQS"" checks",2026-10-08T02:16:57.106Z,179142581710600
"Flop:  [6♣, 3♠, K♥]",2026-10-08T02:16:51.503Z,179142581150300
"""goergoe @ _sqcLETZ0C"" checks",2026-10-08T02:16:50.690Z,179142581069000
"""Spenny @ S8ENkJ8OQS"" calls 20",2026-10-08T02:16:49.777Z,179142580977700
"""peelic @ vOeqrOXpLT"" calls 20",2026-10-08T02:16:48.892Z,179142580889200
"""arash @ RYnRljE1SO"" calls 20",2026-10-08T02:16:48.009Z,179142580800900
"""Jonah @ xrBY5OZYCv"" calls 20",2026-10-08T02:16:47.076Z,179142580707600
"""goergoe @ _sqcLETZ0C"" posts a big blind of 20",2026-10-08T02:16:45.066Z,179142580506608
"""Spenny @ S8ENkJ8OQS"" posts a small blind of 10",2026-10-08T02:16:45.066Z,179142580506607
"Your hand is 8♥, 7♣",2026-10-08T02:16:45.066Z,179142580506603
"Player stacks: #1 ""Spenny @ S8ENkJ8OQS"" (540) | #3 ""goergoe @ _sqcLETZ0C"" (430) | #7 ""Jonah @ xrBY5OZYCv"" (540) | #8 ""arash @ RYnRljE1SO"" (3280) | #10 ""peelic @ vOeqrOXpLT"" (1240)",2026-10-08T02:16:45.066Z,179142580506601
"-- starting hand #109 (id: ghevk8dsxtzo)  No Limit Texas Hold'em (dealer: ""peelic @ vOeqrOXpLT"") --",2026-10-08T02:16:45.066Z,179142580506600
"""Spenny @ S8ENkJ8OQS"" shows a 4♦, A♠.",2026-10-08T02:16:41.076Z,179142580107600
"-- ending hand #108 --",2026-10-08T02:16:38.453Z,179142579845303
"""arash @ RYnRljE1SO"" collected 240 from pot with Two Pair, J's & 4's (combination: 10♣, 4♣, 4♠, J♣, J♦)",2026-10-08T02:16:38.453Z,179142579845302
"""arash @ RYnRljE1SO"" shows a J♣, 5♥.",2026-10-08T02:16:38.453Z,179142579845301
"""goergoe @ _sqcLETZ0C"" shows a 9♠, Q♥.",2026-10-08T02:16:38.453Z,179142579845300
"""arash @ RYnRljE1SO"" calls 20",2026-10-08T02:16:37.616Z,179142579761600
"""goergoe @ _sqcLETZ0C"" bets 20",2026-10-08T02:16:35.977Z,179142579597700
"River: 2♦, J♦, 10♣, 4♣ [4♠]",2026-10-08T02:16:31.873Z,179142579187300
"""arash @ RYnRljE1SO"" checks",2026-10-08T02:16:31.058Z,179142579105800
"""goergoe @ _sqcLETZ0C"" checks",2026-10-08T02:16:30.100Z,179142579010000
"Turn: 2♦, J♦, 10♣ [4♣]",2026-10-08T02:16:25.938Z,179142578593800
"""goergoe @ _sqcLETZ0C"" calls 60",2026-10-08T02:16:25.071Z,179142578507100
"""Spenny @ S8ENkJ8OQS"" folds",2026-10-08T02:16:24.193Z,179142578419300
"""peelic @ vOeqrOXpLT"" folds",2026-10-08T02:16:16.232Z,179142577623200
"""arash @ RYnRljE1SO"" raises to 60",2026-10-08T02:16:11.139Z,179142577113900
"""goergoe @ _sqcLETZ0C"" bets 20",2026-10-08T02:16:07.560Z,179142576756000
"""Spenny @ S8ENkJ8OQS"" checks",2026-10-08T02:16:05.031Z,179142576503100
"""peelic @ vOeqrOXpLT"" checks",2026-10-08T02:16:01.091Z,179142576109100
"Flop:  [2♦, J♦, 10♣]",2026-10-08T02:15:54.069Z,179142575406900
"""Spenny @ S8ENkJ8OQS"" checks",2026-10-08T02:15:53.198Z,179142575319800
"""peelic @ vOeqrOXpLT"" calls 20",2026-10-08T02:15:52.280Z,179142575228000
"""arash @ RYnRljE1SO"" calls 20",2026-10-08T02:15:47.298Z,179142574729800
"""Jonah @ xrBY5OZYCv"" folds",2026-10-08T02:15:46.354Z,179142574635400
"""goergoe @ _sqcLETZ0C"" calls 20",2026-10-08T02:15:45.472Z,179142574547200
"""Spenny @ S8ENkJ8OQS"" posts a big blind of 20",2026-10-08T02:15:44.487Z,179142574448708
"""peelic @ vOeqrOXpLT"" posts a small blind of 10",2026-10-08T02:15:44.487Z,179142574448707
"Your hand is 9♠, Q♥",2026-10-08T02:15:44.487Z,179142574448703
"Player stacks: #1 ""Spenny @ S8ENkJ8OQS"" (560) | #3 ""goergoe @ _sqcLETZ0C"" (530) | #7 ""Jonah @ xrBY5OZYCv"" (540) | #8 ""arash @ RYnRljE1SO"" (3140) | #10 ""peelic @ vOeqrOXpLT"" (1260)",2026-10-08T02:15:44.487Z,179142574448701
"-- starting hand #108 (id: x91now3nkwwy)  No Limit Texas Hold'em (dealer: ""arash @ RYnRljE1SO"") --",2026-10-08T02:15:44.487Z,179142574448700
"-- ending hand #107 --",2026-10-08T02:15:38.462Z,179142573846203
"""goergoe @ _sqcLETZ0C"" shows a Q♠, 6♥.",2026-10-08T02:15:38.462Z,179142573846202
"""Jonah @ xrBY5OZYCv"" collected 540 from pot with Flush, Q High (combination: 6♣, 9♣, 10♣, J♣, Q♣)",2026-10-08T02:15:38.462Z,179142573846201
"""Jonah @ xrBY5OZYCv"" shows a J♣, 6♣.",2026-10-08T02:15:38.462Z,179142573846200
"""goergoe @ _sqcLETZ0C"" calls 140",2026-10-08T02:15:37.651Z,179142573765100
"""peelic @ vOeqrOXpLT"" folds",2026-10-08T02:15:33.942Z,179142573394200
"""Jonah @ xrBY5OZYCv"" raises to 140 and go all in",2026-10-08T02:15:24.455Z,179142572445500
"""goergoe @ _sqcLETZ0C"" bets 60",2026-10-08T02:15:21.711Z,179142572171100
"""peelic @ vOeqrOXpLT"" checks",2026-10-08T02:15:18.837Z,179142571883700
"River: Q♣, 10♣, 4♦, 9♣ [2♥]",2026-10-08T02:15:17.638Z,179142571763800
"""peelic @ vOeqrOXpLT"" calls 40",2026-10-08T02:15:16.778Z,179142571677800
"""Jonah @ xrBY5OZYCv"" calls 40",2026-10-08T02:15:10.478Z,179142571047800
"""goergoe @ _sqcLETZ0C"" bets 40",2026-10-08T02:15:08.568Z,179142570856800
"""peelic @ vOeqrOXpLT"" checks",2026-10-08T02:15:06.393Z,179142570639300
"Turn: Q♣, 10♣, 4♦ [9♣]",2026-10-08T02:15:04.949Z,179142570494900
"""peelic @ vOeqrOXpLT"" calls 20",2026-10-08T02:15:04.074Z,179142570407400
"""arash @ RYnRljE1SO"" folds",2026-10-08T02:15:03.213Z,179142570321300
"""Jonah @ xrBY5OZYCv"" calls 20",2026-10-08T02:14:58.237Z,179142569823700
"""goergoe @ _sqcLETZ0C"" bets 20",2026-10-08T02:14:52.603Z,179142569260300
"""peelic @ vOeqrOXpLT"" checks",2026-10-08T02:14:50.433Z,179142569043300
"""arash @ RYnRljE1SO"" checks",2026-10-08T02:14:48.209Z,179142568820900
"Flop:  [Q♣, 10♣, 4♦]",2026-10-08T02:14:46.501Z,179142568650100
"""peelic @ vOeqrOXpLT"" checks",2026-10-08T02:14:45.659Z,179142568565900
"""arash @ RYnRljE1SO"" calls 20",2026-10-08T02:14:40.815Z,179142568081500
"""Jonah @ xrBY5OZYCv"" calls 20",2026-10-08T02:14:39.790Z,179142567979000
"""goergoe @ _sqcLETZ0C"" calls 20",2026-10-08T02:14:38.926Z,179142567892600
"""Spenny @ S8ENkJ8OQS"" folds",2026-10-08T02:14:38.053Z,179142567805300
"""peelic @ vOeqrOXpLT"" posts a big blind of 20",2026-10-08T02:14:34.696Z,179142567469608
"""arash @ RYnRljE1SO"" posts a small blind of 10",2026-10-08T02:14:34.696Z,179142567469607
"Your hand is Q♠, 6♥",2026-10-08T02:14:34.696Z,179142567469603
"Player stacks: #1 ""Spenny @ S8ENkJ8OQS"" (560) | #3 ""goergoe @ _sqcLETZ0C"" (750) | #7 ""Jonah @ xrBY5OZYCv"" (220) | #8 ""arash @ RYnRljE1SO"" (3160) | #10 ""peelic @ vOeqrOXpLT"" (1340)",2026-10-08T02:14:34.696Z,179142567469601
"-- starting hand #107 (id: ueoyskh9s9hv)  No Limit Texas Hold'em (dealer: ""Jonah @ xrBY5OZYCv"") --",2026-10-08T02:14:34.696Z,179142567469600
"""goergoe @ _sqcLETZ0C"" shows a 7♠, 2♣.",2026-10-08T02:14:29.222Z,179142566922200
"""Spenny @ S8ENkJ8OQS"" shows a 3♥, A♥.",2026-10-08T02:14:29.164Z,179142566916400
"Undealt cards: 5♥, K♦, 6♥ [J♠, K♣]",2026-10-08T02:14:28.450Z,179142566845000
"-- ending hand #106 --",2026-10-08T02:14:27.332Z,179142566733202
"""Spenny @ S8ENkJ8OQS"" collected 240 from pot",2026-10-08T02:14:27.332Z,179142566733201
"Uncalled bet of 320 returned to ""Spenny @ S8ENkJ8OQS""",2026-10-08T02:14:27.332Z,179142566733200
"""peelic @ vOeqrOXpLT"" folds",2026-10-08T02:14:26.519Z,179142566651900
"""arash @ RYnRljE1SO"" folds",2026-10-08T02:14:25.598Z,179142566559800
"""Jonah @ xrBY5OZYCv"" folds",2026-10-08T02:14:24.651Z,179142566465100
"""Spenny @ S8ENkJ8OQS"" bets 320 and go all in",2026-10-08T02:14:22.136Z,179142566213600
"""peelic @ vOeqrOXpLT"" checks",2026-10-08T02:14:17.720Z,179142565772000
"""arash @ RYnRljE1SO"" checks",2026-10-08T02:14:16.224Z,179142565622400
"""Jonah @ xrBY5OZYCv"" checks",2026-10-08T02:14:15.291Z,179142565529100
"Flop:  [5♥, K♦, 6♥]",2026-10-08T02:14:11.677Z,179142565167700
"""Spenny @ S8ENkJ8OQS"" calls 60",2026-10-08T02:14:10.757Z,179142565075700
"""peelic @ vOeqrOXpLT"" calls 60",2026-10-08T02:14:09.780Z,179142564978000
"""arash @ RYnRljE1SO"" calls 60",2026-10-08T02:14:06.581Z,179142564658100
"""Jonah @ xrBY5OZYCv"" raises to 60",2026-10-08T02:13:58.299Z,179142563829900
"""goergoe @ _sqcLETZ0C"" folds",2026-10-08T02:13:55.778Z,179142563577800
"""Spenny @ S8ENkJ8OQS"" calls 20",2026-10-08T02:13:54.891Z,179142563489100
"""peelic @ vOeqrOXpLT"" calls 20",2026-10-08T02:13:53.979Z,179142563397900
"""arash @ RYnRljE1SO"" posts a big blind of 20",2026-10-08T02:13:51.376Z,179142563137608
"""Jonah @ xrBY5OZYCv"" posts a small blind of 10",2026-10-08T02:13:51.376Z,179142563137607
"Your hand is 7♠, 2♣",2026-10-08T02:13:51.376Z,179142563137603
"Player stacks: #1 ""Spenny @ S8ENkJ8OQS"" (380) | #3 ""goergoe @ _sqcLETZ0C"" (750) | #7 ""Jonah @ xrBY5OZYCv"" (280) | #8 ""arash @ RYnRljE1SO"" (3220) | #10 ""peelic @ vOeqrOXpLT"" (1400)",2026-10-08T02:13:51.376Z,179142563137601
"-- starting hand #106 (id: oz4ktkf5hsrd)  No Limit Texas Hold'em (dealer: ""goergoe @ _sqcLETZ0C"") --",2026-10-08T02:13:51.376Z,179142563137600
"""goergoe @ _sqcLETZ0C"" shows a 8♥, 5♥.",2026-10-08T02:13:46.495Z,179142562649500
"Undealt cards:  [6♣, 8♣, J♠, Q♣, Q♥]",2026-10-08T02:13:45.586Z,179142562558600
"-- ending hand #105 --",2026-10-08T02:13:44.771Z,179142562477102
"""Jonah @ xrBY5OZYCv"" collected 60 from pot",2026-10-08T02:13:44.771Z,179142562477101
"Uncalled bet of 40 returned to ""Jonah @ xrBY5OZYCv""",2026-10-08T02:13:44.771Z,179142562477100
"""goergoe @ _sqcLETZ0C"" folds",2026-10-08T02:13:43.929Z,179142562392900
"""arash @ RYnRljE1SO"" folds",2026-10-08T02:13:43.068Z,179142562306800
"""Jonah @ xrBY5OZYCv"" raises to 60",2026-10-08T02:13:37.552Z,179142561755200
"""goergoe @ _sqcLETZ0C"" calls 20",2026-10-08T02:13:34.280Z,179142561428000
"""Spenny @ S8ENkJ8OQS"" folds",2026-10-08T02:13:33.384Z,179142561338400
"""peelic @ vOeqrOXpLT"" folds",2026-10-08T02:13:32.474Z,179142561247400
"""arash @ RYnRljE1SO"" calls 20",2026-10-08T02:13:31.612Z,179142561161200
"""Jonah @ xrBY5OZYCv"" posts a big blind of 20",2026-10-08T02:13:30.054Z,179142561005408
"""goergoe @ _sqcLETZ0C"" posts a small blind of 10",2026-10-08T02:13:30.054Z,179142561005407
"Your hand is 8♥, 5♥",2026-10-08T02:13:30.054Z,179142561005403
"Player stacks: #1 ""Spenny @ S8ENkJ8OQS"" (380) | #3 ""goergoe @ _sqcLETZ0C"" (770) | #7 ""Jonah @ xrBY5OZYCv"" (240) | #8 ""arash @ RYnRljE1SO"" (3240) | #10 ""peelic @ vOeqrOXpLT"" (1400)",2026-10-08T02:13:30.054Z,179142561005401
"-- starting hand #105 (id: mqto7t8jfobw)  No Limit Texas Hold'em (dealer: ""Spenny @ S8ENkJ8OQS"") --",2026-10-08T02:13:30.054Z,179142561005400
"""goergoe @ _sqcLETZ0C"" shows a K♣, 10♣.",2026-10-08T02:13:25.407Z,179142560540700
"Undealt cards: 5♥, A♥, 2♥ [7♠, Q♣]",2026-10-08T02:13:24.096Z,179142560409600
"-- ending hand #104 --",2026-10-08T02:13:23.417Z,179142560341702
"""arash @ RYnRljE1SO"" collected 100 from pot",2026-10-08T02:13:23.417Z,179142560341701
"Uncalled bet of 50 returned to ""arash @ RYnRljE1SO""",2026-10-08T02:13:23.417Z,179142560341700
"""Jonah @ xrBY5OZYCv"" folds",2026-10-08T02:13:22.606Z,179142560260600
"""goergoe @ _sqcLETZ0C"" folds",2026-10-08T02:13:21.700Z,179142560170000
"""Spenny @ S8ENkJ8OQS"" folds",2026-10-08T02:13:20.838Z,179142560083800
"""peelic @ vOeqrOXpLT"" folds",2026-10-08T02:13:13.589Z,179142559358900
"""arash @ RYnRljE1SO"" bets 50",2026-10-08T02:13:10.770Z,179142559077000
"""Jonah @ xrBY5OZYCv"" checks",2026-10-08T02:13:07.326Z,179142558732600
"""goergoe @ _sqcLETZ0C"" checks",2026-10-08T02:13:06.434Z,179142558643400
"""Spenny @ S8ENkJ8OQS"" checks",2026-10-08T02:13:05.532Z,179142558553200
"Flop:  [5♥, A♥, 2♥]",2026-10-08T02:12:58.421Z,179142557842100
"""goergoe @ _sqcLETZ0C"" checks",2026-10-08T02:12:57.593Z,179142557759300
"""Spenny @ S8ENkJ8OQS"" calls 20",2026-10-08T02:12:56.730Z,179142557673000
"""peelic @ vOeqrOXpLT"" calls 20",2026-10-08T02:12:55.835Z,179142557583500
"""arash @ RYnRljE1SO"" calls 20",2026-10-08T02:12:51.359Z,179142557135900
"""Jonah @ xrBY5OZYCv"" calls 20",2026-10-08T02:12:50.433Z,179142557043300
"""goergoe @ _sqcLETZ0C"" posts a big blind of 20",2026-10-08T02:12:48.859Z,179142556885908
"""Spenny @ S8ENkJ8OQS"" posts a small blind of 10",2026-10-08T02:12:48.859Z,179142556885907
"Your hand is K♣, 10♣",2026-10-08T02:12:48.859Z,179142556885903
"Player stacks: #1 ""Spenny @ S8ENkJ8OQS"" (400) | #3 ""goergoe @ _sqcLETZ0C"" (790) | #7 ""Jonah @ xrBY5OZYCv"" (260) | #8 ""arash @ RYnRljE1SO"" (3160) | #10 ""peelic @ vOeqrOXpLT"" (1420)",2026-10-08T02:12:48.859Z,179142556885901
"-- starting hand #104 (id: nidik7pvbdmn)  No Limit Texas Hold'em (dealer: ""peelic @ vOeqrOXpLT"") --",2026-10-08T02:12:48.859Z,179142556885900
"""goergoe @ _sqcLETZ0C"" shows a 6♣, 4♦.",2026-10-08T02:12:46.117Z,179142556611700
"-- ending hand #103 --",2026-10-08T02:12:45.253Z,179142556525302
"""Spenny @ S8ENkJ8OQS"" collected 180 from pot",2026-10-08T02:12:45.253Z,179142556525301
"Uncalled bet of 60 returned to ""Spenny @ S8ENkJ8OQS""",2026-10-08T02:12:45.253Z,179142556525300
"""Jonah @ xrBY5OZYCv"" folds",2026-10-08T02:12:44.401Z,179142556440100
"""Spenny @ S8ENkJ8OQS"" bets 60",2026-10-08T02:12:43.515Z,179142556351500
"River: 6♠, 5♣, 2♦, 6♦ [8♣]",2026-10-08T02:12:36.831Z,179142555683100
"""peelic @ vOeqrOXpLT"" folds",2026-10-08T02:12:36.012Z,179142555601200
"""Jonah @ xrBY5OZYCv"" calls 20",2026-10-08T02:12:33.641Z,179142555364100
"""Spenny @ S8ENkJ8OQS"" bets 20",2026-10-08T02:12:28.385Z,179142554838500
"""peelic @ vOeqrOXpLT"" checks",2026-10-08T02:12:22.576Z,179142554257600
"Turn: 6♠, 5♣, 2♦ [6♦]",2026-10-08T02:12:21.223Z,179142554122300
"""peelic @ vOeqrOXpLT"" calls 20",2026-10-08T02:12:20.379Z,179142554037900
"""arash @ RYnRljE1SO"" folds",2026-10-08T02:12:12.866Z,179142553286600
"""Jonah @ xrBY5OZYCv"" calls 20",2026-10-08T02:12:10.481Z,179142553048100
"""Spenny @ S8ENkJ8OQS"" bets 20",2026-10-08T02:12:09.036Z,179142552903600
"""peelic @ vOeqrOXpLT"" checks",2026-10-08T02:12:06.112Z,179142552611200
"Flop:  [6♠, 5♣, 2♦]",2026-10-08T02:12:05.135Z,179142552513500
"""Spenny @ S8ENkJ8OQS"" checks",2026-10-08T02:12:04.326Z,179142552432600
"""peelic @ vOeqrOXpLT"" calls 20",2026-10-08T02:12:02.724Z,179142552272400
"""arash @ RYnRljE1SO"" calls 20",2026-10-08T02:12:01.522Z,179142552152200
"""Jonah @ xrBY5OZYCv"" calls 20",2026-10-08T02:12:00.387Z,179142552038700
"""goergoe @ _sqcLETZ0C"" folds",2026-10-08T02:11:59.506Z,179142551950600
"""Spenny @ S8ENkJ8OQS"" posts a big blind of 20",2026-10-08T02:11:57.278Z,179142551727808
"""peelic @ vOeqrOXpLT"" posts a small blind of 10",2026-10-08T02:11:57.278Z,179142551727807
"Your hand is 6♣, 4♦",2026-10-08T02:11:57.278Z,179142551727803
"Player stacks: #1 ""Spenny @ S8ENkJ8OQS"" (280) | #3 ""goergoe @ _sqcLETZ0C"" (790) | #7 ""Jonah @ xrBY5OZYCv"" (320) | #8 ""arash @ RYnRljE1SO"" (3180) | #10 ""peelic @ vOeqrOXpLT"" (1460)",2026-10-08T02:11:57.278Z,179142551727801
"-- starting hand #103 (id: jcyabhnrebl4)  No Limit Texas Hold'em (dealer: ""arash @ RYnRljE1SO"") --",2026-10-08T02:11:57.278Z,179142551727800
"-- ending hand #102 --",2026-10-08T02:11:54.340Z,179142551434002
"""Spenny @ S8ENkJ8OQS"" collected 80 from pot",2026-10-08T02:11:54.340Z,179142551434001
"Uncalled bet of 60 returned to ""Spenny @ S8ENkJ8OQS""",2026-10-08T02:11:54.340Z,179142551434000
"""peelic @ vOeqrOXpLT"" folds",2026-10-08T02:11:53.513Z,179142551351300
"""arash @ RYnRljE1SO"" folds",2026-10-08T02:11:45.063Z,179142550506300
"""goergoe @ _sqcLETZ0C"" folds",2026-10-08T02:11:37.887Z,179142549788700
"""Spenny @ S8ENkJ8OQS"" bets 60",2026-10-08T02:11:33.684Z,179142549368400
"""peelic @ vOeqrOXpLT"" checks",2026-10-08T02:11:28.203Z,179142548820300
"""arash @ RYnRljE1SO"" checks",2026-10-08T02:11:21.205Z,179142548120500
"River: 5♥, 9♣, J♦, J♣ [7♠]",2026-10-08T02:11:19.655Z,179142547965500
"""goergoe @ _sqcLETZ0C"" checks",2026-10-08T02:11:18.825Z,179142547882500
"""Spenny @ S8ENkJ8OQS"" checks",2026-10-08T02:11:17.975Z,179142547797500
"""peelic @ vOeqrOXpLT"" checks",2026-10-08T02:11:14.511Z,179142547451100
"""arash @ RYnRljE1SO"" checks",2026-10-08T02:11:09.663Z,179142546966300
"Turn: 5♥, 9♣, J♦ [J♣]",2026-10-08T02:11:07.329Z,179142546732900
"""goergoe @ _sqcLETZ0C"" checks",2026-10-08T02:11:06.509Z,179142546650900
"""Spenny @ S8ENkJ8OQS"" checks",2026-10-08T02:11:03.756Z,179142546375600
"""peelic @ vOeqrOXpLT"" checks",2026-10-08T02:10:59.966Z,179142545996600
"""arash @ RYnRljE1SO"" checks",2026-10-08T02:10:57.507Z,179142545750700
"Flop:  [5♥, 9♣, J♦]",2026-10-08T02:10:55.738Z,179142545573800
"""peelic @ vOeqrOXpLT"" checks",2026-10-08T02:10:54.928Z,179142545492800
"""arash @ RYnRljE1SO"" calls 20",2026-10-08T02:10:54.086Z,179142545408600
"""Jonah @ xrBY5OZYCv"" folds",2026-10-08T02:10:53.146Z,179142545314600
"""goergoe @ _sqcLETZ0C"" calls 20",2026-10-08T02:10:52.221Z,179142545222100
"""Spenny @ S8ENkJ8OQS"" calls 20",2026-10-08T02:10:49.854Z,179142544985400
"""peelic @ vOeqrOXpLT"" posts a big blind of 20",2026-10-08T02:10:46.488Z,179142544648808
"""arash @ RYnRljE1SO"" posts a small blind of 10",2026-10-08T02:10:46.488Z,179142544648807
"Your hand is K♦, 8♠",2026-10-08T02:10:46.488Z,179142544648803
"Player stacks: #1 ""Spenny @ S8ENkJ8OQS"" (220) | #3 ""goergoe @ _sqcLETZ0C"" (810) | #7 ""Jonah @ xrBY5OZYCv"" (320) | #8 ""arash @ RYnRljE1SO"" (3200) | #10 ""peelic @ vOeqrOXpLT"" (1480)",2026-10-08T02:10:46.488Z,179142544648801
"-- starting hand #102 (id: x7lrt3zlstnv)  No Limit Texas Hold'em (dealer: ""Jonah @ xrBY5OZYCv"") --",2026-10-08T02:10:46.488Z,179142544648800
"-- ending hand #101 --",2026-10-08T02:10:43.562Z,179142544356202
"""arash @ RYnRljE1SO"" collected 50 from pot",2026-10-08T02:10:43.562Z,179142544356201
"Uncalled bet of 150 returned to ""arash @ RYnRljE1SO""",2026-10-08T02:10:43.562Z,179142544356200
"""peelic @ vOeqrOXpLT"" folds",2026-10-08T02:10:42.756Z,179142544275600
"""arash @ RYnRljE1SO"" bets 150",2026-10-08T02:10:41.094Z,179142544109400
"River: A♣, 9♠, J♣, 3♦ [4♣]",2026-10-08T02:10:37.124Z,179142543712400
"""peelic @ vOeqrOXpLT"" checks",2026-10-08T02:10:36.307Z,179142543630700
"""arash @ RYnRljE1SO"" checks",2026-10-08T02:10:35.391Z,179142543539100
"Turn: A♣, 9♠, J♣ [3♦]",2026-10-08T02:10:32.878Z,179142543287800
"""peelic @ vOeqrOXpLT"" checks",2026-10-08T02:10:32.014Z,179142543201400
"""arash @ RYnRljE1SO"" checks",2026-10-08T02:10:29.556Z,179142542955600
"Flop:  [A♣, 9♠, J♣]",2026-10-08T02:10:27.473Z,179142542747300
"""arash @ RYnRljE1SO"" checks",2026-10-08T02:10:26.587Z,179142542658700
"""Jonah @ xrBY5OZYCv"" folds",2026-10-08T02:10:25.569Z,179142542556900
"""goergoe @ _sqcLETZ0C"" folds",2026-10-08T02:10:24.701Z,179142542470100
"""Spenny @ S8ENkJ8OQS"" folds",2026-10-08T02:10:23.833Z,179142542383300
"""peelic @ vOeqrOXpLT"" calls 20",2026-10-08T02:10:22.925Z,179142542292500
"""arash @ RYnRljE1SO"" posts a big blind of 20",2026-10-08T02:10:18.875Z,179142541887508
"""Jonah @ xrBY5OZYCv"" posts a small blind of 10",2026-10-08T02:10:18.875Z,179142541887507
"Your hand is 8♥, 2♦",2026-10-08T02:10:18.875Z,179142541887503
"Player stacks: #1 ""Spenny @ S8ENkJ8OQS"" (220) | #3 ""goergoe @ _sqcLETZ0C"" (810) | #7 ""Jonah @ xrBY5OZYCv"" (330) | #8 ""arash @ RYnRljE1SO"" (3170) | #10 ""peelic @ vOeqrOXpLT"" (1500)",2026-10-08T02:10:18.875Z,179142541887501
"-- starting hand #101 (id: l0ayfkih0eqt)  No Limit Texas Hold'em (dealer: ""goergoe @ _sqcLETZ0C"") --",2026-10-08T02:10:18.875Z,179142541887500
"""goergoe @ _sqcLETZ0C"" shows a 7♥, J♠.",2026-10-08T02:10:16.407Z,179142541640700
"Undealt cards: 10♠, 4♦, 4♥, K♥ [J♦]",2026-10-08T02:10:14.871Z,179142541487100
"-- ending hand #100 --",2026-10-08T02:10:12.263Z,179142541226302
"""peelic @ vOeqrOXpLT"" collected 70 from pot",2026-10-08T02:10:12.263Z,179142541226301
"Uncalled bet of 60 returned to ""peelic @ vOeqrOXpLT""",2026-10-08T02:10:12.263Z,179142541226300
"""arash @ RYnRljE1SO"" folds",2026-10-08T02:10:11.383Z,179142541138300
"""Jonah @ xrBY5OZYCv"" folds",2026-10-08T02:10:06.095Z,179142540609500
"""peelic @ vOeqrOXpLT"" bets 60",2026-10-08T02:10:04.152Z,179142540415200
"""arash @ RYnRljE1SO"" checks",2026-10-08T02:09:58.496Z,179142539849600
"""Jonah @ xrBY5OZYCv"" checks",2026-10-08T02:09:56.907Z,179142539690700
"Turn: 10♠, 4♦, 4♥ [K♥]",2026-10-08T02:09:55.360Z,179142539536000
"""peelic @ vOeqrOXpLT"" checks",2026-10-08T02:09:54.530Z,179142539453000
"""arash @ RYnRljE1SO"" checks",2026-10-08T02:09:53.657Z,179142539365700
"""Jonah @ xrBY5OZYCv"" checks",2026-10-08T02:09:51.299Z,179142539129900
"Flop:  [10♠, 4♦, 4♥]",2026-10-08T02:09:47.849Z,179142538784900
"""Jonah @ xrBY5OZYCv"" checks",2026-10-08T02:09:46.999Z,179142538699900
"""goergoe @ _sqcLETZ0C"" folds",2026-10-08T02:09:46.118Z,179142538611800
"""Spenny @ S8ENkJ8OQS"" folds",2026-10-08T02:09:45.234Z,179142538523400
"""peelic @ vOeqrOXpLT"" calls 20",2026-10-08T02:09:41.818Z,179142538181800
"""arash @ RYnRljE1SO"" calls 20",2026-10-08T02:09:40.990Z,179142538099000
"""Jonah @ xrBY5OZYCv"" posts a big blind of 20",2026-10-08T02:09:38.953Z,179142537895308
"""goergoe @ _sqcLETZ0C"" posts a small blind of 10",2026-10-08T02:09:38.953Z,179142537895307
"Your hand is 7♥, J♠",2026-10-08T02:09:38.953Z,179142537895303
"Player stacks: #1 ""Spenny @ S8ENkJ8OQS"" (220) | #3 ""goergoe @ _sqcLETZ0C"" (820) | #7 ""Jonah @ xrBY5OZYCv"" (350) | #8 ""arash @ RYnRljE1SO"" (3190) | #10 ""peelic @ vOeqrOXpLT"" (1450)",2026-10-08T02:09:38.953Z,179142537895301
"-- starting hand #100 (id: eqfv8d3odpqg)  No Limit Texas Hold'em (dealer: ""Spenny @ S8ENkJ8OQS"") --",2026-10-08T02:09:38.953Z,179142537895300
"-- ending hand #99 --",2026-10-08T02:09:32.889Z,179142537288903
"""arash @ RYnRljE1SO"" collected 230 from pot with Pair, 8's (combination: 9♦, J♦, K♦, 8♠, 8♥)",2026-10-08T02:09:32.889Z,179142537288902
"""arash @ RYnRljE1SO"" shows a 9♦, 8♠.",2026-10-08T02:09:32.889Z,179142537288901
"""Spenny @ S8ENkJ8OQS"" shows a Q♣, 10♣.",2026-10-08T02:09:32.889Z,179142537288900
"""peelic @ vOeqrOXpLT"" checks",2026-10-08T02:09:32.031Z,179142537203100
"""arash @ RYnRljE1SO"" checks",2026-10-08T02:09:28.340Z,179142536834000
"""Spenny @ S8ENkJ8OQS"" checks",2026-10-08T02:09:25.680Z,179142536568000
"River: 8♥, J♦, 7♥, K♦ [5♦]",2026-10-08T02:09:23.529Z,179142536352900
"""goergoe @ _sqcLETZ0C"" folds",2026-10-08T02:09:22.714Z,179142536271400
"""Spenny @ S8ENkJ8OQS"" calls 50",2026-10-08T02:09:21.857Z,179142536185700
"""peelic @ vOeqrOXpLT"" calls 50",2026-10-08T02:09:14.515Z,179142535451500
"""arash @ RYnRljE1SO"" bets 50",2026-10-08T02:09:04.265Z,179142534426500
"""goergoe @ _sqcLETZ0C"" checks",2026-10-08T02:08:59.968Z,179142533996800
"""Spenny @ S8ENkJ8OQS"" checks",2026-10-08T02:08:56.912Z,179142533691200
"Turn: 8♥, J♦, 7♥ [K♦]",2026-10-08T02:08:52.536Z,179142533253600
"""peelic @ vOeqrOXpLT"" checks",2026-10-08T02:08:51.664Z,179142533166400
"""arash @ RYnRljE1SO"" checks",2026-10-08T02:08:49.874Z,179142532987400
"""goergoe @ _sqcLETZ0C"" checks",2026-10-08T02:08:46.963Z,179142532696300
"""Spenny @ S8ENkJ8OQS"" checks",2026-10-08T02:08:43.553Z,179142532355300
"Flop:  [8♥, J♦, 7♥]",2026-10-08T02:08:36.095Z,179142531609500
"""goergoe @ _sqcLETZ0C"" checks",2026-10-08T02:08:35.268Z,179142531526800
"""Spenny @ S8ENkJ8OQS"" calls 20",2026-10-08T02:08:34.438Z,179142531443800
"""peelic @ vOeqrOXpLT"" calls 20",2026-10-08T02:08:29.182Z,179142530918200
"""arash @ RYnRljE1SO"" calls 20",2026-10-08T02:08:28.350Z,179142530835000
"""Jonah @ xrBY5OZYCv"" folds",2026-10-08T02:08:27.400Z,179142530740000
"""goergoe @ _sqcLETZ0C"" posts a big blind of 20",2026-10-08T02:08:25.997Z,179142530599708
"""Spenny @ S8ENkJ8OQS"" posts a small blind of 10",2026-10-08T02:08:25.997Z,179142530599707
"Your hand is 4♠, 9♣",2026-10-08T02:08:25.997Z,179142530599703
"Player stacks: #1 ""Spenny @ S8ENkJ8OQS"" (290) | #3 ""goergoe @ _sqcLETZ0C"" (840) | #7 ""Jonah @ xrBY5OZYCv"" (350) | #8 ""arash @ RYnRljE1SO"" (3030) | #10 ""peelic @ vOeqrOXpLT"" (1520)",2026-10-08T02:08:25.997Z,179142530599701
"-- starting hand #99 (id: wxyy3ctwk2d6)  No Limit Texas Hold'em (dealer: ""peelic @ vOeqrOXpLT"") --",2026-10-08T02:08:25.997Z,179142530599700
"""goergoe @ _sqcLETZ0C"" shows a 2♠, 4♠.",2026-10-08T02:08:22.737Z,179142530273700
"-- ending hand #98 --",2026-10-08T02:08:19.469Z,179142529946902
"""arash @ RYnRljE1SO"" collected 660 from pot with Pair, 8's (combination: 6♠, 7♥, A♣, 8♦, 8♠)",2026-10-08T02:08:19.469Z,179142529946901
"""arash @ RYnRljE1SO"" shows a A♣, 8♦.",2026-10-08T02:08:19.469Z,179142529946900
"""Jonah @ xrBY5OZYCv"" calls 200",2026-10-08T02:08:18.617Z,179142529861700
"""arash @ RYnRljE1SO"" bets 200",2026-10-08T02:08:08.826Z,179142528882600
"""Jonah @ xrBY5OZYCv"" checks",2026-10-08T02:08:05.999Z,179142528599900
"River: 8♠, 7♥, 3♥, 6♠ [5♦]",2026-10-08T02:08:02.783Z,179142528278300
"""Jonah @ xrBY5OZYCv"" calls 50",2026-10-08T02:08:01.911Z,179142528191100
"""peelic @ vOeqrOXpLT"" folds",2026-10-08T02:07:54.983Z,179142527498300
"""arash @ RYnRljE1SO"" bets 50",2026-10-08T02:07:50.531Z,179142527053100
"""Jonah @ xrBY5OZYCv"" checks",2026-10-08T02:07:47.927Z,179142526792700
"""peelic @ vOeqrOXpLT"" checks",2026-10-08T02:07:40.387Z,179142526038700
"Turn: 8♠, 7♥, 3♥ [6♠]",2026-10-08T02:07:38.492Z,179142525849200
"""Jonah @ xrBY5OZYCv"" calls 20",2026-10-08T02:07:37.659Z,179142525765900
"""goergoe @ _sqcLETZ0C"" folds",2026-10-08T02:07:36.800Z,179142525680000
"""Spenny @ S8ENkJ8OQS"" folds",2026-10-08T02:07:35.911Z,179142525591100
"""peelic @ vOeqrOXpLT"" calls 20",2026-10-08T02:07:33.810Z,179142525381000
"""arash @ RYnRljE1SO"" bets 20",2026-10-08T02:07:30.828Z,179142525082800
"""Jonah @ xrBY5OZYCv"" checks",2026-10-08T02:07:29.255Z,179142524925500
"""goergoe @ _sqcLETZ0C"" checks",2026-10-08T02:07:28.390Z,179142524839000
"""Spenny @ S8ENkJ8OQS"" checks",2026-10-08T02:07:27.509Z,179142524750900
"""peelic @ vOeqrOXpLT"" checks",2026-10-08T02:07:23.462Z,179142524346200
"Flop:  [8♠, 7♥, 3♥]",2026-10-08T02:07:21.192Z,179142524119200
"""Spenny @ S8ENkJ8OQS"" checks",2026-10-08T02:07:20.364Z,179142524036400
"""peelic @ vOeqrOXpLT"" calls 20",2026-10-08T02:07:19.454Z,179142523945400
"""arash @ RYnRljE1SO"" calls 20",2026-10-08T02:07:18.609Z,179142523860900
"""Jonah @ xrBY5OZYCv"" calls 20",2026-10-08T02:07:17.665Z,179142523766500
"""goergoe @ _sqcLETZ0C"" calls 20",2026-10-08T02:07:16.774Z,179142523677400
"""Spenny @ S8ENkJ8OQS"" posts a big blind of 20",2026-10-08T02:07:12.386Z,179142523238608
"""peelic @ vOeqrOXpLT"" posts a small blind of 10",2026-10-08T02:07:12.386Z,179142523238607
"Your hand is 2♠, 4♠",2026-10-08T02:07:12.386Z,179142523238603
"Player stacks: #1 ""Spenny @ S8ENkJ8OQS"" (310) | #3 ""goergoe @ _sqcLETZ0C"" (860) | #7 ""Jonah @ xrBY5OZYCv"" (640) | #8 ""arash @ RYnRljE1SO"" (2660) | #10 ""peelic @ vOeqrOXpLT"" (1560)",2026-10-08T02:07:12.386Z,179142523238601
"-- starting hand #98 (id: g9ffprqpv0jr)  No Limit Texas Hold'em (dealer: ""arash @ RYnRljE1SO"") --",2026-10-08T02:07:12.386Z,179142523238600
"-- ending hand #97 --",2026-10-08T02:07:06.349Z,179142522634905
"""peelic @ vOeqrOXpLT"" collected 100 from pot with Pair, Q's (combination: 8♣, 10♠, A♣, Q♠, Q♦)",2026-10-08T02:07:06.349Z,179142522634904
"""Jonah @ xrBY5OZYCv"" collected 100 from pot with Pair, Q's (combination: 8♠, 10♠, A♣, Q♥, Q♦)",2026-10-08T02:07:06.349Z,179142522634903
"""Jonah @ xrBY5OZYCv"" shows a 8♠, Q♥.",2026-10-08T02:07:06.349Z,179142522634902
"""peelic @ vOeqrOXpLT"" shows a Q♠, 8♣.",2026-10-08T02:07:06.349Z,179142522634901
"""arash @ RYnRljE1SO"" shows a 5♣, 9♠.",2026-10-08T02:07:06.349Z,179142522634900
"""Jonah @ xrBY5OZYCv"" checks",2026-10-08T02:07:05.537Z,179142522553700
"""peelic @ vOeqrOXpLT"" checks",2026-10-08T02:07:04.605Z,179142522460500
"""arash @ RYnRljE1SO"" checks",2026-10-08T02:07:02.485Z,179142522248500
"River: 7♣, Q♦, 10♠, 4♦ [A♣]",2026-10-08T02:07:00.036Z,179142522003600
"""Jonah @ xrBY5OZYCv"" checks",2026-10-08T02:06:59.180Z,179142521918000
"""peelic @ vOeqrOXpLT"" checks",2026-10-08T02:06:56.832Z,179142521683200
"""arash @ RYnRljE1SO"" checks",2026-10-08T02:06:53.670Z,179142521367000
"Turn: 7♣, Q♦, 10♠ [4♦]",2026-10-08T02:06:52.297Z,179142521229700
"""goergoe @ _sqcLETZ0C"" folds",2026-10-08T02:06:51.482Z,179142521148200
"""peelic @ vOeqrOXpLT"" calls 40",2026-10-08T02:06:48.613Z,179142520861300
"""arash @ RYnRljE1SO"" calls 40",2026-10-08T02:06:40.637Z,179142520063700
"""Jonah @ xrBY5OZYCv"" bets 40",2026-10-08T02:06:39.260Z,179142519926000
"""goergoe @ _sqcLETZ0C"" checks",2026-10-08T02:06:33.281Z,179142519328100
"""peelic @ vOeqrOXpLT"" checks",2026-10-08T02:06:32.427Z,179142519242700
"""arash @ RYnRljE1SO"" checks",2026-10-08T02:06:29.815Z,179142518981500
"Flop:  [7♣, Q♦, 10♠]",2026-10-08T02:06:22.201Z,179142518220100
"""peelic @ vOeqrOXpLT"" checks",2026-10-08T02:06:21.355Z,179142518135500
"""arash @ RYnRljE1SO"" calls 20",2026-10-08T02:06:20.509Z,179142518050900
"""Jonah @ xrBY5OZYCv"" calls 20",2026-10-08T02:06:19.583Z,179142517958300
"""goergoe @ _sqcLETZ0C"" calls 20",2026-10-08T02:06:18.661Z,179142517866100
"""Spenny @ S8ENkJ8OQS"" folds",2026-10-08T02:06:17.823Z,179142517782300
"""peelic @ vOeqrOXpLT"" posts a big blind of 20",2026-10-08T02:06:14.126Z,179142517412608
"""arash @ RYnRljE1SO"" posts a small blind of 10",2026-10-08T02:06:14.126Z,179142517412607
"Your hand is A♥, 5♦",2026-10-08T02:06:14.126Z,179142517412603
"Player stacks: #1 ""Spenny @ S8ENkJ8OQS"" (310) | #3 ""goergoe @ _sqcLETZ0C"" (880) | #7 ""Jonah @ xrBY5OZYCv"" (600) | #8 ""arash @ RYnRljE1SO"" (2720) | #10 ""peelic @ vOeqrOXpLT"" (1520)",2026-10-08T02:06:14.126Z,179142517412601
"-- starting hand #97 (id: z3bwuxbvq25s)  No Limit Texas Hold'em (dealer: ""Jonah @ xrBY5OZYCv"") --",2026-10-08T02:06:14.126Z,179142517412600
"-- ending hand #96 --",2026-10-08T02:06:11.196Z,179142517119602
"""arash @ RYnRljE1SO"" collected 320 from pot",2026-10-08T02:06:11.196Z,179142517119601
"Uncalled bet of 250 returned to ""arash @ RYnRljE1SO""",2026-10-08T02:06:11.196Z,179142517119600
"""Jonah @ xrBY5OZYCv"" folds",2026-10-08T02:06:10.388Z,179142517038800
"""arash @ RYnRljE1SO"" bets 250",2026-10-08T02:06:05.026Z,179142516502600
"""Jonah @ xrBY5OZYCv"" checks",2026-10-08T02:06:00.280Z,179142516028000
"River: 9♠, 3♥, J♦, 2♠ [K♦]",2026-10-08T02:05:54.698Z,179142515469800
"""goergoe @ _sqcLETZ0C"" folds",2026-10-08T02:05:53.817Z,179142515381700
"""arash @ RYnRljE1SO"" calls 50",2026-10-08T02:05:44.442Z,179142514444200
"""Jonah @ xrBY5OZYCv"" bets 50",2026-10-08T02:05:41.475Z,179142514147500
"Turn: 9♠, 3♥, J♦ [2♠]",2026-10-08T02:05:38.267Z,179142513826700
"""Jonah @ xrBY5OZYCv"" calls 40",2026-10-08T02:05:37.387Z,179142513738700
"""goergoe @ _sqcLETZ0C"" calls 40",2026-10-08T02:05:35.357Z,179142513535700
"""Spenny @ S8ENkJ8OQS"" folds",2026-10-08T02:05:32.185Z,179142513218500
"""peelic @ vOeqrOXpLT"" folds",2026-10-08T02:05:27.314Z,179142512731400
"""arash @ RYnRljE1SO"" bets 40",2026-10-08T02:05:24.385Z,179142512438500
"""Jonah @ xrBY5OZYCv"" checks",2026-10-08T02:05:21.437Z,179142512143700
"Flop:  [9♠, 3♥, J♦]",2026-10-08T02:05:19.059Z,179142511905900
"""arash @ RYnRljE1SO"" checks",2026-10-08T02:05:18.173Z,179142511817300
"""Jonah @ xrBY5OZYCv"" calls 20",2026-10-08T02:05:17.207Z,179142511720700
"""goergoe @ _sqcLETZ0C"" calls 20",2026-10-08T02:05:16.290Z,179142511629000
"""Spenny @ S8ENkJ8OQS"" calls 20",2026-10-08T02:05:15.432Z,179142511543200
"""peelic @ vOeqrOXpLT"" calls 20",2026-10-08T02:05:12.563Z,179142511256300
"""arash @ RYnRljE1SO"" posts a big blind of 20",2026-10-08T02:05:09.251Z,179142510925108
"""Jonah @ xrBY5OZYCv"" posts a small blind of 10",2026-10-08T02:05:09.251Z,179142510925107
"Your hand is A♥, Q♠",2026-10-08T02:05:09.251Z,179142510925103
"Player stacks: #1 ""Spenny @ S8ENkJ8OQS"" (330) | #3 ""goergoe @ _sqcLETZ0C"" (940) | #7 ""Jonah @ xrBY5OZYCv"" (710) | #8 ""arash @ RYnRljE1SO"" (2510) | #10 ""peelic @ vOeqrOXpLT"" (1540)",2026-10-08T02:05:09.251Z,179142510925101
"-- starting hand #96 (id: s9ufimex3n9e)  No Limit Texas Hold'em (dealer: ""goergoe @ _sqcLETZ0C"") --",2026-10-08T02:05:09.251Z,179142510925100
"-- ending hand #95 --",2026-10-08T02:05:03.157Z,179142510315703
"""peelic @ vOeqrOXpLT"" collected 200 from pot with Pair, J's (combination: 8♣, Q♦, A♥, J♠, J♦)",2026-10-08T02:05:03.157Z,179142510315702
"""peelic @ vOeqrOXpLT"" shows a J♠, J♦.",2026-10-08T02:05:03.157Z,179142510315701
"""arash @ RYnRljE1SO"" shows a 4♣, 7♠.",2026-10-08T02:05:03.157Z,179142510315700
"""peelic @ vOeqrOXpLT"" checks",2026-10-08T02:05:02.316Z,179142510231600
"""arash @ RYnRljE1SO"" checks",2026-10-08T02:05:00.346Z,179142510034600
"River: 8♣, 5♣, A♥, 4♠ [Q♦]",2026-10-08T02:04:58.823Z,179142509882300
"""arash @ RYnRljE1SO"" calls 60",2026-10-08T02:04:57.979Z,179142509797900
"""Jonah @ xrBY5OZYCv"" folds",2026-10-08T02:04:57.059Z,179142509705900
"""goergoe @ _sqcLETZ0C"" folds",2026-10-08T02:04:51.601Z,179142509160100
"""peelic @ vOeqrOXpLT"" bets 60",2026-10-08T02:04:50.728Z,179142509072800
"""arash @ RYnRljE1SO"" checks",2026-10-08T02:04:48.365Z,179142508836500
"""Jonah @ xrBY5OZYCv"" checks",2026-10-08T02:04:47.399Z,179142508739900
"""goergoe @ _sqcLETZ0C"" checks",2026-10-08T02:04:45.630Z,179142508563000
"Turn: 8♣, 5♣, A♥ [4♠]",2026-10-08T02:04:35.990Z,179142507599000
"""peelic @ vOeqrOXpLT"" checks",2026-10-08T02:04:35.187Z,179142507518700
"""arash @ RYnRljE1SO"" checks",2026-10-08T02:04:28.380Z,179142506838000
"""Jonah @ xrBY5OZYCv"" checks",2026-10-08T02:04:27.437Z,179142506743700
"""goergoe @ _sqcLETZ0C"" checks",2026-10-08T02:04:26.560Z,179142506656000
"Flop:  [8♣, 5♣, A♥]",2026-10-08T02:04:25.266Z,179142506526600
"""Jonah @ xrBY5OZYCv"" checks",2026-10-08T02:04:24.400Z,179142506440000
"""goergoe @ _sqcLETZ0C"" calls 20",2026-10-08T02:04:23.474Z,179142506347400
"""Spenny @ S8ENkJ8OQS"" folds",2026-10-08T02:04:17.869Z,179142505786900
"""peelic @ vOeqrOXpLT"" calls 20",2026-10-08T02:04:14.684Z,179142505468400
"""arash @ RYnRljE1SO"" calls 20",2026-10-08T02:04:13.811Z,179142505381100
"""Jonah @ xrBY5OZYCv"" posts a big blind of 20",2026-10-08T02:04:12.165Z,179142505216508
"""goergoe @ _sqcLETZ0C"" posts a small blind of 10",2026-10-08T02:04:12.165Z,179142505216507
"Your hand is 3♥, 9♣",2026-10-08T02:04:12.165Z,179142505216503
"Player stacks: #1 ""Spenny @ S8ENkJ8OQS"" (330) | #3 ""goergoe @ _sqcLETZ0C"" (960) | #7 ""Jonah @ xrBY5OZYCv"" (730) | #8 ""arash @ RYnRljE1SO"" (2590) | #10 ""peelic @ vOeqrOXpLT"" (1420)",2026-10-08T02:04:12.165Z,179142505216501
"-- starting hand #95 (id: b3amnc5wiqve)  No Limit Texas Hold'em (dealer: ""Spenny @ S8ENkJ8OQS"") --",2026-10-08T02:04:12.165Z,179142505216500
"""Spenny @ S8ENkJ8OQS"" shows a K♦, J♥.",2026-10-08T02:04:08.537Z,179142504853700
"-- ending hand #94 --",2026-10-08T02:04:05.650Z,179142504565002
"""arash @ RYnRljE1SO"" collected 1020 from pot with Full House, 10's over Q's (combination: Q♦, Q♣, 10♥, 10♠, 10♣)",2026-10-08T02:04:05.650Z,179142504565001
"""arash @ RYnRljE1SO"" shows a Q♦, 10♥.",2026-10-08T02:04:05.650Z,179142504565000
"""Spenny @ S8ENkJ8OQS"" calls 350",2026-10-08T02:04:04.834Z,179142504483400
"""arash @ RYnRljE1SO"" raises to 350",2026-10-08T02:04:01.752Z,179142504175200
"""Spenny @ S8ENkJ8OQS"" bets 80",2026-10-08T02:03:57.435Z,179142503743500
"River: Q♣, 10♠, 2♥, A♣ [10♣]",2026-10-08T02:03:51.153Z,179142503115300
"""arash @ RYnRljE1SO"" calls 60",2026-10-08T02:03:50.328Z,179142503032800
"""Spenny @ S8ENkJ8OQS"" bets 60",2026-10-08T02:03:49.038Z,179142502903800
"Turn: Q♣, 10♠, 2♥ [A♣]",2026-10-08T02:03:41.043Z,179142502104300
"""Jonah @ xrBY5OZYCv"" folds",2026-10-08T02:03:40.201Z,179142502020100
"""goergoe @ _sqcLETZ0C"" folds",2026-10-08T02:03:39.326Z,179142501932600
"""Spenny @ S8ENkJ8OQS"" calls 50",2026-10-08T02:03:31.467Z,179142501146700
"""peelic @ vOeqrOXpLT"" folds",2026-10-08T02:03:30.559Z,179142501055900
"""arash @ RYnRljE1SO"" bets 50",2026-10-08T02:03:25.503Z,179142500550300
"""Jonah @ xrBY5OZYCv"" checks",2026-10-08T02:03:22.769Z,179142500276900
"""goergoe @ _sqcLETZ0C"" checks",2026-10-08T02:03:21.910Z,179142500191000
"""Spenny @ S8ENkJ8OQS"" checks",2026-10-08T02:03:21.012Z,179142500101200
"Flop:  [Q♣, 10♠, 2♥]",2026-10-08T02:03:16.370Z,179142499637000
"""goergoe @ _sqcLETZ0C"" checks",2026-10-08T02:03:15.555Z,179142499555500
"""Spenny @ S8ENkJ8OQS"" calls 20",2026-10-08T02:03:08.970Z,179142498897000
"""peelic @ vOeqrOXpLT"" calls 20",2026-10-08T02:03:03.503Z,179142498350300
"""arash @ RYnRljE1SO"" calls 20",2026-10-08T02:03:02.628Z,179142498262800
"""Jonah @ xrBY5OZYCv"" calls 20",2026-10-08T02:03:01.669Z,179142498166900
"""goergoe @ _sqcLETZ0C"" posts a big blind of 20",2026-10-08T02:02:56.798Z,179142497679808
"""Spenny @ S8ENkJ8OQS"" posts a small blind of 10",2026-10-08T02:02:56.798Z,179142497679807
"Your hand is 7♥, 10♦",2026-10-08T02:02:56.798Z,179142497679803
"Player stacks: #1 ""Spenny @ S8ENkJ8OQS"" (810) | #3 ""goergoe @ _sqcLETZ0C"" (980) | #7 ""Jonah @ xrBY5OZYCv"" (750) | #8 ""arash @ RYnRljE1SO"" (2050) | #10 ""peelic @ vOeqrOXpLT"" (1440)",2026-10-08T02:02:56.798Z,179142497679801
"-- starting hand #94 (id: pg9fwh0rfcsi)  No Limit Texas Hold'em (dealer: ""peelic @ vOeqrOXpLT"") --",2026-10-08T02:02:56.798Z,179142497679800
"""arash @ RYnRljE1SO"" shows a 3♥.",2026-10-08T02:02:54.301Z,179142497430100
"-- ending hand #93 --",2026-10-08T02:02:53.195Z,179142497319502
"""Spenny @ S8ENkJ8OQS"" collected 60 from pot",2026-10-08T02:02:53.195Z,179142497319501
"Uncalled bet of 60 returned to ""Spenny @ S8ENkJ8OQS""",2026-10-08T02:02:53.195Z,179142497319500
"""peelic @ vOeqrOXpLT"" folds",2026-10-08T02:02:52.375Z,179142497237500
"""arash @ RYnRljE1SO"" folds",2026-10-08T02:02:51.509Z,179142497150900
"""Spenny @ S8ENkJ8OQS"" bets 60",2026-10-08T02:02:49.730Z,179142496973000
"""peelic @ vOeqrOXpLT"" checks",2026-10-08T02:02:42.757Z,179142496275700
"River: 4♣, 6♦, Q♦, 2♦ [5♦]",2026-10-08T02:02:38.266Z,179142495826600
"""arash @ RYnRljE1SO"" checks",2026-10-08T02:02:37.456Z,179142495745600
"""Spenny @ S8ENkJ8OQS"" checks",2026-10-08T02:02:36.504Z,179142495650400
"""peelic @ vOeqrOXpLT"" checks",2026-10-08T02:02:31.663Z,179142495166300
"Turn: 4♣, 6♦, Q♦ [2♦]",2026-10-08T02:02:30.337Z,179142495033700
"""arash @ RYnRljE1SO"" checks",2026-10-08T02:02:29.478Z,179142494947800
"""Spenny @ S8ENkJ8OQS"" checks",2026-10-08T02:02:28.559Z,179142494855900
"""peelic @ vOeqrOXpLT"" checks",2026-10-08T02:02:24.406Z,179142494440600
"Flop:  [4♣, 6♦, Q♦]",2026-10-08T02:02:22.847Z,179142494284700
"""Spenny @ S8ENkJ8OQS"" checks",2026-10-08T02:02:21.989Z,179142494198900
"""peelic @ vOeqrOXpLT"" calls 20",2026-10-08T02:02:21.079Z,179142494107900
"""arash @ RYnRljE1SO"" calls 20",2026-10-08T02:02:20.225Z,179142494022500
"""Jonah @ xrBY5OZYCv"" folds",2026-10-08T02:02:19.299Z,179142493929900
"""goergoe @ _sqcLETZ0C"" folds",2026-10-08T02:02:18.387Z,179142493838700
"""Spenny @ S8ENkJ8OQS"" posts a big blind of 20",2026-10-08T02:02:09.799Z,179142492979908
"""peelic @ vOeqrOXpLT"" posts a small blind of 10",2026-10-08T02:02:09.799Z,179142492979907
"Your hand is 5♠, 10♣",2026-10-08T02:02:09.799Z,179142492979903
"Player stacks: #1 ""Spenny @ S8ENkJ8OQS"" (770) | #3 ""goergoe @ _sqcLETZ0C"" (980) | #7 ""Jonah @ xrBY5OZYCv"" (750) | #8 ""arash @ RYnRljE1SO"" (2070) | #10 ""peelic @ vOeqrOXpLT"" (1460)",2026-10-08T02:02:09.799Z,179142492979901
"-- starting hand #93 (id: a561cpxi6hwp)  No Limit Texas Hold'em (dealer: ""arash @ RYnRljE1SO"") --",2026-10-08T02:02:09.799Z,179142492979900
"-- ending hand #92 --",2026-10-08T02:02:03.887Z,179142492388702
"""Jonah @ xrBY5OZYCv"" collected 110 from pot",2026-10-08T02:02:03.887Z,179142492388701
"Uncalled bet of 50 returned to ""Jonah @ xrBY5OZYCv""",2026-10-08T02:02:03.887Z,179142492388700
"""peelic @ vOeqrOXpLT"" folds",2026-10-08T02:02:02.988Z,179142492298800
"""Jonah @ xrBY5OZYCv"" bets 50",2026-10-08T02:01:59.158Z,179142491915800
"""peelic @ vOeqrOXpLT"" checks",2026-10-08T02:01:54.082Z,179142491408200
"Flop:  [5♣, J♦, Q♦]",2026-10-08T02:01:48.942Z,179142490894200
"""peelic @ vOeqrOXpLT"" calls 50",2026-10-08T02:01:48.126Z,179142490812600
"""arash @ RYnRljE1SO"" folds",2026-10-08T02:01:45.929Z,179142490592900
"""Jonah @ xrBY5OZYCv"" raises to 50",2026-10-08T02:01:44.095Z,179142490409500
"""goergoe @ _sqcLETZ0C"" folds",2026-10-08T02:01:40.981Z,179142490098100
"""Spenny @ S8ENkJ8OQS"" folds",2026-10-08T02:01:37.640Z,179142489764000
"""peelic @ vOeqrOXpLT"" posts a big blind of 20",2026-10-08T02:01:34.738Z,179142489473808
"""arash @ RYnRljE1SO"" posts a small blind of 10",2026-10-08T02:01:34.738Z,179142489473807
"Your hand is J♥, 4♠",2026-10-08T02:01:34.738Z,179142489473803
"Player stacks: #1 ""Spenny @ S8ENkJ8OQS"" (770) | #3 ""goergoe @ _sqcLETZ0C"" (980) | #7 ""Jonah @ xrBY5OZYCv"" (690) | #8 ""arash @ RYnRljE1SO"" (2080) | #10 ""peelic @ vOeqrOXpLT"" (1510)",2026-10-08T02:01:34.738Z,179142489473801
"-- starting hand #92 (id: wfeqb8femucy)  No Limit Texas Hold'em (dealer: ""Jonah @ xrBY5OZYCv"") --",2026-10-08T02:01:34.738Z,179142489473800
"-- ending hand #91 --",2026-10-08T02:01:31.813Z,179142489181302
"""Jonah @ xrBY5OZYCv"" collected 120 from pot",2026-10-08T02:01:31.813Z,179142489181301
"Uncalled bet of 70 returned to ""Jonah @ xrBY5OZYCv""",2026-10-08T02:01:31.813Z,179142489181300
"""Spenny @ S8ENkJ8OQS"" folds",2026-10-08T02:01:30.987Z,179142489098700
"""arash @ RYnRljE1SO"" folds",2026-10-08T02:01:26.024Z,179142488602400
"""Jonah @ xrBY5OZYCv"" bets 70",2026-10-08T02:01:25.012Z,179142488501200
"River: 2♥, 5♦, 7♦, 7♠ [7♥]",2026-10-08T02:01:20.991Z,179142488099100
"""Spenny @ S8ENkJ8OQS"" checks",2026-10-08T02:01:20.175Z,179142488017500
"""arash @ RYnRljE1SO"" checks",2026-10-08T02:01:15.905Z,179142487590500
"""Jonah @ xrBY5OZYCv"" checks",2026-10-08T02:01:14.939Z,179142487493900
"Turn: 2♥, 5♦, 7♦ [7♠]",2026-10-08T02:01:13.390Z,179142487339000
"""Spenny @ S8ENkJ8OQS"" checks",2026-10-08T02:01:12.516Z,179142487251600
"""arash @ RYnRljE1SO"" checks",2026-10-08T02:01:06.755Z,179142486675500
"""Jonah @ xrBY5OZYCv"" checks",2026-10-08T02:01:05.594Z,179142486559400
"Flop:  [2♥, 5♦, 7♦]",2026-10-08T02:01:03.816Z,179142486381600
"""Spenny @ S8ENkJ8OQS"" calls 40",2026-10-08T02:01:02.993Z,179142486299300
"""arash @ RYnRljE1SO"" calls 40",2026-10-08T02:00:59.677Z,179142485967700
"""Jonah @ xrBY5OZYCv"" raises to 40",2026-10-08T02:00:58.063Z,179142485806300
"The player ""Stevo @ kI2bCqDOyl"" passed the room ownership to ""peelic @ vOeqrOXpLT"".",2026-10-08T02:00:57.255Z,179142485725500
"""goergoe @ _sqcLETZ0C"" folds",2026-10-08T02:00:55.119Z,179142485511900
"""Spenny @ S8ENkJ8OQS"" calls 20",2026-10-08T02:00:51.046Z,179142485104600
"""peelic @ vOeqrOXpLT"" folds",2026-10-08T02:00:48.445Z,179142484844500
"""arash @ RYnRljE1SO"" posts a big blind of 20",2026-10-08T02:00:46.240Z,179142484624009
"""Jonah @ xrBY5OZYCv"" posts a small blind of 10",2026-10-08T02:00:46.240Z,179142484624008
"Your hand is Q♦, 3♠",2026-10-08T02:00:46.240Z,179142484624004
"Player stacks: #1 ""Spenny @ S8ENkJ8OQS"" (810) | #3 ""goergoe @ _sqcLETZ0C"" (980) | #7 ""Jonah @ xrBY5OZYCv"" (610) | #8 ""arash @ RYnRljE1SO"" (2120) | #10 ""peelic @ vOeqrOXpLT"" (1510)",2026-10-08T02:00:46.240Z,179142484624002
"-- starting hand #91 (id: 9fluzkkjgai8)  No Limit Texas Hold'em (dead button) --",2026-10-08T02:00:46.240Z,179142484624001
"The player ""Stevo @ kI2bCqDOyl"" quits the game with a stack of 1970.",2026-10-08T02:00:46.240Z,179142484624000
"-- ending hand #90 --",2026-10-08T02:00:40.236Z,179142484023602
"""Spenny @ S8ENkJ8OQS"" collected 340 from pot with Two Pair, A's & J's (combination: 7♠, J♦, J♣, A♠, A♥)",2026-10-08T02:00:40.236Z,179142484023601
"""Spenny @ S8ENkJ8OQS"" shows a 7♦, A♠.",2026-10-08T02:00:40.236Z,179142484023600
"""arash @ RYnRljE1SO"" calls 60",2026-10-08T02:00:39.387Z,179142483938700
"""Spenny @ S8ENkJ8OQS"" bets 60",2026-10-08T02:00:37.592Z,179142483759200
"""arash @ RYnRljE1SO"" checks",2026-10-08T02:00:30.738Z,179142483073800
"River: A♥, 7♠, 2♦, J♦ [J♣]",2026-10-08T02:00:27.482Z,179142482748200
"""arash @ RYnRljE1SO"" calls 20",2026-10-08T02:00:26.660Z,179142482666000
"""Spenny @ S8ENkJ8OQS"" bets 20",2026-10-08T02:00:25.426Z,179142482542600
"""arash @ RYnRljE1SO"" checks",2026-10-08T02:00:19.132Z,179142481913200
"Turn: A♥, 7♠, 2♦ [J♦]",2026-10-08T02:00:16.735Z,179142481673500
"""peelic @ vOeqrOXpLT"" folds",2026-10-08T02:00:15.885Z,179142481588500
"""arash @ RYnRljE1SO"" calls 40",2026-10-08T02:00:12.086Z,179142481208600
"""Jonah @ xrBY5OZYCv"" folds",2026-10-08T02:00:06.874Z,179142480687400
"""Stevo @ kI2bCqDOyl"" folds",2026-10-08T02:00:05.962Z,179142480596200
"""Spenny @ S8ENkJ8OQS"" bets 40",2026-10-08T02:00:04.947Z,179142480494700
"""peelic @ vOeqrOXpLT"" checks",2026-10-08T01:59:59.356Z,179142479935600
"""arash @ RYnRljE1SO"" checks",2026-10-08T01:59:57.056Z,179142479705600
"""Jonah @ xrBY5OZYCv"" checks",2026-10-08T01:59:56.132Z,179142479613200
"""Stevo @ kI2bCqDOyl"" checks",2026-10-08T01:59:54.965Z,179142479496500
"Flop:  [A♥, 7♠, 2♦]",2026-10-08T01:59:53.740Z,179142479374000
"""Jonah @ xrBY5OZYCv"" checks",2026-10-08T01:59:52.931Z,179142479293100
"""Stevo @ kI2bCqDOyl"" calls 20",2026-10-08T01:59:52.055Z,179142479205500
"""goergoe @ _sqcLETZ0C"" folds",2026-10-08T01:59:51.011Z,179142479101100
"""Spenny @ S8ENkJ8OQS"" calls 20",2026-10-08T01:59:46.728Z,179142478672800
"""peelic @ vOeqrOXpLT"" calls 20",2026-10-08T01:59:45.254Z,179142478525400
"""arash @ RYnRljE1SO"" calls 20",2026-10-08T01:59:43.472Z,179142478347200
"""Jonah @ xrBY5OZYCv"" posts a big blind of 20",2026-10-08T01:59:42.418Z,179142478241809
"""Stevo @ kI2bCqDOyl"" posts a small blind of 10",2026-10-08T01:59:42.418Z,179142478241808
"Your hand is 3♥, 8♠",2026-10-08T01:59:42.418Z,179142478241803
"Player stacks: #1 ""Spenny @ S8ENkJ8OQS"" (610) | #3 ""goergoe @ _sqcLETZ0C"" (980) | #4 ""Stevo @ kI2bCqDOyl"" (1990) | #7 ""Jonah @ xrBY5OZYCv"" (630) | #8 ""arash @ RYnRljE1SO"" (2260) | #10 ""peelic @ vOeqrOXpLT"" (1530)",2026-10-08T01:59:42.418Z,179142478241801
"-- starting hand #90 (id: oga3xpao58ef)  No Limit Texas Hold'em (dealer: ""goergoe @ _sqcLETZ0C"") --",2026-10-08T01:59:42.418Z,179142478241800
"-- ending hand #89 --",2026-10-08T01:59:39.467Z,179142477946702
"""Stevo @ kI2bCqDOyl"" collected 260 from pot",2026-10-08T01:59:39.467Z,179142477946701
"Uncalled bet of 100 returned to ""Stevo @ kI2bCqDOyl""",2026-10-08T01:59:39.467Z,179142477946700
"""goergoe @ _sqcLETZ0C"" folds",2026-10-08T01:59:38.645Z,179142477864500
"""arash @ RYnRljE1SO"" folds",2026-10-08T01:59:37.731Z,179142477773100
"""Jonah @ xrBY5OZYCv"" folds",2026-10-08T01:59:36.723Z,179142477672300
"""Stevo @ kI2bCqDOyl"" bets 100",2026-10-08T01:59:33.668Z,179142477366800
"""goergoe @ _sqcLETZ0C"" checks",2026-10-08T01:59:31.507Z,179142477150700
"River: 4♠, 6♦, 9♣, 8♠ [2♥]",2026-10-08T01:59:29.902Z,179142476990200
"""goergoe @ _sqcLETZ0C"" calls 20",2026-10-08T01:59:29.084Z,179142476908400
"""arash @ RYnRljE1SO"" calls 20",2026-10-08T01:59:22.413Z,179142476241300
"""Jonah @ xrBY5OZYCv"" calls 20",2026-10-08T01:59:14.837Z,179142475483700
"""Stevo @ kI2bCqDOyl"" bets 20",2026-10-08T01:59:13.749Z,179142475374900
"""goergoe @ _sqcLETZ0C"" checks",2026-10-08T01:59:11.856Z,179142475185600
"Turn: 4♠, 6♦, 9♣ [8♠]",2026-10-08T01:59:10.396Z,179142475039600
"""goergoe @ _sqcLETZ0C"" calls 20",2026-10-08T01:59:09.484Z,179142474948400
"""peelic @ vOeqrOXpLT"" folds",2026-10-08T01:59:07.134Z,179142474713400
"""arash @ RYnRljE1SO"" calls 20",2026-10-08T01:58:59.404Z,179142473940400
"""Jonah @ xrBY5OZYCv"" calls 20",2026-10-08T01:58:57.210Z,179142473721000
"""Stevo @ kI2bCqDOyl"" bets 20",2026-10-08T01:58:55.823Z,179142473582300
"""goergoe @ _sqcLETZ0C"" checks",2026-10-08T01:58:54.354Z,179142473435400
"Flop:  [4♠, 6♦, 9♣]",2026-10-08T01:58:49.215Z,179142472921500
"""Stevo @ kI2bCqDOyl"" checks",2026-10-08T01:58:48.406Z,179142472840600
"""goergoe @ _sqcLETZ0C"" calls 20",2026-10-08T01:58:47.419Z,179142472741900
"""Spenny @ S8ENkJ8OQS"" folds",2026-10-08T01:58:42.231Z,179142472223100
"""peelic @ vOeqrOXpLT"" calls 20",2026-10-08T01:58:40.699Z,179142472069900
"""arash @ RYnRljE1SO"" calls 20",2026-10-08T01:58:38.406Z,179142471840600
"""Jonah @ xrBY5OZYCv"" calls 20",2026-10-08T01:58:37.412Z,179142471741200
"""Stevo @ kI2bCqDOyl"" posts a big blind of 20",2026-10-08T01:58:36.328Z,179142471632809
"""goergoe @ _sqcLETZ0C"" posts a small blind of 10",2026-10-08T01:58:36.328Z,179142471632808
"Your hand is 5♣, J♣",2026-10-08T01:58:36.328Z,179142471632803
"Player stacks: #1 ""Spenny @ S8ENkJ8OQS"" (610) | #3 ""goergoe @ _sqcLETZ0C"" (1040) | #4 ""Stevo @ kI2bCqDOyl"" (1790) | #7 ""Jonah @ xrBY5OZYCv"" (690) | #8 ""arash @ RYnRljE1SO"" (2320) | #10 ""peelic @ vOeqrOXpLT"" (1550)",2026-10-08T01:58:36.328Z,179142471632801
"-- starting hand #89 (id: t9epfs45oiuc)  No Limit Texas Hold'em (dealer: ""Spenny @ S8ENkJ8OQS"") --",2026-10-08T01:58:36.328Z,179142471632800
"-- ending hand #88 --",2026-10-08T01:58:30.287Z,179142471028702
"""Jonah @ xrBY5OZYCv"" collected 490 from pot with K High (combination: 8♦, 10♣, J♣, Q♥, K♥)",2026-10-08T01:58:30.287Z,179142471028701
"""Jonah @ xrBY5OZYCv"" shows a Q♥, K♥.",2026-10-08T01:58:30.287Z,179142471028700
"""arash @ RYnRljE1SO"" checks",2026-10-08T01:58:29.479Z,179142470947900
"""Jonah @ xrBY5OZYCv"" checks",2026-10-08T01:58:22.119Z,179142470211900
"River: 5♥, 3♥, 8♦, J♣ [10♣]",2026-10-08T01:58:19.584Z,179142469958400
"""arash @ RYnRljE1SO"" calls 100",2026-10-08T01:58:18.762Z,179142469876200
"""Jonah @ xrBY5OZYCv"" bets 100",2026-10-08T01:58:17.668Z,179142469766800
"Turn: 5♥, 3♥, 8♦ [J♣]",2026-10-08T01:58:13.266Z,179142469326600
"""Spenny @ S8ENkJ8OQS"" folds",2026-10-08T01:58:12.406Z,179142469240600
"""arash @ RYnRljE1SO"" calls 60",2026-10-08T01:58:02.881Z,179142468288100
"""Jonah @ xrBY5OZYCv"" bets 60",2026-10-08T01:58:01.034Z,179142468103400
"""Spenny @ S8ENkJ8OQS"" checks",2026-10-08T01:57:54.738Z,179142467473800
"Flop:  [5♥, 3♥, 8♦]",2026-10-08T01:57:50.876Z,179142467087600
"""goergoe @ _sqcLETZ0C"" folds",2026-10-08T01:57:50.015Z,179142467001500
"""Spenny @ S8ENkJ8OQS"" calls 50",2026-10-08T01:57:49.155Z,179142466915500
"""peelic @ vOeqrOXpLT"" folds",2026-10-08T01:57:48.177Z,179142466817700
"""arash @ RYnRljE1SO"" calls 50",2026-10-08T01:57:37.447Z,179142465744700
"""Jonah @ xrBY5OZYCv"" raises to 50",2026-10-08T01:57:35.541Z,179142465554100
"""Stevo @ kI2bCqDOyl"" folds",2026-10-08T01:57:32.060Z,179142465206000
"""goergoe @ _sqcLETZ0C"" posts a big blind of 20",2026-10-08T01:57:23.056Z,179142464305609
"""Spenny @ S8ENkJ8OQS"" posts a small blind of 10",2026-10-08T01:57:23.056Z,179142464305608
"Your hand is 7♦, 10♠",2026-10-08T01:57:23.056Z,179142464305603
"Player stacks: #1 ""Spenny @ S8ENkJ8OQS"" (660) | #3 ""goergoe @ _sqcLETZ0C"" (1060) | #4 ""Stevo @ kI2bCqDOyl"" (1790) | #7 ""Jonah @ xrBY5OZYCv"" (410) | #8 ""arash @ RYnRljE1SO"" (2530) | #10 ""peelic @ vOeqrOXpLT"" (1550)",2026-10-08T01:57:23.056Z,179142464305601
"-- starting hand #88 (id: 3b4fxiv2aat9)  No Limit Texas Hold'em (dealer: ""peelic @ vOeqrOXpLT"") --",2026-10-08T01:57:23.056Z,179142464305600
"-- ending hand #87 --",2026-10-08T01:57:17.149Z,179142463714902
"""Jonah @ xrBY5OZYCv"" collected 200 from pot",2026-10-08T01:57:17.149Z,179142463714901
"Uncalled bet of 60 returned to ""Jonah @ xrBY5OZYCv""",2026-10-08T01:57:17.149Z,179142463714900
"""peelic @ vOeqrOXpLT"" folds",2026-10-08T01:57:16.289Z,179142463628900
"""Jonah @ xrBY5OZYCv"" bets 60",2026-10-08T01:57:08.555Z,179142462855500
"""peelic @ vOeqrOXpLT"" checks",2026-10-08T01:57:04.564Z,179142462456400
"Turn: 6♣, 7♠, 10♥ [2♣]",2026-10-08T01:57:02.821Z,179142462282100
"""Stevo @ kI2bCqDOyl"" folds",2026-10-08T01:57:01.969Z,179142462196900
"""goergoe @ _sqcLETZ0C"" folds",2026-10-08T01:57:00.933Z,179142462093300
"""Spenny @ S8ENkJ8OQS"" folds",2026-10-08T01:57:00.046Z,179142462004600
"""peelic @ vOeqrOXpLT"" calls 40",2026-10-08T01:56:52.917Z,179142461291700
"""arash @ RYnRljE1SO"" folds",2026-10-08T01:56:52.087Z,179142461208700
"""Jonah @ xrBY5OZYCv"" bets 40",2026-10-08T01:56:47.817Z,179142460781700
"""Stevo @ kI2bCqDOyl"" checks",2026-10-08T01:56:44.579Z,179142460457900
"""goergoe @ _sqcLETZ0C"" checks",2026-10-08T01:56:43.653Z,179142460365300
"""Spenny @ S8ENkJ8OQS"" checks",2026-10-08T01:56:40.796Z,179142460079600
"""peelic @ vOeqrOXpLT"" checks",2026-10-08T01:56:36.023Z,179142459602300
"Flop:  [6♣, 7♠, 10♥]",2026-10-08T01:56:29.563Z,179142458956300
"""Spenny @ S8ENkJ8OQS"" checks",2026-10-08T01:56:28.691Z,179142458869100
"""peelic @ vOeqrOXpLT"" calls 20",2026-10-08T01:56:24.826Z,179142458482600
"""arash @ RYnRljE1SO"" calls 20",2026-10-08T01:56:23.967Z,179142458396700
"""Jonah @ xrBY5OZYCv"" calls 20",2026-10-08T01:56:23.013Z,179142458301300
"""Stevo @ kI2bCqDOyl"" calls 20",2026-10-08T01:56:22.078Z,179142458207800
"""goergoe @ _sqcLETZ0C"" calls 20",2026-10-08T01:56:21.135Z,179142458113500
"""Spenny @ S8ENkJ8OQS"" posts a big blind of 20",2026-10-08T01:56:15.960Z,179142457596009
"""peelic @ vOeqrOXpLT"" posts a small blind of 10",2026-10-08T01:56:15.960Z,179142457596008
"Your hand is 2♦, K♥",2026-10-08T01:56:15.960Z,179142457596003
"Player stacks: #1 ""Spenny @ S8ENkJ8OQS"" (680) | #3 ""goergoe @ _sqcLETZ0C"" (1080) | #4 ""Stevo @ kI2bCqDOyl"" (1810) | #7 ""Jonah @ xrBY5OZYCv"" (270) | #8 ""arash @ RYnRljE1SO"" (2550) | #10 ""peelic @ vOeqrOXpLT"" (1610)",2026-10-08T01:56:15.960Z,179142457596001
"-- starting hand #87 (id: z70lvwqdwbly)  No Limit Texas Hold'em (dealer: ""arash @ RYnRljE1SO"") --",2026-10-08T01:56:15.960Z,179142457596000
"-- ending hand #86 --",2026-10-08T01:56:09.980Z,179142456998002
"""Stevo @ kI2bCqDOyl"" collected 160 from pot",2026-10-08T01:56:09.980Z,179142456998001
"Uncalled bet of 80 returned to ""Stevo @ kI2bCqDOyl""",2026-10-08T01:56:09.980Z,179142456998000
"""arash @ RYnRljE1SO"" folds",2026-10-08T01:56:09.164Z,179142456916400
"""Stevo @ kI2bCqDOyl"" bets 80",2026-10-08T01:56:08.024Z,179142456802400
"""arash @ RYnRljE1SO"" checks",2026-10-08T01:56:05.618Z,179142456561800
"Turn: 5♠, 10♥, 6♥ [4♠]",2026-10-08T01:56:04.455Z,179142456445500
"""Spenny @ S8ENkJ8OQS"" folds",2026-10-08T01:56:03.647Z,179142456364700
"""peelic @ vOeqrOXpLT"" folds",2026-10-08T01:56:02.747Z,179142456274700
"""arash @ RYnRljE1SO"" calls 40",2026-10-08T01:55:56.920Z,179142455692000
"""Stevo @ kI2bCqDOyl"" bets 40",2026-10-08T01:55:53.150Z,179142455315000
"""Spenny @ S8ENkJ8OQS"" checks",2026-10-08T01:55:50.264Z,179142455026400
"""peelic @ vOeqrOXpLT"" checks",2026-10-08T01:55:49.342Z,179142454934200
"""arash @ RYnRljE1SO"" checks",2026-10-08T01:55:39.572Z,179142453957200
"Flop:  [5♠, 10♥, 6♥]",2026-10-08T01:55:38.172Z,179142453817200
"""peelic @ vOeqrOXpLT"" checks",2026-10-08T01:55:37.331Z,179142453733100
"""arash @ RYnRljE1SO"" calls 20",2026-10-08T01:55:36.485Z,179142453648500
"""Jonah @ xrBY5OZYCv"" folds",2026-10-08T01:55:35.565Z,179142453556500
"""Stevo @ kI2bCqDOyl"" calls 20",2026-10-08T01:55:34.698Z,179142453469800
"""goergoe @ _sqcLETZ0C"" folds",2026-10-08T01:55:33.712Z,179142453371200
"""Spenny @ S8ENkJ8OQS"" calls 20",2026-10-08T01:55:30.691Z,179142453069100
"""peelic @ vOeqrOXpLT"" posts a big blind of 20",2026-10-08T01:55:25.104Z,179142452510409
"""arash @ RYnRljE1SO"" posts a small blind of 10",2026-10-08T01:55:25.104Z,179142452510408
"Your hand is 7♦, J♠",2026-10-08T01:55:25.104Z,179142452510403
"Player stacks: #1 ""Spenny @ S8ENkJ8OQS"" (700) | #3 ""goergoe @ _sqcLETZ0C"" (1080) | #4 ""Stevo @ kI2bCqDOyl"" (1710) | #7 ""Jonah @ xrBY5OZYCv"" (270) | #8 ""arash @ RYnRljE1SO"" (2610) | #10 ""peelic @ vOeqrOXpLT"" (1630)",2026-10-08T01:55:25.104Z,179142452510401
"-- starting hand #86 (id: i8b5su3xmwxk)  No Limit Texas Hold'em (dealer: ""Jonah @ xrBY5OZYCv"") --",2026-10-08T01:55:25.104Z,179142452510400
"""Spenny @ S8ENkJ8OQS"" shows a 6♠, 6♣.",2026-10-08T01:55:22.147Z,179142452214700
"""arash @ RYnRljE1SO"" shows a J♠, J♥.",2026-10-08T01:55:20.831Z,179142452083100
"""Stevo @ kI2bCqDOyl"" shows a 2♦, 4♦.",2026-10-08T01:55:18.365Z,179142451836500
"-- ending hand #85 --",2026-10-08T01:55:17.096Z,179142451709602
"""Stevo @ kI2bCqDOyl"" collected 210 from pot",2026-10-08T01:55:17.096Z,179142451709601
"Uncalled bet of 100 returned to ""Stevo @ kI2bCqDOyl""",2026-10-08T01:55:17.096Z,179142451709600
"""Spenny @ S8ENkJ8OQS"" folds",2026-10-08T01:55:16.237Z,179142451623700
"""arash @ RYnRljE1SO"" folds",2026-10-08T01:55:12.476Z,179142451247600
"""Stevo @ kI2bCqDOyl"" bets 100",2026-10-08T01:55:09.780Z,179142450978000
"""Spenny @ S8ENkJ8OQS"" checks",2026-10-08T01:55:06.652Z,179142450665200
"""arash @ RYnRljE1SO"" checks",2026-10-08T01:55:02.883Z,179142450288300
"Turn: Q♦, Q♠, 3♦ [9♦]",2026-10-08T01:54:59.393Z,179142449939300
"""Spenny @ S8ENkJ8OQS"" calls 40",2026-10-08T01:54:58.571Z,179142449857100
"""arash @ RYnRljE1SO"" calls 40",2026-10-08T01:54:52.578Z,179142449257800
"""Stevo @ kI2bCqDOyl"" raises to 40",2026-10-08T01:54:51.073Z,179142449107300
"""goergoe @ _sqcLETZ0C"" folds",2026-10-08T01:54:48.867Z,179142448886700
"""Spenny @ S8ENkJ8OQS"" bets 20",2026-10-08T01:54:40.403Z,179142448040300
"""arash @ RYnRljE1SO"" checks",2026-10-08T01:54:36.373Z,179142447637300
"Flop:  [Q♦, Q♠, 3♦]",2026-10-08T01:54:34.538Z,179142447453800
"""arash @ RYnRljE1SO"" checks",2026-10-08T01:54:33.689Z,179142447368900
"""Jonah @ xrBY5OZYCv"" folds",2026-10-08T01:54:32.750Z,179142447275000
"""Stevo @ kI2bCqDOyl"" calls 20",2026-10-08T01:54:28.801Z,179142446880100
"""goergoe @ _sqcLETZ0C"" calls 20",2026-10-08T01:54:27.860Z,179142446786000
"""Spenny @ S8ENkJ8OQS"" calls 20",2026-10-08T01:54:26.982Z,179142446698200
"""peelic @ vOeqrOXpLT"" folds",2026-10-08T01:54:25.825Z,179142446582500
"""arash @ RYnRljE1SO"" posts a big blind of 20",2026-10-08T01:54:23.610Z,179142446361009
"""Jonah @ xrBY5OZYCv"" posts a small blind of 10",2026-10-08T01:54:23.610Z,179142446361008
"Your hand is 4♣, 10♣",2026-10-08T01:54:23.610Z,179142446361003
"Player stacks: #1 ""Spenny @ S8ENkJ8OQS"" (760) | #3 ""goergoe @ _sqcLETZ0C"" (1100) | #4 ""Stevo @ kI2bCqDOyl"" (1560) | #7 ""Jonah @ xrBY5OZYCv"" (280) | #8 ""arash @ RYnRljE1SO"" (2670) | #10 ""peelic @ vOeqrOXpLT"" (1630)",2026-10-08T01:54:23.610Z,179142446361001
"-- starting hand #85 (id: gclynraef1dh)  No Limit Texas Hold'em (dealer: ""Stevo @ kI2bCqDOyl"") --",2026-10-08T01:54:23.610Z,179142446361000
"-- ending hand #84 --",2026-10-08T01:54:20.672Z,179142446067202
"""arash @ RYnRljE1SO"" collected 380 from pot",2026-10-08T01:54:20.672Z,179142446067201
"Uncalled bet of 2290 returned to ""arash @ RYnRljE1SO""",2026-10-08T01:54:20.672Z,179142446067200
"""Jonah @ xrBY5OZYCv"" folds",2026-10-08T01:54:19.809Z,179142445980900
"""arash @ RYnRljE1SO"" raises to 2350 and go all in",2026-10-08T01:54:08.960Z,179142444896000
"""Jonah @ xrBY5OZYCv"" bets 60",2026-10-08T01:54:05.581Z,179142444558100
"River: 10♥, 8♣, 3♦, 9♦ [Q♥]",2026-10-08T01:54:01.527Z,179142444152700
"""Stevo @ kI2bCqDOyl"" folds",2026-10-08T01:54:00.675Z,179142444067500
"""arash @ RYnRljE1SO"" calls 50",2026-10-08T01:53:58.500Z,179142443850000
"""Jonah @ xrBY5OZYCv"" bets 50",2026-10-08T01:53:57.378Z,179142443737800
"""Stevo @ kI2bCqDOyl"" checks",2026-10-08T01:53:53.549Z,179142443354900
"Turn: 10♥, 8♣, 3♦ [9♦]",2026-10-08T01:53:51.281Z,179142443128100
"""goergoe @ _sqcLETZ0C"" folds",2026-10-08T01:53:50.383Z,179142443038300
"""peelic @ vOeqrOXpLT"" folds",2026-10-08T01:53:43.293Z,179142442329300
"""arash @ RYnRljE1SO"" calls 20",2026-10-08T01:53:38.861Z,179142441886100
"""Jonah @ xrBY5OZYCv"" calls 20",2026-10-08T01:53:37.930Z,179142441793000
"""Stevo @ kI2bCqDOyl"" bets 20",2026-10-08T01:53:36.835Z,179142441683500
"Flop:  [10♥, 8♣, 3♦]",2026-10-08T01:53:35.467Z,179142441546700
"""Jonah @ xrBY5OZYCv"" checks",2026-10-08T01:53:34.611Z,179142441461100
"""Stevo @ kI2bCqDOyl"" calls 20",2026-10-08T01:53:33.226Z,179142441322600
"""goergoe @ _sqcLETZ0C"" calls 20",2026-10-08T01:53:32.284Z,179142441228400
"""Spenny @ S8ENkJ8OQS"" folds",2026-10-08T01:53:31.347Z,179142441134700
"""peelic @ vOeqrOXpLT"" calls 20",2026-10-08T01:53:30.432Z,179142441043200
"""arash @ RYnRljE1SO"" calls 20",2026-10-08T01:53:27.546Z,179142440754600
"""Jonah @ xrBY5OZYCv"" posts a big blind of 20",2026-10-08T01:53:26.453Z,179142440645309
"""Stevo @ kI2bCqDOyl"" posts a small blind of 10",2026-10-08T01:53:26.453Z,179142440645308
"Your hand is 9♣, K♦",2026-10-08T01:53:26.453Z,179142440645303
"Player stacks: #1 ""Spenny @ S8ENkJ8OQS"" (760) | #3 ""goergoe @ _sqcLETZ0C"" (1120) | #4 ""Stevo @ kI2bCqDOyl"" (1600) | #7 ""Jonah @ xrBY5OZYCv"" (430) | #8 ""arash @ RYnRljE1SO"" (2440) | #10 ""peelic @ vOeqrOXpLT"" (1650)",2026-10-08T01:53:26.453Z,179142440645301
"-- starting hand #84 (id: etlkh8rysb5n)  No Limit Texas Hold'em (dealer: ""goergoe @ _sqcLETZ0C"") --",2026-10-08T01:53:26.453Z,179142440645300
"""Spenny @ S8ENkJ8OQS"" shows a 10♦, 10♥.",2026-10-08T01:53:21.437Z,179142440143700
"-- ending hand #83 --",2026-10-08T01:53:19.846Z,179142439984602
"""peelic @ vOeqrOXpLT"" collected 550 from pot with Two Pair, K's & 4's (combination: A♣, 4♥, 4♣, K♥, K♣)",2026-10-08T01:53:19.846Z,179142439984601
"""peelic @ vOeqrOXpLT"" shows a A♣, K♥.",2026-10-08T01:53:19.846Z,179142439984600
"""Jonah @ xrBY5OZYCv"" folds",2026-10-08T01:53:18.920Z,179142439892000
"""Spenny @ S8ENkJ8OQS"" calls 140",2026-10-08T01:53:18.063Z,179142439806300
"""peelic @ vOeqrOXpLT"" bets 140",2026-10-08T01:53:08.328Z,179142438832800
"""Jonah @ xrBY5OZYCv"" checks",2026-10-08T01:52:58.886Z,179142437888600
"River: 4♥, 4♣, 8♥, 6♥ [K♣]",2026-10-08T01:52:57.565Z,179142437756500
"""peelic @ vOeqrOXpLT"" calls 20",2026-10-08T01:52:56.741Z,179142437674100
"""Jonah @ xrBY5OZYCv"" calls 20",2026-10-08T01:52:47.583Z,179142436758300
"""Spenny @ S8ENkJ8OQS"" bets 20",2026-10-08T01:52:45.143Z,179142436514300
"""peelic @ vOeqrOXpLT"" checks",2026-10-08T01:52:39.412Z,179142435941200
"""Jonah @ xrBY5OZYCv"" checks",2026-10-08T01:52:36.018Z,179142435601800
"Turn: 4♥, 4♣, 8♥ [6♥]",2026-10-08T01:52:34.365Z,179142435436500
"""Spenny @ S8ENkJ8OQS"" checks",2026-10-08T01:52:33.557Z,179142435355700
"""peelic @ vOeqrOXpLT"" checks",2026-10-08T01:52:30.188Z,179142435018800
"""Jonah @ xrBY5OZYCv"" checks",2026-10-08T01:52:21.925Z,179142434192500
"Flop:  [4♥, 4♣, 8♥]",2026-10-08T01:52:20.464Z,179142434046400
"""peelic @ vOeqrOXpLT"" calls 60",2026-10-08T01:52:19.633Z,179142433963300
"""Jonah @ xrBY5OZYCv"" calls 60",2026-10-08T01:52:14.148Z,179142433414800
"""Stevo @ kI2bCqDOyl"" folds",2026-10-08T01:52:12.301Z,179142433230100
"""goergoe @ _sqcLETZ0C"" folds",2026-10-08T01:52:11.333Z,179142433133300
"""Spenny @ S8ENkJ8OQS"" raises to 60",2026-10-08T01:52:06.156Z,179142432615600
"""peelic @ vOeqrOXpLT"" calls 20",2026-10-08T01:52:02.380Z,179142432238000
"""arash @ RYnRljE1SO"" folds",2026-10-08T01:52:01.431Z,179142432143100
"""Jonah @ xrBY5OZYCv"" calls 20",2026-10-08T01:52:00.433Z,179142432043300
"""Stevo @ kI2bCqDOyl"" posts a big blind of 20",2026-10-08T01:51:55.864Z,179142431586409
"""goergoe @ _sqcLETZ0C"" posts a small blind of 10",2026-10-08T01:51:55.864Z,179142431586408
"Your hand is A♠, 5♦",2026-10-08T01:51:55.864Z,179142431586403
"Player stacks: #1 ""Spenny @ S8ENkJ8OQS"" (980) | #3 ""goergoe @ _sqcLETZ0C"" (1130) | #4 ""Stevo @ kI2bCqDOyl"" (1620) | #7 ""Jonah @ xrBY5OZYCv"" (510) | #8 ""arash @ RYnRljE1SO"" (2440) | #10 ""peelic @ vOeqrOXpLT"" (1320)",2026-10-08T01:51:55.864Z,179142431586401
"-- starting hand #83 (id: cj3evw2yltrv)  No Limit Texas Hold'em (dealer: ""Spenny @ S8ENkJ8OQS"") --",2026-10-08T01:51:55.864Z,179142431586400
"""Stevo @ kI2bCqDOyl"" shows a 3♦.",2026-10-08T01:51:50.948Z,179142431094800
"""goergoe @ _sqcLETZ0C"" shows a 9♥, K♣.",2026-10-08T01:51:49.690Z,179142430969000
"-- ending hand #82 --",2026-10-08T01:51:48.857Z,179142430885702
"""Spenny @ S8ENkJ8OQS"" collected 340 from pot with Full House, 3's over 5's (combination: 5♥, 5♠, 3♥, 3♣, 3♠)",2026-10-08T01:51:48.857Z,179142430885701
"""Spenny @ S8ENkJ8OQS"" shows a 5♥, 3♥.",2026-10-08T01:51:48.857Z,179142430885700
"""peelic @ vOeqrOXpLT"" folds",2026-10-08T01:51:48.047Z,179142430804700
"""arash @ RYnRljE1SO"" folds",2026-10-08T01:51:43.317Z,179142430331700
"""goergoe @ _sqcLETZ0C"" calls 80",2026-10-08T01:51:42.335Z,179142430233500
"""Spenny @ S8ENkJ8OQS"" bets 80",2026-10-08T01:51:39.871Z,179142429987100
"River: 5♠, K♦, 7♦, 3♣ [3♠]",2026-10-08T01:51:35.323Z,179142429532300
"""peelic @ vOeqrOXpLT"" calls 20",2026-10-08T01:51:34.503Z,179142429450300
"""arash @ RYnRljE1SO"" calls 20",2026-10-08T01:51:31.691Z,179142429169100
"""Jonah @ xrBY5OZYCv"" folds",2026-10-08T01:51:30.761Z,179142429076100
"""goergoe @ _sqcLETZ0C"" calls 20",2026-10-08T01:51:28.728Z,179142428872800
"""Spenny @ S8ENkJ8OQS"" bets 20",2026-10-08T01:51:26.282Z,179142428628200
"Turn: 5♠, K♦, 7♦ [3♣]",2026-10-08T01:51:21.557Z,179142428155700
"""peelic @ vOeqrOXpLT"" checks",2026-10-08T01:51:20.732Z,179142428073200
"""arash @ RYnRljE1SO"" checks",2026-10-08T01:51:15.610Z,179142427561000
"""Jonah @ xrBY5OZYCv"" checks",2026-10-08T01:51:14.649Z,179142427464900
"""goergoe @ _sqcLETZ0C"" checks",2026-10-08T01:51:13.779Z,179142427377900
"""Spenny @ S8ENkJ8OQS"" checks",2026-10-08T01:51:12.928Z,179142427292800
"Flop:  [5♠, K♦, 7♦]",2026-10-08T01:51:07.549Z,179142426754900
"""goergoe @ _sqcLETZ0C"" checks",2026-10-08T01:51:06.717Z,179142426671700
"""Spenny @ S8ENkJ8OQS"" calls 20",2026-10-08T01:51:05.833Z,179142426583300
"""peelic @ vOeqrOXpLT"" calls 20",2026-10-08T01:51:04.899Z,179142426489900
"""arash @ RYnRljE1SO"" calls 20",2026-10-08T01:51:02.645Z,179142426264500
"""Jonah @ xrBY5OZYCv"" calls 20",2026-10-08T01:51:01.619Z,179142426161900
"""Stevo @ kI2bCqDOyl"" folds",2026-10-08T01:51:00.706Z,179142426070600
"""goergoe @ _sqcLETZ0C"" posts a big blind of 20",2026-10-08T01:50:59.461Z,179142425946109
"""Spenny @ S8ENkJ8OQS"" posts a small blind of 10",2026-10-08T01:50:59.461Z,179142425946108
"Your hand is 9♥, K♣",2026-10-08T01:50:59.461Z,179142425946103
"Player stacks: #1 ""Spenny @ S8ENkJ8OQS"" (760) | #3 ""goergoe @ _sqcLETZ0C"" (1250) | #4 ""Stevo @ kI2bCqDOyl"" (1620) | #7 ""Jonah @ xrBY5OZYCv"" (530) | #8 ""arash @ RYnRljE1SO"" (2480) | #10 ""peelic @ vOeqrOXpLT"" (1360)",2026-10-08T01:50:59.461Z,179142425946101
"-- starting hand #82 (id: aesxgo1vd8vv)  No Limit Texas Hold'em (dealer: ""peelic @ vOeqrOXpLT"") --",2026-10-08T01:50:59.461Z,179142425946100
"Undealt cards: K♣, 5♦, 9♣, 9♦ [10♦]",2026-10-08T01:50:54.558Z,179142425455800
"-- ending hand #81 --",2026-10-08T01:50:53.497Z,179142425349702
"""goergoe @ _sqcLETZ0C"" collected 160 from pot",2026-10-08T01:50:53.497Z,179142425349701
"Uncalled bet of 40 returned to ""goergoe @ _sqcLETZ0C""",2026-10-08T01:50:53.497Z,179142425349700
"""Spenny @ S8ENkJ8OQS"" folds",2026-10-08T01:50:52.612Z,179142425261200
"""peelic @ vOeqrOXpLT"" folds",2026-10-08T01:50:51.697Z,179142425169700
"""arash @ RYnRljE1SO"" folds",2026-10-08T01:50:46.776Z,179142424677600
"""goergoe @ _sqcLETZ0C"" bets 40",2026-10-08T01:50:43.972Z,179142424397200
"""Spenny @ S8ENkJ8OQS"" checks",2026-10-08T01:50:41.501Z,179142424150100
"""peelic @ vOeqrOXpLT"" checks",2026-10-08T01:50:39.013Z,179142423901300
"Turn: K♣, 5♦, 9♣ [9♦]",2026-10-08T01:50:37.250Z,179142423725000
"""Spenny @ S8ENkJ8OQS"" calls 20",2026-10-08T01:50:36.447Z,179142423644700
"""peelic @ vOeqrOXpLT"" calls 20",2026-10-08T01:50:31.853Z,179142423185300
"""arash @ RYnRljE1SO"" calls 20",2026-10-08T01:50:27.608Z,179142422760800
"""goergoe @ _sqcLETZ0C"" bets 20",2026-10-08T01:50:26.142Z,179142422614200
"""Spenny @ S8ENkJ8OQS"" checks",2026-10-08T01:50:24.989Z,179142422498900
"""peelic @ vOeqrOXpLT"" checks",2026-10-08T01:50:23.308Z,179142422330800
"Flop:  [K♣, 5♦, 9♣]",2026-10-08T01:50:20.839Z,179142422083900
"""Spenny @ S8ENkJ8OQS"" checks",2026-10-08T01:50:19.964Z,179142421996400
"""peelic @ vOeqrOXpLT"" calls 20",2026-10-08T01:50:19.073Z,179142421907300
"""arash @ RYnRljE1SO"" calls 20",2026-10-08T01:50:18.158Z,179142421815800
"""Jonah @ xrBY5OZYCv"" folds",2026-10-08T01:50:17.201Z,179142421720100
"""Stevo @ kI2bCqDOyl"" folds",2026-10-08T01:50:16.331Z,179142421633100
"""goergoe @ _sqcLETZ0C"" calls 20",2026-10-08T01:50:13.174Z,179142421317400
"""Spenny @ S8ENkJ8OQS"" posts a big blind of 20",2026-10-08T01:50:11.448Z,179142421144809
"""peelic @ vOeqrOXpLT"" posts a small blind of 10",2026-10-08T01:50:11.448Z,179142421144808
"Your hand is K♠, 2♠",2026-10-08T01:50:11.448Z,179142421144803
"Player stacks: #1 ""Spenny @ S8ENkJ8OQS"" (800) | #3 ""goergoe @ _sqcLETZ0C"" (1130) | #4 ""Stevo @ kI2bCqDOyl"" (1620) | #7 ""Jonah @ xrBY5OZYCv"" (530) | #8 ""arash @ RYnRljE1SO"" (2520) | #10 ""peelic @ vOeqrOXpLT"" (1400)",2026-10-08T01:50:11.448Z,179142421144801
"-- starting hand #81 (id: y72ifer9uqet)  No Limit Texas Hold'em (dealer: ""arash @ RYnRljE1SO"") --",2026-10-08T01:50:11.448Z,179142421144800
"-- ending hand #80 --",2026-10-08T01:50:08.541Z,179142420854102
"""arash @ RYnRljE1SO"" collected 80 from pot",2026-10-08T01:50:08.541Z,179142420854101
"Uncalled bet of 60 returned to ""arash @ RYnRljE1SO""",2026-10-08T01:50:08.541Z,179142420854100
"""Jonah @ xrBY5OZYCv"" folds",2026-10-08T01:50:07.682Z,179142420768200
"""goergoe @ _sqcLETZ0C"" folds",2026-10-08T01:50:06.790Z,179142420679000
"""peelic @ vOeqrOXpLT"" folds",2026-10-08T01:50:00.276Z,179142420027600
"""arash @ RYnRljE1SO"" bets 60",2026-10-08T01:49:49.996Z,179142418999600
"River: 10♣, 3♣, 10♥, K♦ [7♠]",2026-10-08T01:49:47.164Z,179142418716400
"""Jonah @ xrBY5OZYCv"" checks",2026-10-08T01:49:46.249Z,179142418624900
"""goergoe @ _sqcLETZ0C"" checks",2026-10-08T01:49:45.386Z,179142418538600
"""peelic @ vOeqrOXpLT"" checks",2026-10-08T01:49:44.480Z,179142418448000
"""arash @ RYnRljE1SO"" checks",2026-10-08T01:49:33.909Z,179142417390900
"Turn: 10♣, 3♣, 10♥ [K♦]",2026-10-08T01:49:32.638Z,179142417263800
"""Jonah @ xrBY5OZYCv"" checks",2026-10-08T01:49:31.801Z,179142417180100
"""goergoe @ _sqcLETZ0C"" checks",2026-10-08T01:49:30.869Z,179142417086900
"""peelic @ vOeqrOXpLT"" checks",2026-10-08T01:49:29.965Z,179142416996500
"""arash @ RYnRljE1SO"" checks",2026-10-08T01:49:21.876Z,179142416187600
"Flop:  [10♣, 3♣, 10♥]",2026-10-08T01:49:18.613Z,179142415861300
"""peelic @ vOeqrOXpLT"" checks",2026-10-08T01:49:17.768Z,179142415776800
"""arash @ RYnRljE1SO"" calls 20",2026-10-08T01:49:12.726Z,179142415272600
"""Jonah @ xrBY5OZYCv"" calls 20",2026-10-08T01:49:11.757Z,179142415175700
"""Stevo @ kI2bCqDOyl"" folds",2026-10-08T01:49:10.820Z,179142415082000
"""goergoe @ _sqcLETZ0C"" calls 20",2026-10-08T01:49:09.839Z,179142414983900
"""Spenny @ S8ENkJ8OQS"" folds",2026-10-08T01:49:06.406Z,179142414640600
"""peelic @ vOeqrOXpLT"" posts a big blind of 20",2026-10-08T01:49:03.300Z,179142414330009
"""arash @ RYnRljE1SO"" posts a small blind of 10",2026-10-08T01:49:03.300Z,179142414330008
"Your hand is J♥, 6♥",2026-10-08T01:49:03.300Z,179142414330003
"Player stacks: #1 ""Spenny @ S8ENkJ8OQS"" (800) | #3 ""goergoe @ _sqcLETZ0C"" (1150) | #4 ""Stevo @ kI2bCqDOyl"" (1620) | #7 ""Jonah @ xrBY5OZYCv"" (550) | #8 ""arash @ RYnRljE1SO"" (2460) | #10 ""peelic @ vOeqrOXpLT"" (1420)",2026-10-08T01:49:03.300Z,179142414330001
"-- starting hand #80 (id: mongh9pih0r1)  No Limit Texas Hold'em (dealer: ""Jonah @ xrBY5OZYCv"") --",2026-10-08T01:49:03.300Z,179142414330000
"""Stevo @ kI2bCqDOyl"" shows a 5♣, A♥.",2026-10-08T01:48:58.078Z,179142413807800
"-- ending hand #79 --",2026-10-08T01:48:56.772Z,179142413677202
"""arash @ RYnRljE1SO"" collected 1260 from pot with Straight, A High (combination: 10♣, J♠, Q♠, K♠, A♣)",2026-10-08T01:48:56.772Z,179142413677201
"""arash @ RYnRljE1SO"" shows a K♠, 10♣.",2026-10-08T01:48:56.772Z,179142413677200
"""Jonah @ xrBY5OZYCv"" calls 250",2026-10-08T01:48:55.905Z,179142413590500
"""Stevo @ kI2bCqDOyl"" folds",2026-10-08T01:48:45.271Z,179142412527100
"""Spenny @ S8ENkJ8OQS"" folds",2026-10-08T01:48:44.089Z,179142412408900
"""arash @ RYnRljE1SO"" bets 250",2026-10-08T01:48:36.033Z,179142411603300
"""Jonah @ xrBY5OZYCv"" checks",2026-10-08T01:48:30.464Z,179142411046400
"River: Q♠, A♦, J♠, A♣ [4♣]",2026-10-08T01:48:28.144Z,179142410814400
"""Stevo @ kI2bCqDOyl"" calls 150",2026-10-08T01:48:27.260Z,179142410726000
"""Spenny @ S8ENkJ8OQS"" calls 150",2026-10-08T01:48:26.265Z,179142410626500
"""arash @ RYnRljE1SO"" calls 150",2026-10-08T01:48:22.147Z,179142410214700
"""Jonah @ xrBY5OZYCv"" raises to 150",2026-10-08T01:48:20.541Z,179142410054100
"""Stevo @ kI2bCqDOyl"" calls 60",2026-10-08T01:48:17.862Z,179142409786200
"""Spenny @ S8ENkJ8OQS"" calls 60",2026-10-08T01:48:16.841Z,179142409684100
"""arash @ RYnRljE1SO"" bets 60",2026-10-08T01:48:14.143Z,179142409414300
"""Jonah @ xrBY5OZYCv"" checks",2026-10-08T01:48:11.066Z,179142409106600
"Turn: Q♠, A♦, J♠ [A♣]",2026-10-08T01:48:07.718Z,179142408771800
"""Stevo @ kI2bCqDOyl"" calls 20",2026-10-08T01:48:06.857Z,179142408685700
"""Spenny @ S8ENkJ8OQS"" calls 20",2026-10-08T01:48:05.815Z,179142408581500
"""arash @ RYnRljE1SO"" calls 20",2026-10-08T01:48:03.396Z,179142408339600
"""Jonah @ xrBY5OZYCv"" bets 20",2026-10-08T01:48:02.237Z,179142408223700
"Flop:  [Q♠, A♦, J♠]",2026-10-08T01:47:58.803Z,179142407880300
"""arash @ RYnRljE1SO"" checks",2026-10-08T01:47:57.982Z,179142407798200
"""Jonah @ xrBY5OZYCv"" calls 20",2026-10-08T01:47:57.050Z,179142407705000
"""Stevo @ kI2bCqDOyl"" calls 20",2026-10-08T01:47:56.191Z,179142407619100
"""goergoe @ _sqcLETZ0C"" folds",2026-10-08T01:47:55.218Z,179142407521800
"""Spenny @ S8ENkJ8OQS"" calls 20",2026-10-08T01:47:53.721Z,179142407372100
"""peelic @ vOeqrOXpLT"" folds",2026-10-08T01:47:50.486Z,179142407048600
"""arash @ RYnRljE1SO"" posts a big blind of 20",2026-10-08T01:47:48.994Z,179142406899409
"""Jonah @ xrBY5OZYCv"" posts a small blind of 10",2026-10-08T01:47:48.994Z,179142406899408
"Your hand is 8♠, 2♦",2026-10-08T01:47:48.994Z,179142406899403
"Player stacks: #1 ""Spenny @ S8ENkJ8OQS"" (990) | #3 ""goergoe @ _sqcLETZ0C"" (1150) | #4 ""Stevo @ kI2bCqDOyl"" (1810) | #7 ""Jonah @ xrBY5OZYCv"" (990) | #8 ""arash @ RYnRljE1SO"" (1640) | #10 ""peelic @ vOeqrOXpLT"" (1420)",2026-10-08T01:47:48.994Z,179142406899401
"-- starting hand #79 (id: dksr372ccmi3)  No Limit Texas Hold'em (dealer: ""Stevo @ kI2bCqDOyl"") --",2026-10-08T01:47:48.994Z,179142406899400
"""goergoe @ _sqcLETZ0C"" shows a 5♥, 2♥.",2026-10-08T01:47:45.968Z,179142406596800
"-- ending hand #78 --",2026-10-08T01:47:45.355Z,179142406535502
"""goergoe @ _sqcLETZ0C"" collected 160 from pot",2026-10-08T01:47:45.355Z,179142406535501
"Uncalled bet of 40 returned to ""goergoe @ _sqcLETZ0C""",2026-10-08T01:47:45.355Z,179142406535500
"""Jonah @ xrBY5OZYCv"" folds",2026-10-08T01:47:44.503Z,179142406450300
"""goergoe @ _sqcLETZ0C"" bets 40",2026-10-08T01:47:38.302Z,179142405830200
"""Jonah @ xrBY5OZYCv"" checks",2026-10-08T01:47:36.193Z,179142405619300
"River: 8♥, 2♠, 5♦, 4♣ [8♣]",2026-10-08T01:47:34.551Z,179142405455100
"""Jonah @ xrBY5OZYCv"" calls 20",2026-10-08T01:47:33.697Z,179142405369700
"""goergoe @ _sqcLETZ0C"" bets 20",2026-10-08T01:47:30.523Z,179142405052300
"""Jonah @ xrBY5OZYCv"" checks",2026-10-08T01:47:28.329Z,179142404832900
"Turn: 8♥, 2♠, 5♦ [4♣]",2026-10-08T01:47:26.945Z,179142404694500
"""arash @ RYnRljE1SO"" folds",2026-10-08T01:47:26.091Z,179142404609100
"""Jonah @ xrBY5OZYCv"" calls 20",2026-10-08T01:47:25.178Z,179142404517800
"""Stevo @ kI2bCqDOyl"" folds",2026-10-08T01:47:24.202Z,179142404420200
"""goergoe @ _sqcLETZ0C"" bets 20",2026-10-08T01:47:22.841Z,179142404284100
"""arash @ RYnRljE1SO"" checks",2026-10-08T01:47:20.497Z,179142404049700
"""Jonah @ xrBY5OZYCv"" checks",2026-10-08T01:47:19.541Z,179142403954100
"""Stevo @ kI2bCqDOyl"" checks",2026-10-08T01:47:18.648Z,179142403864800
"Flop:  [8♥, 2♠, 5♦]",2026-10-08T01:47:17.337Z,179142403733700
"""Jonah @ xrBY5OZYCv"" checks",2026-10-08T01:47:16.498Z,179142403649800
"""Stevo @ kI2bCqDOyl"" calls 20",2026-10-08T01:47:15.596Z,179142403559600
"""goergoe @ _sqcLETZ0C"" calls 20",2026-10-08T01:47:14.672Z,179142403467200
"""Spenny @ S8ENkJ8OQS"" folds",2026-10-08T01:47:13.816Z,179142403381600
"""peelic @ vOeqrOXpLT"" folds",2026-10-08T01:47:12.884Z,179142403288400
"""arash @ RYnRljE1SO"" calls 20",2026-10-08T01:47:02.025Z,179142402202500
"""Jonah @ xrBY5OZYCv"" posts a big blind of 20",2026-10-08T01:46:58.791Z,179142401879109
"""Stevo @ kI2bCqDOyl"" posts a small blind of 10",2026-10-08T01:46:58.791Z,179142401879108
"Your hand is 5♥, 2♥",2026-10-08T01:46:58.791Z,179142401879103
"Player stacks: #1 ""Spenny @ S8ENkJ8OQS"" (990) | #3 ""goergoe @ _sqcLETZ0C"" (1050) | #4 ""Stevo @ kI2bCqDOyl"" (1830) | #7 ""Jonah @ xrBY5OZYCv"" (1050) | #8 ""arash @ RYnRljE1SO"" (1660) | #10 ""peelic @ vOeqrOXpLT"" (1420)",2026-10-08T01:46:58.791Z,179142401879101
"-- starting hand #78 (id: 0tublx8gwgnt)  No Limit Texas Hold'em (dealer: ""goergoe @ _sqcLETZ0C"") --",2026-10-08T01:46:58.791Z,179142401879100
"-- ending hand #77 --",2026-10-08T01:46:55.865Z,179142401586502
"""Stevo @ kI2bCqDOyl"" collected 320 from pot",2026-10-08T01:46:55.865Z,179142401586501
"Uncalled bet of 100 returned to ""Stevo @ kI2bCqDOyl""",2026-10-08T01:46:55.865Z,179142401586500
"""Spenny @ S8ENkJ8OQS"" folds",2026-10-08T01:46:55.022Z,179142401502200
"""Stevo @ kI2bCqDOyl"" bets 100",2026-10-08T01:46:50.780Z,179142401078000
"River: 9♦, 4♥, 3♥, 4♦ [7♥]",2026-10-08T01:46:47.966Z,179142400796600
"""Spenny @ S8ENkJ8OQS"" calls 20",2026-10-08T01:46:47.111Z,179142400711100
"""Stevo @ kI2bCqDOyl"" bets 20",2026-10-08T01:46:43.118Z,179142400311800
"Turn: 9♦, 4♥, 3♥ [4♦]",2026-10-08T01:46:41.560Z,179142400156000
"""goergoe @ _sqcLETZ0C"" folds",2026-10-08T01:46:40.706Z,179142400070600
"""Spenny @ S8ENkJ8OQS"" calls 40",2026-10-08T01:46:33.192Z,179142399319200
"""peelic @ vOeqrOXpLT"" folds",2026-10-08T01:46:23.845Z,179142398384500
"""arash @ RYnRljE1SO"" folds",2026-10-08T01:46:20.553Z,179142398055300
"""Stevo @ kI2bCqDOyl"" bets 40",2026-10-08T01:46:18.860Z,179142397886000
"""goergoe @ _sqcLETZ0C"" checks",2026-10-08T01:46:15.545Z,179142397554500
"Flop:  [9♦, 4♥, 3♥]",2026-10-08T01:46:09.859Z,179142396985900
"""goergoe @ _sqcLETZ0C"" calls 40",2026-10-08T01:46:09.032Z,179142396903200
"""Spenny @ S8ENkJ8OQS"" calls 40",2026-10-08T01:46:00.136Z,179142396013600
"""peelic @ vOeqrOXpLT"" calls 40",2026-10-08T01:45:56.083Z,179142395608300
"""arash @ RYnRljE1SO"" calls 40",2026-10-08T01:45:52.809Z,179142395280900
"""Stevo @ kI2bCqDOyl"" raises to 40",2026-10-08T01:45:50.852Z,179142395085200
"""goergoe @ _sqcLETZ0C"" calls 20",2026-10-08T01:45:48.888Z,179142394888800
"""Spenny @ S8ENkJ8OQS"" calls 20",2026-10-08T01:45:47.501Z,179142394750100
"""peelic @ vOeqrOXpLT"" calls 20",2026-10-08T01:45:46.005Z,179142394600500
"""arash @ RYnRljE1SO"" calls 20",2026-10-08T01:45:45.088Z,179142394508800
"""Jonah @ xrBY5OZYCv"" folds",2026-10-08T01:45:44.168Z,179142394416800
"""Stevo @ kI2bCqDOyl"" posts a big blind of 20",2026-10-08T01:45:42.781Z,179142394278109
"""goergoe @ _sqcLETZ0C"" posts a small blind of 10",2026-10-08T01:45:42.781Z,179142394278108
"Your hand is 10♣, 8♠",2026-10-08T01:45:42.781Z,179142394278103
"Player stacks: #1 ""Spenny @ S8ENkJ8OQS"" (1090) | #3 ""goergoe @ _sqcLETZ0C"" (1090) | #4 ""Stevo @ kI2bCqDOyl"" (1610) | #7 ""Jonah @ xrBY5OZYCv"" (1050) | #8 ""arash @ RYnRljE1SO"" (1700) | #10 ""peelic @ vOeqrOXpLT"" (1460)",2026-10-08T01:45:42.781Z,179142394278101
"-- starting hand #77 (id: j5q8gdibpqi1)  No Limit Texas Hold'em (dealer: ""Spenny @ S8ENkJ8OQS"") --",2026-10-08T01:45:42.781Z,179142394278100
"-- ending hand #76 --",2026-10-08T01:45:36.869Z,179142393686902
"""peelic @ vOeqrOXpLT"" collected 100 from pot",2026-10-08T01:45:36.869Z,179142393686901
"Uncalled bet of 60 returned to ""peelic @ vOeqrOXpLT""",2026-10-08T01:45:36.869Z,179142393686900
"""Jonah @ xrBY5OZYCv"" folds",2026-10-08T01:45:36.024Z,179142393602400
"""Stevo @ kI2bCqDOyl"" folds",2026-10-08T01:45:35.079Z,179142393507900
"""goergoe @ _sqcLETZ0C"" folds",2026-10-08T01:45:34.118Z,179142393411800
"""Spenny @ S8ENkJ8OQS"" folds",2026-10-08T01:45:29.178Z,179142392917800
"""peelic @ vOeqrOXpLT"" bets 60",2026-10-08T01:45:19.152Z,179142391915200
"""Jonah @ xrBY5OZYCv"" checks",2026-10-08T01:45:14.569Z,179142391456900
"""Stevo @ kI2bCqDOyl"" checks",2026-10-08T01:45:13.705Z,179142391370500
"""goergoe @ _sqcLETZ0C"" checks",2026-10-08T01:45:12.751Z,179142391275100
"""Spenny @ S8ENkJ8OQS"" checks",2026-10-08T01:45:07.568Z,179142390756800
"Flop:  [3♣, K♦, 10♠]",2026-10-08T01:45:03.258Z,179142390325800
"""goergoe @ _sqcLETZ0C"" checks",2026-10-08T01:45:02.391Z,179142390239100
"""Spenny @ S8ENkJ8OQS"" calls 20",2026-10-08T01:45:01.194Z,179142390119400
"""peelic @ vOeqrOXpLT"" calls 20",2026-10-08T01:44:55.824Z,179142389582400
"""arash @ RYnRljE1SO"" folds",2026-10-08T01:44:54.923Z,179142389492300
"""Jonah @ xrBY5OZYCv"" calls 20",2026-10-08T01:44:44.645Z,179142388464500
"""Stevo @ kI2bCqDOyl"" calls 20",2026-10-08T01:44:43.772Z,179142388377200
"""goergoe @ _sqcLETZ0C"" posts a big blind of 20",2026-10-08T01:44:42.588Z,179142388258809
"""Spenny @ S8ENkJ8OQS"" posts a small blind of 10",2026-10-08T01:44:42.588Z,179142388258808
"Your hand is 3♠, 8♦",2026-10-08T01:44:42.588Z,179142388258803
"Player stacks: #1 ""Spenny @ S8ENkJ8OQS"" (1110) | #3 ""goergoe @ _sqcLETZ0C"" (1110) | #4 ""Stevo @ kI2bCqDOyl"" (1630) | #7 ""Jonah @ xrBY5OZYCv"" (1070) | #8 ""arash @ RYnRljE1SO"" (1700) | #10 ""peelic @ vOeqrOXpLT"" (1380)",2026-10-08T01:44:42.588Z,179142388258801
"-- starting hand #76 (id: 19xqr6gc5ktf)  No Limit Texas Hold'em (dealer: ""peelic @ vOeqrOXpLT"") --",2026-10-08T01:44:42.588Z,179142388258800
"Undealt cards: A♦, A♣, J♦, 5♣ [K♦]",2026-10-08T01:44:40.209Z,179142388020900
"-- ending hand #75 --",2026-10-08T01:44:36.597Z,179142387659702
"""Jonah @ xrBY5OZYCv"" collected 60 from pot",2026-10-08T01:44:36.597Z,179142387659701
"Uncalled bet of 50 returned to ""Jonah @ xrBY5OZYCv""",2026-10-08T01:44:36.597Z,179142387659700
"""Spenny @ S8ENkJ8OQS"" folds",2026-10-08T01:44:35.792Z,179142387579200
"""peelic @ vOeqrOXpLT"" folds",2026-10-08T01:44:25.775Z,179142386577500
"""Jonah @ xrBY5OZYCv"" bets 50",2026-10-08T01:44:18.775Z,179142385877500
"""Spenny @ S8ENkJ8OQS"" checks",2026-10-08T01:44:14.610Z,179142385461000
"""peelic @ vOeqrOXpLT"" checks",2026-10-08T01:44:11.286Z,179142385128600
"Turn: A♦, A♣, J♦ [5♣]",2026-10-08T01:44:09.338Z,179142384933800
"""Jonah @ xrBY5OZYCv"" checks",2026-10-08T01:44:08.481Z,179142384848100
"""Spenny @ S8ENkJ8OQS"" checks",2026-10-08T01:44:07.227Z,179142384722700
"""peelic @ vOeqrOXpLT"" checks",2026-10-08T01:44:01.496Z,179142384149600
"Flop:  [A♦, A♣, J♦]",2026-10-08T01:43:59.304Z,179142383930400
"""Spenny @ S8ENkJ8OQS"" checks",2026-10-08T01:43:58.485Z,179142383848500
"""peelic @ vOeqrOXpLT"" calls 20",2026-10-08T01:43:53.821Z,179142383382100
"""arash @ RYnRljE1SO"" folds",2026-10-08T01:43:52.982Z,179142383298200
"""Jonah @ xrBY5OZYCv"" calls 20",2026-10-08T01:43:52.006Z,179142383200600
"""Stevo @ kI2bCqDOyl"" folds",2026-10-08T01:43:51.094Z,179142383109400
"""goergoe @ _sqcLETZ0C"" folds",2026-10-08T01:43:50.167Z,179142383016700
"""Spenny @ S8ENkJ8OQS"" posts a big blind of 20",2026-10-08T01:43:49.281Z,179142382928109
"""peelic @ vOeqrOXpLT"" posts a small blind of 10",2026-10-08T01:43:49.281Z,179142382928108
"Your hand is 7♣, 4♠",2026-10-08T01:43:49.281Z,179142382928103
"Player stacks: #1 ""Spenny @ S8ENkJ8OQS"" (1130) | #3 ""goergoe @ _sqcLETZ0C"" (1110) | #4 ""Stevo @ kI2bCqDOyl"" (1630) | #7 ""Jonah @ xrBY5OZYCv"" (1030) | #8 ""arash @ RYnRljE1SO"" (1700) | #10 ""peelic @ vOeqrOXpLT"" (1400)",2026-10-08T01:43:49.281Z,179142382928101
"-- starting hand #75 (id: zeatmumxqdmn)  No Limit Texas Hold'em (dealer: ""arash @ RYnRljE1SO"") --",2026-10-08T01:43:49.281Z,179142382928100
"""goergoe @ _sqcLETZ0C"" shows a 8♥, 7♣.",2026-10-08T01:43:46.948Z,179142382694800
"-- ending hand #74 --",2026-10-08T01:43:45.665Z,179142382566502
"""Jonah @ xrBY5OZYCv"" collected 80 from pot",2026-10-08T01:43:45.665Z,179142382566501
"Uncalled bet of 350 returned to ""Jonah @ xrBY5OZYCv""",2026-10-08T01:43:45.665Z,179142382566500
"""Stevo @ kI2bCqDOyl"" folds",2026-10-08T01:43:44.858Z,179142382485800
"""peelic @ vOeqrOXpLT"" folds",2026-10-08T01:43:43.887Z,179142382388700
"""arash @ RYnRljE1SO"" folds",2026-10-08T01:43:43.000Z,179142382300000
"""Jonah @ xrBY5OZYCv"" bets 350",2026-10-08T01:43:40.333Z,179142382033300
"""Stevo @ kI2bCqDOyl"" checks",2026-10-08T01:43:36.060Z,179142381606000
"""peelic @ vOeqrOXpLT"" checks",2026-10-08T01:43:35.123Z,179142381512300
"""arash @ RYnRljE1SO"" checks",2026-10-08T01:43:33.539Z,179142381353900
"River: A♦, 7♦, A♠, Q♥ [Q♣]",2026-10-08T01:43:32.056Z,179142381205600
"""Jonah @ xrBY5OZYCv"" checks",2026-10-08T01:43:31.232Z,179142381123200
"""Stevo @ kI2bCqDOyl"" checks",2026-10-08T01:43:30.277Z,179142381027700
"""peelic @ vOeqrOXpLT"" checks",2026-10-08T01:43:29.343Z,179142380934300
"""arash @ RYnRljE1SO"" checks",2026-10-08T01:43:26.308Z,179142380630800
"Turn: A♦, 7♦, A♠ [Q♥]",2026-10-08T01:43:24.906Z,179142380490600
"""Jonah @ xrBY5OZYCv"" checks",2026-10-08T01:43:24.100Z,179142380410000
"""Stevo @ kI2bCqDOyl"" checks",2026-10-08T01:43:23.156Z,179142380315600
"""peelic @ vOeqrOXpLT"" checks",2026-10-08T01:43:22.186Z,179142380218600
"""arash @ RYnRljE1SO"" checks",2026-10-08T01:43:21.316Z,179142380131600
"Flop:  [A♦, 7♦, A♠]",2026-10-08T01:43:19.354Z,179142379935400
"""peelic @ vOeqrOXpLT"" checks",2026-10-08T01:43:18.523Z,179142379852300
"""arash @ RYnRljE1SO"" calls 20",2026-10-08T01:43:17.669Z,179142379766900
"""Jonah @ xrBY5OZYCv"" calls 20",2026-10-08T01:43:16.748Z,179142379674800
"""Stevo @ kI2bCqDOyl"" calls 20",2026-10-08T01:43:15.856Z,179142379585600
"""goergoe @ _sqcLETZ0C"" folds",2026-10-08T01:43:13.777Z,179142379377700
"""Spenny @ S8ENkJ8OQS"" folds",2026-10-08T01:43:12.923Z,179142379292300
"""peelic @ vOeqrOXpLT"" posts a big blind of 20",2026-10-08T01:43:10.490Z,179142379049009
"""arash @ RYnRljE1SO"" posts a small blind of 10",2026-10-08T01:43:10.490Z,179142379049008
"Your hand is 8♥, 7♣",2026-10-08T01:43:10.490Z,179142379049003
"Player stacks: #1 ""Spenny @ S8ENkJ8OQS"" (1130) | #3 ""goergoe @ _sqcLETZ0C"" (1110) | #4 ""Stevo @ kI2bCqDOyl"" (1650) | #7 ""Jonah @ xrBY5OZYCv"" (970) | #8 ""arash @ RYnRljE1SO"" (1720) | #10 ""peelic @ vOeqrOXpLT"" (1420)",2026-10-08T01:43:10.490Z,179142379049001
"-- starting hand #74 (id: pvpq5c9knhhy)  No Limit Texas Hold'em (dealer: ""Jonah @ xrBY5OZYCv"") --",2026-10-08T01:43:10.490Z,179142379049000
"""Spenny @ S8ENkJ8OQS"" shows a Q♣, 10♦.",2026-10-08T01:43:08.822Z,179142378882200
"""goergoe @ _sqcLETZ0C"" shows a 8♣, 4♠.",2026-10-08T01:43:07.905Z,179142378790500
"""Stevo @ kI2bCqDOyl"" shows a 9♦, 7♦.",2026-10-08T01:43:06.384Z,179142378638400
"-- ending hand #73 --",2026-10-08T01:43:05.433Z,179142378543302
"""Stevo @ kI2bCqDOyl"" collected 630 from pot",2026-10-08T01:43:05.433Z,179142378543301
"Uncalled bet of 230 returned to ""Stevo @ kI2bCqDOyl""",2026-10-08T01:43:05.433Z,179142378543300
"""Spenny @ S8ENkJ8OQS"" folds",2026-10-08T01:43:04.619Z,179142378461900
"""arash @ RYnRljE1SO"" folds",2026-10-08T01:43:02.569Z,179142378256900
"""Stevo @ kI2bCqDOyl"" bets 230",2026-10-08T01:43:00.885Z,179142378088500
"""Spenny @ S8ENkJ8OQS"" checks",2026-10-08T01:42:58.542Z,179142377854200
"""arash @ RYnRljE1SO"" checks",2026-10-08T01:42:57.625Z,179142377762500
"River: Q♦, 3♦, 5♦, 7♠ [9♥]",2026-10-08T01:42:55.257Z,179142377525700
"""Spenny @ S8ENkJ8OQS"" calls 120",2026-10-08T01:42:54.387Z,179142377438700
"""arash @ RYnRljE1SO"" calls 120",2026-10-08T01:42:48.092Z,179142376809200
"""Stevo @ kI2bCqDOyl"" raises to 120",2026-10-08T01:42:40.725Z,179142376072500
"""Spenny @ S8ENkJ8OQS"" calls 50",2026-10-08T01:42:37.840Z,179142375784000
"""arash @ RYnRljE1SO"" bets 50",2026-10-08T01:42:27.483Z,179142374748300
"Turn: Q♦, 3♦, 5♦ [7♠]",2026-10-08T01:42:23.756Z,179142374375600
"""Spenny @ S8ENkJ8OQS"" calls 60",2026-10-08T01:42:22.934Z,179142374293400
"""peelic @ vOeqrOXpLT"" folds",2026-10-08T01:42:17.869Z,179142373786900
"""arash @ RYnRljE1SO"" calls 60",2026-10-08T01:42:14.366Z,179142373436600
"""Stevo @ kI2bCqDOyl"" raises to 60",2026-10-08T01:42:13.363Z,179142373336300
"""Spenny @ S8ENkJ8OQS"" bets 20",2026-10-08T01:42:10.515Z,179142373051500
"""peelic @ vOeqrOXpLT"" checks",2026-10-08T01:42:04.774Z,179142372477400
"""arash @ RYnRljE1SO"" checks",2026-10-08T01:42:03.886Z,179142372388600
"Flop:  [Q♦, 3♦, 5♦]",2026-10-08T01:42:01.065Z,179142372106500
"""arash @ RYnRljE1SO"" checks",2026-10-08T01:42:00.231Z,179142372023100
"""Jonah @ xrBY5OZYCv"" folds",2026-10-08T01:41:59.224Z,179142371922400
"""Stevo @ kI2bCqDOyl"" calls 20",2026-10-08T01:41:58.361Z,179142371836100
"""goergoe @ _sqcLETZ0C"" folds",2026-10-08T01:41:57.403Z,179142371740300
"""Spenny @ S8ENkJ8OQS"" calls 20",2026-10-08T01:41:55.887Z,179142371588700
"""peelic @ vOeqrOXpLT"" calls 20",2026-10-08T01:41:49.773Z,179142370977300
"""arash @ RYnRljE1SO"" posts a big blind of 20",2026-10-08T01:41:48.360Z,179142370836009
"""Jonah @ xrBY5OZYCv"" posts a small blind of 10",2026-10-08T01:41:48.360Z,179142370836008
"Your hand is 8♣, 4♠",2026-10-08T01:41:48.360Z,179142370836003
"Player stacks: #1 ""Spenny @ S8ENkJ8OQS"" (1330) | #3 ""goergoe @ _sqcLETZ0C"" (1110) | #4 ""Stevo @ kI2bCqDOyl"" (1220) | #7 ""Jonah @ xrBY5OZYCv"" (980) | #8 ""arash @ RYnRljE1SO"" (1920) | #10 ""peelic @ vOeqrOXpLT"" (1440)",2026-10-08T01:41:48.360Z,179142370836001
"-- starting hand #73 (id: prgru1wzdvw3)  No Limit Texas Hold'em (dealer: ""Stevo @ kI2bCqDOyl"") --",2026-10-08T01:41:48.360Z,179142370836000
"-- ending hand #72 --",2026-10-08T01:41:42.411Z,179142370241102
"""Jonah @ xrBY5OZYCv"" collected 70 from pot",2026-10-08T01:41:42.411Z,179142370241101
"Uncalled bet of 50 returned to ""Jonah @ xrBY5OZYCv""",2026-10-08T01:41:42.411Z,179142370241100
"""goergoe @ _sqcLETZ0C"" folds",2026-10-08T01:41:41.557Z,179142370155700
"""arash @ RYnRljE1SO"" folds",2026-10-08T01:41:35.533Z,179142369553300
"""Jonah @ xrBY5OZYCv"" bets 50",2026-10-08T01:41:33.892Z,179142369389200
"Turn: 4♠, 7♣, A♥ [2♣]",2026-10-08T01:41:30.029Z,179142369002900
"""goergoe @ _sqcLETZ0C"" checks",2026-10-08T01:41:29.186Z,179142368918600
"""arash @ RYnRljE1SO"" checks",2026-10-08T01:41:23.152Z,179142368315200
"""Jonah @ xrBY5OZYCv"" checks",2026-10-08T01:41:22.216Z,179142368221600
"Flop:  [4♠, 7♣, A♥]",2026-10-08T01:41:20.033Z,179142368003300
"""Jonah @ xrBY5OZYCv"" checks",2026-10-08T01:41:19.195Z,179142367919500
"""Stevo @ kI2bCqDOyl"" folds",2026-10-08T01:41:18.264Z,179142367826400
"""goergoe @ _sqcLETZ0C"" calls 20",2026-10-08T01:41:17.324Z,179142367732400
"""Spenny @ S8ENkJ8OQS"" folds",2026-10-08T01:41:11.460Z,179142367146000
"""peelic @ vOeqrOXpLT"" folds",2026-10-08T01:41:10.556Z,179142367055600
"""arash @ RYnRljE1SO"" calls 20",2026-10-08T01:41:09.683Z,179142366968300
"""Jonah @ xrBY5OZYCv"" posts a big blind of 20",2026-10-08T01:41:06.580Z,179142366658009
"""Stevo @ kI2bCqDOyl"" posts a small blind of 10",2026-10-08T01:41:06.580Z,179142366658008
"Your hand is K♠, 6♠",2026-10-08T01:41:06.580Z,179142366658003
"Player stacks: #1 ""Spenny @ S8ENkJ8OQS"" (1330) | #3 ""goergoe @ _sqcLETZ0C"" (1130) | #4 ""Stevo @ kI2bCqDOyl"" (1230) | #7 ""Jonah @ xrBY5OZYCv"" (930) | #8 ""arash @ RYnRljE1SO"" (1940) | #10 ""peelic @ vOeqrOXpLT"" (1440)",2026-10-08T01:41:06.580Z,179142366658001
"-- starting hand #72 (id: 3pmajyvk9rvh)  No Limit Texas Hold'em (dealer: ""goergoe @ _sqcLETZ0C"") --",2026-10-08T01:41:06.580Z,179142366658000
"""Jonah @ xrBY5OZYCv"" shows a 9♠, 6♠.",2026-10-08T01:41:01.662Z,179142366166200
"""Spenny @ S8ENkJ8OQS"" shows a J♠, 10♣.",2026-10-08T01:41:01.608Z,179142366160800
"-- ending hand #71 --",2026-10-08T01:40:59.526Z,179142365952602
"""arash @ RYnRljE1SO"" collected 1090 from pot with Flush, A High (combination: 5♠, 8♠, Q♠, K♠, A♠)",2026-10-08T01:40:59.526Z,179142365952601
"""arash @ RYnRljE1SO"" shows a 5♠, K♠.",2026-10-08T01:40:59.526Z,179142365952600
"""Jonah @ xrBY5OZYCv"" calls 250",2026-10-08T01:40:58.707Z,179142365870700
"""Spenny @ S8ENkJ8OQS"" calls 250",2026-10-08T01:40:56.447Z,179142365644700
"""arash @ RYnRljE1SO"" raises to 250",2026-10-08T01:40:51.352Z,179142365135200
"""Jonah @ xrBY5OZYCv"" bets 80",2026-10-08T01:40:46.097Z,179142364609700
"River: A♠, 8♠, 5♣, Q♠ [K♥]",2026-10-08T01:40:42.261Z,179142364226100
"""Spenny @ S8ENkJ8OQS"" calls 40",2026-10-08T01:40:41.429Z,179142364142900
"""arash @ RYnRljE1SO"" calls 40",2026-10-08T01:40:34.884Z,179142363488400
"""Jonah @ xrBY5OZYCv"" bets 40",2026-10-08T01:40:31.376Z,179142363137600
"Turn: A♠, 8♠, 5♣ [Q♠]",2026-10-08T01:40:26.043Z,179142362604300
"""Stevo @ kI2bCqDOyl"" folds",2026-10-08T01:40:25.184Z,179142362518400
"""goergoe @ _sqcLETZ0C"" folds",2026-10-08T01:40:24.174Z,179142362417400
"""Spenny @ S8ENkJ8OQS"" calls 40",2026-10-08T01:40:16.645Z,179142361664500
"""arash @ RYnRljE1SO"" calls 40",2026-10-08T01:40:12.044Z,179142361204400
"""Jonah @ xrBY5OZYCv"" bets 40",2026-10-08T01:40:10.904Z,179142361090400
"""Stevo @ kI2bCqDOyl"" checks",2026-10-08T01:40:08.760Z,179142360876000
"""goergoe @ _sqcLETZ0C"" checks",2026-10-08T01:40:05.318Z,179142360531800
"Flop:  [A♠, 8♠, 5♣]",2026-10-08T01:40:04.059Z,179142360405900
"""Stevo @ kI2bCqDOyl"" checks",2026-10-08T01:40:03.243Z,179142360324300
"""goergoe @ _sqcLETZ0C"" calls 20",2026-10-08T01:40:02.274Z,179142360227400
"""Spenny @ S8ENkJ8OQS"" calls 20",2026-10-08T01:39:58.868Z,179142359886800
"""peelic @ vOeqrOXpLT"" folds",2026-10-08T01:39:57.515Z,179142359751500
"""arash @ RYnRljE1SO"" calls 20",2026-10-08T01:39:56.681Z,179142359668100
"""Jonah @ xrBY5OZYCv"" calls 20",2026-10-08T01:39:55.687Z,179142359568700
"""Stevo @ kI2bCqDOyl"" posts a big blind of 20",2026-10-08T01:39:53.366Z,179142359336609
"""goergoe @ _sqcLETZ0C"" posts a small blind of 10",2026-10-08T01:39:53.366Z,179142359336608
"Your hand is J♦, 5♥",2026-10-08T01:39:53.366Z,179142359336603
"Player stacks: #1 ""Spenny @ S8ENkJ8OQS"" (1680) | #3 ""goergoe @ _sqcLETZ0C"" (1150) | #4 ""Stevo @ kI2bCqDOyl"" (1250) | #7 ""Jonah @ xrBY5OZYCv"" (1280) | #8 ""arash @ RYnRljE1SO"" (1200) | #10 ""peelic @ vOeqrOXpLT"" (1440)",2026-10-08T01:39:53.366Z,179142359336601
"-- starting hand #71 (id: 3ptjykub6oom)  No Limit Texas Hold'em (dealer: ""Spenny @ S8ENkJ8OQS"") --",2026-10-08T01:39:53.366Z,179142359336600
"-- ending hand #70 --",2026-10-08T01:39:50.443Z,179142359044302
"""peelic @ vOeqrOXpLT"" collected 220 from pot",2026-10-08T01:39:50.443Z,179142359044301
"Uncalled bet of 120 returned to ""peelic @ vOeqrOXpLT""",2026-10-08T01:39:50.443Z,179142359044300
"""goergoe @ _sqcLETZ0C"" folds",2026-10-08T01:39:49.585Z,179142358958500
"""Spenny @ S8ENkJ8OQS"" folds",2026-10-08T01:39:48.704Z,179142358870400
"""peelic @ vOeqrOXpLT"" bets 120",2026-10-08T01:39:44.755Z,179142358475500
"""goergoe @ _sqcLETZ0C"" checks",2026-10-08T01:39:39.500Z,179142357950000
"""Spenny @ S8ENkJ8OQS"" checks",2026-10-08T01:39:38.651Z,179142357865100
"River: A♦, K♠, 10♣, 3♠ [8♥]",2026-10-08T01:39:36.576Z,179142357657600
"""peelic @ vOeqrOXpLT"" calls 20",2026-10-08T01:39:35.766Z,179142357576600
"""goergoe @ _sqcLETZ0C"" calls 20",2026-10-08T01:39:34.089Z,179142357408900
"""Spenny @ S8ENkJ8OQS"" bets 20",2026-10-08T01:39:29.495Z,179142356949500
"Turn: A♦, K♠, 10♣ [3♠]",2026-10-08T01:39:24.988Z,179142356498800
"""peelic @ vOeqrOXpLT"" calls 20",2026-10-08T01:39:24.175Z,179142356417500
"""arash @ RYnRljE1SO"" folds",2026-10-08T01:39:23.297Z,179142356329700
"""Stevo @ kI2bCqDOyl"" folds",2026-10-08T01:39:19.900Z,179142355990000
"""goergoe @ _sqcLETZ0C"" calls 20",2026-10-08T01:39:18.963Z,179142355896300
"""Spenny @ S8ENkJ8OQS"" bets 20",2026-10-08T01:39:14.634Z,179142355463400
"Flop:  [A♦, K♠, 10♣]",2026-10-08T01:39:09.603Z,179142354960300
"""goergoe @ _sqcLETZ0C"" checks",2026-10-08T01:39:08.783Z,179142354878300
"""Spenny @ S8ENkJ8OQS"" calls 20",2026-10-08T01:39:05.658Z,179142354565800
"""peelic @ vOeqrOXpLT"" calls 20",2026-10-08T01:39:04.727Z,179142354472700
"""arash @ RYnRljE1SO"" calls 20",2026-10-08T01:38:55.483Z,179142353548300
"""Jonah @ xrBY5OZYCv"" folds",2026-10-08T01:38:54.522Z,179142353452200
"""Stevo @ kI2bCqDOyl"" calls 20",2026-10-08T01:38:53.671Z,179142353367100
"""goergoe @ _sqcLETZ0C"" posts a big blind of 20",2026-10-08T01:38:52.058Z,179142353205809
"""Spenny @ S8ENkJ8OQS"" posts a small blind of 10",2026-10-08T01:38:52.058Z,179142353205808
"Your hand is 9♠, J♠",2026-10-08T01:38:52.058Z,179142353205803
"Player stacks: #1 ""Spenny @ S8ENkJ8OQS"" (1740) | #3 ""goergoe @ _sqcLETZ0C"" (1210) | #4 ""Stevo @ kI2bCqDOyl"" (1270) | #7 ""Jonah @ xrBY5OZYCv"" (1280) | #8 ""arash @ RYnRljE1SO"" (1220) | #10 ""peelic @ vOeqrOXpLT"" (1280)",2026-10-08T01:38:52.058Z,179142353205801
"-- starting hand #70 (id: 055tnftbm5ht)  No Limit Texas Hold'em (dealer: ""peelic @ vOeqrOXpLT"") --",2026-10-08T01:38:52.058Z,179142353205800
"""Stevo @ kI2bCqDOyl"" shows a 7♠, 5♠.",2026-10-08T01:38:49.390Z,179142352939000
"-- ending hand #69 --",2026-10-08T01:38:48.370Z,179142352837002
"""Stevo @ kI2bCqDOyl"" collected 100 from pot",2026-10-08T01:38:48.370Z,179142352837001
"Uncalled bet of 20 returned to ""Stevo @ kI2bCqDOyl""",2026-10-08T01:38:48.370Z,179142352837000
"""Spenny @ S8ENkJ8OQS"" folds",2026-10-08T01:38:47.556Z,179142352755600
"""peelic @ vOeqrOXpLT"" folds",2026-10-08T01:38:42.199Z,179142352219900
"""arash @ RYnRljE1SO"" folds",2026-10-08T01:38:41.326Z,179142352132600
"""Jonah @ xrBY5OZYCv"" folds",2026-10-08T01:38:37.319Z,179142351731900
"""Stevo @ kI2bCqDOyl"" bets 20",2026-10-08T01:38:36.452Z,179142351645200
"""Spenny @ S8ENkJ8OQS"" checks",2026-10-08T01:38:34.014Z,179142351401400
"""peelic @ vOeqrOXpLT"" checks",2026-10-08T01:38:30.164Z,179142351016400
"River: 2♣, 6♣, 6♥, A♥ [7♣]",2026-10-08T01:38:20.155Z,179142350015500
"""arash @ RYnRljE1SO"" checks",2026-10-08T01:38:19.265Z,179142349926500
"""Jonah @ xrBY5OZYCv"" checks",2026-10-08T01:38:18.305Z,179142349830500
"""Stevo @ kI2bCqDOyl"" checks",2026-10-08T01:38:15.736Z,179142349573600
"""Spenny @ S8ENkJ8OQS"" checks",2026-10-08T01:38:14.812Z,179142349481200
"""peelic @ vOeqrOXpLT"" checks",2026-10-08T01:38:10.864Z,179142349086400
"Turn: 2♣, 6♣, 6♥ [A♥]",2026-10-08T01:38:06.149Z,179142348614900
"""arash @ RYnRljE1SO"" checks",2026-10-08T01:38:05.264Z,179142348526400
"""Jonah @ xrBY5OZYCv"" checks",2026-10-08T01:38:04.286Z,179142348428600
"""Stevo @ kI2bCqDOyl"" checks",2026-10-08T01:38:03.410Z,179142348341000
"""Spenny @ S8ENkJ8OQS"" checks",2026-10-08T01:38:01.035Z,179142348103500
"""peelic @ vOeqrOXpLT"" checks",2026-10-08T01:37:55.186Z,179142347518600
"Flop:  [2♣, 6♣, 6♥]",2026-10-08T01:37:48.667Z,179142346866700
"""Spenny @ S8ENkJ8OQS"" checks",2026-10-08T01:37:47.784Z,179142346778400
"""peelic @ vOeqrOXpLT"" calls 20",2026-10-08T01:37:46.895Z,179142346689500
"""arash @ RYnRljE1SO"" calls 20",2026-10-08T01:37:45.970Z,179142346597000
"""Jonah @ xrBY5OZYCv"" calls 20",2026-10-08T01:37:44.119Z,179142346411900
"""Stevo @ kI2bCqDOyl"" calls 20",2026-10-08T01:37:43.203Z,179142346320300
"""goergoe @ _sqcLETZ0C"" folds",2026-10-08T01:37:42.267Z,179142346226700
"""Spenny @ S8ENkJ8OQS"" posts a big blind of 20",2026-10-08T01:37:32.257Z,179142345225709
"""peelic @ vOeqrOXpLT"" posts a small blind of 10",2026-10-08T01:37:32.257Z,179142345225708
"Your hand is 10♦, Q♠",2026-10-08T01:37:32.257Z,179142345225703
"Player stacks: #1 ""Spenny @ S8ENkJ8OQS"" (1760) | #3 ""goergoe @ _sqcLETZ0C"" (1210) | #4 ""Stevo @ kI2bCqDOyl"" (1190) | #7 ""Jonah @ xrBY5OZYCv"" (1300) | #8 ""arash @ RYnRljE1SO"" (1240) | #10 ""peelic @ vOeqrOXpLT"" (1300)",2026-10-08T01:37:32.257Z,179142345225701
"-- starting hand #69 (id: c4xos6abcl0d)  No Limit Texas Hold'em (dealer: ""arash @ RYnRljE1SO"") --",2026-10-08T01:37:32.257Z,179142345225700
"""goergoe @ _sqcLETZ0C"" shows a 10♠, Q♥.",2026-10-08T01:37:27.703Z,179142344770300
"-- ending hand #68 --",2026-10-08T01:37:25.653Z,179142344565303
"""arash @ RYnRljE1SO"" collected 580 from pot with Three of a Kind, 2's (combination: K♦, A♥, 2♠, 2♣, 2♦)",2026-10-08T01:37:25.653Z,179142344565302
"""arash @ RYnRljE1SO"" shows a 2♠, 2♣.",2026-10-08T01:37:25.653Z,179142344565301
"""Jonah @ xrBY5OZYCv"" shows a 8♣, K♣.",2026-10-08T01:37:25.653Z,179142344565300
"""arash @ RYnRljE1SO"" calls 200",2026-10-08T01:37:24.778Z,179142344477800
"""Jonah @ xrBY5OZYCv"" raises to 200",2026-10-08T01:37:21.562Z,179142344156200
"""arash @ RYnRljE1SO"" bets 80",2026-10-08T01:37:17.151Z,179142343715100
"River: 9♣, 8♦, 2♦, K♦ [A♥]",2026-10-08T01:37:14.652Z,179142343465200
"""Jonah @ xrBY5OZYCv"" calls 40",2026-10-08T01:37:13.787Z,179142343378700
"""goergoe @ _sqcLETZ0C"" folds",2026-10-08T01:37:12.902Z,179142343290200
"""Spenny @ S8ENkJ8OQS"" folds",2026-10-08T01:37:12.051Z,179142343205100
"""peelic @ vOeqrOXpLT"" folds",2026-10-08T01:37:05.053Z,179142342505300
"""arash @ RYnRljE1SO"" bets 40",2026-10-08T01:36:57.764Z,179142341776400
"Turn: 9♣, 8♦, 2♦ [K♦]",2026-10-08T01:36:54.291Z,179142341429100
"""Jonah @ xrBY5OZYCv"" checks",2026-10-08T01:36:53.426Z,179142341342600
"""goergoe @ _sqcLETZ0C"" checks",2026-10-08T01:36:52.555Z,179142341255500
"""Spenny @ S8ENkJ8OQS"" checks",2026-10-08T01:36:48.005Z,179142340800500
"""peelic @ vOeqrOXpLT"" checks",2026-10-08T01:36:43.843Z,179142340384300
"""arash @ RYnRljE1SO"" checks",2026-10-08T01:36:41.701Z,179142340170100
"Flop:  [9♣, 8♦, 2♦]",2026-10-08T01:36:38.958Z,179142339895800
"""peelic @ vOeqrOXpLT"" checks",2026-10-08T01:36:38.112Z,179142339811200
"""arash @ RYnRljE1SO"" calls 20",2026-10-08T01:36:37.274Z,179142339727400
"""Jonah @ xrBY5OZYCv"" calls 20",2026-10-08T01:36:36.334Z,179142339633400
"""Stevo @ kI2bCqDOyl"" folds",2026-10-08T01:36:35.418Z,179142339541800
"""goergoe @ _sqcLETZ0C"" calls 20",2026-10-08T01:36:34.400Z,179142339440000
"""Spenny @ S8ENkJ8OQS"" calls 20",2026-10-08T01:36:33.350Z,179142339335000
"""peelic @ vOeqrOXpLT"" posts a big blind of 20",2026-10-08T01:36:27.580Z,179142338758009
"""arash @ RYnRljE1SO"" posts a small blind of 10",2026-10-08T01:36:27.580Z,179142338758008
"Your hand is 10♠, Q♥",2026-10-08T01:36:27.580Z,179142338758003
"Player stacks: #1 ""Spenny @ S8ENkJ8OQS"" (1780) | #3 ""goergoe @ _sqcLETZ0C"" (1230) | #4 ""Stevo @ kI2bCqDOyl"" (1190) | #7 ""Jonah @ xrBY5OZYCv"" (1560) | #8 ""arash @ RYnRljE1SO"" (920) | #10 ""peelic @ vOeqrOXpLT"" (1320)",2026-10-08T01:36:27.580Z,179142338758001
"-- starting hand #68 (id: hq8fcyfifgex)  No Limit Texas Hold'em (dealer: ""Jonah @ xrBY5OZYCv"") --",2026-10-08T01:36:27.580Z,179142338758000
"-- ending hand #67 --",2026-10-08T01:36:21.578Z,179142338157802
"""peelic @ vOeqrOXpLT"" collected 190 from pot with Pair, K's (combination: 5♥, 7♦, J♣, K♣, K♥)",2026-10-08T01:36:21.578Z,179142338157801
"""peelic @ vOeqrOXpLT"" shows a K♣, K♥.",2026-10-08T01:36:21.578Z,179142338157800
"""Spenny @ S8ENkJ8OQS"" checks",2026-10-08T01:36:20.755Z,179142338075500
"""peelic @ vOeqrOXpLT"" checks",2026-10-08T01:36:14.532Z,179142337453200
"River: 5♥, 2♣, 3♠, J♣ [7♦]",2026-10-08T01:36:07.570Z,179142336757000
"""Spenny @ S8ENkJ8OQS"" checks",2026-10-08T01:36:06.746Z,179142336674600
"""peelic @ vOeqrOXpLT"" checks",2026-10-08T01:36:01.526Z,179142336152600
"Turn: 5♥, 2♣, 3♠ [J♣]",2026-10-08T01:35:59.534Z,179142335953400
"""arash @ RYnRljE1SO"" folds",2026-10-08T01:35:58.720Z,179142335872000
"""Stevo @ kI2bCqDOyl"" folds",2026-10-08T01:35:57.790Z,179142335779000
"""goergoe @ _sqcLETZ0C"" folds",2026-10-08T01:35:56.810Z,179142335681000
"""Spenny @ S8ENkJ8OQS"" calls 40",2026-10-08T01:35:51.972Z,179142335197200
"""peelic @ vOeqrOXpLT"" bets 40",2026-10-08T01:35:43.132Z,179142334313200
"""arash @ RYnRljE1SO"" checks",2026-10-08T01:35:38.910Z,179142333891000
"Flop:  [5♥, 2♣, 3♠]",2026-10-08T01:35:37.294Z,179142333729400
"""arash @ RYnRljE1SO"" checks",2026-10-08T01:35:36.473Z,179142333647300
"""Jonah @ xrBY5OZYCv"" folds",2026-10-08T01:35:35.527Z,179142333552700
"""Stevo @ kI2bCqDOyl"" calls 20",2026-10-08T01:35:34.581Z,179142333458100
"""goergoe @ _sqcLETZ0C"" calls 20",2026-10-08T01:35:33.599Z,179142333359900
"""Spenny @ S8ENkJ8OQS"" calls 20",2026-10-08T01:35:31.006Z,179142333100600
"""peelic @ vOeqrOXpLT"" calls 20",2026-10-08T01:35:25.724Z,179142332572400
"""arash @ RYnRljE1SO"" posts a big blind of 20",2026-10-08T01:35:24.867Z,179142332486709
"""Jonah @ xrBY5OZYCv"" posts a small blind of 10",2026-10-08T01:35:24.867Z,179142332486708
"Your hand is 8♣, A♠",2026-10-08T01:35:24.867Z,179142332486703
"Player stacks: #1 ""Spenny @ S8ENkJ8OQS"" (1840) | #3 ""goergoe @ _sqcLETZ0C"" (1250) | #4 ""Stevo @ kI2bCqDOyl"" (1210) | #7 ""Jonah @ xrBY5OZYCv"" (1570) | #8 ""arash @ RYnRljE1SO"" (940) | #10 ""peelic @ vOeqrOXpLT"" (1190)",2026-10-08T01:35:24.867Z,179142332486701
"-- starting hand #67 (id: xclviyfibv0y)  No Limit Texas Hold'em (dealer: ""Stevo @ kI2bCqDOyl"") --",2026-10-08T01:35:24.867Z,179142332486700
"-- ending hand #66 --",2026-10-08T01:35:18.863Z,179142331886303
"""peelic @ vOeqrOXpLT"" collected 320 from pot with Pair, K's (combination: 5♠, 9♣, Q♦, K♣, K♦)",2026-10-08T01:35:18.863Z,179142331886302
"""peelic @ vOeqrOXpLT"" shows a K♣, 2♦.",2026-10-08T01:35:18.863Z,179142331886301
"""Stevo @ kI2bCqDOyl"" shows a 10♦, 10♠.",2026-10-08T01:35:18.863Z,179142331886300
"""peelic @ vOeqrOXpLT"" calls 20",2026-10-08T01:35:18.015Z,179142331801500
"""Stevo @ kI2bCqDOyl"" bets 20",2026-10-08T01:35:16.824Z,179142331682400
"River: Q♦, 5♠, K♦, 9♣ [3♣]",2026-10-08T01:35:16.264Z,179142331626400
"""peelic @ vOeqrOXpLT"" calls 20",2026-10-08T01:35:15.442Z,179142331544200
"""Stevo @ kI2bCqDOyl"" bets 20",2026-10-08T01:35:13.242Z,179142331324200
"Turn: Q♦, 5♠, K♦ [9♣]",2026-10-08T01:35:12.455Z,179142331245500
"""Spenny @ S8ENkJ8OQS"" folds",2026-10-08T01:35:11.629Z,179142331162900
"""peelic @ vOeqrOXpLT"" calls 20",2026-10-08T01:35:08.738Z,179142330873800
"""arash @ RYnRljE1SO"" folds",2026-10-08T01:35:04.871Z,179142330487100
"""Jonah @ xrBY5OZYCv"" folds",2026-10-08T01:35:03.456Z,179142330345600
"""Stevo @ kI2bCqDOyl"" bets 20",2026-10-08T01:35:02.513Z,179142330251300
"Flop:  [Q♦, 5♠, K♦]",2026-10-08T01:35:00.456Z,179142330045600
"""Spenny @ S8ENkJ8OQS"" calls 40",2026-10-08T01:34:59.626Z,179142329962600
"""peelic @ vOeqrOXpLT"" calls 40",2026-10-08T01:34:53.988Z,179142329398800
"""arash @ RYnRljE1SO"" calls 40",2026-10-08T01:34:52.566Z,179142329256600
"""Jonah @ xrBY5OZYCv"" calls 40",2026-10-08T01:34:51.613Z,179142329161300
"""Stevo @ kI2bCqDOyl"" raises to 40",2026-10-08T01:34:49.852Z,179142328985200
"""goergoe @ _sqcLETZ0C"" folds",2026-10-08T01:34:47.112Z,179142328711200
"""Spenny @ S8ENkJ8OQS"" calls 20",2026-10-08T01:34:46.261Z,179142328626100
"""peelic @ vOeqrOXpLT"" calls 20",2026-10-08T01:34:45.318Z,179142328531800
"""arash @ RYnRljE1SO"" calls 20",2026-10-08T01:34:34.871Z,179142327487100
"""Jonah @ xrBY5OZYCv"" posts a big blind of 20",2026-10-08T01:34:30.590Z,179142327059009
"""Stevo @ kI2bCqDOyl"" posts a small blind of 10",2026-10-08T01:34:30.590Z,179142327059008
"Your hand is 8♦, 7♣",2026-10-08T01:34:30.590Z,179142327059003
"Player stacks: #1 ""Spenny @ S8ENkJ8OQS"" (1880) | #3 ""goergoe @ _sqcLETZ0C"" (1250) | #4 ""Stevo @ kI2bCqDOyl"" (1310) | #7 ""Jonah @ xrBY5OZYCv"" (1610) | #8 ""arash @ RYnRljE1SO"" (980) | #10 ""peelic @ vOeqrOXpLT"" (970)",2026-10-08T01:34:30.590Z,179142327059001
"-- starting hand #66 (id: tzbnjzdgmd77)  No Limit Texas Hold'em (dealer: ""goergoe @ _sqcLETZ0C"") --",2026-10-08T01:34:30.590Z,179142327059000
"-- ending hand #65 --",2026-10-08T01:34:24.662Z,179142326466202
"""Stevo @ kI2bCqDOyl"" collected 300 from pot",2026-10-08T01:34:24.662Z,179142326466201
"Uncalled bet of 100 returned to ""Stevo @ kI2bCqDOyl""",2026-10-08T01:34:24.662Z,179142326466200
"""Jonah @ xrBY5OZYCv"" folds",2026-10-08T01:34:23.835Z,179142326383500
"""Stevo @ kI2bCqDOyl"" bets 100",2026-10-08T01:34:12.973Z,179142325297300
"Turn: A♥, K♣, 2♥ [5♥]",2026-10-08T01:34:10.147Z,179142325014700
"""goergoe @ _sqcLETZ0C"" folds",2026-10-08T01:34:09.284Z,179142324928400
"""arash @ RYnRljE1SO"" folds",2026-10-08T01:34:06.866Z,179142324686600
"""Jonah @ xrBY5OZYCv"" calls 70",2026-10-08T01:34:05.923Z,179142324592300
"""Stevo @ kI2bCqDOyl"" bets 70",2026-10-08T01:34:03.721Z,179142324372100
"""goergoe @ _sqcLETZ0C"" checks",2026-10-08T01:34:01.228Z,179142324122800
"Flop:  [A♥, K♣, 2♥]",2026-10-08T01:33:59.377Z,179142323937700
"""goergoe @ _sqcLETZ0C"" calls 40",2026-10-08T01:33:58.542Z,179142323854200
"""arash @ RYnRljE1SO"" calls 40",2026-10-08T01:33:56.288Z,179142323628800
"""Jonah @ xrBY5OZYCv"" calls 40",2026-10-08T01:33:55.340Z,179142323534000
"""Stevo @ kI2bCqDOyl"" raises to 40",2026-10-08T01:33:53.379Z,179142323337900
"""goergoe @ _sqcLETZ0C"" calls 20",2026-10-08T01:33:51.695Z,179142323169500
"""Spenny @ S8ENkJ8OQS"" folds",2026-10-08T01:33:50.859Z,179142323085900
"""peelic @ vOeqrOXpLT"" folds",2026-10-08T01:33:47.754Z,179142322775400
"""arash @ RYnRljE1SO"" calls 20",2026-10-08T01:33:39.265Z,179142321926500
"""Jonah @ xrBY5OZYCv"" calls 20",2026-10-08T01:33:38.346Z,179142321834600
"""Stevo @ kI2bCqDOyl"" posts a big blind of 20",2026-10-08T01:33:37.486Z,179142321748609
"""goergoe @ _sqcLETZ0C"" posts a small blind of 10",2026-10-08T01:33:37.486Z,179142321748608
"Your hand is 9♦, Q♠",2026-10-08T01:33:37.486Z,179142321748603
"Player stacks: #1 ""Spenny @ S8ENkJ8OQS"" (1880) | #3 ""goergoe @ _sqcLETZ0C"" (1290) | #4 ""Stevo @ kI2bCqDOyl"" (1120) | #7 ""Jonah @ xrBY5OZYCv"" (1720) | #8 ""arash @ RYnRljE1SO"" (1020) | #10 ""peelic @ vOeqrOXpLT"" (970)",2026-10-08T01:33:37.486Z,179142321748601
"-- starting hand #65 (id: wissb23w1ejm)  No Limit Texas Hold'em (dealer: ""Spenny @ S8ENkJ8OQS"") --",2026-10-08T01:33:37.486Z,179142321748600
"""Jonah @ xrBY5OZYCv"" shows a K♠, A♠.",2026-10-08T01:33:32.792Z,179142321279200
"""Stevo @ kI2bCqDOyl"" shows a 3♦, A♦.",2026-10-08T01:33:32.191Z,179142321219100
"-- ending hand #64 --",2026-10-08T01:33:30.450Z,179142321045002
"""Spenny @ S8ENkJ8OQS"" collected 760 from pot with Pair, A's (combination: 10♣, J♦, K♥, A♣, A♥)",2026-10-08T01:33:30.450Z,179142321045001
"""Spenny @ S8ENkJ8OQS"" shows a K♥, A♣.",2026-10-08T01:33:30.450Z,179142321045000
"""arash @ RYnRljE1SO"" checks",2026-10-08T01:33:29.627Z,179142320962700
"""Stevo @ kI2bCqDOyl"" checks",2026-10-08T01:33:28.656Z,179142320865600
"""Spenny @ S8ENkJ8OQS"" checks",2026-10-08T01:33:27.680Z,179142320768000
"River: J♦, 9♦, 2♠, A♥ [10♣]",2026-10-08T01:33:25.469Z,179142320546900
"""Spenny @ S8ENkJ8OQS"" calls 120",2026-10-08T01:33:24.648Z,179142320464800
"""arash @ RYnRljE1SO"" calls 120",2026-10-08T01:33:21.708Z,179142320170800
"""Stevo @ kI2bCqDOyl"" raises to 120",2026-10-08T01:33:20.491Z,179142320049100
"""Spenny @ S8ENkJ8OQS"" bets 60",2026-10-08T01:33:18.779Z,179142319877900
"Turn: J♦, 9♦, 2♠ [A♥]",2026-10-08T01:33:14.539Z,179142319453900
"""Spenny @ S8ENkJ8OQS"" calls 60",2026-10-08T01:33:13.695Z,179142319369500
"""arash @ RYnRljE1SO"" calls 60",2026-10-08T01:33:06.226Z,179142318622600
"""Jonah @ xrBY5OZYCv"" folds",2026-10-08T01:33:05.242Z,179142318524200
"""Stevo @ kI2bCqDOyl"" bets 60",2026-10-08T01:32:55.934Z,179142317593400
"""Spenny @ S8ENkJ8OQS"" checks",2026-10-08T01:32:53.883Z,179142317388300
"Flop:  [J♦, 9♦, 2♠]",2026-10-08T01:32:49.962Z,179142316996200
"""Stevo @ kI2bCqDOyl"" calls 50",2026-10-08T01:32:49.118Z,179142316911800
"""goergoe @ _sqcLETZ0C"" folds",2026-10-08T01:32:48.199Z,179142316819900
"""Spenny @ S8ENkJ8OQS"" calls 50",2026-10-08T01:32:47.324Z,179142316732400
"""peelic @ vOeqrOXpLT"" folds",2026-10-08T01:32:41.333Z,179142316133300
"""arash @ RYnRljE1SO"" calls 50",2026-10-08T01:32:34.964Z,179142315496400
"""Jonah @ xrBY5OZYCv"" raises to 50",2026-10-08T01:32:33.146Z,179142315314600
"""Stevo @ kI2bCqDOyl"" calls 20",2026-10-08T01:32:29.852Z,179142314985200
"""goergoe @ _sqcLETZ0C"" posts a big blind of 20",2026-10-08T01:32:28.352Z,179142314835209
"""Spenny @ S8ENkJ8OQS"" posts a small blind of 10",2026-10-08T01:32:28.352Z,179142314835208
"Your hand is 5♦, 9♣",2026-10-08T01:32:28.352Z,179142314835203
"Player stacks: #1 ""Spenny @ S8ENkJ8OQS"" (1350) | #3 ""goergoe @ _sqcLETZ0C"" (1310) | #4 ""Stevo @ kI2bCqDOyl"" (1350) | #7 ""Jonah @ xrBY5OZYCv"" (1770) | #8 ""arash @ RYnRljE1SO"" (1250) | #10 ""peelic @ vOeqrOXpLT"" (970)",2026-10-08T01:32:28.352Z,179142314835201
"-- starting hand #64 (id: i36wgmxtyqll)  No Limit Texas Hold'em (dealer: ""peelic @ vOeqrOXpLT"") --",2026-10-08T01:32:28.352Z,179142314835200
"""Stevo @ kI2bCqDOyl"" shows a A♥, 8♦.",2026-10-08T01:32:24.430Z,179142314443000
"-- ending hand #63 --",2026-10-08T01:32:21.814Z,179142314181403
"""Jonah @ xrBY5OZYCv"" collected 100 from pot with Pair, K's (combination: 5♦, 6♠, 10♠, K♦, K♥)",2026-10-08T01:32:21.814Z,179142314181402
"""Jonah @ xrBY5OZYCv"" shows a 2♠, K♦.",2026-10-08T01:32:21.814Z,179142314181401
"""peelic @ vOeqrOXpLT"" shows a A♣, 9♥.",2026-10-08T01:32:21.814Z,179142314181400
"""arash @ RYnRljE1SO"" checks",2026-10-08T01:32:20.991Z,179142314099100
"""Jonah @ xrBY5OZYCv"" checks",2026-10-08T01:32:17.790Z,179142313779000
"""Stevo @ kI2bCqDOyl"" checks",2026-10-08T01:32:16.851Z,179142313685100
"""Spenny @ S8ENkJ8OQS"" checks",2026-10-08T01:32:15.833Z,179142313583300
"""peelic @ vOeqrOXpLT"" checks",2026-10-08T01:32:14.922Z,179142313492200
"River: 5♦, 10♠, K♥, 4♠ [6♠]",2026-10-08T01:32:08.948Z,179142312894800
"""arash @ RYnRljE1SO"" checks",2026-10-08T01:32:08.092Z,179142312809200
"""Jonah @ xrBY5OZYCv"" checks",2026-10-08T01:32:05.457Z,179142312545700
"""Stevo @ kI2bCqDOyl"" checks",2026-10-08T01:32:04.582Z,179142312458200
"""Spenny @ S8ENkJ8OQS"" checks",2026-10-08T01:32:03.629Z,179142312362900
"""peelic @ vOeqrOXpLT"" checks",2026-10-08T01:31:59.573Z,179142311957300
"Turn: 5♦, 10♠, K♥ [4♠]",2026-10-08T01:31:53.778Z,179142311377800
"""arash @ RYnRljE1SO"" checks",2026-10-08T01:31:52.888Z,179142311288800
"""Jonah @ xrBY5OZYCv"" checks",2026-10-08T01:31:51.942Z,179142311194200
"""Stevo @ kI2bCqDOyl"" checks",2026-10-08T01:31:51.083Z,179142311108300
"""Spenny @ S8ENkJ8OQS"" checks",2026-10-08T01:31:50.159Z,179142311015900
"""peelic @ vOeqrOXpLT"" checks",2026-10-08T01:31:45.630Z,179142310563000
"Flop:  [5♦, 10♠, K♥]",2026-10-08T01:31:44.170Z,179142310417000
"""Spenny @ S8ENkJ8OQS"" checks",2026-10-08T01:31:43.346Z,179142310334600
"""peelic @ vOeqrOXpLT"" calls 20",2026-10-08T01:31:42.458Z,179142310245800
"""arash @ RYnRljE1SO"" calls 20",2026-10-08T01:31:41.585Z,179142310158500
"""Jonah @ xrBY5OZYCv"" calls 20",2026-10-08T01:31:40.629Z,179142310062900
"""Stevo @ kI2bCqDOyl"" calls 20",2026-10-08T01:31:39.728Z,179142309972800
"""goergoe @ _sqcLETZ0C"" folds",2026-10-08T01:31:38.764Z,179142309876400
"""Spenny @ S8ENkJ8OQS"" posts a big blind of 20",2026-10-08T01:31:28.747Z,179142308874709
"""peelic @ vOeqrOXpLT"" posts a small blind of 10",2026-10-08T01:31:28.747Z,179142308874708
"Your hand is 10♣, Q♥",2026-10-08T01:31:28.747Z,179142308874703
"Player stacks: #1 ""Spenny @ S8ENkJ8OQS"" (1370) | #3 ""goergoe @ _sqcLETZ0C"" (1310) | #4 ""Stevo @ kI2bCqDOyl"" (1370) | #7 ""Jonah @ xrBY5OZYCv"" (1690) | #8 ""arash @ RYnRljE1SO"" (1270) | #10 ""peelic @ vOeqrOXpLT"" (990)",2026-10-08T01:31:28.747Z,179142308874701
"-- starting hand #63 (id: ercwqvuqwfwi)  No Limit Texas Hold'em (dealer: ""arash @ RYnRljE1SO"") --",2026-10-08T01:31:28.747Z,179142308874700
"""Jonah @ xrBY5OZYCv"" shows a 10♣, 9♥.",2026-10-08T01:31:25.728Z,179142308572800
"-- ending hand #62 --",2026-10-08T01:31:22.142Z,179142308214202
"""arash @ RYnRljE1SO"" collected 100 from pot",2026-10-08T01:31:22.142Z,179142308214201
"Uncalled bet of 50 returned to ""arash @ RYnRljE1SO""",2026-10-08T01:31:22.142Z,179142308214200
"""Stevo @ kI2bCqDOyl"" folds",2026-10-08T01:31:21.312Z,179142308131200
"""goergoe @ _sqcLETZ0C"" folds",2026-10-08T01:31:20.372Z,179142308037200
"""Spenny @ S8ENkJ8OQS"" folds",2026-10-08T01:31:19.473Z,179142307947300
"""peelic @ vOeqrOXpLT"" folds",2026-10-08T01:31:18.511Z,179142307851100
"""arash @ RYnRljE1SO"" bets 50",2026-10-08T01:31:12.825Z,179142307282500
"Flop:  [Q♥, 8♣, A♥]",2026-10-08T01:31:09.835Z,179142306983500
"""peelic @ vOeqrOXpLT"" checks",2026-10-08T01:31:09.019Z,179142306901900
"""arash @ RYnRljE1SO"" calls 20",2026-10-08T01:31:08.120Z,179142306812000
"""Jonah @ xrBY5OZYCv"" folds",2026-10-08T01:31:07.159Z,179142306715900
"""Stevo @ kI2bCqDOyl"" calls 20",2026-10-08T01:31:06.297Z,179142306629700
"""goergoe @ _sqcLETZ0C"" calls 20",2026-10-08T01:31:05.325Z,179142306532500
"""Spenny @ S8ENkJ8OQS"" calls 20",2026-10-08T01:31:04.493Z,179142306449300
"""peelic @ vOeqrOXpLT"" posts a big blind of 20",2026-10-08T01:30:59.752Z,179142305975209
"""arash @ RYnRljE1SO"" posts a small blind of 10",2026-10-08T01:30:59.752Z,179142305975208
"Your hand is 6♣, 7♣",2026-10-08T01:30:59.752Z,179142305975203
"Player stacks: #1 ""Spenny @ S8ENkJ8OQS"" (1390) | #3 ""goergoe @ _sqcLETZ0C"" (1330) | #4 ""Stevo @ kI2bCqDOyl"" (1390) | #7 ""Jonah @ xrBY5OZYCv"" (1690) | #8 ""arash @ RYnRljE1SO"" (1190) | #10 ""peelic @ vOeqrOXpLT"" (1010)",2026-10-08T01:30:59.752Z,179142305975201
"-- starting hand #62 (id: myuuk6wqzdaw)  No Limit Texas Hold'em (dealer: ""Jonah @ xrBY5OZYCv"") --",2026-10-08T01:30:59.752Z,179142305975200
"-- ending hand #61 --",2026-10-08T01:30:53.745Z,179142305374502
"""arash @ RYnRljE1SO"" collected 220 from pot with Two Pair, K's & 7's (combination: 10♠, 7♠, 7♦, K♣, K♠)",2026-10-08T01:30:53.745Z,179142305374501
"""arash @ RYnRljE1SO"" shows a K♣, 7♠.",2026-10-08T01:30:53.745Z,179142305374500
"""Spenny @ S8ENkJ8OQS"" checks",2026-10-08T01:30:52.903Z,179142305290300
"""arash @ RYnRljE1SO"" checks",2026-10-08T01:30:48.251Z,179142304825100
"River: 4♥, K♠, 3♥, 10♠ [7♦]",2026-10-08T01:30:45.342Z,179142304534200
"""Jonah @ xrBY5OZYCv"" folds",2026-10-08T01:30:44.535Z,179142304453500
"""Stevo @ kI2bCqDOyl"" folds",2026-10-08T01:30:43.648Z,179142304364800
"""goergoe @ _sqcLETZ0C"" folds",2026-10-08T01:30:42.716Z,179142304271600
"""Spenny @ S8ENkJ8OQS"" calls 50",2026-10-08T01:30:33.541Z,179142303354100
"""peelic @ vOeqrOXpLT"" folds",2026-10-08T01:30:28.822Z,179142302882200
"""arash @ RYnRljE1SO"" bets 50",2026-10-08T01:30:26.534Z,179142302653400
"""Jonah @ xrBY5OZYCv"" checks",2026-10-08T01:30:20.417Z,179142302041700
"Turn: 4♥, K♠, 3♥ [10♠]",2026-10-08T01:30:19.071Z,179142301907100
"""Stevo @ kI2bCqDOyl"" checks",2026-10-08T01:30:18.205Z,179142301820500
"""goergoe @ _sqcLETZ0C"" checks",2026-10-08T01:30:17.291Z,179142301729100
"""Spenny @ S8ENkJ8OQS"" checks",2026-10-08T01:30:16.429Z,179142301642900
"""peelic @ vOeqrOXpLT"" checks",2026-10-08T01:30:15.511Z,179142301551100
"""arash @ RYnRljE1SO"" checks",2026-10-08T01:30:07.072Z,179142300707200
"""Jonah @ xrBY5OZYCv"" checks",2026-10-08T01:30:05.658Z,179142300565800
"Flop:  [4♥, K♠, 3♥]",2026-10-08T01:30:03.076Z,179142300307600
"""arash @ RYnRljE1SO"" checks",2026-10-08T01:30:01.695Z,179142300169500
"""Jonah @ xrBY5OZYCv"" calls 20",2026-10-08T01:30:00.397Z,179142300039700
"""Stevo @ kI2bCqDOyl"" calls 20",2026-10-08T01:29:59.490Z,179142299949000
"""goergoe @ _sqcLETZ0C"" calls 20",2026-10-08T01:29:58.542Z,179142299854200
"""Spenny @ S8ENkJ8OQS"" calls 20",2026-10-08T01:29:55.361Z,179142299536100
"""peelic @ vOeqrOXpLT"" calls 20",2026-10-08T01:29:54.412Z,179142299441200
"""arash @ RYnRljE1SO"" posts a big blind of 20",2026-10-08T01:29:48.978Z,179142298897809
"""Jonah @ xrBY5OZYCv"" posts a small blind of 10",2026-10-08T01:29:48.978Z,179142298897808
"Your hand is A♦, 9♠",2026-10-08T01:29:48.978Z,179142298897803
"Player stacks: #1 ""Spenny @ S8ENkJ8OQS"" (1460) | #3 ""goergoe @ _sqcLETZ0C"" (1350) | #4 ""Stevo @ kI2bCqDOyl"" (1410) | #7 ""Jonah @ xrBY5OZYCv"" (1710) | #8 ""arash @ RYnRljE1SO"" (1040) | #10 ""peelic @ vOeqrOXpLT"" (1030)",2026-10-08T01:29:48.978Z,179142298897801
"-- starting hand #61 (id: sz2ffzg9fffz)  No Limit Texas Hold'em (dealer: ""Stevo @ kI2bCqDOyl"") --",2026-10-08T01:29:48.978Z,179142298897800
"-- ending hand #60 --",2026-10-08T01:29:42.972Z,179142298297203
"""arash @ RYnRljE1SO"" collected 140 from pot with Flush, Q High (combination: 4♦, 6♦, 7♦, 9♦, Q♦)",2026-10-08T01:29:42.972Z,179142298297202
"""arash @ RYnRljE1SO"" shows a 4♦, A♣.",2026-10-08T01:29:42.972Z,179142298297201
"""Stevo @ kI2bCqDOyl"" shows a 7♥, 10♥.",2026-10-08T01:29:42.972Z,179142298297200
"""goergoe @ _sqcLETZ0C"" folds",2026-10-08T01:29:42.127Z,179142298212700
"""Spenny @ S8ENkJ8OQS"" folds",2026-10-08T01:29:41.287Z,179142298128700
"""arash @ RYnRljE1SO"" calls 20",2026-10-08T01:29:34.479Z,179142297447900
"""Jonah @ xrBY5OZYCv"" folds",2026-10-08T01:29:33.503Z,179142297350300
"""Stevo @ kI2bCqDOyl"" bets 20",2026-10-08T01:29:31.716Z,179142297171600
"River: Q♦, Q♥, 6♦, 9♦ [7♦]",2026-10-08T01:29:30.665Z,179142297066500
"""goergoe @ _sqcLETZ0C"" checks",2026-10-08T01:29:29.789Z,179142296978900
"""Spenny @ S8ENkJ8OQS"" checks",2026-10-08T01:29:28.929Z,179142296892900
"""arash @ RYnRljE1SO"" checks",2026-10-08T01:29:25.955Z,179142296595500
"""Jonah @ xrBY5OZYCv"" checks",2026-10-08T01:29:23.499Z,179142296349900
"""Stevo @ kI2bCqDOyl"" checks",2026-10-08T01:29:22.644Z,179142296264400
"Turn: Q♦, Q♥, 6♦ [9♦]",2026-10-08T01:29:13.609Z,179142295360900
"""goergoe @ _sqcLETZ0C"" checks",2026-10-08T01:29:12.774Z,179142295277400
"""Spenny @ S8ENkJ8OQS"" checks",2026-10-08T01:29:09.950Z,179142294995000
"""arash @ RYnRljE1SO"" checks",2026-10-08T01:29:04.912Z,179142294491200
"""Jonah @ xrBY5OZYCv"" checks",2026-10-08T01:29:03.965Z,179142294396500
"""Stevo @ kI2bCqDOyl"" checks",2026-10-08T01:29:03.076Z,179142294307600
"Flop:  [Q♦, Q♥, 6♦]",2026-10-08T01:29:01.424Z,179142294142400
"""Jonah @ xrBY5OZYCv"" checks",2026-10-08T01:29:00.551Z,179142294055100
"""Stevo @ kI2bCqDOyl"" calls 20",2026-10-08T01:28:59.610Z,179142293961000
"""goergoe @ _sqcLETZ0C"" calls 20",2026-10-08T01:28:58.598Z,179142293859800
"""Spenny @ S8ENkJ8OQS"" calls 20",2026-10-08T01:28:57.758Z,179142293775800
"""peelic @ vOeqrOXpLT"" folds",2026-10-08T01:28:56.795Z,179142293679500
"""arash @ RYnRljE1SO"" calls 20",2026-10-08T01:28:54.859Z,179142293485900
"""Jonah @ xrBY5OZYCv"" posts a big blind of 20",2026-10-08T01:28:52.879Z,179142293287909
"""Stevo @ kI2bCqDOyl"" posts a small blind of 10",2026-10-08T01:28:52.879Z,179142293287908
"Your hand is A♠, 10♠",2026-10-08T01:28:52.879Z,179142293287903
"Player stacks: #1 ""Spenny @ S8ENkJ8OQS"" (1480) | #3 ""goergoe @ _sqcLETZ0C"" (1370) | #4 ""Stevo @ kI2bCqDOyl"" (1450) | #7 ""Jonah @ xrBY5OZYCv"" (1730) | #8 ""arash @ RYnRljE1SO"" (940) | #10 ""peelic @ vOeqrOXpLT"" (1030)",2026-10-08T01:28:52.879Z,179142293287901
"-- starting hand #60 (id: 6hkjuwy3nby3)  No Limit Texas Hold'em (dealer: ""goergoe @ _sqcLETZ0C"") --",2026-10-08T01:28:52.879Z,179142293287900
"Undealt cards: A♥, Q♦, 3♠ [K♠, 4♦]",2026-10-08T01:28:51.257Z,179142293125700
"-- ending hand #59 --",2026-10-08T01:28:46.948Z,179142292694802
"""arash @ RYnRljE1SO"" collected 130 from pot",2026-10-08T01:28:46.948Z,179142292694801
"Uncalled bet of 60 returned to ""arash @ RYnRljE1SO""",2026-10-08T01:28:46.948Z,179142292694800
"""Stevo @ kI2bCqDOyl"" folds",2026-10-08T01:28:46.128Z,179142292612800
"""arash @ RYnRljE1SO"" bets 60",2026-10-08T01:28:44.284Z,179142292428400
"""Stevo @ kI2bCqDOyl"" checks",2026-10-08T01:28:40.891Z,179142292089100
"Flop:  [A♥, Q♦, 3♠]",2026-10-08T01:28:37.944Z,179142291794400
"""Jonah @ xrBY5OZYCv"" folds",2026-10-08T01:28:37.131Z,179142291713100
"""Stevo @ kI2bCqDOyl"" calls 50",2026-10-08T01:28:35.338Z,179142291533800
"""goergoe @ _sqcLETZ0C"" folds",2026-10-08T01:28:34.186Z,179142291418600
"""Spenny @ S8ENkJ8OQS"" folds",2026-10-08T01:28:33.326Z,179142291332600
"""peelic @ vOeqrOXpLT"" folds",2026-10-08T01:28:32.399Z,179142291239900
"""arash @ RYnRljE1SO"" raises to 50",2026-10-08T01:28:31.556Z,179142291155600
"""Jonah @ xrBY5OZYCv"" calls 20",2026-10-08T01:28:29.348Z,179142290934800
"""Stevo @ kI2bCqDOyl"" posts a big blind of 20",2026-10-08T01:28:26.043Z,179142290604309
"""goergoe @ _sqcLETZ0C"" posts a small blind of 10",2026-10-08T01:28:26.043Z,179142290604308
"Your hand is Q♥, 5♦",2026-10-08T01:28:26.043Z,179142290604303
"Player stacks: #1 ""Spenny @ S8ENkJ8OQS"" (1480) | #3 ""goergoe @ _sqcLETZ0C"" (1380) | #4 ""Stevo @ kI2bCqDOyl"" (1500) | #7 ""Jonah @ xrBY5OZYCv"" (1750) | #8 ""arash @ RYnRljE1SO"" (860) | #10 ""peelic @ vOeqrOXpLT"" (1030)",2026-10-08T01:28:26.043Z,179142290604301
"-- starting hand #59 (id: qdb7ppmrt7o9)  No Limit Texas Hold'em (dealer: ""Spenny @ S8ENkJ8OQS"") --",2026-10-08T01:28:26.043Z,179142290604300
"-- ending hand #58 --",2026-10-08T01:28:20.039Z,179142290003903
"""Spenny @ S8ENkJ8OQS"" collected 1200 from pot with Full House, 3's over 2's (combination: 2♠, 2♥, 3♥, 3♣, 3♠)",2026-10-08T01:28:20.039Z,179142290003902
"""Spenny @ S8ENkJ8OQS"" shows a 3♥, 3♣.",2026-10-08T01:28:20.039Z,179142290003901
"""arash @ RYnRljE1SO"" shows a 4♥, 6♥.",2026-10-08T01:28:20.039Z,179142290003900
"""Spenny @ S8ENkJ8OQS"" calls 350",2026-10-08T01:28:19.178Z,179142289917800
"""peelic @ vOeqrOXpLT"" folds",2026-10-08T01:28:14.675Z,179142289467500
"""arash @ RYnRljE1SO"" raises to 350",2026-10-08T01:28:13.677Z,179142289367700
"""Spenny @ S8ENkJ8OQS"" bets 80",2026-10-08T01:28:10.304Z,179142289030400
"River: 3♠, 2♠, 6♣, 5♣ [2♥]",2026-10-08T01:28:03.541Z,179142288354100
"""Stevo @ kI2bCqDOyl"" folds",2026-10-08T01:28:02.641Z,179142288264100
"""Spenny @ S8ENkJ8OQS"" calls 60",2026-10-08T01:28:01.460Z,179142288146000
"""peelic @ vOeqrOXpLT"" calls 60",2026-10-08T01:27:56.085Z,179142287608500
"""arash @ RYnRljE1SO"" raises to 60",2026-10-08T01:27:54.591Z,179142287459100
"""Stevo @ kI2bCqDOyl"" calls 20",2026-10-08T01:27:51.815Z,179142287181500
"""Spenny @ S8ENkJ8OQS"" bets 20",2026-10-08T01:27:50.727Z,179142287072700
"Turn: 3♠, 2♠, 6♣ [5♣]",2026-10-08T01:27:48.545Z,179142286854500
"""peelic @ vOeqrOXpLT"" calls 20",2026-10-08T01:27:47.697Z,179142286769700
"""arash @ RYnRljE1SO"" calls 20",2026-10-08T01:27:43.854Z,179142286385400
"""Jonah @ xrBY5OZYCv"" folds",2026-10-08T01:27:42.910Z,179142286291000
"""Stevo @ kI2bCqDOyl"" calls 20",2026-10-08T01:27:42.005Z,179142286200500
"""Spenny @ S8ENkJ8OQS"" bets 20",2026-10-08T01:27:39.577Z,179142285957700
"Flop:  [3♠, 2♠, 6♣]",2026-10-08T01:27:32.695Z,179142285269500
"""Stevo @ kI2bCqDOyl"" calls 40",2026-10-08T01:27:31.853Z,179142285185300
"""goergoe @ _sqcLETZ0C"" folds",2026-10-08T01:27:30.781Z,179142285078100
"""Spenny @ S8ENkJ8OQS"" calls 40",2026-10-08T01:27:29.931Z,179142284993100
"""peelic @ vOeqrOXpLT"" calls 40",2026-10-08T01:27:29.000Z,179142284900000
"""arash @ RYnRljE1SO"" calls 40",2026-10-08T01:27:26.982Z,179142284698200
"""Jonah @ xrBY5OZYCv"" raises to 40",2026-10-08T01:27:25.135Z,179142284513500
"""Stevo @ kI2bCqDOyl"" calls 20",2026-10-08T01:27:22.848Z,179142284284800
"""goergoe @ _sqcLETZ0C"" posts a big blind of 20",2026-10-08T01:27:21.889Z,179142284188909
"""Spenny @ S8ENkJ8OQS"" posts a small blind of 10",2026-10-08T01:27:21.889Z,179142284188908
"Your hand is 10♦, 8♥",2026-10-08T01:27:21.889Z,179142284188903
"Player stacks: #1 ""Spenny @ S8ENkJ8OQS"" (750) | #3 ""goergoe @ _sqcLETZ0C"" (1400) | #4 ""Stevo @ kI2bCqDOyl"" (1580) | #7 ""Jonah @ xrBY5OZYCv"" (1790) | #8 ""arash @ RYnRljE1SO"" (1330) | #10 ""peelic @ vOeqrOXpLT"" (1150)",2026-10-08T01:27:21.889Z,179142284188901
"-- starting hand #58 (id: obrlp7cew1r3)  No Limit Texas Hold'em (dealer: ""peelic @ vOeqrOXpLT"") --",2026-10-08T01:27:21.889Z,179142284188900
"""Jonah @ xrBY5OZYCv"" shows a 7♠.",2026-10-08T01:27:20.277Z,179142284027700
"""Jonah @ xrBY5OZYCv"" shows a Q♦.",2026-10-08T01:27:18.387Z,179142283838700
"""goergoe @ _sqcLETZ0C"" shows a 10♠, 4♦.",2026-10-08T01:27:16.725Z,179142283672500
"Undealt cards: Q♥, Q♣, 4♠, 6♠ [4♥]",2026-10-08T01:27:15.547Z,179142283554700
"-- ending hand #57 --",2026-10-08T01:27:14.567Z,179142283456702
"""arash @ RYnRljE1SO"" collected 80 from pot",2026-10-08T01:27:14.567Z,179142283456701
"Uncalled bet of 50 returned to ""arash @ RYnRljE1SO""",2026-10-08T01:27:14.567Z,179142283456700
"""Stevo @ kI2bCqDOyl"" folds",2026-10-08T01:27:13.747Z,179142283374700
"""Spenny @ S8ENkJ8OQS"" folds",2026-10-08T01:27:12.773Z,179142283277300
"""peelic @ vOeqrOXpLT"" folds",2026-10-08T01:27:11.841Z,179142283184100
"""arash @ RYnRljE1SO"" bets 50",2026-10-08T01:27:00.908Z,179142282090800
"""Stevo @ kI2bCqDOyl"" checks",2026-10-08T01:26:56.354Z,179142281635400
"""Spenny @ S8ENkJ8OQS"" checks",2026-10-08T01:26:55.385Z,179142281538500
"""peelic @ vOeqrOXpLT"" checks",2026-10-08T01:26:50.969Z,179142281096900
"Turn: Q♥, Q♣, 4♠ [6♠]",2026-10-08T01:26:50.080Z,179142281008000
"""arash @ RYnRljE1SO"" checks",2026-10-08T01:26:49.271Z,179142280927100
"""Stevo @ kI2bCqDOyl"" checks",2026-10-08T01:26:48.353Z,179142280835300
"""Spenny @ S8ENkJ8OQS"" checks",2026-10-08T01:26:47.427Z,179142280742700
"""peelic @ vOeqrOXpLT"" checks",2026-10-08T01:26:44.348Z,179142280434800
"Flop:  [Q♥, Q♣, 4♠]",2026-10-08T01:26:42.843Z,179142280284300
"""Spenny @ S8ENkJ8OQS"" checks",2026-10-08T01:26:42.012Z,179142280201200
"""peelic @ vOeqrOXpLT"" calls 20",2026-10-08T01:26:41.118Z,179142280111800
"""arash @ RYnRljE1SO"" calls 20",2026-10-08T01:26:36.638Z,179142279663800
"""Jonah @ xrBY5OZYCv"" folds",2026-10-08T01:26:35.692Z,179142279569200
"""Stevo @ kI2bCqDOyl"" calls 20",2026-10-08T01:26:34.836Z,179142279483600
"""goergoe @ _sqcLETZ0C"" folds",2026-10-08T01:26:33.900Z,179142279390000
"""Spenny @ S8ENkJ8OQS"" posts a big blind of 20",2026-10-08T01:26:30.429Z,179142279042909
"""peelic @ vOeqrOXpLT"" posts a small blind of 10",2026-10-08T01:26:30.429Z,179142279042908
"Your hand is 10♠, 4♦",2026-10-08T01:26:30.429Z,179142279042903
"Player stacks: #1 ""Spenny @ S8ENkJ8OQS"" (770) | #3 ""goergoe @ _sqcLETZ0C"" (1400) | #4 ""Stevo @ kI2bCqDOyl"" (1600) | #7 ""Jonah @ xrBY5OZYCv"" (1790) | #8 ""arash @ RYnRljE1SO"" (1270) | #10 ""peelic @ vOeqrOXpLT"" (1170)",2026-10-08T01:26:30.429Z,179142279042901
"-- starting hand #57 (id: l9avgnyore6s)  No Limit Texas Hold'em (dealer: ""arash @ RYnRljE1SO"") --",2026-10-08T01:26:30.429Z,179142279042900
"-- ending hand #56 --",2026-10-08T01:26:24.465Z,179142278446502
"""arash @ RYnRljE1SO"" collected 160 from pot",2026-10-08T01:26:24.465Z,179142278446501
"Uncalled bet of 50 returned to ""arash @ RYnRljE1SO""",2026-10-08T01:26:24.465Z,179142278446500
"""Spenny @ S8ENkJ8OQS"" folds",2026-10-08T01:26:23.628Z,179142278362800
"""arash @ RYnRljE1SO"" bets 50",2026-10-08T01:26:18.676Z,179142277867600
"Turn: 8♥, K♦, 3♦ [3♣]",2026-10-08T01:26:15.066Z,179142277506600
"""goergoe @ _sqcLETZ0C"" folds",2026-10-08T01:26:14.252Z,179142277425200
"""Spenny @ S8ENkJ8OQS"" calls 40",2026-10-08T01:26:11.870Z,179142277187000
"""peelic @ vOeqrOXpLT"" folds",2026-10-08T01:26:02.146Z,179142276214600
"""arash @ RYnRljE1SO"" bets 40",2026-10-08T01:25:57.957Z,179142275795700
"Flop:  [8♥, K♦, 3♦]",2026-10-08T01:25:54.998Z,179142275499800
"""peelic @ vOeqrOXpLT"" checks",2026-10-08T01:25:54.191Z,179142275419100
"""arash @ RYnRljE1SO"" calls 20",2026-10-08T01:25:53.360Z,179142275336000
"""Jonah @ xrBY5OZYCv"" folds",2026-10-08T01:25:52.414Z,179142275241400
"""Stevo @ kI2bCqDOyl"" folds",2026-10-08T01:25:51.479Z,179142275147900
"""goergoe @ _sqcLETZ0C"" calls 20",2026-10-08T01:25:50.475Z,179142275047500
"""Spenny @ S8ENkJ8OQS"" calls 20",2026-10-08T01:25:49.627Z,179142274962700
"""peelic @ vOeqrOXpLT"" posts a big blind of 20",2026-10-08T01:25:45.758Z,179142274575809
"""arash @ RYnRljE1SO"" posts a small blind of 10",2026-10-08T01:25:45.758Z,179142274575808
"Your hand is 9♠, Q♥",2026-10-08T01:25:45.758Z,179142274575803
"Player stacks: #1 ""Spenny @ S8ENkJ8OQS"" (830) | #3 ""goergoe @ _sqcLETZ0C"" (1420) | #4 ""Stevo @ kI2bCqDOyl"" (1600) | #7 ""Jonah @ xrBY5OZYCv"" (1790) | #8 ""arash @ RYnRljE1SO"" (1170) | #10 ""peelic @ vOeqrOXpLT"" (1190)",2026-10-08T01:25:45.758Z,179142274575801
"-- starting hand #56 (id: chm0vt1m1yhq)  No Limit Texas Hold'em (dealer: ""Jonah @ xrBY5OZYCv"") --",2026-10-08T01:25:45.758Z,179142274575800
"""peelic @ vOeqrOXpLT"" shows a 2♠, 3♣.",2026-10-08T01:25:43.411Z,179142274341100
"-- ending hand #55 --",2026-10-08T01:25:39.235Z,179142273923502
"""arash @ RYnRljE1SO"" collected 280 from pot with Straight, 7 High (combination: 3♦, 4♣, 5♥, 6♦, 7♣)",2026-10-08T01:25:39.235Z,179142273923501
"""arash @ RYnRljE1SO"" shows a 6♦, 4♣.",2026-10-08T01:25:39.235Z,179142273923500
"""peelic @ vOeqrOXpLT"" checks",2026-10-08T01:25:38.410Z,179142273841000
"""arash @ RYnRljE1SO"" checks",2026-10-08T01:25:36.764Z,179142273676400
"River: 3♦, 5♥, Q♣, 2♣ [7♣]",2026-10-08T01:25:33.753Z,179142273375300
"""goergoe @ _sqcLETZ0C"" folds",2026-10-08T01:25:32.922Z,179142273292200
"""peelic @ vOeqrOXpLT"" calls 80",2026-10-08T01:25:28.524Z,179142272852400
"""arash @ RYnRljE1SO"" raises to 80",2026-10-08T01:25:18.336Z,179142271833600
"""Stevo @ kI2bCqDOyl"" folds",2026-10-08T01:25:14.270Z,179142271427000
"""goergoe @ _sqcLETZ0C"" bets 30",2026-10-08T01:25:13.333Z,179142271333300
"""peelic @ vOeqrOXpLT"" checks",2026-10-08T01:25:08.545Z,179142270854500
"""arash @ RYnRljE1SO"" checks",2026-10-08T01:25:01.987Z,179142270198700
"Turn: 3♦, 5♥, Q♣ [2♣]",2026-10-08T01:24:59.860Z,179142269986000
"""Stevo @ kI2bCqDOyl"" checks",2026-10-08T01:24:59.024Z,179142269902400
"""goergoe @ _sqcLETZ0C"" checks",2026-10-08T01:24:58.094Z,179142269809400
"""peelic @ vOeqrOXpLT"" checks",2026-10-08T01:24:57.242Z,179142269724200
"""arash @ RYnRljE1SO"" checks",2026-10-08T01:24:52.840Z,179142269284000
"Flop:  [3♦, 5♥, Q♣]",2026-10-08T01:24:51.183Z,179142269118300
"""arash @ RYnRljE1SO"" checks",2026-10-08T01:24:50.375Z,179142269037500
"""Jonah @ xrBY5OZYCv"" folds",2026-10-08T01:24:49.435Z,179142268943500
"""Stevo @ kI2bCqDOyl"" calls 20",2026-10-08T01:24:48.565Z,179142268856500
"""goergoe @ _sqcLETZ0C"" calls 20",2026-10-08T01:24:47.475Z,179142268747500
"""Spenny @ S8ENkJ8OQS"" folds",2026-10-08T01:24:46.609Z,179142268660900
"""peelic @ vOeqrOXpLT"" calls 20",2026-10-08T01:24:38.763Z,179142267876300
"""arash @ RYnRljE1SO"" posts a big blind of 20",2026-10-08T01:24:36.089Z,179142267608909
"""Jonah @ xrBY5OZYCv"" posts a small blind of 10",2026-10-08T01:24:36.089Z,179142267608908
"Your hand is 2♦, A♣",2026-10-08T01:24:36.089Z,179142267608903
"Player stacks: #1 ""Spenny @ S8ENkJ8OQS"" (830) | #3 ""goergoe @ _sqcLETZ0C"" (1470) | #4 ""Stevo @ kI2bCqDOyl"" (1620) | #7 ""Jonah @ xrBY5OZYCv"" (1800) | #8 ""arash @ RYnRljE1SO"" (990) | #10 ""peelic @ vOeqrOXpLT"" (1290)",2026-10-08T01:24:36.089Z,179142267608901
"-- starting hand #55 (id: 9ur9wuwa1jmh)  No Limit Texas Hold'em (dealer: ""Stevo @ kI2bCqDOyl"") --",2026-10-08T01:24:36.089Z,179142267608900
"-- ending hand #54 --",2026-10-08T01:24:30.081Z,179142267008103
"""peelic @ vOeqrOXpLT"" collected 190 from pot with Pair, A's (combination: 5♦, 7♥, 10♠, A♠, A♦)",2026-10-08T01:24:30.081Z,179142267008102
"""peelic @ vOeqrOXpLT"" shows a 2♥, A♠.",2026-10-08T01:24:30.081Z,179142267008101
"""arash @ RYnRljE1SO"" shows a 6♣, 9♥.",2026-10-08T01:24:30.081Z,179142267008100
"""peelic @ vOeqrOXpLT"" checks",2026-10-08T01:24:29.271Z,179142266927100
"""arash @ RYnRljE1SO"" checks",2026-10-08T01:24:27.592Z,179142266759200
"River: A♦, 7♥, 5♦, 10♠ [4♠]",2026-10-08T01:24:25.420Z,179142266542000
"""Jonah @ xrBY5OZYCv"" folds",2026-10-08T01:24:24.616Z,179142266461600
"""goergoe @ _sqcLETZ0C"" folds",2026-10-08T01:24:23.731Z,179142266373100
"""peelic @ vOeqrOXpLT"" calls 50",2026-10-08T01:24:17.158Z,179142265715800
"""arash @ RYnRljE1SO"" bets 50",2026-10-08T01:24:13.419Z,179142265341900
"""Jonah @ xrBY5OZYCv"" checks",2026-10-08T01:24:10.065Z,179142265006500
"Turn: A♦, 7♥, 5♦ [10♠]",2026-10-08T01:24:08.260Z,179142264826000
"""goergoe @ _sqcLETZ0C"" checks",2026-10-08T01:24:07.381Z,179142264738100
"""peelic @ vOeqrOXpLT"" checks",2026-10-08T01:24:06.487Z,179142264648700
"""arash @ RYnRljE1SO"" checks",2026-10-08T01:24:05.573Z,179142264557300
"""Jonah @ xrBY5OZYCv"" checks",2026-10-08T01:24:04.570Z,179142264457000
"Flop:  [A♦, 7♥, 5♦]",2026-10-08T01:24:02.702Z,179142264270200
"""Jonah @ xrBY5OZYCv"" checks",2026-10-08T01:24:01.754Z,179142264175400
"""Stevo @ kI2bCqDOyl"" folds",2026-10-08T01:24:00.566Z,179142264056600
"""goergoe @ _sqcLETZ0C"" calls 20",2026-10-08T01:23:59.608Z,179142263960800
"""Spenny @ S8ENkJ8OQS"" folds",2026-10-08T01:23:58.768Z,179142263876800
"""peelic @ vOeqrOXpLT"" calls 20",2026-10-08T01:23:55.206Z,179142263520600
"""arash @ RYnRljE1SO"" calls 20",2026-10-08T01:23:54.359Z,179142263435900
"""Jonah @ xrBY5OZYCv"" posts a big blind of 20",2026-10-08T01:23:52.484Z,179142263248409
"""Stevo @ kI2bCqDOyl"" posts a small blind of 10",2026-10-08T01:23:52.484Z,179142263248408
"Your hand is 8♣, Q♥",2026-10-08T01:23:52.484Z,179142263248403
"Player stacks: #1 ""Spenny @ S8ENkJ8OQS"" (830) | #3 ""goergoe @ _sqcLETZ0C"" (1490) | #4 ""Stevo @ kI2bCqDOyl"" (1630) | #7 ""Jonah @ xrBY5OZYCv"" (1820) | #8 ""arash @ RYnRljE1SO"" (1060) | #10 ""peelic @ vOeqrOXpLT"" (1170)",2026-10-08T01:23:52.484Z,179142263248401
"-- starting hand #54 (id: ndntalytlo7o)  No Limit Texas Hold'em (dealer: ""goergoe @ _sqcLETZ0C"") --",2026-10-08T01:23:52.484Z,179142263248400
"""goergoe @ _sqcLETZ0C"" shows a Q♥, Q♣.",2026-10-08T01:23:47.232Z,179142262723200
"Undealt cards: A♥, 3♠, A♠ [A♦, J♥]",2026-10-08T01:23:46.185Z,179142262618500
"-- ending hand #53 --",2026-10-08T01:23:45.877Z,179142262587702
"""goergoe @ _sqcLETZ0C"" collected 60 from pot",2026-10-08T01:23:45.877Z,179142262587701
"Uncalled bet of 60 returned to ""goergoe @ _sqcLETZ0C""",2026-10-08T01:23:45.877Z,179142262587700
"""Jonah @ xrBY5OZYCv"" folds",2026-10-08T01:23:45.027Z,179142262502700
"""Stevo @ kI2bCqDOyl"" folds",2026-10-08T01:23:43.732Z,179142262373200
"""goergoe @ _sqcLETZ0C"" bets 60",2026-10-08T01:23:42.797Z,179142262279700
"Flop:  [A♥, 3♠, A♠]",2026-10-08T01:23:40.362Z,179142262036200
"""Stevo @ kI2bCqDOyl"" checks",2026-10-08T01:23:39.507Z,179142261950700
"""goergoe @ _sqcLETZ0C"" calls 20",2026-10-08T01:23:38.573Z,179142261857300
"""Spenny @ S8ENkJ8OQS"" folds",2026-10-08T01:23:36.492Z,179142261649200
"""peelic @ vOeqrOXpLT"" folds",2026-10-08T01:23:35.589Z,179142261558900
"""arash @ RYnRljE1SO"" folds",2026-10-08T01:23:34.739Z,179142261473900
"""Jonah @ xrBY5OZYCv"" calls 20",2026-10-08T01:23:33.191Z,179142261319100
"""Stevo @ kI2bCqDOyl"" posts a big blind of 20",2026-10-08T01:23:31.739Z,179142261173909
"""goergoe @ _sqcLETZ0C"" posts a small blind of 10",2026-10-08T01:23:31.739Z,179142261173908
"Your hand is Q♥, Q♣",2026-10-08T01:23:31.739Z,179142261173903
"Player stacks: #1 ""Spenny @ S8ENkJ8OQS"" (830) | #3 ""goergoe @ _sqcLETZ0C"" (1450) | #4 ""Stevo @ kI2bCqDOyl"" (1650) | #7 ""Jonah @ xrBY5OZYCv"" (1840) | #8 ""arash @ RYnRljE1SO"" (1060) | #10 ""peelic @ vOeqrOXpLT"" (1170)",2026-10-08T01:23:31.739Z,179142261173901
"-- starting hand #53 (id: ugjuifmlqbk0)  No Limit Texas Hold'em (dealer: ""Spenny @ S8ENkJ8OQS"") --",2026-10-08T01:23:31.739Z,179142261173900
"-- ending hand #52 --",2026-10-08T01:23:25.731Z,179142260573103
"""Jonah @ xrBY5OZYCv"" collected 300 from pot with Two Pair, K's & J's (combination: A♦, J♥, J♠, K♦, K♥)",2026-10-08T01:23:25.731Z,179142260573102
"""Jonah @ xrBY5OZYCv"" shows a K♦, J♥.",2026-10-08T01:23:25.731Z,179142260573101
"""Stevo @ kI2bCqDOyl"" shows a 9♣, K♣.",2026-10-08T01:23:25.731Z,179142260573100
"""Jonah @ xrBY5OZYCv"" checks",2026-10-08T01:23:24.914Z,179142260491400
"""Stevo @ kI2bCqDOyl"" checks",2026-10-08T01:23:24.026Z,179142260402600
"River: J♠, K♥, Q♥, A♦ [4♦]",2026-10-08T01:23:23.258Z,179142260325800
"""Jonah @ xrBY5OZYCv"" checks",2026-10-08T01:23:22.433Z,179142260243300
"""Stevo @ kI2bCqDOyl"" checks",2026-10-08T01:23:20.790Z,179142260079000
"Turn: J♠, K♥, Q♥ [A♦]",2026-10-08T01:23:19.195Z,179142259919500
"""Stevo @ kI2bCqDOyl"" calls 100",2026-10-08T01:23:18.384Z,179142259838400
"""goergoe @ _sqcLETZ0C"" folds",2026-10-08T01:23:16.674Z,179142259667400
"""Spenny @ S8ENkJ8OQS"" folds",2026-10-08T01:23:15.843Z,179142259584300
"""peelic @ vOeqrOXpLT"" folds",2026-10-08T01:23:11.193Z,179142259119300
"""Jonah @ xrBY5OZYCv"" raises to 100",2026-10-08T01:23:09.650Z,179142258965000
"""Stevo @ kI2bCqDOyl"" bets 40",2026-10-08T01:23:05.766Z,179142258576600
"""goergoe @ _sqcLETZ0C"" checks",2026-10-08T01:23:03.717Z,179142258371700
"""Spenny @ S8ENkJ8OQS"" checks",2026-10-08T01:23:02.858Z,179142258285800
"Flop:  [J♠, K♥, Q♥]",2026-10-08T01:22:56.677Z,179142257667700
"""goergoe @ _sqcLETZ0C"" checks",2026-10-08T01:22:55.813Z,179142257581300
"""Spenny @ S8ENkJ8OQS"" calls 20",2026-10-08T01:22:54.955Z,179142257495500
"""peelic @ vOeqrOXpLT"" calls 20",2026-10-08T01:22:54.021Z,179142257402100
"""arash @ RYnRljE1SO"" folds",2026-10-08T01:22:51.019Z,179142257101900
"""Jonah @ xrBY5OZYCv"" calls 20",2026-10-08T01:22:50.080Z,179142257008000
"""Stevo @ kI2bCqDOyl"" calls 20",2026-10-08T01:22:48.832Z,179142256883200
"""goergoe @ _sqcLETZ0C"" posts a big blind of 20",2026-10-08T01:22:47.981Z,179142256798109
"""Spenny @ S8ENkJ8OQS"" posts a small blind of 10",2026-10-08T01:22:47.981Z,179142256798108
"Your hand is 6♠, 6♦",2026-10-08T01:22:47.981Z,179142256798103
"Player stacks: #1 ""Spenny @ S8ENkJ8OQS"" (850) | #3 ""goergoe @ _sqcLETZ0C"" (1470) | #4 ""Stevo @ kI2bCqDOyl"" (1770) | #7 ""Jonah @ xrBY5OZYCv"" (1660) | #8 ""arash @ RYnRljE1SO"" (1060) | #10 ""peelic @ vOeqrOXpLT"" (1190)",2026-10-08T01:22:47.981Z,179142256798101
"-- starting hand #52 (id: o5sffejktd7e)  No Limit Texas Hold'em (dealer: ""peelic @ vOeqrOXpLT"") --",2026-10-08T01:22:47.981Z,179142256798100
"""goergoe @ _sqcLETZ0C"" shows a 3♥, A♦.",2026-10-08T01:22:42.443Z,179142256244300
"-- ending hand #51 --",2026-10-08T01:22:41.468Z,179142256146802
"""Stevo @ kI2bCqDOyl"" collected 440 from pot with Two Pair, A's & 8's (combination: Q♥, 8♠, 8♦, A♥, A♣)",2026-10-08T01:22:41.468Z,179142256146801
"""Stevo @ kI2bCqDOyl"" shows a A♥, 8♠.",2026-10-08T01:22:41.468Z,179142256146800
"""goergoe @ _sqcLETZ0C"" calls 80",2026-10-08T01:22:40.591Z,179142256059100
"""Stevo @ kI2bCqDOyl"" bets 80",2026-10-08T01:22:39.744Z,179142255974400
"""goergoe @ _sqcLETZ0C"" checks",2026-10-08T01:22:37.625Z,179142255762500
"River: A♣, Q♥, 8♦, 2♥ [5♦]",2026-10-08T01:22:36.527Z,179142255652700
"""goergoe @ _sqcLETZ0C"" calls 40",2026-10-08T01:22:35.710Z,179142255571000
"""Stevo @ kI2bCqDOyl"" bets 40",2026-10-08T01:22:34.802Z,179142255480200
"""goergoe @ _sqcLETZ0C"" checks",2026-10-08T01:22:32.961Z,179142255296100
"Turn: A♣, Q♥, 8♦ [2♥]",2026-10-08T01:22:31.664Z,179142255166400
"""goergoe @ _sqcLETZ0C"" calls 40",2026-10-08T01:22:30.793Z,179142255079300
"""Spenny @ S8ENkJ8OQS"" folds",2026-10-08T01:22:29.904Z,179142254990400
"""peelic @ vOeqrOXpLT"" folds",2026-10-08T01:22:23.720Z,179142254372000
"""arash @ RYnRljE1SO"" folds",2026-10-08T01:22:20.024Z,179142254002400
"""Jonah @ xrBY5OZYCv"" folds",2026-10-08T01:22:17.926Z,179142253792600
"""Stevo @ kI2bCqDOyl"" bets 40",2026-10-08T01:22:14.805Z,179142253480500
"""goergoe @ _sqcLETZ0C"" checks",2026-10-08T01:22:12.882Z,179142253288200
"""Spenny @ S8ENkJ8OQS"" checks",2026-10-08T01:22:11.952Z,179142253195200
"""peelic @ vOeqrOXpLT"" checks",2026-10-08T01:22:11.062Z,179142253106200
"Flop:  [A♣, Q♥, 8♦]",2026-10-08T01:22:08.117Z,179142252811700
"""Spenny @ S8ENkJ8OQS"" checks",2026-10-08T01:22:07.300Z,179142252730000
"""peelic @ vOeqrOXpLT"" calls 20",2026-10-08T01:22:04.059Z,179142252405900
"""arash @ RYnRljE1SO"" calls 20",2026-10-08T01:22:03.170Z,179142252317000
"""Jonah @ xrBY5OZYCv"" calls 20",2026-10-08T01:22:02.147Z,179142252214700
"""Stevo @ kI2bCqDOyl"" calls 20",2026-10-08T01:21:57.352Z,179142251735200
"""goergoe @ _sqcLETZ0C"" calls 20",2026-10-08T01:21:56.416Z,179142251641600
"""Spenny @ S8ENkJ8OQS"" posts a big blind of 20",2026-10-08T01:21:55.363Z,179142251536309
"""peelic @ vOeqrOXpLT"" posts a small blind of 10",2026-10-08T01:21:55.363Z,179142251536308
"Your hand is 3♥, A♦",2026-10-08T01:21:55.363Z,179142251536303
"Player stacks: #1 ""Spenny @ S8ENkJ8OQS"" (870) | #3 ""goergoe @ _sqcLETZ0C"" (1650) | #4 ""Stevo @ kI2bCqDOyl"" (1510) | #7 ""Jonah @ xrBY5OZYCv"" (1680) | #8 ""arash @ RYnRljE1SO"" (1080) | #10 ""peelic @ vOeqrOXpLT"" (1210)",2026-10-08T01:21:55.363Z,179142251536301
"-- starting hand #51 (id: a6ox6bjpo8vv)  No Limit Texas Hold'em (dealer: ""arash @ RYnRljE1SO"") --",2026-10-08T01:21:55.363Z,179142251536300
"-- ending hand #50 --",2026-10-08T01:21:52.365Z,179142251236502
"""Stevo @ kI2bCqDOyl"" collected 320 from pot",2026-10-08T01:21:52.365Z,179142251236501
"Uncalled bet of 70 returned to ""Stevo @ kI2bCqDOyl""",2026-10-08T01:21:52.365Z,179142251236500
"""Spenny @ S8ENkJ8OQS"" folds",2026-10-08T01:21:51.513Z,179142251151300
"""Stevo @ kI2bCqDOyl"" bets 70",2026-10-08T01:21:46.275Z,179142250627500
"""Spenny @ S8ENkJ8OQS"" checks",2026-10-08T01:21:44.039Z,179142250403900
"River: A♥, K♦, 3♦, 6♦ [K♣]",2026-10-08T01:21:39.551Z,179142249955100
"""goergoe @ _sqcLETZ0C"" folds",2026-10-08T01:21:38.677Z,179142249867700
"""Spenny @ S8ENkJ8OQS"" calls 60",2026-10-08T01:21:29.920Z,179142248992000
"""peelic @ vOeqrOXpLT"" folds",2026-10-08T01:21:29.024Z,179142248902400
"""arash @ RYnRljE1SO"" folds",2026-10-08T01:21:25.148Z,179142248514800
"""Stevo @ kI2bCqDOyl"" bets 60",2026-10-08T01:21:23.556Z,179142248355600
"""goergoe @ _sqcLETZ0C"" checks",2026-10-08T01:21:21.345Z,179142248134500
"""Spenny @ S8ENkJ8OQS"" checks",2026-10-08T01:21:20.498Z,179142248049800
"""peelic @ vOeqrOXpLT"" checks",2026-10-08T01:21:18.867Z,179142247886700
"""arash @ RYnRljE1SO"" checks",2026-10-08T01:21:17.985Z,179142247798500
"Turn: A♥, K♦, 3♦ [6♦]",2026-10-08T01:21:15.705Z,179142247570500
"""goergoe @ _sqcLETZ0C"" calls 20",2026-10-08T01:21:14.815Z,179142247481500
"""Spenny @ S8ENkJ8OQS"" calls 20",2026-10-08T01:21:10.341Z,179142247034100
"""peelic @ vOeqrOXpLT"" calls 20",2026-10-08T01:21:00.976Z,179142246097600
"""arash @ RYnRljE1SO"" calls 20",2026-10-08T01:20:55.608Z,179142245560800
"""Stevo @ kI2bCqDOyl"" bets 20",2026-10-08T01:20:53.679Z,179142245367900
"""goergoe @ _sqcLETZ0C"" checks",2026-10-08T01:20:52.391Z,179142245239100
"""Spenny @ S8ENkJ8OQS"" checks",2026-10-08T01:20:51.521Z,179142245152100
"""peelic @ vOeqrOXpLT"" checks",2026-10-08T01:20:48.332Z,179142244833200
"""arash @ RYnRljE1SO"" checks",2026-10-08T01:20:45.217Z,179142244521700
"Flop:  [A♥, K♦, 3♦]",2026-10-08T01:20:43.757Z,179142244375700
"""peelic @ vOeqrOXpLT"" checks",2026-10-08T01:20:42.926Z,179142244292600
"""arash @ RYnRljE1SO"" calls 20",2026-10-08T01:20:42.046Z,179142244204600
"""Jonah @ xrBY5OZYCv"" folds",2026-10-08T01:20:41.017Z,179142244101700
"""Stevo @ kI2bCqDOyl"" calls 20",2026-10-08T01:20:40.096Z,179142244009600
"""goergoe @ _sqcLETZ0C"" calls 20",2026-10-08T01:20:39.185Z,179142243918500
"""Spenny @ S8ENkJ8OQS"" calls 20",2026-10-08T01:20:38.333Z,179142243833300
"""peelic @ vOeqrOXpLT"" posts a big blind of 20",2026-10-08T01:20:30.538Z,179142243053809
"""arash @ RYnRljE1SO"" posts a small blind of 10",2026-10-08T01:20:30.538Z,179142243053808
"Your hand is J♣, Q♠",2026-10-08T01:20:30.538Z,179142243053803
"Player stacks: #1 ""Spenny @ S8ENkJ8OQS"" (970) | #3 ""goergoe @ _sqcLETZ0C"" (1690) | #4 ""Stevo @ kI2bCqDOyl"" (1290) | #7 ""Jonah @ xrBY5OZYCv"" (1680) | #8 ""arash @ RYnRljE1SO"" (1120) | #10 ""peelic @ vOeqrOXpLT"" (1250)",2026-10-08T01:20:30.538Z,179142243053801
"-- starting hand #50 (id: y57kmd7eltdh)  No Limit Texas Hold'em (dealer: ""Jonah @ xrBY5OZYCv"") --",2026-10-08T01:20:30.538Z,179142243053800
"-- ending hand #49 --",2026-10-08T01:20:24.486Z,179142242448603
"""arash @ RYnRljE1SO"" collected 160 from pot with Flush, J High (combination: 2♠, 4♠, 7♠, 9♠, J♠)",2026-10-08T01:20:24.486Z,179142242448602
"""arash @ RYnRljE1SO"" shows a 4♠, 9♠.",2026-10-08T01:20:24.486Z,179142242448601
"""Jonah @ xrBY5OZYCv"" shows a 4♦, A♠.",2026-10-08T01:20:24.486Z,179142242448600
"""peelic @ vOeqrOXpLT"" checks",2026-10-08T01:20:23.666Z,179142242366600
"""arash @ RYnRljE1SO"" checks",2026-10-08T01:20:19.533Z,179142241953300
"""Jonah @ xrBY5OZYCv"" checks",2026-10-08T01:20:16.852Z,179142241685200
"River: 9♣, 2♠, 7♠, 9♦ [J♠]",2026-10-08T01:20:14.339Z,179142241433900
"""peelic @ vOeqrOXpLT"" checks",2026-10-08T01:20:13.517Z,179142241351700
"""arash @ RYnRljE1SO"" checks",2026-10-08T01:20:11.583Z,179142241158300
"""Jonah @ xrBY5OZYCv"" checks",2026-10-08T01:20:10.612Z,179142241061200
"Turn: 9♣, 2♠, 7♠ [9♦]",2026-10-08T01:20:08.768Z,179142240876800
"""Jonah @ xrBY5OZYCv"" calls 20",2026-10-08T01:20:07.965Z,179142240796500
"""Stevo @ kI2bCqDOyl"" folds",2026-10-08T01:20:07.082Z,179142240708200
"""goergoe @ _sqcLETZ0C"" folds",2026-10-08T01:20:06.158Z,179142240615800
"""peelic @ vOeqrOXpLT"" calls 20",2026-10-08T01:20:05.308Z,179142240530800
"""arash @ RYnRljE1SO"" bets 20",2026-10-08T01:20:01.127Z,179142240112700
"""Jonah @ xrBY5OZYCv"" checks",2026-10-08T01:19:59.500Z,179142239950000
"Flop:  [9♣, 2♠, 7♠]",2026-10-08T01:19:54.867Z,179142239486700
"""arash @ RYnRljE1SO"" checks",2026-10-08T01:19:54.047Z,179142239404700
"""Jonah @ xrBY5OZYCv"" calls 20",2026-10-08T01:19:53.120Z,179142239312000
"""Stevo @ kI2bCqDOyl"" calls 20",2026-10-08T01:19:52.240Z,179142239224000
"""goergoe @ _sqcLETZ0C"" calls 20",2026-10-08T01:19:51.293Z,179142239129300
"""Spenny @ S8ENkJ8OQS"" folds",2026-10-08T01:19:50.432Z,179142239043200
"""peelic @ vOeqrOXpLT"" calls 20",2026-10-08T01:19:46.942Z,179142238694200
"""arash @ RYnRljE1SO"" posts a big blind of 20",2026-10-08T01:19:41.528Z,179142238152810
"""Jonah @ xrBY5OZYCv"" posts a small blind of 10",2026-10-08T01:19:41.528Z,179142238152809
"Your hand is 3♦, J♦",2026-10-08T01:19:41.528Z,179142238152804
"Player stacks: #1 ""Spenny @ S8ENkJ8OQS"" (970) | #3 ""goergoe @ _sqcLETZ0C"" (1710) | #4 ""Stevo @ kI2bCqDOyl"" (1310) | #7 ""Jonah @ xrBY5OZYCv"" (1720) | #8 ""arash @ RYnRljE1SO"" (1000) | #10 ""peelic @ vOeqrOXpLT"" (1290)",2026-10-08T01:19:41.528Z,179142238152802
"-- starting hand #49 (id: cl9oyxjjxzxn)  No Limit Texas Hold'em (dealer: ""Stevo @ kI2bCqDOyl"") --",2026-10-08T01:19:41.528Z,179142238152801
"The player ""arash @ RYnRljE1SO"" joined the game with a stack of 1000.",2026-10-08T01:19:41.528Z,179142238152800
"-- ending hand #48 --",2026-10-08T01:19:38.614Z,179142237861402
"""Jonah @ xrBY5OZYCv"" collected 120 from pot",2026-10-08T01:19:38.614Z,179142237861401
"Uncalled bet of 80 returned to ""Jonah @ xrBY5OZYCv""",2026-10-08T01:19:38.614Z,179142237861400
"""Spenny @ S8ENkJ8OQS"" folds",2026-10-08T01:19:37.798Z,179142237779800
"""Jonah @ xrBY5OZYCv"" bets 80",2026-10-08T01:19:31.941Z,179142237194100
"River: 9♦, A♥, 9♠, 8♣ [3♦]",2026-10-08T01:19:26.876Z,179142236687600
"""Stevo @ kI2bCqDOyl"" folds",2026-10-08T01:19:26.053Z,179142236605300
"""Spenny @ S8ENkJ8OQS"" calls 30",2026-10-08T01:19:25.108Z,179142236510800
"""Jonah @ xrBY5OZYCv"" bets 30",2026-10-08T01:19:16.783Z,179142235678300
"""Stevo @ kI2bCqDOyl"" checks",2026-10-08T01:19:14.419Z,179142235441900
"Turn: 9♦, A♥, 9♠ [8♣]",2026-10-08T01:19:13.398Z,179142235339800
"""Spenny @ S8ENkJ8OQS"" checks",2026-10-08T01:19:12.535Z,179142235253500
"""Jonah @ xrBY5OZYCv"" checks",2026-10-08T01:19:04.907Z,179142234490700
"""Stevo @ kI2bCqDOyl"" checks",2026-10-08T01:19:03.056Z,179142234305600
"Flop:  [9♦, A♥, 9♠]",2026-10-08T01:19:01.611Z,179142234161100
"""Jonah @ xrBY5OZYCv"" checks",2026-10-08T01:19:00.705Z,179142234070500
"""Stevo @ kI2bCqDOyl"" calls 20",2026-10-08T01:18:59.837Z,179142233983700
"""goergoe @ _sqcLETZ0C"" folds",2026-10-08T01:18:58.695Z,179142233869500
"""Spenny @ S8ENkJ8OQS"" calls 20",2026-10-08T01:18:56.119Z,179142233611900
"The admin approved the player ""arash @ RYnRljE1SO"" participation with a stack of 1000.",2026-10-08T01:18:55.024Z,179142233502400
"The player ""arash @ RYnRljE1SO"" requested a seat.",2026-10-08T01:18:53.848Z,179142233384800
"""peelic @ vOeqrOXpLT"" folds",2026-10-08T01:18:50.866Z,179142233086600
"""Jonah @ xrBY5OZYCv"" posts a big blind of 20",2026-10-08T01:18:49.669Z,179142232966909
"""Stevo @ kI2bCqDOyl"" posts a small blind of 10",2026-10-08T01:18:49.669Z,179142232966908
"Your hand is 5♦, 6♣",2026-10-08T01:18:49.669Z,179142232966904
"Player stacks: #1 ""Spenny @ S8ENkJ8OQS"" (1020) | #3 ""goergoe @ _sqcLETZ0C"" (1710) | #4 ""Stevo @ kI2bCqDOyl"" (1330) | #7 ""Jonah @ xrBY5OZYCv"" (1650) | #10 ""peelic @ vOeqrOXpLT"" (1290)",2026-10-08T01:18:49.669Z,179142232966902
"-- starting hand #48 (id: df0u1krwgglm)  No Limit Texas Hold'em (dealer: ""goergoe @ _sqcLETZ0C"") --",2026-10-08T01:18:49.669Z,179142232966901
"The player ""arash @ RYnRljE1SO"" quits the game with a stack of 0.",2026-10-08T01:18:49.669Z,179142232966900
"""Stevo @ kI2bCqDOyl"" shows a K♣, Q♣.",2026-10-08T01:18:44.965Z,179142232496500
"-- ending hand #47 --",2026-10-08T01:18:43.135Z,179142232313502
"""Jonah @ xrBY5OZYCv"" collected 220 from pot with Three of a Kind, J's (combination: 6♥, 7♠, J♦, J♠, J♣)",2026-10-08T01:18:43.135Z,179142232313501
"""Jonah @ xrBY5OZYCv"" collected 850 from pot with Three of a Kind, J's (combination: 6♥, 7♠, J♦, J♠, J♣)",2026-10-08T01:18:43.135Z,179142232313500
"River: J♣, 2♥, 4♥, 6♥ [7♠]",2026-10-08T01:18:39.067Z,179142231906700
"""Jonah @ xrBY5OZYCv"" shows a J♦, J♠.",2026-10-08T01:18:34.994Z,179142231499402
"""arash @ RYnRljE1SO"" shows a K♠, 5♠.",2026-10-08T01:18:34.994Z,179142231499401
"Uncalled bet of 580 returned to ""Jonah @ xrBY5OZYCv""",2026-10-08T01:18:34.994Z,179142231499400
"""Stevo @ kI2bCqDOyl"" folds",2026-10-08T01:18:34.170Z,179142231417000
"""Jonah @ xrBY5OZYCv"" raises to 600 and go all in",2026-10-08T01:18:31.263Z,179142231126300
"""Stevo @ kI2bCqDOyl"" bets 20",2026-10-08T01:18:28.848Z,179142230884800
"Turn: J♣, 2♥, 4♥ [6♥]",2026-10-08T01:18:27.398Z,179142230739800
"""Stevo @ kI2bCqDOyl"" calls 90",2026-10-08T01:18:26.585Z,179142230658500
"""goergoe @ _sqcLETZ0C"" folds",2026-10-08T01:18:25.629Z,179142230562900
"""peelic @ vOeqrOXpLT"" folds",2026-10-08T01:18:17.275Z,179142229727500
"""Jonah @ xrBY5OZYCv"" bets 90",2026-10-08T01:18:15.643Z,179142229564300
"""Stevo @ kI2bCqDOyl"" checks",2026-10-08T01:18:10.782Z,179142229078200
"""goergoe @ _sqcLETZ0C"" checks",2026-10-08T01:18:09.846Z,179142228984600
"Flop:  [J♣, 2♥, 4♥]",2026-10-08T01:18:00.313Z,179142228031300
"""Stevo @ kI2bCqDOyl"" calls 170",2026-10-08T01:17:59.492Z,179142227949200
"""goergoe @ _sqcLETZ0C"" calls 170",2026-10-08T01:17:58.535Z,179142227853500
"""Spenny @ S8ENkJ8OQS"" folds",2026-10-08T01:17:57.657Z,179142227765700
"""peelic @ vOeqrOXpLT"" calls 170",2026-10-08T01:17:56.706Z,179142227670600
"""Jonah @ xrBY5OZYCv"" calls 170",2026-10-08T01:17:48.810Z,179142226881000
"""arash @ RYnRljE1SO"" raises to 170 and go all in",2026-10-08T01:17:46.232Z,179142226623200
"""Stevo @ kI2bCqDOyl"" posts a big blind of 20",2026-10-08T01:17:39.565Z,179142225956509
"""goergoe @ _sqcLETZ0C"" posts a small blind of 10",2026-10-08T01:17:39.565Z,179142225956508
"Your hand is 8♥, A♠",2026-10-08T01:17:39.565Z,179142225956503
"Player stacks: #1 ""Spenny @ S8ENkJ8OQS"" (1020) | #3 ""goergoe @ _sqcLETZ0C"" (1880) | #4 ""Stevo @ kI2bCqDOyl"" (1610) | #6 ""arash @ RYnRljE1SO"" (170) | #7 ""Jonah @ xrBY5OZYCv"" (860) | #10 ""peelic @ vOeqrOXpLT"" (1460)",2026-10-08T01:17:39.565Z,179142225956501
"-- starting hand #47 (id: meibjh23esze)  No Limit Texas Hold'em (dealer: ""Spenny @ S8ENkJ8OQS"") --",2026-10-08T01:17:39.565Z,179142225956500
"""goergoe @ _sqcLETZ0C"" shows a K♣, 3♦.",2026-10-08T01:17:33.590Z,179142225359000
"-- ending hand #46 --",2026-10-08T01:17:33.060Z,179142225306003
"""Jonah @ xrBY5OZYCv"" collected 380 from pot with Straight, A High (combination: 10♥, J♥, Q♣, K♦, A♥)",2026-10-08T01:17:33.060Z,179142225306002
"""Jonah @ xrBY5OZYCv"" shows a J♣, A♥.",2026-10-08T01:17:33.060Z,179142225306001
"""arash @ RYnRljE1SO"" shows a 9♦, 10♣.",2026-10-08T01:17:33.060Z,179142225306000
"""Spenny @ S8ENkJ8OQS"" calls 60",2026-10-08T01:17:32.257Z,179142225225700
"""peelic @ vOeqrOXpLT"" folds",2026-10-08T01:17:24.908Z,179142224490800
"""Jonah @ xrBY5OZYCv"" calls 60",2026-10-08T01:17:17.565Z,179142223756500
"""arash @ RYnRljE1SO"" bets 60",2026-10-08T01:17:15.775Z,179142223577500
"""Spenny @ S8ENkJ8OQS"" checks",2026-10-08T01:17:12.169Z,179142223216900
"River: K♦, 3♥, J♥, 10♥ [Q♣]",2026-10-08T01:17:10.395Z,179142223039500
"""peelic @ vOeqrOXpLT"" checks",2026-10-08T01:17:09.563Z,179142222956300
"""Jonah @ xrBY5OZYCv"" checks",2026-10-08T01:17:03.553Z,179142222355300
"""arash @ RYnRljE1SO"" checks",2026-10-08T01:17:02.695Z,179142222269500
"""Spenny @ S8ENkJ8OQS"" checks",2026-10-08T01:16:58.398Z,179142221839800
"Turn: K♦, 3♥, J♥ [10♥]",2026-10-08T01:16:55.994Z,179142221599400
"""peelic @ vOeqrOXpLT"" calls 20",2026-10-08T01:16:55.191Z,179142221519100
"""Jonah @ xrBY5OZYCv"" calls 20",2026-10-08T01:16:53.333Z,179142221333300
"""arash @ RYnRljE1SO"" calls 20",2026-10-08T01:16:52.428Z,179142221242800
"""Stevo @ kI2bCqDOyl"" folds",2026-10-08T01:16:51.472Z,179142221147200
"""goergoe @ _sqcLETZ0C"" folds",2026-10-08T01:16:50.515Z,179142221051500
"""Spenny @ S8ENkJ8OQS"" bets 20",2026-10-08T01:16:39.699Z,179142219969900
"Flop:  [K♦, 3♥, J♥]",2026-10-08T01:16:33.513Z,179142219351300
"""goergoe @ _sqcLETZ0C"" checks",2026-10-08T01:16:32.689Z,179142219268900
"""Spenny @ S8ENkJ8OQS"" calls 20",2026-10-08T01:16:31.785Z,179142219178500
"""peelic @ vOeqrOXpLT"" calls 20",2026-10-08T01:16:30.881Z,179142219088100
"""Jonah @ xrBY5OZYCv"" calls 20",2026-10-08T01:16:29.996Z,179142218999600
"""arash @ RYnRljE1SO"" calls 20",2026-10-08T01:16:28.650Z,179142218865000
"""Stevo @ kI2bCqDOyl"" calls 20",2026-10-08T01:16:27.524Z,179142218752400
"""goergoe @ _sqcLETZ0C"" posts a big blind of 20",2026-10-08T01:16:25.959Z,179142218595909
"""Spenny @ S8ENkJ8OQS"" posts a small blind of 10",2026-10-08T01:16:25.959Z,179142218595908
"Your hand is K♣, 3♦",2026-10-08T01:16:25.959Z,179142218595903
"Player stacks: #1 ""Spenny @ S8ENkJ8OQS"" (1120) | #3 ""goergoe @ _sqcLETZ0C"" (1900) | #4 ""Stevo @ kI2bCqDOyl"" (1630) | #6 ""arash @ RYnRljE1SO"" (270) | #7 ""Jonah @ xrBY5OZYCv"" (580) | #10 ""peelic @ vOeqrOXpLT"" (1500)",2026-10-08T01:16:25.959Z,179142218595901
"-- starting hand #46 (id: jailzjhqjp8l)  No Limit Texas Hold'em (dealer: ""peelic @ vOeqrOXpLT"") --",2026-10-08T01:16:25.959Z,179142218595900
"-- ending hand #45 --",2026-10-08T01:16:23.049Z,179142218304902
"""Stevo @ kI2bCqDOyl"" collected 200 from pot",2026-10-08T01:16:23.049Z,179142218304901
"Uncalled bet of 80 returned to ""Stevo @ kI2bCqDOyl""",2026-10-08T01:16:23.049Z,179142218304900
"""peelic @ vOeqrOXpLT"" folds",2026-10-08T01:16:22.186Z,179142218218600
"""arash @ RYnRljE1SO"" folds",2026-10-08T01:16:17.972Z,179142217797200
"""Stevo @ kI2bCqDOyl"" bets 80",2026-10-08T01:16:16.952Z,179142217695200
"""peelic @ vOeqrOXpLT"" checks",2026-10-08T01:16:14.443Z,179142217444300
"River: 8♠, 6♠, K♣, 10♦ [3♠]",2026-10-08T01:16:12.234Z,179142217223400
"""arash @ RYnRljE1SO"" calls 20",2026-10-08T01:16:11.418Z,179142217141800
"""Stevo @ kI2bCqDOyl"" calls 20",2026-10-08T01:16:09.677Z,179142216967700
"""peelic @ vOeqrOXpLT"" bets 20",2026-10-08T01:16:08.237Z,179142216823700
"Turn: 8♠, 6♠, K♣ [10♦]",2026-10-08T01:16:05.335Z,179142216533500
"""Spenny @ S8ENkJ8OQS"" folds",2026-10-08T01:16:04.502Z,179142216450200
"""peelic @ vOeqrOXpLT"" calls 20",2026-10-08T01:15:56.961Z,179142215696100
"""arash @ RYnRljE1SO"" calls 20",2026-10-08T01:15:52.850Z,179142215285000
"""Stevo @ kI2bCqDOyl"" bets 20",2026-10-08T01:15:51.292Z,179142215129200
"""Spenny @ S8ENkJ8OQS"" checks",2026-10-08T01:15:50.029Z,179142215002900
"""peelic @ vOeqrOXpLT"" checks",2026-10-08T01:15:48.493Z,179142214849300
"Flop:  [8♠, 6♠, K♣]",2026-10-08T01:15:41.174Z,179142214117400
"""Spenny @ S8ENkJ8OQS"" checks",2026-10-08T01:15:40.299Z,179142214029900
"""peelic @ vOeqrOXpLT"" calls 20",2026-10-08T01:15:36.396Z,179142213639600
"""Jonah @ xrBY5OZYCv"" folds",2026-10-08T01:15:35.516Z,179142213551600
"""arash @ RYnRljE1SO"" calls 20",2026-10-08T01:15:34.606Z,179142213460600
"""Stevo @ kI2bCqDOyl"" calls 20",2026-10-08T01:15:32.472Z,179142213247200
"""goergoe @ _sqcLETZ0C"" folds",2026-10-08T01:15:31.518Z,179142213151800
"""Spenny @ S8ENkJ8OQS"" posts a big blind of 20",2026-10-08T01:15:27.445Z,179142212744509
"""peelic @ vOeqrOXpLT"" posts a small blind of 10",2026-10-08T01:15:27.445Z,179142212744508
"Your hand is 4♣, 2♦",2026-10-08T01:15:27.445Z,179142212744503
"Player stacks: #1 ""Spenny @ S8ENkJ8OQS"" (1140) | #3 ""goergoe @ _sqcLETZ0C"" (1900) | #4 ""Stevo @ kI2bCqDOyl"" (1490) | #6 ""arash @ RYnRljE1SO"" (330) | #7 ""Jonah @ xrBY5OZYCv"" (580) | #10 ""peelic @ vOeqrOXpLT"" (1560)",2026-10-08T01:15:27.445Z,179142212744501
"-- starting hand #45 (id: rshbwuud0wlh)  No Limit Texas Hold'em (dealer: ""Jonah @ xrBY5OZYCv"") --",2026-10-08T01:15:27.445Z,179142212744500
"-- ending hand #44 --",2026-10-08T01:15:24.474Z,179142212447402
"""Stevo @ kI2bCqDOyl"" collected 180 from pot",2026-10-08T01:15:24.474Z,179142212447401
"Uncalled bet of 90 returned to ""Stevo @ kI2bCqDOyl""",2026-10-08T01:15:24.474Z,179142212447400
"""Spenny @ S8ENkJ8OQS"" folds",2026-10-08T01:15:23.668Z,179142212366800
"""Jonah @ xrBY5OZYCv"" folds",2026-10-08T01:15:17.764Z,179142211776400
"""arash @ RYnRljE1SO"" folds",2026-10-08T01:15:16.417Z,179142211641700
"""Stevo @ kI2bCqDOyl"" bets 90",2026-10-08T01:15:13.664Z,179142211366400
"""Spenny @ S8ENkJ8OQS"" checks",2026-10-08T01:15:10.086Z,179142211008600
"""Jonah @ xrBY5OZYCv"" checks",2026-10-08T01:15:05.048Z,179142210504800
"River: 7♠, J♣, 4♦, Q♣ [Q♥]",2026-10-08T01:15:02.342Z,179142210234200
"""Spenny @ S8ENkJ8OQS"" calls 20",2026-10-08T01:15:01.477Z,179142210147700
"""peelic @ vOeqrOXpLT"" folds",2026-10-08T01:14:53.211Z,179142209321100
"""Jonah @ xrBY5OZYCv"" calls 20",2026-10-08T01:14:48.703Z,179142208870300
"""arash @ RYnRljE1SO"" calls 20",2026-10-08T01:14:47.826Z,179142208782600
"""Stevo @ kI2bCqDOyl"" bets 20",2026-10-08T01:14:42.816Z,179142208281600
"""Spenny @ S8ENkJ8OQS"" checks",2026-10-08T01:14:41.608Z,179142208160800
"""peelic @ vOeqrOXpLT"" checks",2026-10-08T01:14:37.250Z,179142207725000
"""Jonah @ xrBY5OZYCv"" checks",2026-10-08T01:14:28.263Z,179142206826300
"Turn: 7♠, J♣, 4♦ [Q♣]",2026-10-08T01:14:26.601Z,179142206660100
"""arash @ RYnRljE1SO"" checks",2026-10-08T01:14:25.707Z,179142206570700
"""Stevo @ kI2bCqDOyl"" checks",2026-10-08T01:14:24.703Z,179142206470300
"""Spenny @ S8ENkJ8OQS"" checks",2026-10-08T01:14:23.719Z,179142206371900
"""peelic @ vOeqrOXpLT"" checks",2026-10-08T01:14:20.430Z,179142206043000
"""Jonah @ xrBY5OZYCv"" checks",2026-10-08T01:14:19.552Z,179142205955200
"Flop:  [7♠, J♣, 4♦]",2026-10-08T01:14:17.989Z,179142205798900
"""peelic @ vOeqrOXpLT"" checks",2026-10-08T01:14:17.072Z,179142205707200
"""Jonah @ xrBY5OZYCv"" calls 20",2026-10-08T01:14:16.244Z,179142205624400
"""arash @ RYnRljE1SO"" calls 20",2026-10-08T01:14:15.303Z,179142205530300
"""Stevo @ kI2bCqDOyl"" calls 20",2026-10-08T01:14:14.291Z,179142205429100
"""goergoe @ _sqcLETZ0C"" folds",2026-10-08T01:14:13.291Z,179142205329100
"""Spenny @ S8ENkJ8OQS"" calls 20",2026-10-08T01:14:09.460Z,179142204946000
"""peelic @ vOeqrOXpLT"" posts a big blind of 20",2026-10-08T01:14:06.780Z,179142204678009
"""Jonah @ xrBY5OZYCv"" posts a small blind of 10",2026-10-08T01:14:06.780Z,179142204678008
"Your hand is 10♥, 2♣",2026-10-08T01:14:06.780Z,179142204678003
"Player stacks: #1 ""Spenny @ S8ENkJ8OQS"" (1180) | #3 ""goergoe @ _sqcLETZ0C"" (1900) | #4 ""Stevo @ kI2bCqDOyl"" (1350) | #6 ""arash @ RYnRljE1SO"" (370) | #7 ""Jonah @ xrBY5OZYCv"" (620) | #10 ""peelic @ vOeqrOXpLT"" (1580)",2026-10-08T01:14:06.780Z,179142204678001
"-- starting hand #44 (id: dv2huhujw0il)  No Limit Texas Hold'em (dealer: ""arash @ RYnRljE1SO"") --",2026-10-08T01:14:06.780Z,179142204678000
"-- ending hand #43 --",2026-10-08T01:14:00.738Z,179142204073803
"""Stevo @ kI2bCqDOyl"" collected 220 from pot with Two Pair, 7's & 2's (combination: K♣, 2♠, 2♦, 7♠, 7♣)",2026-10-08T01:14:00.738Z,179142204073802
"""Stevo @ kI2bCqDOyl"" shows a 7♠, 7♣.",2026-10-08T01:14:00.738Z,179142204073801
"""arash @ RYnRljE1SO"" shows a 5♣, 4♣.",2026-10-08T01:14:00.738Z,179142204073800
"""Stevo @ kI2bCqDOyl"" checks",2026-10-08T01:13:59.821Z,179142203982100
"""arash @ RYnRljE1SO"" checks",2026-10-08T01:13:58.789Z,179142203878900
"River: 8♠, 6♣, 2♠, K♣ [2♦]",2026-10-08T01:13:53.329Z,179142203332900
"""arash @ RYnRljE1SO"" calls 40",2026-10-08T01:13:52.510Z,179142203251000
"""Stevo @ kI2bCqDOyl"" bets 40",2026-10-08T01:13:50.993Z,179142203099300
"""arash @ RYnRljE1SO"" checks",2026-10-08T01:13:48.899Z,179142202889900
"Turn: 8♠, 6♣, 2♠ [K♣]",2026-10-08T01:13:47.528Z,179142202752800
"""goergoe @ _sqcLETZ0C"" folds",2026-10-08T01:13:46.689Z,179142202668900
"""peelic @ vOeqrOXpLT"" folds",2026-10-08T01:13:42.467Z,179142202246700
"""Jonah @ xrBY5OZYCv"" folds",2026-10-08T01:13:39.432Z,179142201943200
"""arash @ RYnRljE1SO"" calls 20",2026-10-08T01:13:38.567Z,179142201856700
"""Stevo @ kI2bCqDOyl"" bets 20",2026-10-08T01:13:37.331Z,179142201733100
"""goergoe @ _sqcLETZ0C"" checks",2026-10-08T01:13:36.150Z,179142201615000
"""peelic @ vOeqrOXpLT"" checks",2026-10-08T01:13:35.281Z,179142201528100
"""Jonah @ xrBY5OZYCv"" checks",2026-10-08T01:13:30.128Z,179142201012800
"""arash @ RYnRljE1SO"" checks",2026-10-08T01:13:29.216Z,179142200921600
"Flop:  [8♠, 6♣, 2♠]",2026-10-08T01:13:27.661Z,179142200766100
"""Jonah @ xrBY5OZYCv"" checks",2026-10-08T01:13:26.828Z,179142200682800
"""arash @ RYnRljE1SO"" calls 20",2026-10-08T01:13:25.965Z,179142200596500
"""Stevo @ kI2bCqDOyl"" calls 20",2026-10-08T01:13:25.022Z,179142200502200
"""goergoe @ _sqcLETZ0C"" calls 20",2026-10-08T01:13:24.076Z,179142200407600
"""Spenny @ S8ENkJ8OQS"" folds",2026-10-08T01:13:23.250Z,179142200325000
"""peelic @ vOeqrOXpLT"" calls 20",2026-10-08T01:13:22.363Z,179142200236300
"""Jonah @ xrBY5OZYCv"" posts a big blind of 20",2026-10-08T01:13:19.369Z,179142199936909
"""arash @ RYnRljE1SO"" posts a small blind of 10",2026-10-08T01:13:19.369Z,179142199936908
"Your hand is K♠, J♦",2026-10-08T01:13:19.369Z,179142199936903
"Player stacks: #1 ""Spenny @ S8ENkJ8OQS"" (1180) | #3 ""goergoe @ _sqcLETZ0C"" (1920) | #4 ""Stevo @ kI2bCqDOyl"" (1210) | #6 ""arash @ RYnRljE1SO"" (450) | #7 ""Jonah @ xrBY5OZYCv"" (640) | #10 ""peelic @ vOeqrOXpLT"" (1600)",2026-10-08T01:13:19.369Z,179142199936901
"-- starting hand #43 (id: bwe5j80bquki)  No Limit Texas Hold'em (dealer: ""Stevo @ kI2bCqDOyl"") --",2026-10-08T01:13:19.369Z,179142199936900
"-- ending hand #42 --",2026-10-08T01:13:13.364Z,179142199336402
"""Spenny @ S8ENkJ8OQS"" collected 190 from pot with Pair, K's (combination: 6♥, 10♥, Q♣, K♣, K♦)",2026-10-08T01:13:13.364Z,179142199336401
"""Spenny @ S8ENkJ8OQS"" shows a K♣, 2♣.",2026-10-08T01:13:13.364Z,179142199336400
"""peelic @ vOeqrOXpLT"" calls 20",2026-10-08T01:13:12.539Z,179142199253900
"""Jonah @ xrBY5OZYCv"" folds",2026-10-08T01:13:11.695Z,179142199169500
"""Spenny @ S8ENkJ8OQS"" bets 20",2026-10-08T01:13:10.256Z,179142199025600
"""peelic @ vOeqrOXpLT"" checks",2026-10-08T01:13:06.346Z,179142198634600
"""Jonah @ xrBY5OZYCv"" checks",2026-10-08T01:13:05.135Z,179142198513500
"River: 10♥, 4♠, Q♣, 6♥ [K♦]",2026-10-08T01:13:00.391Z,179142198039100
"""Spenny @ S8ENkJ8OQS"" checks",2026-10-08T01:12:59.540Z,179142197954000
"""peelic @ vOeqrOXpLT"" checks",2026-10-08T01:12:57.119Z,179142197711900
"""Jonah @ xrBY5OZYCv"" checks",2026-10-08T01:12:51.968Z,179142197196800
"Turn: 10♥, 4♠, Q♣ [6♥]",2026-10-08T01:12:50.380Z,179142197038000
"""peelic @ vOeqrOXpLT"" calls 20",2026-10-08T01:12:49.576Z,179142196957600
"""Jonah @ xrBY5OZYCv"" calls 20",2026-10-08T01:12:48.677Z,179142196867700
"""arash @ RYnRljE1SO"" folds",2026-10-08T01:12:41.306Z,179142196130600
"""Spenny @ S8ENkJ8OQS"" bets 20",2026-10-08T01:12:37.736Z,179142195773600
"""peelic @ vOeqrOXpLT"" checks",2026-10-08T01:12:35.456Z,179142195545600
"""Jonah @ xrBY5OZYCv"" checks",2026-10-08T01:12:28.877Z,179142194887700
"""arash @ RYnRljE1SO"" checks",2026-10-08T01:12:28.013Z,179142194801300
"Flop:  [10♥, 4♠, Q♣]",2026-10-08T01:12:25.719Z,179142194571900
"""arash @ RYnRljE1SO"" checks",2026-10-08T01:12:24.853Z,179142194485300
"""Stevo @ kI2bCqDOyl"" folds",2026-10-08T01:12:23.837Z,179142194383700
"""goergoe @ _sqcLETZ0C"" folds",2026-10-08T01:12:22.856Z,179142194285600
"""Spenny @ S8ENkJ8OQS"" calls 20",2026-10-08T01:12:21.996Z,179142194199600
"""peelic @ vOeqrOXpLT"" calls 20",2026-10-08T01:12:21.042Z,179142194104200
"""Jonah @ xrBY5OZYCv"" calls 20",2026-10-08T01:12:17.857Z,179142193785700
"""arash @ RYnRljE1SO"" posts a big blind of 20",2026-10-08T01:12:16.828Z,179142193682809
"""Stevo @ kI2bCqDOyl"" posts a small blind of 10",2026-10-08T01:12:16.828Z,179142193682808
"Your hand is 10♣, 7♦",2026-10-08T01:12:16.828Z,179142193682803
"Player stacks: #1 ""Spenny @ S8ENkJ8OQS"" (1050) | #3 ""goergoe @ _sqcLETZ0C"" (1920) | #4 ""Stevo @ kI2bCqDOyl"" (1220) | #6 ""arash @ RYnRljE1SO"" (470) | #7 ""Jonah @ xrBY5OZYCv"" (680) | #10 ""peelic @ vOeqrOXpLT"" (1660)",2026-10-08T01:12:16.828Z,179142193682801
"-- starting hand #42 (id: 7dtpixa53hyo)  No Limit Texas Hold'em (dealer: ""goergoe @ _sqcLETZ0C"") --",2026-10-08T01:12:16.828Z,179142193682800
"-- ending hand #41 --",2026-10-08T01:12:10.907Z,179142193090702
"""Jonah @ xrBY5OZYCv"" collected 140 from pot",2026-10-08T01:12:10.907Z,179142193090701
"Uncalled bet of 60 returned to ""Jonah @ xrBY5OZYCv""",2026-10-08T01:12:10.907Z,179142193090700
"""goergoe @ _sqcLETZ0C"" folds",2026-10-08T01:12:10.041Z,179142193004100
"""Jonah @ xrBY5OZYCv"" bets 60",2026-10-08T01:12:09.150Z,179142192915000
"""goergoe @ _sqcLETZ0C"" checks",2026-10-08T01:12:05.209Z,179142192520900
"Flop:  [4♠, A♣, 6♣]",2026-10-08T01:11:55.169Z,179142191516900
"""Stevo @ kI2bCqDOyl"" folds",2026-10-08T01:11:54.313Z,179142191431300
"""goergoe @ _sqcLETZ0C"" calls 60",2026-10-08T01:11:53.390Z,179142191339000
"""Spenny @ S8ENkJ8OQS"" folds",2026-10-08T01:11:52.530Z,179142191253000
"""peelic @ vOeqrOXpLT"" folds",2026-10-08T01:11:51.636Z,179142191163600
"""Jonah @ xrBY5OZYCv"" raises to 60",2026-10-08T01:11:43.349Z,179142190334900
"""arash @ RYnRljE1SO"" folds",2026-10-08T01:11:40.216Z,179142190021600
"""Stevo @ kI2bCqDOyl"" posts a big blind of 20",2026-10-08T01:11:37.878Z,179142189787809
"""goergoe @ _sqcLETZ0C"" posts a small blind of 10",2026-10-08T01:11:37.878Z,179142189787808
"Your hand is Q♥, J♦",2026-10-08T01:11:37.878Z,179142189787803
"Player stacks: #1 ""Spenny @ S8ENkJ8OQS"" (1050) | #3 ""goergoe @ _sqcLETZ0C"" (1980) | #4 ""Stevo @ kI2bCqDOyl"" (1240) | #6 ""arash @ RYnRljE1SO"" (470) | #7 ""Jonah @ xrBY5OZYCv"" (600) | #10 ""peelic @ vOeqrOXpLT"" (1660)",2026-10-08T01:11:37.878Z,179142189787801
"-- starting hand #41 (id: cfhk14h1xi1z)  No Limit Texas Hold'em (dealer: ""Spenny @ S8ENkJ8OQS"") --",2026-10-08T01:11:37.878Z,179142189787800
"-- ending hand #40 --",2026-10-08T01:11:31.957Z,179142189195702
"""peelic @ vOeqrOXpLT"" collected 180 from pot",2026-10-08T01:11:31.957Z,179142189195701
"Uncalled bet of 80 returned to ""peelic @ vOeqrOXpLT""",2026-10-08T01:11:31.957Z,179142189195700
"""Jonah @ xrBY5OZYCv"" folds",2026-10-08T01:11:31.131Z,179142189113100
"""peelic @ vOeqrOXpLT"" bets 80",2026-10-08T01:11:29.255Z,179142188925500
"""Jonah @ xrBY5OZYCv"" checks",2026-10-08T01:11:25.522Z,179142188552200
"Turn: 2♦, J♥, 10♥ [6♥]",2026-10-08T01:11:22.953Z,179142188295300
"""goergoe @ _sqcLETZ0C"" folds",2026-10-08T01:11:22.120Z,179142188212000
"""Spenny @ S8ENkJ8OQS"" folds",2026-10-08T01:11:16.599Z,179142187659900
"""peelic @ vOeqrOXpLT"" calls 50",2026-10-08T01:11:08.064Z,179142186806400
"""Jonah @ xrBY5OZYCv"" bets 50",2026-10-08T01:11:04.089Z,179142186408900
"""goergoe @ _sqcLETZ0C"" checks",2026-10-08T01:10:59.921Z,179142185992100
"""Spenny @ S8ENkJ8OQS"" checks",2026-10-08T01:10:52.061Z,179142185206100
"Flop:  [2♦, J♥, 10♥]",2026-10-08T01:10:46.842Z,179142184684200
"""goergoe @ _sqcLETZ0C"" checks",2026-10-08T01:10:46.024Z,179142184602400
"""Spenny @ S8ENkJ8OQS"" calls 20",2026-10-08T01:10:42.256Z,179142184225600
"""peelic @ vOeqrOXpLT"" calls 20",2026-10-08T01:10:41.362Z,179142184136200
"""Jonah @ xrBY5OZYCv"" calls 20",2026-10-08T01:10:40.506Z,179142184050600
"""arash @ RYnRljE1SO"" folds",2026-10-08T01:10:38.334Z,179142183833400
"""Stevo @ kI2bCqDOyl"" folds",2026-10-08T01:10:36.436Z,179142183643600
"""goergoe @ _sqcLETZ0C"" posts a big blind of 20",2026-10-08T01:10:35.195Z,179142183519509
"""Spenny @ S8ENkJ8OQS"" posts a small blind of 10",2026-10-08T01:10:35.195Z,179142183519508
"Your hand is 3♦, 8♦",2026-10-08T01:10:35.195Z,179142183519503
"Player stacks: #1 ""Spenny @ S8ENkJ8OQS"" (1070) | #3 ""goergoe @ _sqcLETZ0C"" (2000) | #4 ""Stevo @ kI2bCqDOyl"" (1240) | #6 ""arash @ RYnRljE1SO"" (470) | #7 ""Jonah @ xrBY5OZYCv"" (670) | #10 ""peelic @ vOeqrOXpLT"" (1550)",2026-10-08T01:10:35.195Z,179142183519501
"-- starting hand #40 (id: xwdr1skghek2)  No Limit Texas Hold'em (dealer: ""peelic @ vOeqrOXpLT"") --",2026-10-08T01:10:35.195Z,179142183519500
"""Stevo @ kI2bCqDOyl"" shows a 5♥, 4♦.",2026-10-08T01:10:29.537Z,179142182953700
"-- ending hand #39 --",2026-10-08T01:10:28.681Z,179142182868101
"""arash @ RYnRljE1SO"" collected 470 from pot with Two Pair, 8's & 7's (combination: K♦, 7♣, 7♦, 8♠, 8♦)",2026-10-08T01:10:28.681Z,179142182868100
"River: 7♦, 2♦, 4♠, 8♦ [K♦]",2026-10-08T01:10:24.631Z,179142182463100
"Turn: 7♦, 2♦, 4♠ [8♦]",2026-10-08T01:10:20.584Z,179142182058400
"Flop:  [7♦, 2♦, 4♠]",2026-10-08T01:10:16.579Z,179142181657900
"""Jonah @ xrBY5OZYCv"" shows a A♥, K♥.",2026-10-08T01:10:12.558Z,179142181255801
"""arash @ RYnRljE1SO"" shows a 8♠, 7♣.",2026-10-08T01:10:12.558Z,179142181255800
"""Stevo @ kI2bCqDOyl"" folds",2026-10-08T01:10:11.683Z,179142181168300
"""Spenny @ S8ENkJ8OQS"" folds",2026-10-08T01:10:10.681Z,179142181068100
"""peelic @ vOeqrOXpLT"" folds",2026-10-08T01:10:05.895Z,179142180589500
"""Jonah @ xrBY5OZYCv"" calls 210",2026-10-08T01:10:03.656Z,179142180365600
"""arash @ RYnRljE1SO"" raises to 210 and go all in",2026-10-08T01:10:01.557Z,179142180155700
"""Stevo @ kI2bCqDOyl"" calls 20",2026-10-08T01:09:59.324Z,179142179932400
"""goergoe @ _sqcLETZ0C"" folds",2026-10-08T01:09:58.383Z,179142179838300
"""Spenny @ S8ENkJ8OQS"" posts a big blind of 20",2026-10-08T01:09:51.873Z,179142179187309
"""peelic @ vOeqrOXpLT"" posts a small blind of 10",2026-10-08T01:09:51.873Z,179142179187308
"Your hand is 9♦, 6♣",2026-10-08T01:09:51.873Z,179142179187303
"Player stacks: #1 ""Spenny @ S8ENkJ8OQS"" (1090) | #3 ""goergoe @ _sqcLETZ0C"" (2000) | #4 ""Stevo @ kI2bCqDOyl"" (1260) | #6 ""arash @ RYnRljE1SO"" (210) | #7 ""Jonah @ xrBY5OZYCv"" (880) | #10 ""peelic @ vOeqrOXpLT"" (1560)",2026-10-08T01:09:51.873Z,179142179187301
"-- starting hand #39 (id: pcrhx7ywxqk8)  No Limit Texas Hold'em (dealer: ""Jonah @ xrBY5OZYCv"") --",2026-10-08T01:09:51.873Z,179142179187300
"""Stevo @ kI2bCqDOyl"" shows a 7♠, 10♦.",2026-10-08T01:09:48.749Z,179142178874900
"-- ending hand #38 --",2026-10-08T01:09:48.268Z,179142178826802
"""peelic @ vOeqrOXpLT"" collected 230 from pot",2026-10-08T01:09:48.268Z,179142178826801
"Uncalled bet of 30 returned to ""peelic @ vOeqrOXpLT""",2026-10-08T01:09:48.268Z,179142178826800
"""arash @ RYnRljE1SO"" folds",2026-10-08T01:09:47.380Z,179142178738000
"""Spenny @ S8ENkJ8OQS"" folds",2026-10-08T01:09:46.434Z,179142178643400
"""peelic @ vOeqrOXpLT"" bets 30",2026-10-08T01:09:41.592Z,179142178159200
"River: 3♣, 5♦, 4♦, K♣ [6♦]",2026-10-08T01:09:37.263Z,179142177726300
"""arash @ RYnRljE1SO"" checks",2026-10-08T01:09:36.378Z,179142177637800
"""Spenny @ S8ENkJ8OQS"" checks",2026-10-08T01:09:35.424Z,179142177542400
"""peelic @ vOeqrOXpLT"" checks",2026-10-08T01:09:32.337Z,179142177233700
"Turn: 3♣, 5♦, 4♦ [K♣]",2026-10-08T01:09:27.539Z,179142176753900
"""arash @ RYnRljE1SO"" calls 40",2026-10-08T01:09:26.654Z,179142176665400
"""Stevo @ kI2bCqDOyl"" folds",2026-10-08T01:09:25.649Z,179142176564900
"""goergoe @ _sqcLETZ0C"" folds",2026-10-08T01:09:24.670Z,179142176467000
"""Spenny @ S8ENkJ8OQS"" calls 40",2026-10-08T01:09:23.769Z,179142176376900
"""peelic @ vOeqrOXpLT"" bets 40",2026-10-08T01:09:20.319Z,179142176031900
"Flop:  [3♣, 5♦, 4♦]",2026-10-08T01:09:12.097Z,179142175209700
"""peelic @ vOeqrOXpLT"" checks",2026-10-08T01:09:11.255Z,179142175125500
"""Jonah @ xrBY5OZYCv"" folds",2026-10-08T01:09:10.408Z,179142175040800
"""arash @ RYnRljE1SO"" calls 20",2026-10-08T01:09:09.531Z,179142174953100
"""Stevo @ kI2bCqDOyl"" calls 20",2026-10-08T01:09:08.591Z,179142174859100
"""goergoe @ _sqcLETZ0C"" calls 20",2026-10-08T01:09:07.634Z,179142174763400
"""Spenny @ S8ENkJ8OQS"" calls 20",2026-10-08T01:09:02.232Z,179142174223200
"""peelic @ vOeqrOXpLT"" posts a big blind of 20",2026-10-08T01:08:57.356Z,179142173735609
"""Jonah @ xrBY5OZYCv"" posts a small blind of 10",2026-10-08T01:08:57.356Z,179142173735608
"Your hand is Q♠, 7♦",2026-10-08T01:08:57.356Z,179142173735603
"Player stacks: #1 ""Spenny @ S8ENkJ8OQS"" (1150) | #3 ""goergoe @ _sqcLETZ0C"" (2020) | #4 ""Stevo @ kI2bCqDOyl"" (1280) | #6 ""arash @ RYnRljE1SO"" (270) | #7 ""Jonah @ xrBY5OZYCv"" (890) | #10 ""peelic @ vOeqrOXpLT"" (1390)",2026-10-08T01:08:57.356Z,179142173735601
"-- starting hand #38 (id: bovmj2rcdk9t)  No Limit Texas Hold'em (dealer: ""arash @ RYnRljE1SO"") --",2026-10-08T01:08:57.356Z,179142173735600
"""Stevo @ kI2bCqDOyl"" shows a 4♥, Q♠.",2026-10-08T01:08:52.487Z,179142173248700
"-- ending hand #37 --",2026-10-08T01:08:50.798Z,179142173079802
"""peelic @ vOeqrOXpLT"" collected 240 from pot with Pair, Q's (combination: 7♦, 9♥, 10♦, Q♣, Q♥)",2026-10-08T01:08:50.798Z,179142173079801
"""peelic @ vOeqrOXpLT"" shows a Q♣, 7♦.",2026-10-08T01:08:50.798Z,179142173079800
"""Stevo @ kI2bCqDOyl"" calls 30",2026-10-08T01:08:49.958Z,179142172995800
"""peelic @ vOeqrOXpLT"" bets 30",2026-10-08T01:08:48.680Z,179142172868000
"River: Q♥, 10♦, 5♣, 3♥ [9♥]",2026-10-08T01:08:44.444Z,179142172444400
"""Stevo @ kI2bCqDOyl"" calls 30",2026-10-08T01:08:43.619Z,179142172361900
"""peelic @ vOeqrOXpLT"" bets 30",2026-10-08T01:08:42.405Z,179142172240500
"Turn: Q♥, 10♦, 5♣ [3♥]",2026-10-08T01:08:38.441Z,179142171844100
"""peelic @ vOeqrOXpLT"" calls 20",2026-10-08T01:08:37.610Z,179142171761000
"""Jonah @ xrBY5OZYCv"" folds",2026-10-08T01:08:34.384Z,179142171438400
"""arash @ RYnRljE1SO"" folds",2026-10-08T01:08:30.596Z,179142171059600
"""Stevo @ kI2bCqDOyl"" bets 20",2026-10-08T01:08:28.325Z,179142170832500
"""peelic @ vOeqrOXpLT"" checks",2026-10-08T01:08:27.135Z,179142170713500
"""Jonah @ xrBY5OZYCv"" checks",2026-10-08T01:08:23.464Z,179142170346400
"""arash @ RYnRljE1SO"" checks",2026-10-08T01:08:22.600Z,179142170260000
"Flop:  [Q♥, 10♦, 5♣]",2026-10-08T01:08:20.849Z,179142170084900
"""Jonah @ xrBY5OZYCv"" checks",2026-10-08T01:08:20.031Z,179142170003100
"""arash @ RYnRljE1SO"" calls 20",2026-10-08T01:08:19.091Z,179142169909100
"""Stevo @ kI2bCqDOyl"" calls 20",2026-10-08T01:08:18.087Z,179142169808700
"""goergoe @ _sqcLETZ0C"" folds",2026-10-08T01:08:17.101Z,179142169710100
"""Spenny @ S8ENkJ8OQS"" folds",2026-10-08T01:08:16.265Z,179142169626500
"""peelic @ vOeqrOXpLT"" calls 20",2026-10-08T01:08:15.280Z,179142169528000
"""Jonah @ xrBY5OZYCv"" posts a big blind of 20",2026-10-08T01:08:08.236Z,179142168823609
"""arash @ RYnRljE1SO"" posts a small blind of 10",2026-10-08T01:08:08.236Z,179142168823608
"Your hand is J♣, 4♠",2026-10-08T01:08:08.236Z,179142168823603
"Player stacks: #1 ""Spenny @ S8ENkJ8OQS"" (1150) | #3 ""goergoe @ _sqcLETZ0C"" (2020) | #4 ""Stevo @ kI2bCqDOyl"" (1380) | #6 ""arash @ RYnRljE1SO"" (290) | #7 ""Jonah @ xrBY5OZYCv"" (910) | #10 ""peelic @ vOeqrOXpLT"" (1250)",2026-10-08T01:08:08.236Z,179142168823601
"-- starting hand #37 (id: dj5zxphcaesq)  No Limit Texas Hold'em (dealer: ""Stevo @ kI2bCqDOyl"") --",2026-10-08T01:08:08.236Z,179142168823600
"-- ending hand #36 --",2026-10-08T01:08:02.217Z,179142168221703
"""Spenny @ S8ENkJ8OQS"" collected 200 from pot with Pair, J's (combination: 5♦, 7♥, 10♥, J♣, J♥)",2026-10-08T01:08:02.217Z,179142168221702
"""Spenny @ S8ENkJ8OQS"" shows a J♣, 10♥.",2026-10-08T01:08:02.217Z,179142168221701
"""Stevo @ kI2bCqDOyl"" shows a 9♥, 9♦.",2026-10-08T01:08:02.217Z,179142168221700
"""Spenny @ S8ENkJ8OQS"" calls 20",2026-10-08T01:08:01.401Z,179142168140100
"""Stevo @ kI2bCqDOyl"" bets 20",2026-10-08T01:08:00.328Z,179142168032800
"River: 2♠, 7♥, J♥, 3♠ [5♦]",2026-10-08T01:07:59.393Z,179142167939300
"""Spenny @ S8ENkJ8OQS"" calls 20",2026-10-08T01:07:58.579Z,179142167857900
"""arash @ RYnRljE1SO"" folds",2026-10-08T01:07:56.820Z,179142167682000
"""Stevo @ kI2bCqDOyl"" bets 20",2026-10-08T01:07:51.134Z,179142167113400
"Turn: 2♠, 7♥, J♥ [3♠]",2026-10-08T01:07:50.348Z,179142167034800
"""Spenny @ S8ENkJ8OQS"" calls 20",2026-10-08T01:07:49.478Z,179142166947800
"""arash @ RYnRljE1SO"" calls 20",2026-10-08T01:07:48.587Z,179142166858700
"""Stevo @ kI2bCqDOyl"" bets 20",2026-10-08T01:07:41.928Z,179142166192800
"Flop:  [2♠, 7♥, J♥]",2026-10-08T01:07:40.741Z,179142166074100
"""arash @ RYnRljE1SO"" checks",2026-10-08T01:07:39.851Z,179142165985100
"""Stevo @ kI2bCqDOyl"" calls 20",2026-10-08T01:07:38.852Z,179142165885200
"""goergoe @ _sqcLETZ0C"" folds",2026-10-08T01:07:37.888Z,179142165788800
"""Spenny @ S8ENkJ8OQS"" calls 20",2026-10-08T01:07:32.166Z,179142165216600
"""peelic @ vOeqrOXpLT"" folds",2026-10-08T01:07:31.206Z,179142165120600
"""Jonah @ xrBY5OZYCv"" folds",2026-10-08T01:07:22.323Z,179142164232300
"""arash @ RYnRljE1SO"" posts a big blind of 20",2026-10-08T01:07:20.879Z,179142164087909
"""Stevo @ kI2bCqDOyl"" posts a small blind of 10",2026-10-08T01:07:20.879Z,179142164087908
"Your hand is 3♣, 2♥",2026-10-08T01:07:20.879Z,179142164087903
"Player stacks: #1 ""Spenny @ S8ENkJ8OQS"" (1030) | #3 ""goergoe @ _sqcLETZ0C"" (2020) | #4 ""Stevo @ kI2bCqDOyl"" (1460) | #6 ""arash @ RYnRljE1SO"" (330) | #7 ""Jonah @ xrBY5OZYCv"" (910) | #10 ""peelic @ vOeqrOXpLT"" (1250)",2026-10-08T01:07:20.879Z,179142164087901
"-- starting hand #36 (id: oy4iphbolabv)  No Limit Texas Hold'em (dealer: ""goergoe @ _sqcLETZ0C"") --",2026-10-08T01:07:20.879Z,179142164087900
"-- ending hand #35 --",2026-10-08T01:07:14.928Z,179142163492802
"""arash @ RYnRljE1SO"" collected 120 from pot",2026-10-08T01:07:14.928Z,179142163492801
"Uncalled bet of 50 returned to ""arash @ RYnRljE1SO""",2026-10-08T01:07:14.928Z,179142163492800
"""Stevo @ kI2bCqDOyl"" folds",2026-10-08T01:07:14.075Z,179142163407500
"""goergoe @ _sqcLETZ0C"" folds",2026-10-08T01:07:13.147Z,179142163314700
"""Spenny @ S8ENkJ8OQS"" folds",2026-10-08T01:07:12.299Z,179142163229900
"""peelic @ vOeqrOXpLT"" folds",2026-10-08T01:07:07.949Z,179142162794900
"""Jonah @ xrBY5OZYCv"" folds",2026-10-08T01:07:03.900Z,179142162390000
"""arash @ RYnRljE1SO"" bets 50",2026-10-08T01:07:02.971Z,179142162297100
"""Stevo @ kI2bCqDOyl"" checks",2026-10-08T01:06:59.989Z,179142161998900
"""goergoe @ _sqcLETZ0C"" checks",2026-10-08T01:06:59.032Z,179142161903200
"Flop:  [5♥, 10♥, 8♦]",2026-10-08T01:06:48.979Z,179142160897900
"""Stevo @ kI2bCqDOyl"" checks",2026-10-08T01:06:48.170Z,179142160817000
"""goergoe @ _sqcLETZ0C"" calls 20",2026-10-08T01:06:47.193Z,179142160719300
"""Spenny @ S8ENkJ8OQS"" calls 20",2026-10-08T01:06:46.369Z,179142160636900
"""peelic @ vOeqrOXpLT"" calls 20",2026-10-08T01:06:41.903Z,179142160190300
"""Jonah @ xrBY5OZYCv"" calls 20",2026-10-08T01:06:37.503Z,179142159750300
"""arash @ RYnRljE1SO"" calls 20",2026-10-08T01:06:36.643Z,179142159664300
"""Stevo @ kI2bCqDOyl"" posts a big blind of 20",2026-10-08T01:06:35.563Z,179142159556309
"""goergoe @ _sqcLETZ0C"" posts a small blind of 10",2026-10-08T01:06:35.563Z,179142159556308
"Your hand is J♥, A♣",2026-10-08T01:06:35.563Z,179142159556303
"Player stacks: #1 ""Spenny @ S8ENkJ8OQS"" (1050) | #3 ""goergoe @ _sqcLETZ0C"" (2040) | #4 ""Stevo @ kI2bCqDOyl"" (1480) | #6 ""arash @ RYnRljE1SO"" (230) | #7 ""Jonah @ xrBY5OZYCv"" (930) | #10 ""peelic @ vOeqrOXpLT"" (1270)",2026-10-08T01:06:35.563Z,179142159556301
"-- starting hand #35 (id: 75fkphapcqxh)  No Limit Texas Hold'em (dealer: ""Spenny @ S8ENkJ8OQS"") --",2026-10-08T01:06:35.563Z,179142159556300
"-- ending hand #34 --",2026-10-08T01:06:32.644Z,179142159264402
"""goergoe @ _sqcLETZ0C"" collected 240 from pot",2026-10-08T01:06:32.644Z,179142159264401
"Uncalled bet of 20 returned to ""goergoe @ _sqcLETZ0C""",2026-10-08T01:06:32.644Z,179142159264400
"""peelic @ vOeqrOXpLT"" folds",2026-10-08T01:06:31.839Z,179142159183900
"""goergoe @ _sqcLETZ0C"" bets 20",2026-10-08T01:06:30.982Z,179142159098200
"River: 2♣, 6♣, 2♦, J♦ [7♦]",2026-10-08T01:06:27.205Z,179142158720500
"""peelic @ vOeqrOXpLT"" calls 20",2026-10-08T01:06:26.366Z,179142158636600
"""goergoe @ _sqcLETZ0C"" bets 20",2026-10-08T01:06:23.320Z,179142158332000
"Turn: 2♣, 6♣, 2♦ [J♦]",2026-10-08T01:06:19.756Z,179142157975600
"""Spenny @ S8ENkJ8OQS"" folds",2026-10-08T01:06:18.850Z,179142157885000
"""peelic @ vOeqrOXpLT"" calls 40",2026-10-08T01:06:12.483Z,179142157248300
"""Jonah @ xrBY5OZYCv"" folds",2026-10-08T01:06:06.091Z,179142156609100
"""arash @ RYnRljE1SO"" folds",2026-10-08T01:06:02.819Z,179142156281900
"""Stevo @ kI2bCqDOyl"" folds",2026-10-08T01:05:56.885Z,179142155688500
"""goergoe @ _sqcLETZ0C"" bets 40",2026-10-08T01:05:55.949Z,179142155594900
"""Spenny @ S8ENkJ8OQS"" checks",2026-10-08T01:05:52.731Z,179142155273100
"Flop:  [2♣, 6♣, 2♦]",2026-10-08T01:05:49.081Z,179142154908100
"""goergoe @ _sqcLETZ0C"" checks",2026-10-08T01:05:48.268Z,179142154826800
"""Spenny @ S8ENkJ8OQS"" calls 20",2026-10-08T01:05:47.432Z,179142154743200
"""peelic @ vOeqrOXpLT"" calls 20",2026-10-08T01:05:45.672Z,179142154567200
"""Jonah @ xrBY5OZYCv"" calls 20",2026-10-08T01:05:40.597Z,179142154059700
"""arash @ RYnRljE1SO"" calls 20",2026-10-08T01:05:39.694Z,179142153969400
"""Stevo @ kI2bCqDOyl"" calls 20",2026-10-08T01:05:38.752Z,179142153875200
"""goergoe @ _sqcLETZ0C"" posts a big blind of 20",2026-10-08T01:05:37.289Z,179142153728909
"""Spenny @ S8ENkJ8OQS"" posts a small blind of 10",2026-10-08T01:05:37.289Z,179142153728908
"Your hand is 6♠, 5♥",2026-10-08T01:05:37.289Z,179142153728903
"Player stacks: #1 ""Spenny @ S8ENkJ8OQS"" (1070) | #3 ""goergoe @ _sqcLETZ0C"" (1880) | #4 ""Stevo @ kI2bCqDOyl"" (1500) | #6 ""arash @ RYnRljE1SO"" (250) | #7 ""Jonah @ xrBY5OZYCv"" (950) | #10 ""peelic @ vOeqrOXpLT"" (1350)",2026-10-08T01:05:37.289Z,179142153728901
"-- starting hand #34 (id: 0hjwsw1fmgv6)  No Limit Texas Hold'em (dealer: ""peelic @ vOeqrOXpLT"") --",2026-10-08T01:05:37.289Z,179142153728900
"-- ending hand #33 --",2026-10-08T01:05:31.232Z,179142153123203
"""peelic @ vOeqrOXpLT"" collected 480 from pot with Pair, J's (combination: 5♦, 6♣, 8♠, J♠, J♦)",2026-10-08T01:05:31.232Z,179142153123202
"""peelic @ vOeqrOXpLT"" shows a 3♥, J♠.",2026-10-08T01:05:31.232Z,179142153123201
"""goergoe @ _sqcLETZ0C"" shows a A♦, 4♦.",2026-10-08T01:05:31.232Z,179142153123200
"""peelic @ vOeqrOXpLT"" calls 100",2026-10-08T01:05:30.381Z,179142153038100
"""goergoe @ _sqcLETZ0C"" raises to 100",2026-10-08T01:05:23.786Z,179142152378600
"""Spenny @ S8ENkJ8OQS"" folds",2026-10-08T01:05:21.520Z,179142152152000
"""peelic @ vOeqrOXpLT"" bets 40",2026-10-08T01:05:19.560Z,179142151956000
"River: J♦, 5♦, 4♠, 6♣ [8♠]",2026-10-08T01:05:11.536Z,179142151153600
"""Spenny @ S8ENkJ8OQS"" calls 60",2026-10-08T01:05:10.612Z,179142151061200
"""peelic @ vOeqrOXpLT"" calls 60",2026-10-08T01:05:09.685Z,179142150968500
"""Jonah @ xrBY5OZYCv"" folds",2026-10-08T01:05:06.503Z,179142150650300
"""arash @ RYnRljE1SO"" folds",2026-10-08T01:05:03.321Z,179142150332100
"""goergoe @ _sqcLETZ0C"" raises to 60",2026-10-08T01:05:00.182Z,179142150018200
"""Spenny @ S8ENkJ8OQS"" calls 30",2026-10-08T01:04:58.338Z,179142149833800
"""peelic @ vOeqrOXpLT"" bets 30",2026-10-08T01:04:57.044Z,179142149704400
"Turn: J♦, 5♦, 4♠ [6♣]",2026-10-08T01:04:49.058Z,179142148905800
"""Jonah @ xrBY5OZYCv"" checks",2026-10-08T01:04:48.211Z,179142148821100
"""arash @ RYnRljE1SO"" checks",2026-10-08T01:04:47.333Z,179142148733300
"""goergoe @ _sqcLETZ0C"" checks",2026-10-08T01:04:45.242Z,179142148524200
"""Spenny @ S8ENkJ8OQS"" checks",2026-10-08T01:04:43.548Z,179142148354800
"""peelic @ vOeqrOXpLT"" checks",2026-10-08T01:04:39.230Z,179142147923000
"Flop:  [J♦, 5♦, 4♠]",2026-10-08T01:04:36.648Z,179142147664800
"""Spenny @ S8ENkJ8OQS"" checks",2026-10-08T01:04:35.833Z,179142147583300
"""peelic @ vOeqrOXpLT"" calls 20",2026-10-08T01:04:34.929Z,179142147492900
"""Jonah @ xrBY5OZYCv"" calls 20",2026-10-08T01:04:34.098Z,179142147409800
"""arash @ RYnRljE1SO"" calls 20",2026-10-08T01:04:33.170Z,179142147317000
"""Stevo @ kI2bCqDOyl"" folds",2026-10-08T01:04:31.749Z,179142147174900
"""goergoe @ _sqcLETZ0C"" calls 20",2026-10-08T01:04:30.758Z,179142147075800
"""Spenny @ S8ENkJ8OQS"" posts a big blind of 20",2026-10-08T01:04:27.502Z,179142146750209
"""peelic @ vOeqrOXpLT"" posts a small blind of 10",2026-10-08T01:04:27.502Z,179142146750208
"Your hand is A♦, 4♦",2026-10-08T01:04:27.502Z,179142146750203
"Player stacks: #1 ""Spenny @ S8ENkJ8OQS"" (1150) | #3 ""goergoe @ _sqcLETZ0C"" (2060) | #4 ""Stevo @ kI2bCqDOyl"" (1500) | #6 ""arash @ RYnRljE1SO"" (270) | #7 ""Jonah @ xrBY5OZYCv"" (970) | #10 ""peelic @ vOeqrOXpLT"" (1050)",2026-10-08T01:04:27.502Z,179142146750201
"-- starting hand #33 (id: h6e9csrelajm)  No Limit Texas Hold'em (dealer: ""Jonah @ xrBY5OZYCv"") --",2026-10-08T01:04:27.502Z,179142146750200
"-- ending hand #32 --",2026-10-08T01:04:21.478Z,179142146147803
"""goergoe @ _sqcLETZ0C"" collected 170 from pot with Pair, A's (combination: 8♠, J♥, Q♦, A♣, A♥)",2026-10-08T01:04:21.478Z,179142146147802
"""goergoe @ _sqcLETZ0C"" shows a A♣, Q♦.",2026-10-08T01:04:21.478Z,179142146147801
"""peelic @ vOeqrOXpLT"" shows a 10♠, 10♦.",2026-10-08T01:04:21.478Z,179142146147800
"""arash @ RYnRljE1SO"" checks",2026-10-08T01:04:20.644Z,179142146064400
"""goergoe @ _sqcLETZ0C"" checks",2026-10-08T01:04:18.988Z,179142145898800
"""Spenny @ S8ENkJ8OQS"" checks",2026-10-08T01:04:17.625Z,179142145762500
"""peelic @ vOeqrOXpLT"" checks",2026-10-08T01:04:14.390Z,179142145439000
"River: J♥, A♥, 4♣, 6♥ [8♠]",2026-10-08T01:04:11.740Z,179142145174000
"""arash @ RYnRljE1SO"" checks",2026-10-08T01:04:10.910Z,179142145091000
"""goergoe @ _sqcLETZ0C"" checks",2026-10-08T01:04:08.362Z,179142144836200
"""Spenny @ S8ENkJ8OQS"" checks",2026-10-08T01:04:07.487Z,179142144748700
"""peelic @ vOeqrOXpLT"" checks",2026-10-08T01:04:03.758Z,179142144375800
"Turn: J♥, A♥, 4♣ [6♥]",2026-10-08T01:04:02.409Z,179142144240900
"""Spenny @ S8ENkJ8OQS"" calls 20",2026-10-08T01:04:01.560Z,179142144156000
"""peelic @ vOeqrOXpLT"" calls 20",2026-10-08T01:03:58.610Z,179142143861000
"""arash @ RYnRljE1SO"" calls 20",2026-10-08T01:03:56.335Z,179142143633500
"""goergoe @ _sqcLETZ0C"" bets 20",2026-10-08T01:03:51.794Z,179142143179400
"""Spenny @ S8ENkJ8OQS"" checks",2026-10-08T01:03:45.300Z,179142142530000
"""peelic @ vOeqrOXpLT"" checks",2026-10-08T01:03:44.355Z,179142142435500
"Flop:  [J♥, A♥, 4♣]",2026-10-08T01:03:41.989Z,179142142198900
"""peelic @ vOeqrOXpLT"" checks",2026-10-08T01:03:41.161Z,179142142116100
"""Jonah @ xrBY5OZYCv"" folds",2026-10-08T01:03:40.321Z,179142142032100
"""arash @ RYnRljE1SO"" calls 20",2026-10-08T01:03:39.444Z,179142141944400
"""Stevo @ kI2bCqDOyl"" folds",2026-10-08T01:03:38.493Z,179142141849300
"""goergoe @ _sqcLETZ0C"" calls 20",2026-10-08T01:03:37.555Z,179142141755500
"""Spenny @ S8ENkJ8OQS"" calls 20",2026-10-08T01:03:36.708Z,179142141670800
"""peelic @ vOeqrOXpLT"" posts a big blind of 20",2026-10-08T01:03:31.979Z,179142141197909
"""Jonah @ xrBY5OZYCv"" posts a small blind of 10",2026-10-08T01:03:31.979Z,179142141197908
"Your hand is A♣, Q♦",2026-10-08T01:03:31.979Z,179142141197903
"Player stacks: #1 ""Spenny @ S8ENkJ8OQS"" (1190) | #3 ""goergoe @ _sqcLETZ0C"" (1930) | #4 ""Stevo @ kI2bCqDOyl"" (1500) | #6 ""arash @ RYnRljE1SO"" (310) | #7 ""Jonah @ xrBY5OZYCv"" (980) | #10 ""peelic @ vOeqrOXpLT"" (1090)",2026-10-08T01:03:31.979Z,179142141197901
"-- starting hand #32 (id: phtomvmkjzh8)  No Limit Texas Hold'em (dealer: ""arash @ RYnRljE1SO"") --",2026-10-08T01:03:31.979Z,179142141197900
"""peelic @ vOeqrOXpLT"" shows a K♣, Q♠.",2026-10-08T01:03:30.804Z,179142141080400
"-- ending hand #31 --",2026-10-08T01:03:28.367Z,179142140836702
"""peelic @ vOeqrOXpLT"" collected 220 from pot",2026-10-08T01:03:28.367Z,179142140836701
"Uncalled bet of 100 returned to ""peelic @ vOeqrOXpLT""",2026-10-08T01:03:28.367Z,179142140836700
"""arash @ RYnRljE1SO"" folds",2026-10-08T01:03:27.562Z,179142140756200
"""peelic @ vOeqrOXpLT"" bets 100",2026-10-08T01:03:26.598Z,179142140659800
"""arash @ RYnRljE1SO"" checks",2026-10-08T01:03:23.946Z,179142140394600
"River: 6♣, 4♥, 10♦, J♦ [6♦]",2026-10-08T01:03:22.441Z,179142140244100
"""Stevo @ kI2bCqDOyl"" folds",2026-10-08T01:03:21.636Z,179142140163600
"""goergoe @ _sqcLETZ0C"" folds",2026-10-08T01:03:20.698Z,179142140069800
"""peelic @ vOeqrOXpLT"" calls 60",2026-10-08T01:03:16.210Z,179142139621000
"""Jonah @ xrBY5OZYCv"" folds",2026-10-08T01:03:14.466Z,179142139446600
"""arash @ RYnRljE1SO"" bets 60",2026-10-08T01:03:12.680Z,179142139268000
"Turn: 6♣, 4♥, 10♦ [J♦]",2026-10-08T01:03:09.092Z,179142138909200
"""Stevo @ kI2bCqDOyl"" checks",2026-10-08T01:03:08.241Z,179142138824100
"""goergoe @ _sqcLETZ0C"" checks",2026-10-08T01:03:07.306Z,179142138730600
"""peelic @ vOeqrOXpLT"" checks",2026-10-08T01:03:06.452Z,179142138645200
"""Jonah @ xrBY5OZYCv"" checks",2026-10-08T01:03:04.327Z,179142138432700
"""arash @ RYnRljE1SO"" checks",2026-10-08T01:03:03.411Z,179142138341100
"Flop:  [6♣, 4♥, 10♦]",2026-10-08T01:03:01.330Z,179142138133000
"""Jonah @ xrBY5OZYCv"" checks",2026-10-08T01:03:00.493Z,179142138049300
"""arash @ RYnRljE1SO"" calls 20",2026-10-08T01:02:59.533Z,179142137953300
"""Stevo @ kI2bCqDOyl"" calls 20",2026-10-08T01:02:58.575Z,179142137857500
"""goergoe @ _sqcLETZ0C"" calls 20",2026-10-08T01:02:57.648Z,179142137764800
"""Spenny @ S8ENkJ8OQS"" folds",2026-10-08T01:02:56.768Z,179142137676800
"""peelic @ vOeqrOXpLT"" calls 20",2026-10-08T01:02:54.038Z,179142137403800
"""Jonah @ xrBY5OZYCv"" posts a big blind of 20",2026-10-08T01:02:52.962Z,179142137296210
"""arash @ RYnRljE1SO"" posts a small blind of 10",2026-10-08T01:02:52.962Z,179142137296209
"Your hand is A♠, 2♦",2026-10-08T01:02:52.962Z,179142137296204
"Player stacks: #1 ""Spenny @ S8ENkJ8OQS"" (1190) | #3 ""goergoe @ _sqcLETZ0C"" (1950) | #4 ""Stevo @ kI2bCqDOyl"" (1520) | #6 ""arash @ RYnRljE1SO"" (390) | #7 ""Jonah @ xrBY5OZYCv"" (1000) | #10 ""peelic @ vOeqrOXpLT"" (950)",2026-10-08T01:02:52.962Z,179142137296202
"-- starting hand #31 (id: 23o2wrrwiwbc)  No Limit Texas Hold'em (dealer: ""Stevo @ kI2bCqDOyl"") --",2026-10-08T01:02:52.962Z,179142137296201
"The player ""Jonah @ xrBY5OZYCv"" joined the game with a stack of 1000.",2026-10-08T01:02:52.962Z,179142137296200
"-- ending hand #30 --",2026-10-08T01:02:46.959Z,179142136695902
"""Spenny @ S8ENkJ8OQS"" collected 540 from pot with Full House, 7's over 2's (combination: 2♦, 2♣, 7♦, 7♣, 7♥)",2026-10-08T01:02:46.959Z,179142136695901
"""Spenny @ S8ENkJ8OQS"" shows a 7♦, 2♦.",2026-10-08T01:02:46.959Z,179142136695900
"""peelic @ vOeqrOXpLT"" calls 60",2026-10-08T01:02:46.101Z,179142136610100
"""arash @ RYnRljE1SO"" folds",2026-10-08T01:02:45.264Z,179142136526400
"""Stevo @ kI2bCqDOyl"" folds",2026-10-08T01:02:42.210Z,179142136221000
"""Spenny @ S8ENkJ8OQS"" raises to 60",2026-10-08T01:02:41.256Z,179142136125600
"The admin approved the player ""Jonah @ xrBY5OZYCv"" participation with a stack of 1000.",2026-10-08T01:02:40.261Z,179142136026100
"""peelic @ vOeqrOXpLT"" bets 30",2026-10-08T01:02:38.755Z,179142135875500
"The player ""Jonah @ xrBY5OZYCv"" requested a seat.",2026-10-08T01:02:38.368Z,179142135836800
"""arash @ RYnRljE1SO"" checks",2026-10-08T01:02:30.671Z,179142135067100
"""Stevo @ kI2bCqDOyl"" checks",2026-10-08T01:02:29.700Z,179142134970000
"River: 2♣, 7♣, 5♠, 8♦ [7♥]",2026-10-08T01:02:28.338Z,179142134833800
"""Stevo @ kI2bCqDOyl"" calls 60",2026-10-08T01:02:27.508Z,179142134750800
"""Spenny @ S8ENkJ8OQS"" calls 60",2026-10-08T01:02:26.137Z,179142134613700
"""peelic @ vOeqrOXpLT"" calls 60",2026-10-08T01:02:24.404Z,179142134440400
"""arash @ RYnRljE1SO"" raises to 60",2026-10-08T01:02:22.920Z,179142134292000
"""Stevo @ kI2bCqDOyl"" bets 20",2026-10-08T01:02:20.528Z,179142134052800
"Turn: 2♣, 7♣, 5♠ [8♦]",2026-10-08T01:02:19.387Z,179142133938700
"""goergoe @ _sqcLETZ0C"" folds",2026-10-08T01:02:18.581Z,179142133858100
"""Spenny @ S8ENkJ8OQS"" calls 20",2026-10-08T01:02:15.975Z,179142133597500
"""peelic @ vOeqrOXpLT"" calls 20",2026-10-08T01:02:15.075Z,179142133507500
"""arash @ RYnRljE1SO"" calls 20",2026-10-08T01:02:14.228Z,179142133422800
"""Stevo @ kI2bCqDOyl"" bets 20",2026-10-08T01:02:10.623Z,179142133062300
"Flop:  [2♣, 7♣, 5♠]",2026-10-08T01:02:09.377Z,179142132937700
"""arash @ RYnRljE1SO"" checks",2026-10-08T01:02:08.536Z,179142132853600
"""Stevo @ kI2bCqDOyl"" calls 20",2026-10-08T01:02:07.597Z,179142132759700
"""goergoe @ _sqcLETZ0C"" calls 20",2026-10-08T01:02:06.687Z,179142132668700
"""Spenny @ S8ENkJ8OQS"" calls 20",2026-10-08T01:02:03.747Z,179142132374700
"""peelic @ vOeqrOXpLT"" calls 20",2026-10-08T01:01:59.989Z,179142131998900
"""arash @ RYnRljE1SO"" posts a big blind of 20",2026-10-08T01:01:59.187Z,179142131918709
"""Stevo @ kI2bCqDOyl"" posts a small blind of 10",2026-10-08T01:01:59.187Z,179142131918708
"Your hand is 10♦, J♦",2026-10-08T01:01:59.187Z,179142131918704
"Player stacks: #1 ""Spenny @ S8ENkJ8OQS"" (810) | #3 ""goergoe @ _sqcLETZ0C"" (1970) | #4 ""Stevo @ kI2bCqDOyl"" (1620) | #6 ""arash @ RYnRljE1SO"" (490) | #10 ""peelic @ vOeqrOXpLT"" (1110)",2026-10-08T01:01:59.187Z,179142131918702
"-- starting hand #30 (id: wb3ovnxozhus)  No Limit Texas Hold'em (dealer: ""goergoe @ _sqcLETZ0C"") --",2026-10-08T01:01:59.187Z,179142131918701
"The player ""Jonah @ xrBY5OZYCv"" quits the game with a stack of 0.",2026-10-08T01:01:59.187Z,179142131918700
"""goergoe @ _sqcLETZ0C"" shows a 4♣, A♣.",2026-10-08T01:01:53.206Z,179142131320600
"""Stevo @ kI2bCqDOyl"" shows a 8♣, 9♠.",2026-10-08T01:01:52.875Z,179142131287500
"-- ending hand #29 --",2026-10-08T01:01:52.179Z,179142131217901
"""Spenny @ S8ENkJ8OQS"" collected 440 from pot with Two Pair, J's & 7's (combination: A♥, 7♥, 7♦, J♦, J♣)",2026-10-08T01:01:52.179Z,179142131217900
"River: 7♥, 5♦, J♣, 7♦ [6♠]",2026-10-08T01:01:48.158Z,179142130815800
"Turn: 7♥, 5♦, J♣ [7♦]",2026-10-08T01:01:44.131Z,179142130413100
"""Jonah @ xrBY5OZYCv"" shows a A♠, Q♥.",2026-10-08T01:01:40.127Z,179142130012702
"""Spenny @ S8ENkJ8OQS"" shows a A♥, J♦.",2026-10-08T01:01:40.127Z,179142130012701
"Uncalled bet of 20 returned to ""Spenny @ S8ENkJ8OQS""",2026-10-08T01:01:40.127Z,179142130012700
"""goergoe @ _sqcLETZ0C"" folds",2026-10-08T01:01:39.294Z,179142129929400
"""Spenny @ S8ENkJ8OQS"" bets 20",2026-10-08T01:01:28.444Z,179142128844400
"""goergoe @ _sqcLETZ0C"" checks",2026-10-08T01:01:21.099Z,179142128109900
"Flop:  [7♥, 5♦, J♣]",2026-10-08T01:01:12.933Z,179142127293300
"""Stevo @ kI2bCqDOyl"" folds",2026-10-08T01:01:12.087Z,179142127208700
"""goergoe @ _sqcLETZ0C"" calls 140",2026-10-08T01:01:10.302Z,179142127030200
"""Spenny @ S8ENkJ8OQS"" calls 140",2026-10-08T01:01:09.408Z,179142126940800
"""peelic @ vOeqrOXpLT"" folds",2026-10-08T01:01:08.493Z,179142126849300
"""Jonah @ xrBY5OZYCv"" raises to 140 and go all in",2026-10-08T01:01:01.622Z,179142126162200
"""arash @ RYnRljE1SO"" folds",2026-10-08T01:00:59.665Z,179142125966500
"""Stevo @ kI2bCqDOyl"" posts a big blind of 20",2026-10-08T01:00:57.587Z,179142125758709
"""goergoe @ _sqcLETZ0C"" posts a small blind of 10",2026-10-08T01:00:57.587Z,179142125758708
"Your hand is 4♣, A♣",2026-10-08T01:00:57.587Z,179142125758703
"Player stacks: #1 ""Spenny @ S8ENkJ8OQS"" (510) | #3 ""goergoe @ _sqcLETZ0C"" (2110) | #4 ""Stevo @ kI2bCqDOyl"" (1640) | #6 ""arash @ RYnRljE1SO"" (490) | #7 ""Jonah @ xrBY5OZYCv"" (140) | #10 ""peelic @ vOeqrOXpLT"" (1110)",2026-10-08T01:00:57.587Z,179142125758701
"-- starting hand #29 (id: fr3wdgcytugo)  No Limit Texas Hold'em (dealer: ""Spenny @ S8ENkJ8OQS"") --",2026-10-08T01:00:57.587Z,179142125758700
"""goergoe @ _sqcLETZ0C"" shows a 7♣, 4♣.",2026-10-08T01:00:54.587Z,179142125458700
"-- ending hand #28 --",2026-10-08T01:00:53.968Z,179142125396802
"""goergoe @ _sqcLETZ0C"" collected 370 from pot",2026-10-08T01:00:53.968Z,179142125396801
"Uncalled bet of 60 returned to ""goergoe @ _sqcLETZ0C""",2026-10-08T01:00:53.968Z,179142125396800
"""Spenny @ S8ENkJ8OQS"" folds",2026-10-08T01:00:53.087Z,179142125308700
"""goergoe @ _sqcLETZ0C"" bets 60",2026-10-08T01:00:43.799Z,179142124379900
"""Spenny @ S8ENkJ8OQS"" checks",2026-10-08T01:00:41.715Z,179142124171500
"River: 5♥, 7♦, 10♣, 2♣ [4♦]",2026-10-08T01:00:40.171Z,179142124017100
"""Spenny @ S8ENkJ8OQS"" calls 20",2026-10-08T01:00:39.355Z,179142123935500
"""Jonah @ xrBY5OZYCv"" folds",2026-10-08T01:00:33.635Z,179142123363500
"""arash @ RYnRljE1SO"" folds",2026-10-08T01:00:32.771Z,179142123277100
"""goergoe @ _sqcLETZ0C"" bets 20",2026-10-08T01:00:30.317Z,179142123031700
"""Spenny @ S8ENkJ8OQS"" checks",2026-10-08T01:00:25.180Z,179142122518000
"Turn: 5♥, 7♦, 10♣ [2♣]",2026-10-08T01:00:23.145Z,179142122314500
"""Spenny @ S8ENkJ8OQS"" calls 20",2026-10-08T01:00:22.323Z,179142122232300
"""peelic @ vOeqrOXpLT"" folds",2026-10-08T01:00:16.408Z,179142121640800
"""Jonah @ xrBY5OZYCv"" calls 20",2026-10-08T01:00:11.641Z,179142121164100
"""arash @ RYnRljE1SO"" calls 20",2026-10-08T01:00:10.752Z,179142121075200
"""goergoe @ _sqcLETZ0C"" bets 20",2026-10-08T01:00:09.265Z,179142120926500
"""Spenny @ S8ENkJ8OQS"" checks",2026-10-08T01:00:07.324Z,179142120732400
"Flop:  [5♥, 7♦, 10♣]",2026-10-08T01:00:05.315Z,179142120531500
"""arash @ RYnRljE1SO"" calls 50",2026-10-08T01:00:04.370Z,179142120437000
"""goergoe @ _sqcLETZ0C"" calls 50",2026-10-08T01:00:02.512Z,179142120251200
"""Spenny @ S8ENkJ8OQS"" calls 50",2026-10-08T00:59:56.039Z,179142119603900
"""peelic @ vOeqrOXpLT"" calls 50",2026-10-08T00:59:53.089Z,179142119308900
"""Jonah @ xrBY5OZYCv"" raises to 50",2026-10-08T00:59:46.328Z,179142118632800
"""arash @ RYnRljE1SO"" calls 20",2026-10-08T00:59:43.592Z,179142118359200
"""Stevo @ kI2bCqDOyl"" folds",2026-10-08T00:59:42.569Z,179142118256900
"""goergoe @ _sqcLETZ0C"" posts a big blind of 20",2026-10-08T00:59:40.939Z,179142118093909
"""Spenny @ S8ENkJ8OQS"" posts a small blind of 10",2026-10-08T00:59:40.939Z,179142118093908
"Your hand is 7♣, 4♣",2026-10-08T00:59:40.939Z,179142118093903
"Player stacks: #1 ""Spenny @ S8ENkJ8OQS"" (600) | #3 ""goergoe @ _sqcLETZ0C"" (1830) | #4 ""Stevo @ kI2bCqDOyl"" (1640) | #6 ""arash @ RYnRljE1SO"" (560) | #7 ""Jonah @ xrBY5OZYCv"" (210) | #10 ""peelic @ vOeqrOXpLT"" (1160)",2026-10-08T00:59:40.939Z,179142118093901
"-- starting hand #28 (id: uzirkt8bvtol)  No Limit Texas Hold'em (dealer: ""peelic @ vOeqrOXpLT"") --",2026-10-08T00:59:40.939Z,179142118093900
"""goergoe @ _sqcLETZ0C"" shows a 4♣, Q♣.",2026-10-08T00:59:37.936Z,179142117793600
"-- ending hand #27 --",2026-10-08T00:59:37.283Z,179142117728302
"""goergoe @ _sqcLETZ0C"" collected 360 from pot",2026-10-08T00:59:37.283Z,179142117728301
"Uncalled bet of 80 returned to ""goergoe @ _sqcLETZ0C""",2026-10-08T00:59:37.283Z,179142117728300
"""Jonah @ xrBY5OZYCv"" folds",2026-10-08T00:59:36.457Z,179142117645700
"""goergoe @ _sqcLETZ0C"" bets 80",2026-10-08T00:59:35.449Z,179142117544900
"River: 7♦, 4♠, Q♥, 10♠ [8♣]",2026-10-08T00:59:33.137Z,179142117313700
"""Jonah @ xrBY5OZYCv"" calls 60",2026-10-08T00:59:32.325Z,179142117232500
"""arash @ RYnRljE1SO"" folds",2026-10-08T00:59:31.382Z,179142117138200
"""goergoe @ _sqcLETZ0C"" bets 60",2026-10-08T00:59:25.014Z,179142116501400
"Turn: 7♦, 4♠, Q♥ [10♠]",2026-10-08T00:59:19.653Z,179142115965300
"""Spenny @ S8ENkJ8OQS"" folds",2026-10-08T00:59:18.765Z,179142115876500
"""peelic @ vOeqrOXpLT"" folds",2026-10-08T00:59:14.665Z,179142115466500
"""Jonah @ xrBY5OZYCv"" calls 40",2026-10-08T00:59:12.163Z,179142115216300
"""arash @ RYnRljE1SO"" calls 40",2026-10-08T00:59:11.288Z,179142115128800
"""Stevo @ kI2bCqDOyl"" folds",2026-10-08T00:59:05.391Z,179142114539100
"""goergoe @ _sqcLETZ0C"" bets 40",2026-10-08T00:59:04.464Z,179142114446400
"""Spenny @ S8ENkJ8OQS"" checks",2026-10-08T00:58:59.594Z,179142113959400
"""peelic @ vOeqrOXpLT"" checks",2026-10-08T00:58:56.068Z,179142113606800
"Flop:  [7♦, 4♠, Q♥]",2026-10-08T00:58:53.371Z,179142113337100
"""Spenny @ S8ENkJ8OQS"" checks",2026-10-08T00:58:52.557Z,179142113255700
"""peelic @ vOeqrOXpLT"" calls 20",2026-10-08T00:58:51.658Z,179142113165800
"""Jonah @ xrBY5OZYCv"" calls 20",2026-10-08T00:58:50.818Z,179142113081800
"""arash @ RYnRljE1SO"" calls 20",2026-10-08T00:58:49.884Z,179142112988400
"""Stevo @ kI2bCqDOyl"" calls 20",2026-10-08T00:58:48.933Z,179142112893300
"""goergoe @ _sqcLETZ0C"" calls 20",2026-10-08T00:58:47.991Z,179142112799100
"""Spenny @ S8ENkJ8OQS"" posts a big blind of 20",2026-10-08T00:58:45.878Z,179142112587809
"""peelic @ vOeqrOXpLT"" posts a small blind of 10",2026-10-08T00:58:45.878Z,179142112587808
"Your hand is 4♣, Q♣",2026-10-08T00:58:45.878Z,179142112587803
"Player stacks: #1 ""Spenny @ S8ENkJ8OQS"" (620) | #3 ""goergoe @ _sqcLETZ0C"" (1590) | #4 ""Stevo @ kI2bCqDOyl"" (1660) | #6 ""arash @ RYnRljE1SO"" (620) | #7 ""Jonah @ xrBY5OZYCv"" (330) | #10 ""peelic @ vOeqrOXpLT"" (1180)",2026-10-08T00:58:45.878Z,179142112587801
"-- starting hand #27 (id: zhtkdwgr1j6v)  No Limit Texas Hold'em (dealer: ""Jonah @ xrBY5OZYCv"") --",2026-10-08T00:58:45.878Z,179142112587800
"-- ending hand #26 --",2026-10-08T00:58:39.957Z,179142111995702
"""peelic @ vOeqrOXpLT"" collected 280 from pot",2026-10-08T00:58:39.957Z,179142111995701
"Uncalled bet of 100 returned to ""peelic @ vOeqrOXpLT""",2026-10-08T00:58:39.957Z,179142111995700
"""arash @ RYnRljE1SO"" folds",2026-10-08T00:58:39.080Z,179142111908000
"""Spenny @ S8ENkJ8OQS"" folds",2026-10-08T00:58:38.131Z,179142111813100
"""peelic @ vOeqrOXpLT"" bets 100",2026-10-08T00:58:28.679Z,179142110867900
"Turn: 3♦, K♠, 3♠ [J♥]",2026-10-08T00:58:23.067Z,179142110306700
"""Jonah @ xrBY5OZYCv"" folds",2026-10-08T00:58:22.196Z,179142110219600
"""arash @ RYnRljE1SO"" calls 60",2026-10-08T00:58:21.332Z,179142110133200
"""Stevo @ kI2bCqDOyl"" folds",2026-10-08T00:58:18.438Z,179142109843800
"""Spenny @ S8ENkJ8OQS"" calls 60",2026-10-08T00:58:17.496Z,179142109749600
"""peelic @ vOeqrOXpLT"" bets 60",2026-10-08T00:58:13.312Z,179142109331200
"""Jonah @ xrBY5OZYCv"" checks",2026-10-08T00:58:08.858Z,179142108885800
"Flop:  [3♦, K♠, 3♠]",2026-10-08T00:58:06.781Z,179142108678100
"""peelic @ vOeqrOXpLT"" checks",2026-10-08T00:58:05.951Z,179142108595100
"""Jonah @ xrBY5OZYCv"" calls 20",2026-10-08T00:58:05.108Z,179142108510800
"""arash @ RYnRljE1SO"" calls 20",2026-10-08T00:58:04.226Z,179142108422600
"""Stevo @ kI2bCqDOyl"" calls 20",2026-10-08T00:58:03.308Z,179142108330800
"""goergoe @ _sqcLETZ0C"" folds",2026-10-08T00:58:02.357Z,179142108235700
"""Spenny @ S8ENkJ8OQS"" calls 20",2026-10-08T00:58:00.070Z,179142108007000
"""peelic @ vOeqrOXpLT"" posts a big blind of 20",2026-10-08T00:57:57.283Z,179142107728309
"""Jonah @ xrBY5OZYCv"" posts a small blind of 10",2026-10-08T00:57:57.283Z,179142107728308
"Your hand is 6♦, 9♠",2026-10-08T00:57:57.283Z,179142107728303
"Player stacks: #1 ""Spenny @ S8ENkJ8OQS"" (700) | #3 ""goergoe @ _sqcLETZ0C"" (1590) | #4 ""Stevo @ kI2bCqDOyl"" (1680) | #6 ""arash @ RYnRljE1SO"" (700) | #7 ""Jonah @ xrBY5OZYCv"" (350) | #10 ""peelic @ vOeqrOXpLT"" (980)",2026-10-08T00:57:57.283Z,179142107728301
"-- starting hand #26 (id: tbu9z6zhyj6g)  No Limit Texas Hold'em (dealer: ""arash @ RYnRljE1SO"") --",2026-10-08T00:57:57.283Z,179142107728300
"-- ending hand #25 --",2026-10-08T00:57:54.363Z,179142107436302
"""goergoe @ _sqcLETZ0C"" collected 340 from pot",2026-10-08T00:57:54.363Z,179142107436301
"Uncalled bet of 60 returned to ""goergoe @ _sqcLETZ0C""",2026-10-08T00:57:54.363Z,179142107436300
"""peelic @ vOeqrOXpLT"" folds",2026-10-08T00:57:53.552Z,179142107355200
"""Stevo @ kI2bCqDOyl"" folds",2026-10-08T00:57:43.309Z,179142106330900
"""goergoe @ _sqcLETZ0C"" bets 60",2026-10-08T00:57:41.694Z,179142106169400
"""peelic @ vOeqrOXpLT"" checks",2026-10-08T00:57:38.180Z,179142105818000
"River: 6♥, K♠, J♦, 2♦ [4♠]",2026-10-08T00:57:32.781Z,179142105278100
"""peelic @ vOeqrOXpLT"" calls 60",2026-10-08T00:57:31.976Z,179142105197600
"""Jonah @ xrBY5OZYCv"" folds",2026-10-08T00:57:31.111Z,179142105111100
"""arash @ RYnRljE1SO"" folds",2026-10-08T00:57:30.222Z,179142105022200
"""Stevo @ kI2bCqDOyl"" calls 60",2026-10-08T00:57:25.408Z,179142104540800
"""goergoe @ _sqcLETZ0C"" raises to 60",2026-10-08T00:57:23.250Z,179142104325000
"""Spenny @ S8ENkJ8OQS"" folds",2026-10-08T00:57:20.683Z,179142104068300
"""peelic @ vOeqrOXpLT"" calls 20",2026-10-08T00:57:11.360Z,179142103136000
"""Jonah @ xrBY5OZYCv"" calls 20",2026-10-08T00:57:06.660Z,179142102666000
"""arash @ RYnRljE1SO"" bets 20",2026-10-08T00:57:05.655Z,179142102565500
"Turn: 6♥, K♠, J♦ [2♦]",2026-10-08T00:57:03.360Z,179142102336000
"""Stevo @ kI2bCqDOyl"" checks",2026-10-08T00:57:02.461Z,179142102246100
"""goergoe @ _sqcLETZ0C"" checks",2026-10-08T00:56:57.067Z,179142101706700
"""Spenny @ S8ENkJ8OQS"" checks",2026-10-08T00:56:56.158Z,179142101615800
"""peelic @ vOeqrOXpLT"" checks",2026-10-08T00:56:50.221Z,179142101022100
"""Jonah @ xrBY5OZYCv"" checks",2026-10-08T00:56:49.355Z,179142100935500
"""arash @ RYnRljE1SO"" checks",2026-10-08T00:56:48.472Z,179142100847200
"Flop:  [6♥, K♠, J♦]",2026-10-08T00:56:47.065Z,179142100706500
"""Jonah @ xrBY5OZYCv"" checks",2026-10-08T00:56:46.191Z,179142100619100
"""arash @ RYnRljE1SO"" calls 20",2026-10-08T00:56:45.300Z,179142100530000
"""Stevo @ kI2bCqDOyl"" calls 20",2026-10-08T00:56:44.280Z,179142100428000
"""goergoe @ _sqcLETZ0C"" calls 20",2026-10-08T00:56:43.321Z,179142100332100
"""Spenny @ S8ENkJ8OQS"" calls 20",2026-10-08T00:56:42.440Z,179142100244000
"""peelic @ vOeqrOXpLT"" calls 20",2026-10-08T00:56:39.038Z,179142099903800
"""Jonah @ xrBY5OZYCv"" posts a big blind of 20",2026-10-08T00:56:38.162Z,179142099816209
"""arash @ RYnRljE1SO"" posts a small blind of 10",2026-10-08T00:56:38.162Z,179142099816208
"Your hand is A♦, 8♦",2026-10-08T00:56:38.162Z,179142099816203
"Player stacks: #1 ""Spenny @ S8ENkJ8OQS"" (720) | #3 ""goergoe @ _sqcLETZ0C"" (1330) | #4 ""Stevo @ kI2bCqDOyl"" (1760) | #6 ""arash @ RYnRljE1SO"" (740) | #7 ""Jonah @ xrBY5OZYCv"" (390) | #10 ""peelic @ vOeqrOXpLT"" (1060)",2026-10-08T00:56:38.162Z,179142099816201
"-- starting hand #25 (id: mxs9ptdihete)  No Limit Texas Hold'em (dealer: ""Stevo @ kI2bCqDOyl"") --",2026-10-08T00:56:38.162Z,179142099816200
"""Spenny @ S8ENkJ8OQS"" shows a 10♣, 9♠.",2026-10-08T00:56:32.875Z,179142099287500
"-- ending hand #24 --",2026-10-08T00:56:31.654Z,179142099165402
"""Stevo @ kI2bCqDOyl"" collected 440 from pot with Three of a Kind, A's (combination: 9♣, J♦, A♣, A♥, A♦)",2026-10-08T00:56:31.654Z,179142099165401
"""Stevo @ kI2bCqDOyl"" shows a A♣, 6♣.",2026-10-08T00:56:31.654Z,179142099165400
"""Spenny @ S8ENkJ8OQS"" calls 80",2026-10-08T00:56:30.804Z,179142099080400
"""peelic @ vOeqrOXpLT"" folds",2026-10-08T00:56:25.136Z,179142098513600
"""arash @ RYnRljE1SO"" folds",2026-10-08T00:56:24.265Z,179142098426500
"""Stevo @ kI2bCqDOyl"" bets 80",2026-10-08T00:56:19.342Z,179142097934200
"River: 9♣, J♦, A♥, 7♠ [A♦]",2026-10-08T00:56:15.919Z,179142097591900
"""Spenny @ S8ENkJ8OQS"" calls 20",2026-10-08T00:56:15.104Z,179142097510400
"""peelic @ vOeqrOXpLT"" calls 20",2026-10-08T00:56:14.119Z,179142097411900
"""arash @ RYnRljE1SO"" calls 20",2026-10-08T00:56:09.012Z,179142096901200
"""Stevo @ kI2bCqDOyl"" bets 20",2026-10-08T00:56:06.251Z,179142096625100
"Turn: 9♣, J♦, A♥ [7♠]",2026-10-08T00:56:05.232Z,179142096523200
"""goergoe @ _sqcLETZ0C"" folds",2026-10-08T00:56:04.425Z,179142096442500
"""Spenny @ S8ENkJ8OQS"" calls 20",2026-10-08T00:56:03.531Z,179142096353100
"""peelic @ vOeqrOXpLT"" calls 20",2026-10-08T00:56:02.636Z,179142096263600
"""Jonah @ xrBY5OZYCv"" folds",2026-10-08T00:56:01.441Z,179142096144100
"""arash @ RYnRljE1SO"" calls 20",2026-10-08T00:55:56.318Z,179142095631800
"""Stevo @ kI2bCqDOyl"" bets 20",2026-10-08T00:55:50.153Z,179142095015300
"Flop:  [9♣, J♦, A♥]",2026-10-08T00:55:49.160Z,179142094916000
"""arash @ RYnRljE1SO"" checks",2026-10-08T00:55:48.356Z,179142094835600
"""Stevo @ kI2bCqDOyl"" calls 20",2026-10-08T00:55:45.664Z,179142094566400
"""goergoe @ _sqcLETZ0C"" calls 20",2026-10-08T00:55:44.734Z,179142094473400
"""Spenny @ S8ENkJ8OQS"" calls 20",2026-10-08T00:55:43.886Z,179142094388600
"""peelic @ vOeqrOXpLT"" calls 20",2026-10-08T00:55:39.873Z,179142093987300
"""Jonah @ xrBY5OZYCv"" calls 20",2026-10-08T00:55:39.011Z,179142093901100
"""arash @ RYnRljE1SO"" posts a big blind of 20",2026-10-08T00:55:37.306Z,179142093730609
"""Stevo @ kI2bCqDOyl"" posts a small blind of 10",2026-10-08T00:55:37.306Z,179142093730608
"Your hand is 3♦, 4♦",2026-10-08T00:55:37.306Z,179142093730603
"Player stacks: #1 ""Spenny @ S8ENkJ8OQS"" (860) | #3 ""goergoe @ _sqcLETZ0C"" (1350) | #4 ""Stevo @ kI2bCqDOyl"" (1460) | #6 ""arash @ RYnRljE1SO"" (800) | #7 ""Jonah @ xrBY5OZYCv"" (410) | #10 ""peelic @ vOeqrOXpLT"" (1120)",2026-10-08T00:55:37.306Z,179142093730601
"-- starting hand #24 (id: xjufn4iwoxk3)  No Limit Texas Hold'em (dealer: ""goergoe @ _sqcLETZ0C"") --",2026-10-08T00:55:37.306Z,179142093730600
"-- ending hand #23 --",2026-10-08T00:55:31.245Z,179142093124502
"""goergoe @ _sqcLETZ0C"" collected 460 from pot with Full House, K's over 6's (combination: 6♠, 6♣, K♦, K♠, K♥)",2026-10-08T00:55:31.245Z,179142093124501
"""goergoe @ _sqcLETZ0C"" shows a 10♣, K♦.",2026-10-08T00:55:31.245Z,179142093124500
"""arash @ RYnRljE1SO"" calls 100",2026-10-08T00:55:30.402Z,179142093040200
"""goergoe @ _sqcLETZ0C"" bets 100",2026-10-08T00:55:21.300Z,179142092130000
"River: K♠, 2♠, 6♠, 6♣ [K♥]",2026-10-08T00:55:16.693Z,179142091669300
"""goergoe @ _sqcLETZ0C"" calls 60",2026-10-08T00:55:15.864Z,179142091586400
"""Jonah @ xrBY5OZYCv"" folds",2026-10-08T00:55:14.482Z,179142091448200
"""arash @ RYnRljE1SO"" raises to 60",2026-10-08T00:55:13.622Z,179142091362200
"""goergoe @ _sqcLETZ0C"" bets 20",2026-10-08T00:55:03.315Z,179142090331500
"Turn: K♠, 2♠, 6♠ [6♣]",2026-10-08T00:54:58.079Z,179142089807900
"""Jonah @ xrBY5OZYCv"" calls 20",2026-10-08T00:54:57.270Z,179142089727000
"""arash @ RYnRljE1SO"" calls 20",2026-10-08T00:54:55.729Z,179142089572900
"""Stevo @ kI2bCqDOyl"" folds",2026-10-08T00:54:54.790Z,179142089479000
"""goergoe @ _sqcLETZ0C"" bets 20",2026-10-08T00:54:53.843Z,179142089384300
"Flop:  [K♠, 2♠, 6♠]",2026-10-08T00:54:51.873Z,179142089187300
"""Stevo @ kI2bCqDOyl"" checks",2026-10-08T00:54:51.063Z,179142089106300
"""goergoe @ _sqcLETZ0C"" calls 20",2026-10-08T00:54:50.089Z,179142089008900
"""Spenny @ S8ENkJ8OQS"" folds",2026-10-08T00:54:49.237Z,179142088923700
"""peelic @ vOeqrOXpLT"" folds",2026-10-08T00:54:47.282Z,179142088728200
"""Jonah @ xrBY5OZYCv"" calls 20",2026-10-08T00:54:44.836Z,179142088483600
"""arash @ RYnRljE1SO"" calls 20",2026-10-08T00:54:42.600Z,179142088260000
"""Stevo @ kI2bCqDOyl"" posts a big blind of 20",2026-10-08T00:54:40.662Z,179142088066209
"""goergoe @ _sqcLETZ0C"" posts a small blind of 10",2026-10-08T00:54:40.662Z,179142088066208
"Your hand is 10♣, K♦",2026-10-08T00:54:40.662Z,179142088066203
"Player stacks: #1 ""Spenny @ S8ENkJ8OQS"" (860) | #3 ""goergoe @ _sqcLETZ0C"" (1090) | #4 ""Stevo @ kI2bCqDOyl"" (1480) | #6 ""arash @ RYnRljE1SO"" (1000) | #7 ""Jonah @ xrBY5OZYCv"" (450) | #10 ""peelic @ vOeqrOXpLT"" (1120)",2026-10-08T00:54:40.662Z,179142088066201
"-- starting hand #23 (id: ud94hcwdxjxz)  No Limit Texas Hold'em (dealer: ""Spenny @ S8ENkJ8OQS"") --",2026-10-08T00:54:40.662Z,179142088066200
"-- ending hand #22 --",2026-10-08T00:54:34.706Z,179142087470602
"""peelic @ vOeqrOXpLT"" collected 80 from pot",2026-10-08T00:54:34.706Z,179142087470601
"Uncalled bet of 60 returned to ""peelic @ vOeqrOXpLT""",2026-10-08T00:54:34.706Z,179142087470600
"""Stevo @ kI2bCqDOyl"" folds",2026-10-08T00:54:33.902Z,179142087390200
"""goergoe @ _sqcLETZ0C"" folds",2026-10-08T00:54:32.928Z,179142087292800
"""Spenny @ S8ENkJ8OQS"" folds",2026-10-08T00:54:32.079Z,179142087207900
"""peelic @ vOeqrOXpLT"" bets 60",2026-10-08T00:54:26.048Z,179142086604800
"""Stevo @ kI2bCqDOyl"" checks",2026-10-08T00:54:18.391Z,179142085839100
"""goergoe @ _sqcLETZ0C"" checks",2026-10-08T00:54:17.464Z,179142085746400
"""Spenny @ S8ENkJ8OQS"" checks",2026-10-08T00:54:16.596Z,179142085659600
"Turn: A♣, 4♦, 2♠ [7♠]",2026-10-08T00:54:14.783Z,179142085478300
"""peelic @ vOeqrOXpLT"" checks",2026-10-08T00:54:13.966Z,179142085396600
"""Stevo @ kI2bCqDOyl"" checks",2026-10-08T00:54:12.144Z,179142085214400
"""goergoe @ _sqcLETZ0C"" checks",2026-10-08T00:54:11.200Z,179142085120000
"""Spenny @ S8ENkJ8OQS"" checks",2026-10-08T00:54:10.319Z,179142085031900
"Flop:  [A♣, 4♦, 2♠]",2026-10-08T00:54:07.172Z,179142084717200
"""goergoe @ _sqcLETZ0C"" checks",2026-10-08T00:54:06.307Z,179142084630700
"""Spenny @ S8ENkJ8OQS"" calls 20",2026-10-08T00:54:05.458Z,179142084545800
"""peelic @ vOeqrOXpLT"" calls 20",2026-10-08T00:54:04.467Z,179142084446700
"""Jonah @ xrBY5OZYCv"" folds",2026-10-08T00:54:03.628Z,179142084362800
"""arash @ RYnRljE1SO"" folds",2026-10-08T00:54:02.688Z,179142084268800
"""Stevo @ kI2bCqDOyl"" calls 20",2026-10-08T00:53:58.617Z,179142083861700
"""goergoe @ _sqcLETZ0C"" posts a big blind of 20",2026-10-08T00:53:57.159Z,179142083715910
"""Spenny @ S8ENkJ8OQS"" posts a small blind of 10",2026-10-08T00:53:57.159Z,179142083715909
"Your hand is 10♦, 9♦",2026-10-08T00:53:57.159Z,179142083715904
"Player stacks: #1 ""Spenny @ S8ENkJ8OQS"" (880) | #3 ""goergoe @ _sqcLETZ0C"" (1110) | #4 ""Stevo @ kI2bCqDOyl"" (1500) | #6 ""arash @ RYnRljE1SO"" (1000) | #7 ""Jonah @ xrBY5OZYCv"" (450) | #10 ""peelic @ vOeqrOXpLT"" (1060)",2026-10-08T00:53:57.159Z,179142083715902
"-- starting hand #22 (id: xsklbz7xtzwu)  No Limit Texas Hold'em (dealer: ""peelic @ vOeqrOXpLT"") --",2026-10-08T00:53:57.159Z,179142083715901
"The player ""arash @ RYnRljE1SO"" joined the game with a stack of 1000.",2026-10-08T00:53:57.159Z,179142083715900
"""Stevo @ kI2bCqDOyl"" shows a 5♥, 10♥.",2026-10-08T00:53:54.761Z,179142083476100
"-- ending hand #21 --",2026-10-08T00:53:53.512Z,179142083351202
"""goergoe @ _sqcLETZ0C"" collected 340 from pot",2026-10-08T00:53:53.512Z,179142083351201
"Uncalled bet of 80 returned to ""goergoe @ _sqcLETZ0C""",2026-10-08T00:53:53.512Z,179142083351200
"""Spenny @ S8ENkJ8OQS"" folds",2026-10-08T00:53:52.707Z,179142083270700
"""peelic @ vOeqrOXpLT"" folds",2026-10-08T00:53:47.756Z,179142082775600
"""Jonah @ xrBY5OZYCv"" folds",2026-10-08T00:53:39.902Z,179142081990200
"""goergoe @ _sqcLETZ0C"" bets 80",2026-10-08T00:53:39.031Z,179142081903100
"""Spenny @ S8ENkJ8OQS"" checks",2026-10-08T00:53:36.244Z,179142081624400
"""peelic @ vOeqrOXpLT"" checks",2026-10-08T00:53:35.352Z,179142081535200
"River: 3♦, J♠, Q♥, A♠ [K♠]",2026-10-08T00:53:33.640Z,179142081364000
"""Spenny @ S8ENkJ8OQS"" calls 40",2026-10-08T00:53:32.787Z,179142081278700
"""peelic @ vOeqrOXpLT"" calls 40",2026-10-08T00:53:23.290Z,179142080329000
"""Jonah @ xrBY5OZYCv"" calls 40",2026-10-08T00:53:16.936Z,179142079693600
"""goergoe @ _sqcLETZ0C"" bets 40",2026-10-08T00:53:08.390Z,179142078839000
"""Spenny @ S8ENkJ8OQS"" checks",2026-10-08T00:53:03.889Z,179142078388900
"""peelic @ vOeqrOXpLT"" checks",2026-10-08T00:52:57.939Z,179142077793900
"Turn: 3♦, J♠, Q♥ [A♠]",2026-10-08T00:52:55.512Z,179142077551200
"""Jonah @ xrBY5OZYCv"" calls 20",2026-10-08T00:52:54.683Z,179142077468300
"""Stevo @ kI2bCqDOyl"" folds",2026-10-08T00:52:53.816Z,179142077381600
"""goergoe @ _sqcLETZ0C"" calls 20",2026-10-08T00:52:52.864Z,179142077286400
"""Spenny @ S8ENkJ8OQS"" calls 20",2026-10-08T00:52:52.007Z,179142077200700
"""peelic @ vOeqrOXpLT"" bets 20",2026-10-08T00:52:43.961Z,179142076396100
"Flop:  [3♦, J♠, Q♥]",2026-10-08T00:52:38.388Z,179142075838800
"""Spenny @ S8ENkJ8OQS"" checks",2026-10-08T00:52:37.514Z,179142075751400
"""peelic @ vOeqrOXpLT"" calls 20",2026-10-08T00:52:34.275Z,179142075427500
"""Jonah @ xrBY5OZYCv"" calls 20",2026-10-08T00:52:33.439Z,179142075343900
"""Stevo @ kI2bCqDOyl"" calls 20",2026-10-08T00:52:32.537Z,179142075253700
"""goergoe @ _sqcLETZ0C"" calls 20",2026-10-08T00:52:27.913Z,179142074791300
"The admin approved the player ""arash @ RYnRljE1SO"" participation with a stack of 1000.",2026-10-08T00:52:25.529Z,179142074552900
"""Spenny @ S8ENkJ8OQS"" posts a big blind of 20",2026-10-08T00:52:25.484Z,179142074548408
"""peelic @ vOeqrOXpLT"" posts a small blind of 10",2026-10-08T00:52:25.484Z,179142074548407
"Your hand is K♦, 3♠",2026-10-08T00:52:25.484Z,179142074548403
"Player stacks: #1 ""Spenny @ S8ENkJ8OQS"" (960) | #3 ""goergoe @ _sqcLETZ0C"" (850) | #4 ""Stevo @ kI2bCqDOyl"" (1520) | #7 ""Jonah @ xrBY5OZYCv"" (530) | #10 ""peelic @ vOeqrOXpLT"" (1140)",2026-10-08T00:52:25.484Z,179142074548401
"-- starting hand #21 (id: pmmqc2hlwis4)  No Limit Texas Hold'em (dealer: ""Jonah @ xrBY5OZYCv"") --",2026-10-08T00:52:25.484Z,179142074548400
"""goergoe @ _sqcLETZ0C"" shows a 9♣, J♥.",2026-10-08T00:52:23.183Z,179142074318300
"The player ""arash @ RYnRljE1SO"" requested a seat.",2026-10-08T00:52:22.810Z,179142074281000
"""Spenny @ S8ENkJ8OQS"" shows a A♥.",2026-10-08T00:52:22.778Z,179142074277800
"-- ending hand #20 --",2026-10-08T00:52:21.175Z,179142074117502
"""goergoe @ _sqcLETZ0C"" collected 100 from pot",2026-10-08T00:52:21.175Z,179142074117501
"Uncalled bet of 60 returned to ""goergoe @ _sqcLETZ0C""",2026-10-08T00:52:21.175Z,179142074117500
"""Spenny @ S8ENkJ8OQS"" folds",2026-10-08T00:52:20.312Z,179142074031200
"""peelic @ vOeqrOXpLT"" folds",2026-10-08T00:52:11.572Z,179142073157200
"""Jonah @ xrBY5OZYCv"" folds",2026-10-08T00:52:09.747Z,179142072974700
"""Stevo @ kI2bCqDOyl"" folds",2026-10-08T00:52:04.868Z,179142072486800
"""goergoe @ _sqcLETZ0C"" bets 60",2026-10-08T00:52:03.882Z,179142072388200
"""Spenny @ S8ENkJ8OQS"" checks",2026-10-08T00:52:01.481Z,179142072148100
"""peelic @ vOeqrOXpLT"" checks",2026-10-08T00:51:55.642Z,179142071564200
"""Jonah @ xrBY5OZYCv"" checks",2026-10-08T00:51:49.345Z,179142070934500
"River: 4♠, 3♥, 9♠, 10♦ [9♥]",2026-10-08T00:51:47.649Z,179142070764900
"""Stevo @ kI2bCqDOyl"" checks",2026-10-08T00:51:46.840Z,179142070684000
"""goergoe @ _sqcLETZ0C"" checks",2026-10-08T00:51:45.923Z,179142070592300
"""Spenny @ S8ENkJ8OQS"" checks",2026-10-08T00:51:45.049Z,179142070504900
"""peelic @ vOeqrOXpLT"" checks",2026-10-08T00:51:40.041Z,179142070004100
"""Jonah @ xrBY5OZYCv"" checks",2026-10-08T00:51:36.360Z,179142069636000
"Turn: 4♠, 3♥, 9♠ [10♦]",2026-10-08T00:51:34.283Z,179142069428300
"""Stevo @ kI2bCqDOyl"" checks",2026-10-08T00:51:33.454Z,179142069345400
"""goergoe @ _sqcLETZ0C"" checks",2026-10-08T00:51:32.534Z,179142069253400
"""Spenny @ S8ENkJ8OQS"" checks",2026-10-08T00:51:28.122Z,179142068812200
"""peelic @ vOeqrOXpLT"" checks",2026-10-08T00:51:27.221Z,179142068722100
"""Jonah @ xrBY5OZYCv"" checks",2026-10-08T00:51:17.784Z,179142067778400
"Flop:  [4♠, 3♥, 9♠]",2026-10-08T00:51:15.461Z,179142067546100
"""peelic @ vOeqrOXpLT"" checks",2026-10-08T00:51:14.616Z,179142067461600
"""Jonah @ xrBY5OZYCv"" calls 20",2026-10-08T00:51:13.712Z,179142067371200
"""Stevo @ kI2bCqDOyl"" calls 20",2026-10-08T00:51:12.817Z,179142067281700
"""goergoe @ _sqcLETZ0C"" calls 20",2026-10-08T00:51:11.897Z,179142067189700
"""Spenny @ S8ENkJ8OQS"" calls 20",2026-10-08T00:51:07.252Z,179142066725200
"""peelic @ vOeqrOXpLT"" posts a big blind of 20",2026-10-08T00:51:01.862Z,179142066186208
"""Jonah @ xrBY5OZYCv"" posts a small blind of 10",2026-10-08T00:51:01.862Z,179142066186207
"Your hand is 9♣, J♥",2026-10-08T00:51:01.862Z,179142066186203
"Player stacks: #1 ""Spenny @ S8ENkJ8OQS"" (980) | #3 ""goergoe @ _sqcLETZ0C"" (770) | #4 ""Stevo @ kI2bCqDOyl"" (1540) | #7 ""Jonah @ xrBY5OZYCv"" (550) | #10 ""peelic @ vOeqrOXpLT"" (1160)",2026-10-08T00:51:01.862Z,179142066186201
"-- starting hand #20 (id: bznxabefgbs8)  No Limit Texas Hold'em (dealer: ""Stevo @ kI2bCqDOyl"") --",2026-10-08T00:51:01.862Z,179142066186200
"-- ending hand #19 --",2026-10-08T00:50:55.759Z,179142065575902
"""peelic @ vOeqrOXpLT"" collected 180 from pot with Full House, 7's over K's (combination: K♣, K♥, 7♥, 7♣, 7♠)",2026-10-08T00:50:55.759Z,179142065575901
"""peelic @ vOeqrOXpLT"" shows a 7♥, 7♣.",2026-10-08T00:50:55.759Z,179142065575900
"""Jonah @ xrBY5OZYCv"" calls 60",2026-10-08T00:50:54.951Z,179142065495100
"""Stevo @ kI2bCqDOyl"" folds",2026-10-08T00:50:52.827Z,179142065282700
"""peelic @ vOeqrOXpLT"" raises to 60",2026-10-08T00:50:49.916Z,179142064991600
"""Jonah @ xrBY5OZYCv"" bets 20",2026-10-08T00:50:47.990Z,179142064799000
"""Stevo @ kI2bCqDOyl"" checks",2026-10-08T00:50:46.816Z,179142064681600
"River: 10♠, 9♠, K♣, K♥ [7♠]",2026-10-08T00:50:44.950Z,179142064495000
"""peelic @ vOeqrOXpLT"" checks",2026-10-08T00:50:44.142Z,179142064414200
"""Jonah @ xrBY5OZYCv"" checks",2026-10-08T00:50:33.295Z,179142063329500
"""Stevo @ kI2bCqDOyl"" checks",2026-10-08T00:50:32.415Z,179142063241500
"Turn: 10♠, 9♠, K♣ [K♥]",2026-10-08T00:50:25.682Z,179142062568200
"""peelic @ vOeqrOXpLT"" checks",2026-10-08T00:50:24.864Z,179142062486400
"""Jonah @ xrBY5OZYCv"" checks",2026-10-08T00:50:24.007Z,179142062400700
"""Stevo @ kI2bCqDOyl"" checks",2026-10-08T00:50:17.564Z,179142061756400
"Flop:  [10♠, 9♠, K♣]",2026-10-08T00:50:15.964Z,179142061596400
"""Jonah @ xrBY5OZYCv"" checks",2026-10-08T00:50:15.095Z,179142061509500
"""Stevo @ kI2bCqDOyl"" calls 20",2026-10-08T00:50:14.214Z,179142061421400
"""goergoe @ _sqcLETZ0C"" folds",2026-10-08T00:50:12.453Z,179142061245300
"""Spenny @ S8ENkJ8OQS"" folds",2026-10-08T00:50:11.582Z,179142061158200
"""peelic @ vOeqrOXpLT"" calls 20",2026-10-08T00:50:07.594Z,179142060759400
"""Jonah @ xrBY5OZYCv"" posts a big blind of 20",2026-10-08T00:50:01.843Z,179142060184308
"""Stevo @ kI2bCqDOyl"" posts a small blind of 10",2026-10-08T00:50:01.843Z,179142060184307
"Your hand is 7♦, 2♣",2026-10-08T00:50:01.843Z,179142060184303
"Player stacks: #1 ""Spenny @ S8ENkJ8OQS"" (980) | #3 ""goergoe @ _sqcLETZ0C"" (770) | #4 ""Stevo @ kI2bCqDOyl"" (1560) | #7 ""Jonah @ xrBY5OZYCv"" (630) | #10 ""peelic @ vOeqrOXpLT"" (1060)",2026-10-08T00:50:01.843Z,179142060184301
"-- starting hand #19 (id: xggeygiwqhb3)  No Limit Texas Hold'em (dealer: ""goergoe @ _sqcLETZ0C"") --",2026-10-08T00:50:01.843Z,179142060184300
"""goergoe @ _sqcLETZ0C"" shows a 5♣, 6♥.",2026-10-08T00:49:56.558Z,179142059655800
"-- ending hand #18 --",2026-10-08T00:49:55.276Z,179142059527602
"""Stevo @ kI2bCqDOyl"" collected 460 from pot with Straight, 9 High (combination: 5♠, 6♦, 7♣, 8♥, 9♣)",2026-10-08T00:49:55.276Z,179142059527601
"""Stevo @ kI2bCqDOyl"" shows a 9♣, 7♣.",2026-10-08T00:49:55.276Z,179142059527600
"""goergoe @ _sqcLETZ0C"" calls 120",2026-10-08T00:49:54.417Z,179142059441700
"""Spenny @ S8ENkJ8OQS"" folds",2026-10-08T00:49:53.581Z,179142059358100
"""Stevo @ kI2bCqDOyl"" raises to 120",2026-10-08T00:49:49.148Z,179142058914800
"""goergoe @ _sqcLETZ0C"" bets 60",2026-10-08T00:49:47.155Z,179142058715500
"River: 5♠, 6♦, Q♦, K♣ [8♥]",2026-10-08T00:49:44.866Z,179142058486600
"""Spenny @ S8ENkJ8OQS"" checks",2026-10-08T00:49:43.988Z,179142058398800
"""Stevo @ kI2bCqDOyl"" checks",2026-10-08T00:49:39.171Z,179142057917100
"""goergoe @ _sqcLETZ0C"" checks",2026-10-08T00:49:36.137Z,179142057613700
"Turn: 5♠, 6♦, Q♦ [K♣]",2026-10-08T00:49:34.862Z,179142057486200
"""Spenny @ S8ENkJ8OQS"" calls 40",2026-10-08T00:49:34.051Z,179142057405100
"""peelic @ vOeqrOXpLT"" folds",2026-10-08T00:49:25.473Z,179142056547300
"""Jonah @ xrBY5OZYCv"" folds",2026-10-08T00:49:24.575Z,179142056457500
"""Stevo @ kI2bCqDOyl"" calls 40",2026-10-08T00:49:14.381Z,179142055438100
"""goergoe @ _sqcLETZ0C"" bets 40",2026-10-08T00:49:10.365Z,179142055036500
"Flop:  [5♠, 6♦, Q♦]",2026-10-08T00:49:06.952Z,179142054695200
"""Stevo @ kI2bCqDOyl"" checks",2026-10-08T00:49:06.150Z,179142054615000
"""goergoe @ _sqcLETZ0C"" calls 20",2026-10-08T00:49:05.176Z,179142054517600
"""Spenny @ S8ENkJ8OQS"" calls 20",2026-10-08T00:49:04.329Z,179142054432900
"""peelic @ vOeqrOXpLT"" calls 20",2026-10-08T00:48:57.966Z,179142053796600
"""Jonah @ xrBY5OZYCv"" calls 20",2026-10-08T00:48:57.126Z,179142053712600
"""Stevo @ kI2bCqDOyl"" posts a big blind of 20",2026-10-08T00:48:55.458Z,179142053545808
"""goergoe @ _sqcLETZ0C"" posts a small blind of 10",2026-10-08T00:48:55.458Z,179142053545807
"Your hand is 5♣, 6♥",2026-10-08T00:48:55.458Z,179142053545803
"Player stacks: #1 ""Spenny @ S8ENkJ8OQS"" (1040) | #3 ""goergoe @ _sqcLETZ0C"" (950) | #4 ""Stevo @ kI2bCqDOyl"" (1280) | #7 ""Jonah @ xrBY5OZYCv"" (650) | #10 ""peelic @ vOeqrOXpLT"" (1080)",2026-10-08T00:48:55.458Z,179142053545801
"-- starting hand #18 (id: jsqxyfggniwe)  No Limit Texas Hold'em (dealer: ""Spenny @ S8ENkJ8OQS"") --",2026-10-08T00:48:55.458Z,179142053545800
"-- ending hand #17 --",2026-10-08T00:48:49.454Z,179142052945403
"""peelic @ vOeqrOXpLT"" collected 100 from pot with Two Pair, 6's & 2's (combination: K♥, 2♣, 2♦, 6♥, 6♣)",2026-10-08T00:48:49.454Z,179142052945402
"""peelic @ vOeqrOXpLT"" shows a 6♥, 5♦.",2026-10-08T00:48:49.454Z,179142052945401
"""Spenny @ S8ENkJ8OQS"" shows a 5♠, A♠.",2026-10-08T00:48:49.454Z,179142052945400
"""peelic @ vOeqrOXpLT"" calls 20",2026-10-08T00:48:48.644Z,179142052864400
"""goergoe @ _sqcLETZ0C"" folds",2026-10-08T00:48:47.765Z,179142052776500
"""Spenny @ S8ENkJ8OQS"" bets 20",2026-10-08T00:48:43.157Z,179142052315700
"River: 2♣, 2♦, K♥, Q♠ [6♣]",2026-10-08T00:48:38.151Z,179142051815100
"""peelic @ vOeqrOXpLT"" checks",2026-10-08T00:48:37.272Z,179142051727200
"""goergoe @ _sqcLETZ0C"" checks",2026-10-08T00:48:30.716Z,179142051071600
"""Spenny @ S8ENkJ8OQS"" checks",2026-10-08T00:48:27.896Z,179142050789600
"Turn: 2♣, 2♦, K♥ [Q♠]",2026-10-08T00:48:20.588Z,179142050058800
"""peelic @ vOeqrOXpLT"" checks",2026-10-08T00:48:19.745Z,179142049974500
"""goergoe @ _sqcLETZ0C"" checks",2026-10-08T00:48:18.884Z,179142049888400
"""Spenny @ S8ENkJ8OQS"" checks",2026-10-08T00:48:18.047Z,179142049804700
"Flop:  [2♣, 2♦, K♥]",2026-10-08T00:48:13.023Z,179142049302300
"""goergoe @ _sqcLETZ0C"" checks",2026-10-08T00:48:12.198Z,179142049219800
"""Spenny @ S8ENkJ8OQS"" calls 20",2026-10-08T00:48:09.677Z,179142048967700
"""peelic @ vOeqrOXpLT"" calls 20",2026-10-08T00:48:04.882Z,179142048488200
"""Jonah @ xrBY5OZYCv"" folds",2026-10-08T00:48:04.028Z,179142048402800
"""Stevo @ kI2bCqDOyl"" folds",2026-10-08T00:48:03.135Z,179142048313500
"""goergoe @ _sqcLETZ0C"" posts a big blind of 20",2026-10-08T00:48:01.071Z,179142048107108
"""Spenny @ S8ENkJ8OQS"" posts a small blind of 10",2026-10-08T00:48:01.071Z,179142048107107
"Your hand is 7♠, 10♦",2026-10-08T00:48:01.071Z,179142048107103
"Player stacks: #1 ""Spenny @ S8ENkJ8OQS"" (1080) | #3 ""goergoe @ _sqcLETZ0C"" (970) | #4 ""Stevo @ kI2bCqDOyl"" (1280) | #7 ""Jonah @ xrBY5OZYCv"" (650) | #10 ""peelic @ vOeqrOXpLT"" (1020)",2026-10-08T00:48:01.071Z,179142048107101
"-- starting hand #17 (id: cjtmmv0kzcfl)  No Limit Texas Hold'em (dealer: ""peelic @ vOeqrOXpLT"") --",2026-10-08T00:48:01.071Z,179142048107100
"""Stevo @ kI2bCqDOyl"" shows a K♥, 5♠.",2026-10-08T00:47:57.195Z,179142047719500
"-- ending hand #16 --",2026-10-08T00:47:54.512Z,179142047451203
"""Spenny @ S8ENkJ8OQS"" collected 60 from pot with Pair, 4's (combination: Q♣, K♦, A♠, 4♠, 4♥)",2026-10-08T00:47:54.512Z,179142047451202
"""Spenny @ S8ENkJ8OQS"" shows a K♦, 4♠.",2026-10-08T00:47:54.512Z,179142047451201
"""peelic @ vOeqrOXpLT"" shows a 8♥, 2♥.",2026-10-08T00:47:54.512Z,179142047451200
"""Stevo @ kI2bCqDOyl"" checks",2026-10-08T00:47:53.707Z,179142047370700
"""Spenny @ S8ENkJ8OQS"" checks",2026-10-08T00:47:52.739Z,179142047273900
"""peelic @ vOeqrOXpLT"" checks",2026-10-08T00:47:49.102Z,179142046910200
"River: A♠, 3♦, 4♥, Q♣ [10♦]",2026-10-08T00:47:46.463Z,179142046646300
"""Stevo @ kI2bCqDOyl"" checks",2026-10-08T00:47:45.612Z,179142046561200
"""Spenny @ S8ENkJ8OQS"" checks",2026-10-08T00:47:44.693Z,179142046469300
"""peelic @ vOeqrOXpLT"" checks",2026-10-08T00:47:41.284Z,179142046128400
"Turn: A♠, 3♦, 4♥ [Q♣]",2026-10-08T00:47:38.847Z,179142045884700
"""Stevo @ kI2bCqDOyl"" checks",2026-10-08T00:47:38.009Z,179142045800900
"""Spenny @ S8ENkJ8OQS"" checks",2026-10-08T00:47:35.063Z,179142045506300
"""peelic @ vOeqrOXpLT"" checks",2026-10-08T00:47:31.811Z,179142045181100
"Flop:  [A♠, 3♦, 4♥]",2026-10-08T00:47:29.784Z,179142044978400
"""Spenny @ S8ENkJ8OQS"" checks",2026-10-08T00:47:28.926Z,179142044892600
"""peelic @ vOeqrOXpLT"" calls 20",2026-10-08T00:47:28.019Z,179142044801900
"""Jonah @ xrBY5OZYCv"" folds",2026-10-08T00:47:27.096Z,179142044709600
"""Stevo @ kI2bCqDOyl"" calls 20",2026-10-08T00:47:26.187Z,179142044618700
"""goergoe @ _sqcLETZ0C"" folds",2026-10-08T00:47:25.257Z,179142044525700
"""Spenny @ S8ENkJ8OQS"" posts a big blind of 20",2026-10-08T00:47:21.837Z,179142044183708
"""peelic @ vOeqrOXpLT"" posts a small blind of 10",2026-10-08T00:47:21.837Z,179142044183707
"Your hand is 10♠, 6♣",2026-10-08T00:47:21.837Z,179142044183703
"Player stacks: #1 ""Spenny @ S8ENkJ8OQS"" (1040) | #3 ""goergoe @ _sqcLETZ0C"" (970) | #4 ""Stevo @ kI2bCqDOyl"" (1300) | #7 ""Jonah @ xrBY5OZYCv"" (650) | #10 ""peelic @ vOeqrOXpLT"" (1040)",2026-10-08T00:47:21.837Z,179142044183701
"-- starting hand #16 (id: z05znigxrfq8)  No Limit Texas Hold'em (dealer: ""Jonah @ xrBY5OZYCv"") --",2026-10-08T00:47:21.837Z,179142044183700
"-- ending hand #15 --",2026-10-08T00:47:15.811Z,179142043581102
"""peelic @ vOeqrOXpLT"" collected 70 from pot with Pair, 3's (combination: Q♠, K♦, A♥, 3♣, 3♦)",2026-10-08T00:47:15.811Z,179142043581101
"""peelic @ vOeqrOXpLT"" shows a Q♠, 9♠.",2026-10-08T00:47:15.811Z,179142043581100
"""Stevo @ kI2bCqDOyl"" checks",2026-10-08T00:47:14.995Z,179142043499500
"""Spenny @ S8ENkJ8OQS"" checks",2026-10-08T00:47:13.099Z,179142043309900
"""peelic @ vOeqrOXpLT"" checks",2026-10-08T00:47:09.097Z,179142042909700
"River: 3♣, A♥, 8♠, K♦ [3♦]",2026-10-08T00:47:02.566Z,179142042256600
"""Stevo @ kI2bCqDOyl"" checks",2026-10-08T00:47:01.687Z,179142042168700
"""Spenny @ S8ENkJ8OQS"" checks",2026-10-08T00:47:00.688Z,179142042068800
"""peelic @ vOeqrOXpLT"" checks",2026-10-08T00:46:55.384Z,179142041538400
"Turn: 3♣, A♥, 8♠ [K♦]",2026-10-08T00:46:50.285Z,179142041028500
"""Stevo @ kI2bCqDOyl"" checks",2026-10-08T00:46:49.389Z,179142040938900
"""Spenny @ S8ENkJ8OQS"" checks",2026-10-08T00:46:48.430Z,179142040843000
"""peelic @ vOeqrOXpLT"" checks",2026-10-08T00:46:41.671Z,179142040167100
"Flop:  [3♣, A♥, 8♠]",2026-10-08T00:46:35.271Z,179142039527100
"""peelic @ vOeqrOXpLT"" checks",2026-10-08T00:46:34.395Z,179142039439500
"""Jonah @ xrBY5OZYCv"" folds",2026-10-08T00:46:33.525Z,179142039352500
"""Stevo @ kI2bCqDOyl"" calls 20",2026-10-08T00:46:32.579Z,179142039257900
"""goergoe @ _sqcLETZ0C"" folds",2026-10-08T00:46:31.640Z,179142039164000
"""Spenny @ S8ENkJ8OQS"" calls 20",2026-10-08T00:46:27.332Z,179142038733200
"""peelic @ vOeqrOXpLT"" posts a big blind of 20",2026-10-08T00:46:23.653Z,179142038365308
"""Jonah @ xrBY5OZYCv"" posts a small blind of 10",2026-10-08T00:46:23.653Z,179142038365307
"Your hand is 3♥, 5♠",2026-10-08T00:46:23.653Z,179142038365303
"Player stacks: #1 ""Spenny @ S8ENkJ8OQS"" (1060) | #3 ""goergoe @ _sqcLETZ0C"" (970) | #4 ""Stevo @ kI2bCqDOyl"" (1320) | #7 ""Jonah @ xrBY5OZYCv"" (660) | #10 ""peelic @ vOeqrOXpLT"" (990)",2026-10-08T00:46:23.653Z,179142038365301
"-- starting hand #15 (id: quqn7n5jaghn)  No Limit Texas Hold'em (dealer: ""Stevo @ kI2bCqDOyl"") --",2026-10-08T00:46:23.653Z,179142038365300
"""Spenny @ S8ENkJ8OQS"" shows a Q♣, Q♠.",2026-10-08T00:46:18.439Z,179142037843900
"-- ending hand #14 --",2026-10-08T00:46:17.101Z,179142037710102
"""Stevo @ kI2bCqDOyl"" collected 380 from pot with Three of a Kind, K's (combination: 8♣, J♣, K♦, K♥, K♠)",2026-10-08T00:46:17.101Z,179142037710101
"""Stevo @ kI2bCqDOyl"" shows a 8♣, K♦.",2026-10-08T00:46:17.101Z,179142037710100
"""Spenny @ S8ENkJ8OQS"" calls 100",2026-10-08T00:46:16.273Z,179142037627300
"""Jonah @ xrBY5OZYCv"" folds",2026-10-08T00:46:07.509Z,179142036750900
"""Stevo @ kI2bCqDOyl"" bets 100",2026-10-08T00:46:06.594Z,179142036659400
"River: K♥, 4♦, 2♥, J♣ [K♠]",2026-10-08T00:46:03.345Z,179142036334500
"""Spenny @ S8ENkJ8OQS"" calls 20",2026-10-08T00:46:02.538Z,179142036253800
"""Jonah @ xrBY5OZYCv"" calls 20",2026-10-08T00:45:58.285Z,179142035828500
"""Stevo @ kI2bCqDOyl"" bets 20",2026-10-08T00:45:54.341Z,179142035434100
"Turn: K♥, 4♦, 2♥ [J♣]",2026-10-08T00:45:53.553Z,179142035355300
"""Spenny @ S8ENkJ8OQS"" calls 20",2026-10-08T00:45:52.696Z,179142035269600
"""Jonah @ xrBY5OZYCv"" calls 20",2026-10-08T00:45:46.801Z,179142034680100
"""Stevo @ kI2bCqDOyl"" bets 20",2026-10-08T00:45:43.783Z,179142034378300
"Flop:  [K♥, 4♦, 2♥]",2026-10-08T00:45:42.543Z,179142034254300
"""Jonah @ xrBY5OZYCv"" checks",2026-10-08T00:45:41.736Z,179142034173600
"""Stevo @ kI2bCqDOyl"" calls 20",2026-10-08T00:45:40.781Z,179142034078100
"""goergoe @ _sqcLETZ0C"" folds",2026-10-08T00:45:39.793Z,179142033979300
"""Spenny @ S8ENkJ8OQS"" calls 20",2026-10-08T00:45:35.315Z,179142033531500
"""peelic @ vOeqrOXpLT"" folds",2026-10-08T00:45:32.291Z,179142033229100
"""Jonah @ xrBY5OZYCv"" posts a big blind of 20",2026-10-08T00:45:30.668Z,179142033066808
"""Stevo @ kI2bCqDOyl"" posts a small blind of 10",2026-10-08T00:45:30.668Z,179142033066807
"Your hand is J♠, 6♣",2026-10-08T00:45:30.668Z,179142033066803
"Player stacks: #1 ""Spenny @ S8ENkJ8OQS"" (1220) | #3 ""goergoe @ _sqcLETZ0C"" (970) | #4 ""Stevo @ kI2bCqDOyl"" (1100) | #7 ""Jonah @ xrBY5OZYCv"" (720) | #10 ""peelic @ vOeqrOXpLT"" (990)",2026-10-08T00:45:30.668Z,179142033066801
"-- starting hand #14 (id: bxndejmnus4u)  No Limit Texas Hold'em (dealer: ""goergoe @ _sqcLETZ0C"") --",2026-10-08T00:45:30.668Z,179142033066800
"-- ending hand #13 --",2026-10-08T00:45:27.667Z,179142032766702
"""peelic @ vOeqrOXpLT"" collected 90 from pot",2026-10-08T00:45:27.667Z,179142032766701
"Uncalled bet of 60 returned to ""peelic @ vOeqrOXpLT""",2026-10-08T00:45:27.667Z,179142032766700
"""Jonah @ xrBY5OZYCv"" folds",2026-10-08T00:45:26.791Z,179142032679100
"""Stevo @ kI2bCqDOyl"" folds",2026-10-08T00:45:25.876Z,179142032587600
"""Spenny @ S8ENkJ8OQS"" folds",2026-10-08T00:45:22.133Z,179142032213300
"""peelic @ vOeqrOXpLT"" bets 60",2026-10-08T00:45:17.040Z,179142031704000
"""Jonah @ xrBY5OZYCv"" checks",2026-10-08T00:45:14.960Z,179142031496000
"""Stevo @ kI2bCqDOyl"" checks",2026-10-08T00:45:13.044Z,179142031304400
"River: 4♣, J♣, 2♦, A♦ [Q♦]",2026-10-08T00:45:11.258Z,179142031125800
"""Spenny @ S8ENkJ8OQS"" checks",2026-10-08T00:45:10.430Z,179142031043000
"""peelic @ vOeqrOXpLT"" checks",2026-10-08T00:45:06.328Z,179142030632800
"""Jonah @ xrBY5OZYCv"" checks",2026-10-08T00:45:05.481Z,179142030548100
"""Stevo @ kI2bCqDOyl"" checks",2026-10-08T00:45:04.611Z,179142030461100
"Turn: 4♣, J♣, 2♦ [A♦]",2026-10-08T00:45:02.952Z,179142030295200
"""Spenny @ S8ENkJ8OQS"" checks",2026-10-08T00:45:02.098Z,179142030209800
"""peelic @ vOeqrOXpLT"" checks",2026-10-08T00:44:58.910Z,179142029891000
"""Jonah @ xrBY5OZYCv"" checks",2026-10-08T00:44:57.644Z,179142029764400
"""Stevo @ kI2bCqDOyl"" checks",2026-10-08T00:44:56.777Z,179142029677700
"Flop:  [4♣, J♣, 2♦]",2026-10-08T00:44:53.184Z,179142029318400
"""Stevo @ kI2bCqDOyl"" checks",2026-10-08T00:44:52.368Z,179142029236800
"""goergoe @ _sqcLETZ0C"" folds",2026-10-08T00:44:51.419Z,179142029141900
"""Spenny @ S8ENkJ8OQS"" calls 20",2026-10-08T00:44:50.578Z,179142029057800
"""peelic @ vOeqrOXpLT"" calls 20",2026-10-08T00:44:41.240Z,179142028124000
"""Jonah @ xrBY5OZYCv"" calls 20",2026-10-08T00:44:31.241Z,179142027124100
"""Stevo @ kI2bCqDOyl"" posts a big blind of 20",2026-10-08T00:44:30.002Z,179142027000208
"""goergoe @ _sqcLETZ0C"" posts a small blind of 10",2026-10-08T00:44:30.002Z,179142027000207
"Your hand is 10♠, 5♣",2026-10-08T00:44:30.002Z,179142027000203
"Player stacks: #1 ""Spenny @ S8ENkJ8OQS"" (1240) | #3 ""goergoe @ _sqcLETZ0C"" (980) | #4 ""Stevo @ kI2bCqDOyl"" (1120) | #7 ""Jonah @ xrBY5OZYCv"" (740) | #10 ""peelic @ vOeqrOXpLT"" (920)",2026-10-08T00:44:30.002Z,179142027000201
"-- starting hand #13 (id: tlqb1wzhs1j7)  No Limit Texas Hold'em (dealer: ""Spenny @ S8ENkJ8OQS"") --",2026-10-08T00:44:30.002Z,179142027000200
"""Stevo @ kI2bCqDOyl"" shows a J♠, 7♦.",2026-10-08T00:44:25.838Z,179142026583800
"-- ending hand #12 --",2026-10-08T00:44:23.392Z,179142026339202
"""Stevo @ kI2bCqDOyl"" collected 160 from pot",2026-10-08T00:44:23.392Z,179142026339201
"Uncalled bet of 60 returned to ""Stevo @ kI2bCqDOyl""",2026-10-08T00:44:23.392Z,179142026339200
"""Spenny @ S8ENkJ8OQS"" folds",2026-10-08T00:44:22.558Z,179142026255800
"""Jonah @ xrBY5OZYCv"" folds",2026-10-08T00:44:11.720Z,179142025172000
"""Stevo @ kI2bCqDOyl"" bets 60",2026-10-08T00:44:10.080Z,179142025008000
"""Spenny @ S8ENkJ8OQS"" checks",2026-10-08T00:44:02.535Z,179142024253500
"Turn: A♦, 4♥, 7♠ [J♣]",2026-10-08T00:43:56.965Z,179142023696500
"""peelic @ vOeqrOXpLT"" folds",2026-10-08T00:43:56.136Z,179142023613600
"""Jonah @ xrBY5OZYCv"" calls 20",2026-10-08T00:43:47.806Z,179142022780600
"""Stevo @ kI2bCqDOyl"" calls 20",2026-10-08T00:43:46.863Z,179142022686300
"""goergoe @ _sqcLETZ0C"" folds",2026-10-08T00:43:43.880Z,179142022388000
"""Spenny @ S8ENkJ8OQS"" bets 20",2026-10-08T00:43:36.321Z,179142021632100
"Flop:  [A♦, 4♥, 7♠]",2026-10-08T00:43:31.352Z,179142021135200
"""goergoe @ _sqcLETZ0C"" checks",2026-10-08T00:43:30.489Z,179142021048900
"""Spenny @ S8ENkJ8OQS"" calls 20",2026-10-08T00:43:29.649Z,179142020964900
"""peelic @ vOeqrOXpLT"" calls 20",2026-10-08T00:43:26.384Z,179142020638400
"""Jonah @ xrBY5OZYCv"" calls 20",2026-10-08T00:43:25.460Z,179142020546000
"""Stevo @ kI2bCqDOyl"" calls 20",2026-10-08T00:43:24.564Z,179142020456400
"""goergoe @ _sqcLETZ0C"" posts a big blind of 20",2026-10-08T00:43:21.453Z,179142020145308
"""Spenny @ S8ENkJ8OQS"" posts a small blind of 10",2026-10-08T00:43:21.453Z,179142020145307
"Your hand is 8♣, 2♠",2026-10-08T00:43:21.453Z,179142020145303
"Player stacks: #1 ""Spenny @ S8ENkJ8OQS"" (1280) | #3 ""goergoe @ _sqcLETZ0C"" (1000) | #4 ""Stevo @ kI2bCqDOyl"" (1000) | #7 ""Jonah @ xrBY5OZYCv"" (780) | #10 ""peelic @ vOeqrOXpLT"" (940)",2026-10-08T00:43:21.453Z,179142020145301
"-- starting hand #12 (id: uv7hzanqowj7)  No Limit Texas Hold'em (dealer: ""peelic @ vOeqrOXpLT"") --",2026-10-08T00:43:21.453Z,179142020145300
"""Stevo @ kI2bCqDOyl"" shows a K♦, K♠.",2026-10-08T00:43:16.202Z,179142019620200
"-- ending hand #11 --",2026-10-08T00:43:14.937Z,179142019493702
"""peelic @ vOeqrOXpLT"" collected 440 from pot with Two Pair, J's & 10's (combination: 8♦, 10♣, 10♠, J♦, J♠)",2026-10-08T00:43:14.937Z,179142019493701
"""peelic @ vOeqrOXpLT"" shows a J♦, 10♣.",2026-10-08T00:43:14.937Z,179142019493700
"""Stevo @ kI2bCqDOyl"" calls 100",2026-10-08T00:43:14.093Z,179142019409300
"""Spenny @ S8ENkJ8OQS"" folds",2026-10-08T00:43:10.518Z,179142019051800
"""peelic @ vOeqrOXpLT"" bets 100",2026-10-08T00:43:07.024Z,179142018702400
"River: 3♦, 8♦, 2♦, 10♠ [J♠]",2026-10-08T00:43:04.542Z,179142018454200
"""Stevo @ kI2bCqDOyl"" calls 20",2026-10-08T00:43:03.711Z,179142018371100
"""Spenny @ S8ENkJ8OQS"" calls 20",2026-10-08T00:43:00.972Z,179142018097200
"""peelic @ vOeqrOXpLT"" bets 20",2026-10-08T00:42:55.406Z,179142017540600
"Turn: 3♦, 8♦, 2♦ [10♠]",2026-10-08T00:42:47.670Z,179142016767000
"""Stevo @ kI2bCqDOyl"" calls 20",2026-10-08T00:42:46.861Z,179142016686100
"""Spenny @ S8ENkJ8OQS"" calls 20",2026-10-08T00:42:45.920Z,179142016592000
"""peelic @ vOeqrOXpLT"" bets 20",2026-10-08T00:42:41.382Z,179142016138200
"Flop:  [3♦, 8♦, 2♦]",2026-10-08T00:42:38.047Z,179142015804700
"""Spenny @ S8ENkJ8OQS"" calls 40",2026-10-08T00:42:37.199Z,179142015719900
"""peelic @ vOeqrOXpLT"" calls 40",2026-10-08T00:42:34.164Z,179142015416400
"""Jonah @ xrBY5OZYCv"" folds",2026-10-08T00:42:31.516Z,179142015151600
"""Stevo @ kI2bCqDOyl"" raises to 40",2026-10-08T00:42:30.660Z,179142015066000
"""goergoe @ _sqcLETZ0C"" folds",2026-10-08T00:42:28.076Z,179142014807600
"""Spenny @ S8ENkJ8OQS"" posts a big blind of 20",2026-10-08T00:42:25.238Z,179142014523808
"""peelic @ vOeqrOXpLT"" posts a small blind of 10",2026-10-08T00:42:25.238Z,179142014523807
"Your hand is 9♠, 7♣",2026-10-08T00:42:25.238Z,179142014523803
"Player stacks: #1 ""Spenny @ S8ENkJ8OQS"" (1360) | #3 ""goergoe @ _sqcLETZ0C"" (1000) | #4 ""Stevo @ kI2bCqDOyl"" (1180) | #7 ""Jonah @ xrBY5OZYCv"" (780) | #10 ""peelic @ vOeqrOXpLT"" (680)",2026-10-08T00:42:25.238Z,179142014523801
"-- starting hand #11 (id: g1pcdyy6nanz)  No Limit Texas Hold'em (dealer: ""Jonah @ xrBY5OZYCv"") --",2026-10-08T00:42:25.238Z,179142014523800
"-- ending hand #10 --",2026-10-08T00:42:22.236Z,179142014223602
"""peelic @ vOeqrOXpLT"" collected 140 from pot",2026-10-08T00:42:22.236Z,179142014223601
"Uncalled bet of 60 returned to ""peelic @ vOeqrOXpLT""",2026-10-08T00:42:22.236Z,179142014223600
"""Jonah @ xrBY5OZYCv"" folds",2026-10-08T00:42:21.304Z,179142014130400
"""Spenny @ S8ENkJ8OQS"" folds",2026-10-08T00:42:20.385Z,179142014038500
"""peelic @ vOeqrOXpLT"" bets 60",2026-10-08T00:42:15.694Z,179142013569400
"""Jonah @ xrBY5OZYCv"" checks",2026-10-08T00:42:13.183Z,179142013318300
"River: 8♣, Q♥, 7♠, 6♣ [9♠]",2026-10-08T00:42:11.432Z,179142013143200
"""peelic @ vOeqrOXpLT"" calls 20",2026-10-08T00:42:10.583Z,179142013058300
"""Jonah @ xrBY5OZYCv"" calls 20",2026-10-08T00:42:03.630Z,179142012363000
"""Stevo @ kI2bCqDOyl"" folds",2026-10-08T00:42:01.702Z,179142012170200
"""Spenny @ S8ENkJ8OQS"" bets 20",2026-10-08T00:42:00.645Z,179142012064500
"""peelic @ vOeqrOXpLT"" checks",2026-10-08T00:41:57.002Z,179142011700200
"""Jonah @ xrBY5OZYCv"" checks",2026-10-08T00:41:53.133Z,179142011313300
"Turn: 8♣, Q♥, 7♠ [6♣]",2026-10-08T00:41:51.853Z,179142011185300
"""Stevo @ kI2bCqDOyl"" checks",2026-10-08T00:41:51.040Z,179142011104000
"""Spenny @ S8ENkJ8OQS"" checks",2026-10-08T00:41:47.993Z,179142010799300
"""peelic @ vOeqrOXpLT"" checks",2026-10-08T00:41:45.993Z,179142010599300
"""Jonah @ xrBY5OZYCv"" checks",2026-10-08T00:41:45.067Z,179142010506700
"Flop:  [8♣, Q♥, 7♠]",2026-10-08T00:41:43.165Z,179142010316500
"""peelic @ vOeqrOXpLT"" checks",2026-10-08T00:41:42.288Z,179142010228800
"""Jonah @ xrBY5OZYCv"" calls 20",2026-10-08T00:41:41.418Z,179142010141800
"""Stevo @ kI2bCqDOyl"" calls 20",2026-10-08T00:41:40.559Z,179142010055900
"""goergoe @ _sqcLETZ0C"" folds",2026-10-08T00:41:39.631Z,179142009963100
"""Spenny @ S8ENkJ8OQS"" calls 20",2026-10-08T00:41:31.662Z,179142009166200
"""peelic @ vOeqrOXpLT"" posts a big blind of 20",2026-10-08T00:41:29.850Z,179142008985008
"""Jonah @ xrBY5OZYCv"" posts a small blind of 10",2026-10-08T00:41:29.850Z,179142008985007
"Your hand is Q♦, 4♠",2026-10-08T00:41:29.850Z,179142008985003
"Player stacks: #1 ""Spenny @ S8ENkJ8OQS"" (1400) | #3 ""goergoe @ _sqcLETZ0C"" (1000) | #4 ""Stevo @ kI2bCqDOyl"" (1200) | #7 ""Jonah @ xrBY5OZYCv"" (820) | #10 ""peelic @ vOeqrOXpLT"" (580)",2026-10-08T00:41:29.850Z,179142008985001
"-- starting hand #10 (id: 6uop04iig00h)  No Limit Texas Hold'em (dealer: ""Stevo @ kI2bCqDOyl"") --",2026-10-08T00:41:29.850Z,179142008985000
"""Spenny @ S8ENkJ8OQS"" shows a 2♥, K♣.",2026-10-08T00:41:25.925Z,179142008592500
"-- ending hand #9 --",2026-10-08T00:41:23.305Z,179142008330505
"""peelic @ vOeqrOXpLT"" collected 40 from pot with Two Pair, 7's & 6's (combination: A♠, 6♦, 6♠, 7♥, 7♣)",2026-10-08T00:41:23.305Z,179142008330504
"""Jonah @ xrBY5OZYCv"" collected 40 from pot with Two Pair, 7's & 6's (combination: A♠, 6♣, 6♠, 7♥, 7♣)",2026-10-08T00:41:23.305Z,179142008330503
"""peelic @ vOeqrOXpLT"" shows a K♥, 6♦.",2026-10-08T00:41:23.305Z,179142008330502
"""Jonah @ xrBY5OZYCv"" shows a 6♣, Q♠.",2026-10-08T00:41:23.305Z,179142008330501
"""Stevo @ kI2bCqDOyl"" shows a K♠, 10♣.",2026-10-08T00:41:23.305Z,179142008330500
"""Spenny @ S8ENkJ8OQS"" checks",2026-10-08T00:41:22.461Z,179142008246100
"""peelic @ vOeqrOXpLT"" checks",2026-10-08T00:41:19.929Z,179142007992900
"""Jonah @ xrBY5OZYCv"" checks",2026-10-08T00:41:17.756Z,179142007775600
"""Stevo @ kI2bCqDOyl"" checks",2026-10-08T00:41:16.885Z,179142007688500
"River: 3♠, 7♥, 6♠, A♠ [7♣]",2026-10-08T00:41:15.843Z,179142007584300
"""Spenny @ S8ENkJ8OQS"" checks",2026-10-08T00:41:15.017Z,179142007501700
"""peelic @ vOeqrOXpLT"" checks",2026-10-08T00:41:11.323Z,179142007132300
"""Jonah @ xrBY5OZYCv"" checks",2026-10-08T00:41:10.479Z,179142007047900
"""Stevo @ kI2bCqDOyl"" checks",2026-10-08T00:41:08.046Z,179142006804600
"Turn: 3♠, 7♥, 6♠ [A♠]",2026-10-08T00:41:06.890Z,179142006689000
"""Spenny @ S8ENkJ8OQS"" checks",2026-10-08T00:41:06.060Z,179142006606000
"""peelic @ vOeqrOXpLT"" checks",2026-10-08T00:41:05.138Z,179142006513800
"""Jonah @ xrBY5OZYCv"" checks",2026-10-08T00:41:02.717Z,179142006271700
"""Stevo @ kI2bCqDOyl"" checks",2026-10-08T00:41:01.800Z,179142006180000
"Flop:  [3♠, 7♥, 6♠]",2026-10-08T00:40:57.537Z,179142005753700
"""Jonah @ xrBY5OZYCv"" checks",2026-10-08T00:40:56.670Z,179142005667000
"""Stevo @ kI2bCqDOyl"" calls 20",2026-10-08T00:40:55.505Z,179142005550500
"""goergoe @ _sqcLETZ0C"" folds",2026-10-08T00:40:54.529Z,179142005452900
"""Spenny @ S8ENkJ8OQS"" calls 20",2026-10-08T00:40:53.671Z,179142005367100
"""peelic @ vOeqrOXpLT"" calls 20",2026-10-08T00:40:49.926Z,179142004992600
"""Jonah @ xrBY5OZYCv"" posts a big blind of 20",2026-10-08T00:40:48.976Z,179142004897608
"""Stevo @ kI2bCqDOyl"" posts a small blind of 10",2026-10-08T00:40:48.976Z,179142004897607
"Your hand is 4♦, J♣",2026-10-08T00:40:48.976Z,179142004897603
"Player stacks: #1 ""Spenny @ S8ENkJ8OQS"" (1420) | #3 ""goergoe @ _sqcLETZ0C"" (1000) | #4 ""Stevo @ kI2bCqDOyl"" (1220) | #7 ""Jonah @ xrBY5OZYCv"" (800) | #10 ""peelic @ vOeqrOXpLT"" (560)",2026-10-08T00:40:48.976Z,179142004897601
"-- starting hand #9 (id: jsimvu6rjrbz)  No Limit Texas Hold'em (dealer: ""goergoe @ _sqcLETZ0C"") --",2026-10-08T00:40:48.976Z,179142004897600
"""Stevo @ kI2bCqDOyl"" shows a 5♠, 6♥.",2026-10-08T00:40:45.722Z,179142004572200
"""Spenny @ S8ENkJ8OQS"" shows a 7♥, 7♣.",2026-10-08T00:40:45.656Z,179142004565600
"-- ending hand #8 --",2026-10-08T00:40:44.615Z,179142004461502
"""Spenny @ S8ENkJ8OQS"" collected 200 from pot",2026-10-08T00:40:44.615Z,179142004461501
"Uncalled bet of 40 returned to ""Spenny @ S8ENkJ8OQS""",2026-10-08T00:40:44.615Z,179142004461500
"""peelic @ vOeqrOXpLT"" folds",2026-10-08T00:40:43.793Z,179142004379300
"""goergoe @ _sqcLETZ0C"" folds",2026-10-08T00:40:39.712Z,179142003971200
"""Spenny @ S8ENkJ8OQS"" bets 40",2026-10-08T00:40:38.838Z,179142003883800
"""peelic @ vOeqrOXpLT"" checks",2026-10-08T00:40:36.330Z,179142003633000
"""goergoe @ _sqcLETZ0C"" checks",2026-10-08T00:40:33.422Z,179142003342200
"River: 5♣, 6♠, 8♥, 2♥ [2♦]",2026-10-08T00:40:31.763Z,179142003176300
"""Spenny @ S8ENkJ8OQS"" checks",2026-10-08T00:40:30.927Z,179142003092700
"""peelic @ vOeqrOXpLT"" checks",2026-10-08T00:40:28.695Z,179142002869500
"""goergoe @ _sqcLETZ0C"" checks",2026-10-08T00:40:25.392Z,179142002539200
"Turn: 5♣, 6♠, 8♥ [2♥]",2026-10-08T00:40:18.350Z,179142001835000
"""peelic @ vOeqrOXpLT"" calls 20",2026-10-08T00:40:17.461Z,179142001746100
"""goergoe @ _sqcLETZ0C"" calls 20",2026-10-08T00:40:13.429Z,179142001342900
"""Spenny @ S8ENkJ8OQS"" bets 20",2026-10-08T00:40:04.704Z,179142000470400
"""peelic @ vOeqrOXpLT"" checks",2026-10-08T00:40:03.058Z,179142000305800
"""goergoe @ _sqcLETZ0C"" checks",2026-10-08T00:39:56.872Z,179141999687200
"Flop:  [5♣, 6♠, 8♥]",2026-10-08T00:39:46.780Z,179141998678000
"""peelic @ vOeqrOXpLT"" calls 40",2026-10-08T00:39:45.932Z,179141998593200
"""Stevo @ kI2bCqDOyl"" folds",2026-10-08T00:39:44.614Z,179141998461400
"""goergoe @ _sqcLETZ0C"" calls 40",2026-10-08T00:39:43.384Z,179141998338400
"""Spenny @ S8ENkJ8OQS"" raises to 40",2026-10-08T00:39:39.744Z,179141997974400
"""peelic @ vOeqrOXpLT"" calls 20",2026-10-08T00:39:36.492Z,179141997649200
"""Jonah @ xrBY5OZYCv"" folds",2026-10-08T00:39:35.610Z,179141997561000
"""Stevo @ kI2bCqDOyl"" posts a big blind of 20",2026-10-08T00:39:32.972Z,179141997297208
"""goergoe @ _sqcLETZ0C"" posts a small blind of 10",2026-10-08T00:39:32.972Z,179141997297207
"Your hand is Q♣, 10♦",2026-10-08T00:39:32.972Z,179141997297203
"Player stacks: #1 ""Spenny @ S8ENkJ8OQS"" (1280) | #3 ""goergoe @ _sqcLETZ0C"" (1060) | #4 ""Stevo @ kI2bCqDOyl"" (1240) | #7 ""Jonah @ xrBY5OZYCv"" (800) | #10 ""peelic @ vOeqrOXpLT"" (620)",2026-10-08T00:39:32.972Z,179141997297201
"-- starting hand #8 (id: y1wd6jhwvxqe)  No Limit Texas Hold'em (dealer: ""Spenny @ S8ENkJ8OQS"") --",2026-10-08T00:39:32.972Z,179141997297200
"""Spenny @ S8ENkJ8OQS"" shows a 7♣, 8♣.",2026-10-08T00:39:30.686Z,179141997068600
"-- ending hand #7 --",2026-10-08T00:39:29.366Z,179141996936602
"""Spenny @ S8ENkJ8OQS"" collected 240 from pot",2026-10-08T00:39:29.366Z,179141996936601
"Uncalled bet of 80 returned to ""Spenny @ S8ENkJ8OQS""",2026-10-08T00:39:29.366Z,179141996936600
"""Jonah @ xrBY5OZYCv"" folds",2026-10-08T00:39:28.503Z,179141996850300
"""Spenny @ S8ENkJ8OQS"" bets 80",2026-10-08T00:39:27.595Z,179141996759500
"River: 6♥, 9♥, J♠, 10♣ [7♠]",2026-10-08T00:39:22.452Z,179141996245200
"""Jonah @ xrBY5OZYCv"" calls 40",2026-10-08T00:39:21.586Z,179141996158600
"""goergoe @ _sqcLETZ0C"" folds",2026-10-08T00:39:18.527Z,179141995852700
"""Spenny @ S8ENkJ8OQS"" bets 40",2026-10-08T00:39:09.434Z,179141994943400
"Turn: 6♥, 9♥, J♠ [10♣]",2026-10-08T00:39:03.832Z,179141994383200
"""peelic @ vOeqrOXpLT"" folds",2026-10-08T00:39:02.930Z,179141994293000
"""Jonah @ xrBY5OZYCv"" calls 20",2026-10-08T00:38:59.017Z,179141993901700
"""Stevo @ kI2bCqDOyl"" folds",2026-10-08T00:38:58.075Z,179141993807500
"""goergoe @ _sqcLETZ0C"" calls 20",2026-10-08T00:38:57.101Z,179141993710100
"""Spenny @ S8ENkJ8OQS"" bets 20",2026-10-08T00:38:54.862Z,179141993486200
"Flop:  [6♥, 9♥, J♠]",2026-10-08T00:38:51.363Z,179141993136300
"""goergoe @ _sqcLETZ0C"" checks",2026-10-08T00:38:50.475Z,179141993047500
"""Spenny @ S8ENkJ8OQS"" calls 20",2026-10-08T00:38:46.045Z,179141992604500
"""peelic @ vOeqrOXpLT"" calls 20",2026-10-08T00:38:45.085Z,179141992508500
"""Jonah @ xrBY5OZYCv"" calls 20",2026-10-08T00:38:44.205Z,179141992420500
"""Stevo @ kI2bCqDOyl"" calls 20",2026-10-08T00:38:43.263Z,179141992326300
"""goergoe @ _sqcLETZ0C"" posts a big blind of 20",2026-10-08T00:38:41.558Z,179141992155808
"""Spenny @ S8ENkJ8OQS"" posts a small blind of 10",2026-10-08T00:38:41.558Z,179141992155807
"Your hand is 9♣, A♥",2026-10-08T00:38:41.558Z,179141992155803
"Player stacks: #1 ""Spenny @ S8ENkJ8OQS"" (1120) | #3 ""goergoe @ _sqcLETZ0C"" (1100) | #4 ""Stevo @ kI2bCqDOyl"" (1260) | #7 ""Jonah @ xrBY5OZYCv"" (880) | #10 ""peelic @ vOeqrOXpLT"" (640)",2026-10-08T00:38:41.558Z,179141992155801
"-- starting hand #7 (id: 7z5anliapcdv)  No Limit Texas Hold'em (dealer: ""peelic @ vOeqrOXpLT"") --",2026-10-08T00:38:41.558Z,179141992155800
"-- ending hand #6 --",2026-10-08T00:38:38.611Z,179141991861102
"""Spenny @ S8ENkJ8OQS"" collected 280 from pot",2026-10-08T00:38:38.611Z,179141991861101
"Uncalled bet of 100 returned to ""Spenny @ S8ENkJ8OQS""",2026-10-08T00:38:38.611Z,179141991861100
"""Stevo @ kI2bCqDOyl"" folds",2026-10-08T00:38:37.753Z,179141991775300
"""Spenny @ S8ENkJ8OQS"" bets 100",2026-10-08T00:38:36.803Z,179141991680300
"River: K♠, Q♠, J♦, 5♦ [6♣]",2026-10-08T00:38:33.402Z,179141991340200
"""peelic @ vOeqrOXpLT"" folds",2026-10-08T00:38:32.582Z,179141991258200
"""Stevo @ kI2bCqDOyl"" calls 40",2026-10-08T00:38:31.684Z,179141991168400
"""Spenny @ S8ENkJ8OQS"" bets 40",2026-10-08T00:38:30.262Z,179141991026200
"""peelic @ vOeqrOXpLT"" checks",2026-10-08T00:38:23.578Z,179141990357800
"Turn: K♠, Q♠, J♦ [5♦]",2026-10-08T00:38:22.346Z,179141990234600
"""peelic @ vOeqrOXpLT"" calls 40",2026-10-08T00:38:21.434Z,179141990143400
"""Stevo @ kI2bCqDOyl"" calls 40",2026-10-08T00:38:15.453Z,179141989545300
"""goergoe @ _sqcLETZ0C"" folds",2026-10-08T00:38:14.526Z,179141989452600
"""Spenny @ S8ENkJ8OQS"" bets 40",2026-10-08T00:38:06.521Z,179141988652100
"""peelic @ vOeqrOXpLT"" checks",2026-10-08T00:38:00.249Z,179141988024900
"Flop:  [K♠, Q♠, J♦]",2026-10-08T00:37:54.133Z,179141987413300
"""Spenny @ S8ENkJ8OQS"" checks",2026-10-08T00:37:53.318Z,179141987331800
"""peelic @ vOeqrOXpLT"" calls 20",2026-10-08T00:37:52.328Z,179141987232800
"""Jonah @ xrBY5OZYCv"" folds",2026-10-08T00:37:51.492Z,179141987149200
"""Stevo @ kI2bCqDOyl"" calls 20",2026-10-08T00:37:50.588Z,179141987058800
"""goergoe @ _sqcLETZ0C"" calls 20",2026-10-08T00:37:49.651Z,179141986965100
"""Spenny @ S8ENkJ8OQS"" posts a big blind of 20",2026-10-08T00:37:48.038Z,179141986803808
"""peelic @ vOeqrOXpLT"" posts a small blind of 10",2026-10-08T00:37:48.038Z,179141986803807
"Your hand is 4♠, 5♠",2026-10-08T00:37:48.038Z,179141986803803
"Player stacks: #1 ""Spenny @ S8ENkJ8OQS"" (940) | #3 ""goergoe @ _sqcLETZ0C"" (1120) | #4 ""Stevo @ kI2bCqDOyl"" (1360) | #7 ""Jonah @ xrBY5OZYCv"" (880) | #10 ""peelic @ vOeqrOXpLT"" (700)",2026-10-08T00:37:48.038Z,179141986803801
"-- starting hand #6 (id: qvnvsvuyt1k4)  No Limit Texas Hold'em (dealer: ""Jonah @ xrBY5OZYCv"") --",2026-10-08T00:37:48.038Z,179141986803800
"""Spenny @ S8ENkJ8OQS"" shows a 4♣, 4♦.",2026-10-08T00:37:45.914Z,179141986591400
"""Stevo @ kI2bCqDOyl"" shows a 8♦, 10♠.",2026-10-08T00:37:44.908Z,179141986490800
"-- ending hand #5 --",2026-10-08T00:37:43.703Z,179141986370302
"""Stevo @ kI2bCqDOyl"" collected 220 from pot",2026-10-08T00:37:43.703Z,179141986370301
"Uncalled bet of 60 returned to ""Stevo @ kI2bCqDOyl""",2026-10-08T00:37:43.703Z,179141986370300
"""Spenny @ S8ENkJ8OQS"" folds",2026-10-08T00:37:42.883Z,179141986288300
"""Stevo @ kI2bCqDOyl"" bets 60",2026-10-08T00:37:41.983Z,179141986198300
"""Spenny @ S8ENkJ8OQS"" checks",2026-10-08T00:37:39.759Z,179141985975900
"River: 10♣, 9♣, 10♦, 5♥ [9♥]",2026-10-08T00:37:37.587Z,179141985758700
"""Spenny @ S8ENkJ8OQS"" calls 40",2026-10-08T00:37:36.742Z,179141985674200
"""peelic @ vOeqrOXpLT"" folds",2026-10-08T00:37:35.796Z,179141985579600
"""Stevo @ kI2bCqDOyl"" raises to 40",2026-10-08T00:37:28.169Z,179141984816900
"""Spenny @ S8ENkJ8OQS"" bets 20",2026-10-08T00:37:26.308Z,179141984630800
"""peelic @ vOeqrOXpLT"" checks",2026-10-08T00:37:24.168Z,179141984416800
"Turn: 10♣, 9♣, 10♦ [5♥]",2026-10-08T00:37:22.580Z,179141984258000
"""Spenny @ S8ENkJ8OQS"" calls 20",2026-10-08T00:37:21.719Z,179141984171900
"""peelic @ vOeqrOXpLT"" calls 20",2026-10-08T00:37:15.473Z,179141983547300
"""Jonah @ xrBY5OZYCv"" folds",2026-10-08T00:37:14.583Z,179141983458300
"""Stevo @ kI2bCqDOyl"" bets 20",2026-10-08T00:37:03.652Z,179141982365200
"""Spenny @ S8ENkJ8OQS"" checks",2026-10-08T00:37:02.414Z,179141982241400
"""peelic @ vOeqrOXpLT"" checks",2026-10-08T00:36:59.689Z,179141981968900
"""Jonah @ xrBY5OZYCv"" checks",2026-10-08T00:36:51.275Z,179141981127500
"Flop:  [10♣, 9♣, 10♦]",2026-10-08T00:36:46.696Z,179141980669600
"""peelic @ vOeqrOXpLT"" checks",2026-10-08T00:36:45.889Z,179141980588900
"""Jonah @ xrBY5OZYCv"" calls 20",2026-10-08T00:36:39.080Z,179141979908000
"""Stevo @ kI2bCqDOyl"" calls 20",2026-10-08T00:36:35.890Z,179141979589000
"""goergoe @ _sqcLETZ0C"" folds",2026-10-08T00:36:33.856Z,179141979385600
"""Spenny @ S8ENkJ8OQS"" calls 20",2026-10-08T00:36:29.955Z,179141978995500
"""peelic @ vOeqrOXpLT"" posts a big blind of 20",2026-10-08T00:36:27.882Z,179141978788208
"""Jonah @ xrBY5OZYCv"" posts a small blind of 10",2026-10-08T00:36:27.882Z,179141978788207
"Your hand is 7♦, 2♣",2026-10-08T00:36:27.882Z,179141978788203
"Player stacks: #1 ""Spenny @ S8ENkJ8OQS"" (1020) | #3 ""goergoe @ _sqcLETZ0C"" (1120) | #4 ""Stevo @ kI2bCqDOyl"" (1220) | #7 ""Jonah @ xrBY5OZYCv"" (900) | #10 ""peelic @ vOeqrOXpLT"" (740)",2026-10-08T00:36:27.882Z,179141978788201
"-- starting hand #5 (id: cminkv6mjn9s)  No Limit Texas Hold'em (dealer: ""Stevo @ kI2bCqDOyl"") --",2026-10-08T00:36:27.882Z,179141978788200
"""Spenny @ S8ENkJ8OQS"" shows a 5♣.",2026-10-08T00:36:23.721Z,179141978372100
"-- ending hand #4 --",2026-10-08T00:36:21.287Z,179141978128702
"""Stevo @ kI2bCqDOyl"" collected 380 from pot with Two Pair, 10's & 4's (combination: 6♠, 4♣, 4♠, 10♠, 10♣)",2026-10-08T00:36:21.287Z,179141978128701
"""Stevo @ kI2bCqDOyl"" shows a 10♠, 4♣.",2026-10-08T00:36:21.287Z,179141978128700
"""Spenny @ S8ENkJ8OQS"" folds",2026-10-08T00:36:20.426Z,179141978042600
"""peelic @ vOeqrOXpLT"" calls 60",2026-10-08T00:36:17.738Z,179141977773800
"""Stevo @ kI2bCqDOyl"" bets 60",2026-10-08T00:36:16.704Z,179141977670400
"River: 6♠, 10♣, 2♥, 4♠ [5♠]",2026-10-08T00:36:13.068Z,179141977306800
"""Spenny @ S8ENkJ8OQS"" calls 40",2026-10-08T00:36:12.153Z,179141977215300
"""peelic @ vOeqrOXpLT"" calls 40",2026-10-08T00:36:11.232Z,179141977123200
"""Stevo @ kI2bCqDOyl"" bets 40",2026-10-08T00:36:08.805Z,179141976880500
"Turn: 6♠, 10♣, 2♥ [4♠]",2026-10-08T00:36:06.260Z,179141976626000
"""Spenny @ S8ENkJ8OQS"" calls 20",2026-10-08T00:36:05.340Z,179141976534000
"""peelic @ vOeqrOXpLT"" calls 20",2026-10-08T00:36:01.813Z,179141976181300
"""Jonah @ xrBY5OZYCv"" folds",2026-10-08T00:35:59.497Z,179141975949700
"""Stevo @ kI2bCqDOyl"" bets 20",2026-10-08T00:35:58.621Z,179141975862100
"Flop:  [6♠, 10♣, 2♥]",2026-10-08T00:35:56.446Z,179141975644600
"""Jonah @ xrBY5OZYCv"" checks",2026-10-08T00:35:55.617Z,179141975561700
"""Stevo @ kI2bCqDOyl"" calls 20",2026-10-08T00:35:54.713Z,179141975471300
"""goergoe @ _sqcLETZ0C"" folds",2026-10-08T00:35:53.263Z,179141975326300
"""Spenny @ S8ENkJ8OQS"" calls 20",2026-10-08T00:35:50.361Z,179141975036100
"""peelic @ vOeqrOXpLT"" calls 20",2026-10-08T00:35:48.461Z,179141974846100
"""Jonah @ xrBY5OZYCv"" posts a big blind of 20",2026-10-08T00:35:46.835Z,179141974683508
"""Stevo @ kI2bCqDOyl"" posts a small blind of 10",2026-10-08T00:35:46.835Z,179141974683507
"Your hand is 3♠, 8♦",2026-10-08T00:35:46.835Z,179141974683503
"Player stacks: #1 ""Spenny @ S8ENkJ8OQS"" (1100) | #3 ""goergoe @ _sqcLETZ0C"" (1120) | #4 ""Stevo @ kI2bCqDOyl"" (980) | #7 ""Jonah @ xrBY5OZYCv"" (920) | #10 ""peelic @ vOeqrOXpLT"" (880)",2026-10-08T00:35:46.835Z,179141974683501
"-- starting hand #4 (id: xzhwpxlllcoe)  No Limit Texas Hold'em (dealer: ""goergoe @ _sqcLETZ0C"") --",2026-10-08T00:35:46.835Z,179141974683500
"""Spenny @ S8ENkJ8OQS"" shows a J♥.",2026-10-08T00:35:43.659Z,179141974365900
"-- ending hand #3 --",2026-10-08T00:35:40.269Z,179141974026902
"""goergoe @ _sqcLETZ0C"" collected 220 from pot with Pair, K's (combination: 10♠, J♠, A♠, K♣, K♦)",2026-10-08T00:35:40.269Z,179141974026901
"""goergoe @ _sqcLETZ0C"" shows a 10♠, K♣.",2026-10-08T00:35:40.269Z,179141974026900
"""Spenny @ S8ENkJ8OQS"" calls 40",2026-10-08T00:35:39.432Z,179141973943200
"""peelic @ vOeqrOXpLT"" folds",2026-10-08T00:35:38.480Z,179141973848000
"""goergoe @ _sqcLETZ0C"" bets 40",2026-10-08T00:35:29.900Z,179141972990000
"River: K♦, 4♠, A♠, 3♦ [J♠]",2026-10-08T00:35:27.011Z,179141972701100
"""Spenny @ S8ENkJ8OQS"" calls 20",2026-10-08T00:35:26.156Z,179141972615600
"""peelic @ vOeqrOXpLT"" calls 20",2026-10-08T00:35:21.827Z,179141972182700
"""Stevo @ kI2bCqDOyl"" folds",2026-10-08T00:35:20.946Z,179141972094600
"""goergoe @ _sqcLETZ0C"" bets 20",2026-10-08T00:35:19.255Z,179141971925500
"Turn: K♦, 4♠, A♠ [3♦]",2026-10-08T00:35:16.598Z,179141971659800
"""Spenny @ S8ENkJ8OQS"" checks",2026-10-08T00:35:15.765Z,179141971576500
"""peelic @ vOeqrOXpLT"" checks",2026-10-08T00:35:10.899Z,179141971089900
"""Stevo @ kI2bCqDOyl"" checks",2026-10-08T00:35:08.893Z,179141970889300
"""goergoe @ _sqcLETZ0C"" checks",2026-10-08T00:35:07.978Z,179141970797800
"Flop:  [K♦, 4♠, A♠]",2026-10-08T00:35:05.690Z,179141970569000
"""Stevo @ kI2bCqDOyl"" checks",2026-10-08T00:35:04.797Z,179141970479700
"""goergoe @ _sqcLETZ0C"" calls 20",2026-10-08T00:35:03.822Z,179141970382200
"""Spenny @ S8ENkJ8OQS"" calls 20",2026-10-08T00:35:02.990Z,179141970299000
"""peelic @ vOeqrOXpLT"" calls 20",2026-10-08T00:35:01.742Z,179141970174200
"""Jonah @ xrBY5OZYCv"" folds",2026-10-08T00:34:58.896Z,179141969889600
"""Stevo @ kI2bCqDOyl"" posts a big blind of 20",2026-10-08T00:34:57.479Z,179141969747908
"""goergoe @ _sqcLETZ0C"" posts a small blind of 10",2026-10-08T00:34:57.479Z,179141969747907
"Your hand is 10♠, K♣",2026-10-08T00:34:57.479Z,179141969747903
"Player stacks: #1 ""Spenny @ S8ENkJ8OQS"" (1180) | #3 ""goergoe @ _sqcLETZ0C"" (980) | #4 ""Stevo @ kI2bCqDOyl"" (1000) | #7 ""Jonah @ xrBY5OZYCv"" (920) | #10 ""peelic @ vOeqrOXpLT"" (920)",2026-10-08T00:34:57.479Z,179141969747901
"-- starting hand #3 (id: fps5fcchtsva)  No Limit Texas Hold'em (dealer: ""Spenny @ S8ENkJ8OQS"") --",2026-10-08T00:34:57.479Z,179141969747900
"-- ending hand #2 --",2026-10-08T00:34:51.540Z,179141969154002
"""Spenny @ S8ENkJ8OQS"" collected 80 from pot",2026-10-08T00:34:51.540Z,179141969154001
"Uncalled bet of 20 returned to ""Spenny @ S8ENkJ8OQS""",2026-10-08T00:34:51.540Z,179141969154000
"""peelic @ vOeqrOXpLT"" folds",2026-10-08T00:34:50.695Z,179141969069500
"""Jonah @ xrBY5OZYCv"" folds",2026-10-08T00:34:46.388Z,179141968638800
"""goergoe @ _sqcLETZ0C"" folds",2026-10-08T00:34:45.484Z,179141968548400
"""Spenny @ S8ENkJ8OQS"" bets 20",2026-10-08T00:34:40.540Z,179141968054000
"Flop:  [7♣, 2♥, 8♣]",2026-10-08T00:34:37.451Z,179141967745100
"""goergoe @ _sqcLETZ0C"" checks",2026-10-08T00:34:36.626Z,179141967662600
"""Spenny @ S8ENkJ8OQS"" calls 20",2026-10-08T00:34:35.738Z,179141967573800
"""peelic @ vOeqrOXpLT"" calls 20",2026-10-08T00:34:34.837Z,179141967483700
"""Jonah @ xrBY5OZYCv"" calls 20",2026-10-08T00:34:33.225Z,179141967322500
"""Stevo @ kI2bCqDOyl"" folds",2026-10-08T00:34:29.475Z,179141966947500
"""goergoe @ _sqcLETZ0C"" posts a big blind of 20",2026-10-08T00:34:28.124Z,179141966812408
"""Spenny @ S8ENkJ8OQS"" posts a small blind of 10",2026-10-08T00:34:28.124Z,179141966812407
"Your hand is 10♥, K♠",2026-10-08T00:34:28.124Z,179141966812403
"Player stacks: #1 ""Spenny @ S8ENkJ8OQS"" (1120) | #3 ""goergoe @ _sqcLETZ0C"" (1000) | #4 ""Stevo @ kI2bCqDOyl"" (1000) | #7 ""Jonah @ xrBY5OZYCv"" (940) | #10 ""peelic @ vOeqrOXpLT"" (940)",2026-10-08T00:34:28.124Z,179141966812401
"-- starting hand #2 (id: xbneyqa7ecms)  No Limit Texas Hold'em (dealer: ""peelic @ vOeqrOXpLT"") --",2026-10-08T00:34:28.124Z,179141966812400
"""Spenny @ S8ENkJ8OQS"" shows a A♣.",2026-10-08T00:34:26.877Z,179141966687700
"-- ending hand #1 --",2026-10-08T00:34:24.443Z,179141966444302
"""Spenny @ S8ENkJ8OQS"" collected 180 from pot",2026-10-08T00:34:24.443Z,179141966444301
"Uncalled bet of 60 returned to ""Spenny @ S8ENkJ8OQS""",2026-10-08T00:34:24.443Z,179141966444300
"""peelic @ vOeqrOXpLT"" folds",2026-10-08T00:34:23.623Z,179141966362300
"""Jonah @ xrBY5OZYCv"" folds",2026-10-08T00:34:20.557Z,179141966055700
"""Spenny @ S8ENkJ8OQS"" bets 60",2026-10-08T00:34:18.047Z,179141965804700
"""peelic @ vOeqrOXpLT"" checks",2026-10-08T00:34:14.869Z,179141965486900
"River: 6♣, 5♣, J♥, 8♦ [6♥]",2026-10-08T00:34:11.719Z,179141965171900
"""peelic @ vOeqrOXpLT"" calls 20",2026-10-08T00:34:10.853Z,179141965085300
"""Jonah @ xrBY5OZYCv"" calls 20",2026-10-08T00:34:09.002Z,179141964900200
"""Spenny @ S8ENkJ8OQS"" bets 20",2026-10-08T00:34:07.534Z,179141964753400
"""peelic @ vOeqrOXpLT"" checks",2026-10-08T00:34:03.042Z,179141964304200
"Turn: 6♣, 5♣, J♥ [8♦]",2026-10-08T00:34:00.696Z,179141964069600
"""peelic @ vOeqrOXpLT"" calls 20",2026-10-08T00:33:59.825Z,179141963982500
"""Jonah @ xrBY5OZYCv"" calls 20",2026-10-08T00:33:52.677Z,179141963267700
"""Spenny @ S8ENkJ8OQS"" bets 20",2026-10-08T00:33:48.679Z,179141962867900
"""peelic @ vOeqrOXpLT"" checks",2026-10-08T00:33:41.535Z,179141962153500
"Flop:  [6♣, 5♣, J♥]",2026-10-08T00:33:39.851Z,179141961985100
"""Spenny @ S8ENkJ8OQS"" checks",2026-10-08T00:33:39.040Z,179141961904000
"""peelic @ vOeqrOXpLT"" calls 20",2026-10-08T00:33:35.078Z,179141961507800
"""Jonah @ xrBY5OZYCv"" calls 20",2026-10-08T00:33:33.436Z,179141961343600
"""Stevo @ kI2bCqDOyl"" folds",2026-10-08T00:33:32.555Z,179141961255500
"""goergoe @ _sqcLETZ0C"" folds",2026-10-08T00:33:31.639Z,179141961163900
"""Spenny @ S8ENkJ8OQS"" posts a big blind of 20",2026-10-08T00:33:29.816Z,179141960981613
"""peelic @ vOeqrOXpLT"" posts a small blind of 10",2026-10-08T00:33:29.816Z,179141960981612
"Your hand is 10♥, 3♠",2026-10-08T00:33:29.816Z,179141960981608
"Player stacks: #1 ""Spenny @ S8ENkJ8OQS"" (1000) | #3 ""goergoe @ _sqcLETZ0C"" (1000) | #4 ""Stevo @ kI2bCqDOyl"" (1000) | #7 ""Jonah @ xrBY5OZYCv"" (1000) | #10 ""peelic @ vOeqrOXpLT"" (1000)",2026-10-08T00:33:29.816Z,179141960981606
"The player ""peelic @ vOeqrOXpLT"" joined the game with a stack of 1000.",2026-10-08T00:33:29.816Z,179141960981605
"The player ""Jonah @ xrBY5OZYCv"" joined the game with a stack of 1000.",2026-10-08T00:33:29.816Z,179141960981604
"The player ""Stevo @ kI2bCqDOyl"" joined the game with a stack of 1000.",2026-10-08T00:33:29.816Z,179141960981603
"The player ""goergoe @ _sqcLETZ0C"" joined the game with a stack of 1000.",2026-10-08T00:33:29.816Z,179141960981602
"The player ""Spenny @ S8ENkJ8OQS"" joined the game with a stack of 1000.",2026-10-08T00:33:29.816Z,179141960981601
"-- starting hand #1 (id: jlakzvz7h251)  No Limit Texas Hold'em (dealer: ""Jonah @ xrBY5OZYCv"") --",2026-10-08T00:33:29.816Z,179141960981600
"The admin approved the player ""goergoe @ _sqcLETZ0C"" participation with a stack of 1000.",2026-10-08T00:33:23.289Z,179141960328900
"The player ""goergoe @ _sqcLETZ0C"" requested a seat.",2026-10-08T00:33:20.406Z,179141960040600
"The admin approved the player ""Spenny @ S8ENkJ8OQS"" participation with a stack of 1000.",2026-10-08T00:32:58.531Z,179141957853100
"The player ""Spenny @ S8ENkJ8OQS"" requested a seat.",2026-10-08T00:32:49.053Z,179141956905300
"The admin approved the player ""peelic @ vOeqrOXpLT"" participation with a stack of 1000.",2026-10-08T00:31:57.599Z,179141951759900
"The player ""peelic @ vOeqrOXpLT"" requested a seat.",2026-10-08T00:31:55.981Z,179141951598100
"Game Config Changes
* Allow Straddle: off » on
* Nit Minimum Players: off » 3
* Allow Rebuy: off » off
* Decision Limit Time: 20s » 9s
* Deal Cards to Away Players: off » on
* Rabbit Hunt: off » on
* Max Time Bank: 10s » 1s
* Hands to Full Refill Time Bank: 10 » 2",2026-10-08T00:29:27.959Z,179141936795900
"The admin approved the player ""Jonah @ xrBY5OZYCv"" participation with a stack of 1000.",2026-10-08T00:27:48.062Z,179141926806200
"The player ""Jonah @ xrBY5OZYCv"" requested a seat.",2026-10-08T00:27:42.417Z,179141926241700
"The admin approved the player ""Stevo @ kI2bCqDOyl"" participation with a stack of 1000.",2026-10-08T00:26:38.644Z,179141919864401
"The player ""Stevo @ kI2bCqDOyl"" requested a seat.",2026-10-08T00:26:38.644Z,179141919864400
