entry,at,order
"""Jonah @ xrBY5OZYCv"" posts a big blind of 20",2026-07-30T02:01:17.372Z,178537687737208
"""peelic @ vOeqrOXpLT"" posts a small blind of 10",2026-07-30T02:01:17.372Z,178537687737207
"Your hand is 4♣, 6♠",2026-07-30T02:01:17.372Z,178537687737206
"Player stacks: #1 ""Spenny @ S8ENkJ8OQS"" (610) | #3 ""peelic @ vOeqrOXpLT"" (2340) | #6 ""Jonah @ xrBY5OZYCv"" (1540) | #8 ""eogeorgoe @ _sqcLETZ0C"" (2370)",2026-07-30T02:01:17.372Z,178537687737202
"-- starting hand #84 (id: ekoxmfbmm5w7)  No Limit Texas Hold'em (dealer: ""Spenny @ S8ENkJ8OQS"") --",2026-07-30T02:01:17.372Z,178537687737201
"The player ""Stevo @ kI2bCqDOyl"" quits the game with a stack of 0.",2026-07-30T02:01:17.372Z,178537687737200
"Asking to busted players the rebuy decision.",2026-07-30T02:01:14.658Z,178537687465800
"-- ending hand #83 --",2026-07-30T02:01:08.653Z,178537686865302
"""Jonah @ xrBY5OZYCv"" collected 1180 from pot with Pair, Q's (combination: 7♠, J♣, A♥, Q♦, Q♠)",2026-07-30T02:01:08.653Z,178537686865301
"""Spenny @ S8ENkJ8OQS"" collected 610 from pot with Two Pair, A's & 7's (combination: Q♠, 7♦, 7♠, A♦, A♥)",2026-07-30T02:01:08.653Z,178537686865300
"River: J♣, Q♠, 5♦, A♥ [7♠]",2026-07-30T02:01:04.633Z,178537686463300
"Turn: J♣, Q♠, 5♦ [A♥]",2026-07-30T02:01:00.570Z,178537686057000
"Flop:  [J♣, Q♠, 5♦]",2026-07-30T02:00:56.560Z,178537685656000
"""Stevo @ kI2bCqDOyl"" shows a 8♠, 5♠.",2026-07-30T02:00:52.550Z,178537685255002
"""Jonah @ xrBY5OZYCv"" shows a Q♦, 6♦.",2026-07-30T02:00:52.550Z,178537685255001
"""Spenny @ S8ENkJ8OQS"" shows a 7♦, A♦.",2026-07-30T02:00:52.550Z,178537685255000
"""Jonah @ xrBY5OZYCv"" calls 780",2026-07-30T02:00:51.715Z,178537685171500
"""eogeorgoe @ _sqcLETZ0C"" folds",2026-07-30T02:00:50.785Z,178537685078500
"""Stevo @ kI2bCqDOyl"" raises to 780 and go all in",2026-07-30T02:00:39.931Z,178537683993100
"""Jonah @ xrBY5OZYCv"" calls 190",2026-07-30T02:00:36.960Z,178537683696000
"""peelic @ vOeqrOXpLT"" folds",2026-07-30T02:00:34.036Z,178537683403600
"""Spenny @ S8ENkJ8OQS"" raises to 190 and go all in",2026-07-30T02:00:32.741Z,178537683274100
"""eogeorgoe @ _sqcLETZ0C"" calls 20",2026-07-30T02:00:28.385Z,178537682838500
"""Stevo @ kI2bCqDOyl"" calls 20",2026-07-30T02:00:26.303Z,178537682630300
"""Jonah @ xrBY5OZYCv"" calls 20",2026-07-30T02:00:25.318Z,178537682531800
"""peelic @ vOeqrOXpLT"" posts a big blind of 20",2026-07-30T02:00:23.555Z,178537682355508
"""Spenny @ S8ENkJ8OQS"" posts a small blind of 10",2026-07-30T02:00:23.555Z,178537682355507
"Your hand is 4♦, K♣",2026-07-30T02:00:23.555Z,178537682355506
"Player stacks: #1 ""Spenny @ S8ENkJ8OQS"" (190) | #3 ""peelic @ vOeqrOXpLT"" (2360) | #6 ""Jonah @ xrBY5OZYCv"" (1140) | #7 ""Stevo @ kI2bCqDOyl"" (780) | #8 ""eogeorgoe @ _sqcLETZ0C"" (2390)",2026-07-30T02:00:23.555Z,178537682355501
"-- starting hand #83 (id: 5bnejiup4ryr)  No Limit Texas Hold'em (dealer: ""eogeorgoe @ _sqcLETZ0C"") --",2026-07-30T02:00:23.555Z,178537682355500
"Undealt cards:  [Q♠, 7♦, 5♦, 2♠, 2♣]",2026-07-30T02:00:20.947Z,178537682094700
"-- ending hand #82 --",2026-07-30T02:00:17.651Z,178537681765102
"""Stevo @ kI2bCqDOyl"" collected 270 from pot",2026-07-30T02:00:17.651Z,178537681765101
"Uncalled bet of 510 returned to ""Stevo @ kI2bCqDOyl""",2026-07-30T02:00:17.651Z,178537681765100
"""peelic @ vOeqrOXpLT"" folds",2026-07-30T02:00:16.784Z,178537681678400
"""Spenny @ S8ENkJ8OQS"" folds",2026-07-30T02:00:15.905Z,178537681590500
"""eogeorgoe @ _sqcLETZ0C"" folds",2026-07-30T02:00:06.699Z,178537680669900
"""Stevo @ kI2bCqDOyl"" raises to 630 and go all in",2026-07-30T02:00:05.757Z,178537680575700
"""Jonah @ xrBY5OZYCv"" folds",2026-07-30T02:00:01.993Z,178537680199300
"""peelic @ vOeqrOXpLT"" raises to 120",2026-07-30T01:59:59.407Z,178537679940700
"""Spenny @ S8ENkJ8OQS"" posts a big blind of 20",2026-07-30T01:59:54.262Z,178537679426208
"""eogeorgoe @ _sqcLETZ0C"" posts a small blind of 10",2026-07-30T01:59:54.262Z,178537679426207
"Your hand is 2♦, 5♠",2026-07-30T01:59:54.262Z,178537679426206
"Player stacks: #1 ""Spenny @ S8ENkJ8OQS"" (210) | #3 ""peelic @ vOeqrOXpLT"" (2480) | #6 ""Jonah @ xrBY5OZYCv"" (1140) | #7 ""Stevo @ kI2bCqDOyl"" (630) | #8 ""eogeorgoe @ _sqcLETZ0C"" (2400)",2026-07-30T01:59:54.262Z,178537679426201
"-- starting hand #82 (id: hh32sq9x2api)  No Limit Texas Hold'em (dealer: ""Stevo @ kI2bCqDOyl"") --",2026-07-30T01:59:54.262Z,178537679426200
"-- ending hand #81 --",2026-07-30T01:59:48.259Z,178537678825902
"""peelic @ vOeqrOXpLT"" collected 840 from pot with Straight, 10 High (combination: 6♣, 7♠, 8♠, 9♠, 10♥)",2026-07-30T01:59:48.259Z,178537678825901
"""peelic @ vOeqrOXpLT"" shows a 7♠, 9♠.",2026-07-30T01:59:48.259Z,178537678825900
"""Stevo @ kI2bCqDOyl"" calls 300",2026-07-30T01:59:47.363Z,178537678736300
"""peelic @ vOeqrOXpLT"" raises to 300",2026-07-30T01:59:40.169Z,178537678016900
"""Spenny @ S8ENkJ8OQS"" folds",2026-07-30T01:59:35.662Z,178537677566200
"""Stevo @ kI2bCqDOyl"" bets 120",2026-07-30T01:59:32.030Z,178537677203000
"River: 6♣, 8♣, 8♠, Q♦ [10♥]",2026-07-30T01:59:29.651Z,178537676965100
"""Jonah @ xrBY5OZYCv"" folds",2026-07-30T01:59:28.731Z,178537676873100
"""peelic @ vOeqrOXpLT"" calls 20",2026-07-30T01:59:27.882Z,178537676788200
"""Spenny @ S8ENkJ8OQS"" calls 20",2026-07-30T01:59:26.523Z,178537676652300
"""Stevo @ kI2bCqDOyl"" bets 20",2026-07-30T01:59:23.388Z,178537676338800
"Turn: 6♣, 8♣, 8♠ [Q♦]",2026-07-30T01:59:22.307Z,178537676230700
"""Jonah @ xrBY5OZYCv"" calls 20",2026-07-30T01:59:21.484Z,178537676148400
"""peelic @ vOeqrOXpLT"" calls 20",2026-07-30T01:59:19.877Z,178537675987700
"""Spenny @ S8ENkJ8OQS"" calls 20",2026-07-30T01:59:18.949Z,178537675894900
"""eogeorgoe @ _sqcLETZ0C"" folds",2026-07-30T01:59:15.837Z,178537675583700
"""Stevo @ kI2bCqDOyl"" bets 20",2026-07-30T01:59:12.085Z,178537675208500
"Flop:  [6♣, 8♣, 8♠]",2026-07-30T01:59:10.451Z,178537675045100
"""eogeorgoe @ _sqcLETZ0C"" checks",2026-07-30T01:59:09.645Z,178537674964500
"""Stevo @ kI2bCqDOyl"" calls 20",2026-07-30T01:59:03.044Z,178537674304400
"""Jonah @ xrBY5OZYCv"" calls 20",2026-07-30T01:59:02.173Z,178537674217300
"""peelic @ vOeqrOXpLT"" calls 20",2026-07-30T01:59:00.998Z,178537674099800
"""Spenny @ S8ENkJ8OQS"" calls 20",2026-07-30T01:59:00.112Z,178537674011200
"""eogeorgoe @ _sqcLETZ0C"" posts a big blind of 20",2026-07-30T01:58:57.975Z,178537673797508
"""Stevo @ kI2bCqDOyl"" posts a small blind of 10",2026-07-30T01:58:57.975Z,178537673797507
"Your hand is 4♦, 7♦",2026-07-30T01:58:57.975Z,178537673797506
"Player stacks: #1 ""Spenny @ S8ENkJ8OQS"" (270) | #3 ""peelic @ vOeqrOXpLT"" (2000) | #6 ""Jonah @ xrBY5OZYCv"" (1180) | #7 ""Stevo @ kI2bCqDOyl"" (990) | #8 ""eogeorgoe @ _sqcLETZ0C"" (2420)",2026-07-30T01:58:57.975Z,178537673797501
"-- starting hand #81 (id: zh4ddpyiulyv)  No Limit Texas Hold'em (dealer: ""Jonah @ xrBY5OZYCv"") --",2026-07-30T01:58:57.975Z,178537673797500
"Undealt cards: 2♦, 9♠, 7♠, A♣ [6♥]",2026-07-30T01:58:54.007Z,178537673400700
"-- ending hand #80 --",2026-07-30T01:58:52.071Z,178537673207102
"""Stevo @ kI2bCqDOyl"" collected 80 from pot",2026-07-30T01:58:52.071Z,178537673207101
"Uncalled bet of 40 returned to ""Stevo @ kI2bCqDOyl""",2026-07-30T01:58:52.071Z,178537673207100
"""Jonah @ xrBY5OZYCv"" folds",2026-07-30T01:58:51.206Z,178537673120600
"""Stevo @ kI2bCqDOyl"" bets 40",2026-07-30T01:58:50.091Z,178537673009100
"""Jonah @ xrBY5OZYCv"" checks",2026-07-30T01:58:47.471Z,178537672747100
"Turn: 2♦, 9♠, 7♠ [A♣]",2026-07-30T01:58:39.867Z,178537671986700
"""Jonah @ xrBY5OZYCv"" calls 20",2026-07-30T01:58:38.949Z,178537671894900
"""Stevo @ kI2bCqDOyl"" bets 20",2026-07-30T01:58:38.106Z,178537671810600
"""Jonah @ xrBY5OZYCv"" checks",2026-07-30T01:58:36.858Z,178537671685800
"Flop:  [2♦, 9♠, 7♠]",2026-07-30T01:58:34.949Z,178537671494900
"""Stevo @ kI2bCqDOyl"" checks",2026-07-30T01:58:34.117Z,178537671411700
"""Jonah @ xrBY5OZYCv"" calls 20",2026-07-30T01:58:33.150Z,178537671315000
"""peelic @ vOeqrOXpLT"" folds",2026-07-30T01:58:32.291Z,178537671229100
"""Spenny @ S8ENkJ8OQS"" folds",2026-07-30T01:58:31.398Z,178537671139800
"""eogeorgoe @ _sqcLETZ0C"" folds",2026-07-30T01:58:28.882Z,178537670888200
"""Stevo @ kI2bCqDOyl"" posts a big blind of 20",2026-07-30T01:58:26.708Z,178537670670808
"""Jonah @ xrBY5OZYCv"" posts a small blind of 10",2026-07-30T01:58:26.708Z,178537670670807
"Your hand is 9♥, 6♦",2026-07-30T01:58:26.708Z,178537670670806
"Player stacks: #1 ""Spenny @ S8ENkJ8OQS"" (270) | #3 ""peelic @ vOeqrOXpLT"" (2000) | #6 ""Jonah @ xrBY5OZYCv"" (1220) | #7 ""Stevo @ kI2bCqDOyl"" (950) | #8 ""eogeorgoe @ _sqcLETZ0C"" (2420)",2026-07-30T01:58:26.708Z,178537670670801
"-- starting hand #80 (id: vcmaxqubgoa3)  No Limit Texas Hold'em (dealer: ""peelic @ vOeqrOXpLT"") --",2026-07-30T01:58:26.708Z,178537670670800
"""Jonah @ xrBY5OZYCv"" shows a 6♣, 5♦.",2026-07-30T01:58:21.800Z,178537670180000
"""Spenny @ S8ENkJ8OQS"" shows a 5♠, Q♦.",2026-07-30T01:58:21.223Z,178537670122300
"-- ending hand #79 --",2026-07-30T01:58:19.658Z,178537669965802
"""eogeorgoe @ _sqcLETZ0C"" collected 400 from pot with Three of a Kind, 6's (combination: 9♠, Q♠, 6♠, 6♥, 6♦)",2026-07-30T01:58:19.658Z,178537669965801
"""eogeorgoe @ _sqcLETZ0C"" shows a 6♠, 6♥.",2026-07-30T01:58:19.658Z,178537669965800
"""Jonah @ xrBY5OZYCv"" calls 80",2026-07-30T01:58:18.820Z,178537669882000
"""Spenny @ S8ENkJ8OQS"" calls 80",2026-07-30T01:58:16.698Z,178537669669800
"""eogeorgoe @ _sqcLETZ0C"" raises to 80",2026-07-30T01:58:09.672Z,178537668967200
"""Jonah @ xrBY5OZYCv"" bets 40",2026-07-30T01:58:07.830Z,178537668783000
"River: 2♥, 9♠, Q♠, 6♦ [5♥]",2026-07-30T01:58:04.399Z,178537668439900
"""Stevo @ kI2bCqDOyl"" folds",2026-07-30T01:58:03.572Z,178537668357200
"""Jonah @ xrBY5OZYCv"" calls 20",2026-07-30T01:58:02.696Z,178537668269600
"""peelic @ vOeqrOXpLT"" folds",2026-07-30T01:58:01.650Z,178537668165000
"""Spenny @ S8ENkJ8OQS"" calls 20",2026-07-30T01:58:00.780Z,178537668078000
"""eogeorgoe @ _sqcLETZ0C"" bets 20",2026-07-30T01:57:55.384Z,178537667538400
"""Stevo @ kI2bCqDOyl"" checks",2026-07-30T01:57:50.274Z,178537667027400
"""Jonah @ xrBY5OZYCv"" checks",2026-07-30T01:57:49.414Z,178537666941400
"""peelic @ vOeqrOXpLT"" checks",2026-07-30T01:57:48.522Z,178537666852200
"Turn: 2♥, 9♠, Q♠ [6♦]",2026-07-30T01:57:45.918Z,178537666591800
"""Spenny @ S8ENkJ8OQS"" checks",2026-07-30T01:57:45.036Z,178537666503600
"""eogeorgoe @ _sqcLETZ0C"" checks",2026-07-30T01:57:44.139Z,178537666413900
"""Stevo @ kI2bCqDOyl"" checks",2026-07-30T01:57:43.263Z,178537666326300
"""Jonah @ xrBY5OZYCv"" checks",2026-07-30T01:57:42.398Z,178537666239800
"""peelic @ vOeqrOXpLT"" checks",2026-07-30T01:57:41.523Z,178537666152300
"Flop:  [2♥, 9♠, Q♠]",2026-07-30T01:57:39.910Z,178537665991000
"""Jonah @ xrBY5OZYCv"" checks",2026-07-30T01:57:39.050Z,178537665905000
"""peelic @ vOeqrOXpLT"" calls 20",2026-07-30T01:57:38.207Z,178537665820700
"""Spenny @ S8ENkJ8OQS"" calls 20",2026-07-30T01:57:35.207Z,178537665520700
"""eogeorgoe @ _sqcLETZ0C"" calls 20",2026-07-30T01:57:31.483Z,178537665148300
"""Stevo @ kI2bCqDOyl"" calls 20",2026-07-30T01:57:25.722Z,178537664572200
"""Jonah @ xrBY5OZYCv"" posts a big blind of 20",2026-07-30T01:57:24.751Z,178537664475108
"""peelic @ vOeqrOXpLT"" posts a small blind of 10",2026-07-30T01:57:24.751Z,178537664475107
"Your hand is 6♠, 6♥",2026-07-30T01:57:24.751Z,178537664475106
"Player stacks: #1 ""Spenny @ S8ENkJ8OQS"" (390) | #3 ""peelic @ vOeqrOXpLT"" (2020) | #6 ""Jonah @ xrBY5OZYCv"" (1340) | #7 ""Stevo @ kI2bCqDOyl"" (970) | #8 ""eogeorgoe @ _sqcLETZ0C"" (2140)",2026-07-30T01:57:24.751Z,178537664475101
"-- starting hand #79 (id: ykt2zst5z0bl)  No Limit Texas Hold'em (dealer: ""Spenny @ S8ENkJ8OQS"") --",2026-07-30T01:57:24.751Z,178537664475100
"""eogeorgoe @ _sqcLETZ0C"" shows a 10♦, 10♠.",2026-07-30T01:57:19.540Z,178537663954000
"Undealt cards: A♣, 2♥, 10♣, 7♣ [10♥]",2026-07-30T01:57:18.896Z,178537663889600
"-- ending hand #78 --",2026-07-30T01:57:18.144Z,178537663814402
"""eogeorgoe @ _sqcLETZ0C"" collected 160 from pot",2026-07-30T01:57:18.144Z,178537663814401
"Uncalled bet of 20 returned to ""eogeorgoe @ _sqcLETZ0C""",2026-07-30T01:57:18.144Z,178537663814400
"""peelic @ vOeqrOXpLT"" folds",2026-07-30T01:57:17.316Z,178537663731600
"""Spenny @ S8ENkJ8OQS"" folds",2026-07-30T01:57:14.146Z,178537663414600
"""eogeorgoe @ _sqcLETZ0C"" bets 20",2026-07-30T01:57:05.695Z,178537662569500
"""peelic @ vOeqrOXpLT"" checks",2026-07-30T01:56:59.616Z,178537661961600
"""Spenny @ S8ENkJ8OQS"" checks",2026-07-30T01:56:57.509Z,178537661750900
"Turn: A♣, 2♥, 10♣ [7♣]",2026-07-30T01:56:55.511Z,178537661551100
"""Stevo @ kI2bCqDOyl"" folds",2026-07-30T01:56:54.697Z,178537661469700
"""Jonah @ xrBY5OZYCv"" folds",2026-07-30T01:56:53.710Z,178537661371000
"""peelic @ vOeqrOXpLT"" calls 20",2026-07-30T01:56:52.781Z,178537661278100
"""Spenny @ S8ENkJ8OQS"" calls 20",2026-07-30T01:56:45.352Z,178537660535200
"""eogeorgoe @ _sqcLETZ0C"" bets 20",2026-07-30T01:56:37.591Z,178537659759100
"""Stevo @ kI2bCqDOyl"" checks",2026-07-30T01:56:36.012Z,178537659601200
"""Jonah @ xrBY5OZYCv"" checks",2026-07-30T01:56:35.140Z,178537659514000
"""peelic @ vOeqrOXpLT"" checks",2026-07-30T01:56:34.233Z,178537659423300
"""Spenny @ S8ENkJ8OQS"" checks",2026-07-30T01:56:32.061Z,178537659206100
"Flop:  [A♣, 2♥, 10♣]",2026-07-30T01:56:27.562Z,178537658756200
"""peelic @ vOeqrOXpLT"" checks",2026-07-30T01:56:26.725Z,178537658672500
"""Spenny @ S8ENkJ8OQS"" calls 20",2026-07-30T01:56:25.438Z,178537658543800
"""eogeorgoe @ _sqcLETZ0C"" calls 20",2026-07-30T01:56:24.542Z,178537658454200
"""Stevo @ kI2bCqDOyl"" calls 20",2026-07-30T01:56:22.739Z,178537658273900
"""Jonah @ xrBY5OZYCv"" calls 20",2026-07-30T01:56:21.873Z,178537658187300
"""peelic @ vOeqrOXpLT"" posts a big blind of 20",2026-07-30T01:56:20.221Z,178537658022108
"""Spenny @ S8ENkJ8OQS"" posts a small blind of 10",2026-07-30T01:56:20.221Z,178537658022107
"Your hand is 10♦, 10♠",2026-07-30T01:56:20.221Z,178537658022106
"Player stacks: #1 ""Spenny @ S8ENkJ8OQS"" (430) | #3 ""peelic @ vOeqrOXpLT"" (2060) | #6 ""Jonah @ xrBY5OZYCv"" (1360) | #7 ""Stevo @ kI2bCqDOyl"" (990) | #8 ""eogeorgoe @ _sqcLETZ0C"" (2020)",2026-07-30T01:56:20.221Z,178537658022101
"-- starting hand #78 (id: kq3r0zklcdva)  No Limit Texas Hold'em (dealer: ""eogeorgoe @ _sqcLETZ0C"") --",2026-07-30T01:56:20.221Z,178537658022100
"-- ending hand #77 --",2026-07-30T01:56:17.282Z,178537657728202
"""peelic @ vOeqrOXpLT"" collected 160 from pot",2026-07-30T01:56:17.282Z,178537657728201
"Uncalled bet of 120 returned to ""peelic @ vOeqrOXpLT""",2026-07-30T01:56:17.282Z,178537657728200
"""Spenny @ S8ENkJ8OQS"" folds",2026-07-30T01:56:16.445Z,178537657644500
"""Stevo @ kI2bCqDOyl"" folds",2026-07-30T01:56:07.322Z,178537656732200
"""peelic @ vOeqrOXpLT"" bets 120",2026-07-30T01:56:06.462Z,178537656646200
"""Spenny @ S8ENkJ8OQS"" checks",2026-07-30T01:56:03.742Z,178537656374200
"River: 4♥, J♣, 8♣, 10♣ [J♠]",2026-07-30T01:56:01.613Z,178537656161300
"""Spenny @ S8ENkJ8OQS"" calls 20",2026-07-30T01:56:00.749Z,178537656074900
"""eogeorgoe @ _sqcLETZ0C"" folds",2026-07-30T01:55:55.597Z,178537655559700
"""Stevo @ kI2bCqDOyl"" calls 20",2026-07-30T01:55:54.741Z,178537655474100
"""Jonah @ xrBY5OZYCv"" folds",2026-07-30T01:55:53.787Z,178537655378700
"""peelic @ vOeqrOXpLT"" bets 20",2026-07-30T01:55:52.334Z,178537655233400
"""Spenny @ S8ENkJ8OQS"" checks",2026-07-30T01:55:47.650Z,178537654765000
"""eogeorgoe @ _sqcLETZ0C"" checks",2026-07-30T01:55:44.202Z,178537654420200
"Turn: 4♥, J♣, 8♣ [10♣]",2026-07-30T01:55:42.567Z,178537654256700
"""Stevo @ kI2bCqDOyl"" checks",2026-07-30T01:55:41.719Z,178537654171900
"""Jonah @ xrBY5OZYCv"" checks",2026-07-30T01:55:40.775Z,178537654077500
"""peelic @ vOeqrOXpLT"" checks",2026-07-30T01:55:38.150Z,178537653815000
"""Spenny @ S8ENkJ8OQS"" checks",2026-07-30T01:55:36.328Z,178537653632800
"""eogeorgoe @ _sqcLETZ0C"" checks",2026-07-30T01:55:30.338Z,178537653033800
"Flop:  [4♥, J♣, 8♣]",2026-07-30T01:55:29.068Z,178537652906800
"""Spenny @ S8ENkJ8OQS"" checks",2026-07-30T01:55:28.235Z,178537652823500
"""eogeorgoe @ _sqcLETZ0C"" calls 20",2026-07-30T01:55:27.331Z,178537652733100
"""Stevo @ kI2bCqDOyl"" calls 20",2026-07-30T01:55:26.467Z,178537652646700
"""Jonah @ xrBY5OZYCv"" calls 20",2026-07-30T01:55:25.536Z,178537652553600
"""peelic @ vOeqrOXpLT"" calls 20",2026-07-30T01:55:20.746Z,178537652074600
"""Spenny @ S8ENkJ8OQS"" posts a big blind of 20",2026-07-30T01:55:19.672Z,178537651967208
"""eogeorgoe @ _sqcLETZ0C"" posts a small blind of 10",2026-07-30T01:55:19.672Z,178537651967207
"Your hand is 4♣, 5♦",2026-07-30T01:55:19.672Z,178537651967206
"Player stacks: #1 ""Spenny @ S8ENkJ8OQS"" (470) | #3 ""peelic @ vOeqrOXpLT"" (1940) | #6 ""Jonah @ xrBY5OZYCv"" (1380) | #7 ""Stevo @ kI2bCqDOyl"" (1030) | #8 ""eogeorgoe @ _sqcLETZ0C"" (2040)",2026-07-30T01:55:19.672Z,178537651967201
"-- starting hand #77 (id: lk3hft2kyqqq)  No Limit Texas Hold'em (dealer: ""Stevo @ kI2bCqDOyl"") --",2026-07-30T01:55:19.672Z,178537651967200
"""Stevo @ kI2bCqDOyl"" shows a 6♥, 6♣.",2026-07-30T01:55:15.179Z,178537651517900
"""eogeorgoe @ _sqcLETZ0C"" shows a A♥, 4♥.",2026-07-30T01:55:13.354Z,178537651335400
"Undealt cards: 8♠, 4♦, 2♣, Q♣ [K♦]",2026-07-30T01:55:12.685Z,178537651268500
"-- ending hand #76 --",2026-07-30T01:55:12.351Z,178537651235102
"""eogeorgoe @ _sqcLETZ0C"" collected 280 from pot",2026-07-30T01:55:12.351Z,178537651235101
"Uncalled bet of 60 returned to ""eogeorgoe @ _sqcLETZ0C""",2026-07-30T01:55:12.351Z,178537651235100
"""Stevo @ kI2bCqDOyl"" folds",2026-07-30T01:55:11.538Z,178537651153800
"""eogeorgoe @ _sqcLETZ0C"" bets 60",2026-07-30T01:55:10.666Z,178537651066600
"""Stevo @ kI2bCqDOyl"" checks",2026-07-30T01:55:07.840Z,178537650784000
"Turn: 8♠, 4♦, 2♣ [Q♣]",2026-07-30T01:55:06.854Z,178537650685400
"""Stevo @ kI2bCqDOyl"" calls 60",2026-07-30T01:55:05.989Z,178537650598900
"""peelic @ vOeqrOXpLT"" folds",2026-07-30T01:55:04.447Z,178537650444700
"""Spenny @ S8ENkJ8OQS"" folds",2026-07-30T01:55:00.379Z,178537650037900
"""eogeorgoe @ _sqcLETZ0C"" bets 60",2026-07-30T01:54:54.170Z,178537649417000
"""Stevo @ kI2bCqDOyl"" checks",2026-07-30T01:54:51.013Z,178537649101300
"Flop:  [8♠, 4♦, 2♣]",2026-07-30T01:54:49.761Z,178537648976100
"""peelic @ vOeqrOXpLT"" calls 40",2026-07-30T01:54:48.918Z,178537648891800
"""Spenny @ S8ENkJ8OQS"" calls 40",2026-07-30T01:54:45.948Z,178537648594800
"""eogeorgoe @ _sqcLETZ0C"" calls 40",2026-07-30T01:54:41.310Z,178537648131000
"""Stevo @ kI2bCqDOyl"" raises to 40",2026-07-30T01:54:39.949Z,178537647994900
"""Jonah @ xrBY5OZYCv"" folds",2026-07-30T01:54:36.896Z,178537647689600
"""peelic @ vOeqrOXpLT"" calls 20",2026-07-30T01:54:35.984Z,178537647598400
"""Spenny @ S8ENkJ8OQS"" calls 20",2026-07-30T01:54:35.111Z,178537647511100
"""eogeorgoe @ _sqcLETZ0C"" posts a big blind of 20",2026-07-30T01:54:30.454Z,178537647045408
"""Stevo @ kI2bCqDOyl"" posts a small blind of 10",2026-07-30T01:54:30.454Z,178537647045407
"Your hand is A♥, 4♥",2026-07-30T01:54:30.454Z,178537647045406
"Player stacks: #1 ""Spenny @ S8ENkJ8OQS"" (510) | #3 ""peelic @ vOeqrOXpLT"" (1980) | #6 ""Jonah @ xrBY5OZYCv"" (1380) | #7 ""Stevo @ kI2bCqDOyl"" (1130) | #8 ""eogeorgoe @ _sqcLETZ0C"" (1860)",2026-07-30T01:54:30.454Z,178537647045401
"-- starting hand #76 (id: jrrsfrtpm8ga)  No Limit Texas Hold'em (dealer: ""Jonah @ xrBY5OZYCv"") --",2026-07-30T01:54:30.454Z,178537647045400
"""Stevo @ kI2bCqDOyl"" shows a Q♦, 3♥.",2026-07-30T01:54:25.887Z,178537646588700
"Undealt cards: K♦, A♥, 4♠ [5♠, J♠]",2026-07-30T01:54:24.219Z,178537646421900
"""eogeorgoe @ _sqcLETZ0C"" shows a A♠, K♥.",2026-07-30T01:54:23.500Z,178537646350000
"-- ending hand #75 --",2026-07-30T01:54:23.072Z,178537646307202
"""eogeorgoe @ _sqcLETZ0C"" collected 50 from pot",2026-07-30T01:54:23.072Z,178537646307201
"Uncalled bet of 20 returned to ""eogeorgoe @ _sqcLETZ0C""",2026-07-30T01:54:23.072Z,178537646307200
"""Stevo @ kI2bCqDOyl"" folds",2026-07-30T01:54:22.248Z,178537646224800
"""eogeorgoe @ _sqcLETZ0C"" bets 20",2026-07-30T01:54:21.395Z,178537646139500
"""Stevo @ kI2bCqDOyl"" checks",2026-07-30T01:54:18.324Z,178537645832400
"Flop:  [K♦, A♥, 4♠]",2026-07-30T01:54:17.068Z,178537645706800
"""Stevo @ kI2bCqDOyl"" checks",2026-07-30T01:54:16.247Z,178537645624700
"""Jonah @ xrBY5OZYCv"" folds",2026-07-30T01:54:15.312Z,178537645531200
"""peelic @ vOeqrOXpLT"" folds",2026-07-30T01:54:14.435Z,178537645443500
"""Spenny @ S8ENkJ8OQS"" folds",2026-07-30T01:54:13.555Z,178537645355500
"""eogeorgoe @ _sqcLETZ0C"" calls 20",2026-07-30T01:54:09.135Z,178537644913500
"""Stevo @ kI2bCqDOyl"" posts a big blind of 20",2026-07-30T01:54:07.065Z,178537644706508
"""Jonah @ xrBY5OZYCv"" posts a small blind of 10",2026-07-30T01:54:07.065Z,178537644706507
"Your hand is A♠, K♥",2026-07-30T01:54:07.065Z,178537644706506
"Player stacks: #1 ""Spenny @ S8ENkJ8OQS"" (510) | #3 ""peelic @ vOeqrOXpLT"" (1980) | #6 ""Jonah @ xrBY5OZYCv"" (1390) | #7 ""Stevo @ kI2bCqDOyl"" (1150) | #8 ""eogeorgoe @ _sqcLETZ0C"" (1830)",2026-07-30T01:54:07.065Z,178537644706501
"-- starting hand #75 (id: kst0a9wjxn0w)  No Limit Texas Hold'em (dealer: ""peelic @ vOeqrOXpLT"") --",2026-07-30T01:54:07.065Z,178537644706500
"-- ending hand #74 --",2026-07-30T01:54:01.019Z,178537644101903
"""Spenny @ S8ENkJ8OQS"" collected 80 from pot with Pair, 8's (combination: 5♥, 7♦, A♠, 8♣, 8♥)",2026-07-30T01:54:01.019Z,178537644101902
"""Spenny @ S8ENkJ8OQS"" shows a A♠, 7♦.",2026-07-30T01:54:01.019Z,178537644101901
"""peelic @ vOeqrOXpLT"" shows a K♠, Q♣.",2026-07-30T01:54:01.019Z,178537644101900
"""Spenny @ S8ENkJ8OQS"" checks",2026-07-30T01:54:00.125Z,178537644012500
"""Stevo @ kI2bCqDOyl"" checks",2026-07-30T01:53:56.048Z,178537643604800
"""Jonah @ xrBY5OZYCv"" checks",2026-07-30T01:53:55.174Z,178537643517400
"""peelic @ vOeqrOXpLT"" checks",2026-07-30T01:53:53.271Z,178537643327100
"River: 8♣, 2♦, 8♥, 5♥ [4♣]",2026-07-30T01:53:51.399Z,178537643139900
"""Spenny @ S8ENkJ8OQS"" checks",2026-07-30T01:53:50.541Z,178537643054100
"""Stevo @ kI2bCqDOyl"" checks",2026-07-30T01:53:49.636Z,178537642963600
"""Jonah @ xrBY5OZYCv"" checks",2026-07-30T01:53:48.678Z,178537642867800
"""peelic @ vOeqrOXpLT"" checks",2026-07-30T01:53:47.278Z,178537642727800
"Turn: 8♣, 2♦, 8♥ [5♥]",2026-07-30T01:53:46.394Z,178537642639400
"""Spenny @ S8ENkJ8OQS"" checks",2026-07-30T01:53:45.472Z,178537642547200
"""Stevo @ kI2bCqDOyl"" checks",2026-07-30T01:53:44.504Z,178537642450400
"""Jonah @ xrBY5OZYCv"" checks",2026-07-30T01:53:43.631Z,178537642363100
"""peelic @ vOeqrOXpLT"" checks",2026-07-30T01:53:42.681Z,178537642268100
"Flop:  [8♣, 2♦, 8♥]",2026-07-30T01:53:38.992Z,178537641899200
"""Jonah @ xrBY5OZYCv"" checks",2026-07-30T01:53:38.107Z,178537641810700
"""peelic @ vOeqrOXpLT"" calls 20",2026-07-30T01:53:37.239Z,178537641723900
"""Spenny @ S8ENkJ8OQS"" calls 20",2026-07-30T01:53:34.738Z,178537641473800
"""eogeorgoe @ _sqcLETZ0C"" folds",2026-07-30T01:53:33.819Z,178537641381900
"""Stevo @ kI2bCqDOyl"" calls 20",2026-07-30T01:53:32.895Z,178537641289500
"""Jonah @ xrBY5OZYCv"" posts a big blind of 20",2026-07-30T01:53:31.992Z,178537641199208
"""peelic @ vOeqrOXpLT"" posts a small blind of 10",2026-07-30T01:53:31.992Z,178537641199207
"Your hand is 3♦, 2♠",2026-07-30T01:53:31.992Z,178537641199206
"Player stacks: #1 ""Spenny @ S8ENkJ8OQS"" (450) | #3 ""peelic @ vOeqrOXpLT"" (2000) | #6 ""Jonah @ xrBY5OZYCv"" (1410) | #7 ""Stevo @ kI2bCqDOyl"" (1170) | #8 ""eogeorgoe @ _sqcLETZ0C"" (1830)",2026-07-30T01:53:31.992Z,178537641199201
"-- starting hand #74 (id: eqksfymflekn)  No Limit Texas Hold'em (dead button) --",2026-07-30T01:53:31.992Z,178537641199200
"""Stevo @ kI2bCqDOyl"" shows a 3♥, 8♠.",2026-07-30T01:53:26.263Z,178537640626300
"-- ending hand #73 --",2026-07-30T01:53:25.456Z,178537640545602
"""eogeorgoe @ _sqcLETZ0C"" collected 180 from pot with Two Pair, Q's & 5's (combination: 7♣, 5♠, 5♦, Q♦, Q♠)",2026-07-30T01:53:25.456Z,178537640545601
"""eogeorgoe @ _sqcLETZ0C"" shows a Q♦, 5♠.",2026-07-30T01:53:25.456Z,178537640545600
"""Jonah @ xrBY5OZYCv"" calls 60",2026-07-30T01:53:24.651Z,178537640465100
"""peelic @ vOeqrOXpLT"" folds",2026-07-30T01:53:14.789Z,178537639478900
"""eogeorgoe @ _sqcLETZ0C"" raises to 60",2026-07-30T01:53:11.654Z,178537639165400
"""Jonah @ xrBY5OZYCv"" bets 20",2026-07-30T01:53:08.910Z,178537638891000
"""peelic @ vOeqrOXpLT"" checks",2026-07-30T01:53:06.929Z,178537638692900
"River: 7♣, 5♦, 6♦, 4♥ [Q♠]",2026-07-30T01:53:05.208Z,178537638520800
"""eogeorgoe @ _sqcLETZ0C"" checks",2026-07-30T01:53:04.405Z,178537638440500
"""Jonah @ xrBY5OZYCv"" checks",2026-07-30T01:53:03.430Z,178537638343000
"""peelic @ vOeqrOXpLT"" checks",2026-07-30T01:53:02.497Z,178537638249700
"Turn: 7♣, 5♦, 6♦ [4♥]",2026-07-30T01:53:00.387Z,178537638038700
"""eogeorgoe @ _sqcLETZ0C"" checks",2026-07-30T01:52:59.565Z,178537637956500
"""Jonah @ xrBY5OZYCv"" checks",2026-07-30T01:52:58.665Z,178537637866500
"""peelic @ vOeqrOXpLT"" checks",2026-07-30T01:52:57.704Z,178537637770400
"Flop:  [7♣, 5♦, 6♦]",2026-07-30T01:52:48.971Z,178537636897100
"""peelic @ vOeqrOXpLT"" checks",2026-07-30T01:52:48.168Z,178537636816800
"""Spenny @ S8ENkJ8OQS"" folds",2026-07-30T01:52:47.246Z,178537636724600
"""eogeorgoe @ _sqcLETZ0C"" calls 20",2026-07-30T01:52:46.366Z,178537636636600
"""Stevo @ kI2bCqDOyl"" folds",2026-07-30T01:52:45.467Z,178537636546700
"""Jonah @ xrBY5OZYCv"" calls 20",2026-07-30T01:52:44.496Z,178537636449600
"""peelic @ vOeqrOXpLT"" posts a big blind of 20",2026-07-30T01:52:43.570Z,178537636357009
"Dead Small Blind",2026-07-30T01:52:43.570Z,178537636357008
"Your hand is Q♦, 5♠",2026-07-30T01:52:43.570Z,178537636357007
"Player stacks: #1 ""Spenny @ S8ENkJ8OQS"" (450) | #3 ""peelic @ vOeqrOXpLT"" (2020) | #6 ""Jonah @ xrBY5OZYCv"" (1490) | #7 ""Stevo @ kI2bCqDOyl"" (1170) | #8 ""eogeorgoe @ _sqcLETZ0C"" (1730)",2026-07-30T01:52:43.570Z,178537636357002
"-- starting hand #73 (id: bjkjjmazhfsu)  No Limit Texas Hold'em (dealer: ""Spenny @ S8ENkJ8OQS"") --",2026-07-30T01:52:43.570Z,178537636357001
"The player ""arash @ 21jHaBYWIi"" quits the game with a stack of 1140.",2026-07-30T01:52:43.570Z,178537636357000
"""eogeorgoe @ _sqcLETZ0C"" shows a 3♣, J♠.",2026-07-30T01:52:42.113Z,178537636211300
"Undealt cards: 10♦, 7♣, 7♦, 2♦ [Q♣]",2026-07-30T01:52:38.353Z,178537635835300
"-- ending hand #72 --",2026-07-30T01:52:36.938Z,178537635693802
"""Stevo @ kI2bCqDOyl"" collected 280 from pot",2026-07-30T01:52:36.938Z,178537635693801
"Uncalled bet of 140 returned to ""Stevo @ kI2bCqDOyl""",2026-07-30T01:52:36.938Z,178537635693800
"""Jonah @ xrBY5OZYCv"" folds",2026-07-30T01:52:36.050Z,178537635605000
"""Stevo @ kI2bCqDOyl"" bets 140",2026-07-30T01:52:34.494Z,178537635449400
"""Jonah @ xrBY5OZYCv"" checks",2026-07-30T01:52:31.386Z,178537635138600
"Turn: 10♦, 7♣, 7♦ [2♦]",2026-07-30T01:52:30.536Z,178537635053600
"""Jonah @ xrBY5OZYCv"" calls 70",2026-07-30T01:52:29.721Z,178537634972100
"""Spenny @ S8ENkJ8OQS"" folds",2026-07-30T01:52:25.697Z,178537634569700
"""Stevo @ kI2bCqDOyl"" bets 70",2026-07-30T01:52:19.654Z,178537633965400
"""Jonah @ xrBY5OZYCv"" checks",2026-07-30T01:52:17.519Z,178537633751900
"""Spenny @ S8ENkJ8OQS"" checks",2026-07-30T01:52:16.304Z,178537633630400
"Flop:  [10♦, 7♣, 7♦]",2026-07-30T01:52:14.126Z,178537633412600
"""Jonah @ xrBY5OZYCv"" calls 40",2026-07-30T01:52:13.194Z,178537633319400
"The admin ""Stevo @ kI2bCqDOyl"" enqueued the removal of the player ""arash @ 21jHaBYWIi"".",2026-07-30T01:52:12.640Z,178537633264000
"""arash @ 21jHaBYWIi"" folds",2026-07-30T01:52:12.327Z,178537633232700
"""Spenny @ S8ENkJ8OQS"" calls 40",2026-07-30T01:52:11.428Z,178537633142800
"""eogeorgoe @ _sqcLETZ0C"" folds",2026-07-30T01:52:08.579Z,178537632857900
"""Stevo @ kI2bCqDOyl"" raises to 40",2026-07-30T01:52:07.736Z,178537632773600
"""Jonah @ xrBY5OZYCv"" calls 20",2026-07-30T01:52:04.379Z,178537632437900
"""peelic @ vOeqrOXpLT"" folds",2026-07-30T01:52:02.533Z,178537632253300
"""arash @ 21jHaBYWIi"" posts a big blind of 20",2026-07-30T01:52:01.064Z,178537632106409
"""Spenny @ S8ENkJ8OQS"" posts a small blind of 10",2026-07-30T01:52:01.064Z,178537632106408
"Your hand is 3♣, J♠",2026-07-30T01:52:01.064Z,178537632106407
"Player stacks: #1 ""Spenny @ S8ENkJ8OQS"" (490) | #2 ""arash @ 21jHaBYWIi"" (1160) | #3 ""peelic @ vOeqrOXpLT"" (2020) | #6 ""Jonah @ xrBY5OZYCv"" (1600) | #7 ""Stevo @ kI2bCqDOyl"" (1000) | #8 ""eogeorgoe @ _sqcLETZ0C"" (1730)",2026-07-30T01:52:01.064Z,178537632106401
"-- starting hand #72 (id: jgilcft7ffte)  No Limit Texas Hold'em (dealer: ""eogeorgoe @ _sqcLETZ0C"") --",2026-07-30T01:52:01.064Z,178537632106400
"""eogeorgoe @ _sqcLETZ0C"" shows a J♠, J♣.",2026-07-30T01:51:58.859Z,178537631885900
"Undealt cards: 4♣, J♥, Q♠ [K♣, 8♥]",2026-07-30T01:51:57.379Z,178537631737900
"-- ending hand #71 --",2026-07-30T01:51:54.412Z,178537631441202
"""eogeorgoe @ _sqcLETZ0C"" collected 80 from pot",2026-07-30T01:51:54.412Z,178537631441201
"Uncalled bet of 20 returned to ""eogeorgoe @ _sqcLETZ0C""",2026-07-30T01:51:54.412Z,178537631441200
"""Jonah @ xrBY5OZYCv"" folds",2026-07-30T01:51:53.573Z,178537631357300
"""peelic @ vOeqrOXpLT"" folds",2026-07-30T01:51:52.688Z,178537631268800
"""Spenny @ S8ENkJ8OQS"" folds",2026-07-30T01:51:46.068Z,178537630606800
"""eogeorgoe @ _sqcLETZ0C"" bets 20",2026-07-30T01:51:41.757Z,178537630175700
"Flop:  [4♣, J♥, Q♠]",2026-07-30T01:51:40.210Z,178537630021000
"""Spenny @ S8ENkJ8OQS"" checks",2026-07-30T01:51:39.328Z,178537629932800
"""eogeorgoe @ _sqcLETZ0C"" calls 20",2026-07-30T01:51:36.492Z,178537629649200
"""Stevo @ kI2bCqDOyl"" folds",2026-07-30T01:51:35.650Z,178537629565000
"""Jonah @ xrBY5OZYCv"" calls 20",2026-07-30T01:51:34.650Z,178537629465000
"""peelic @ vOeqrOXpLT"" calls 20",2026-07-30T01:51:33.797Z,178537629379700
"""arash @ 21jHaBYWIi"" folds",2026-07-30T01:51:30.889Z,178537629088910
"""Spenny @ S8ENkJ8OQS"" posts a big blind of 20",2026-07-30T01:51:30.889Z,178537629088909
"""eogeorgoe @ _sqcLETZ0C"" posts a small blind of 10",2026-07-30T01:51:30.889Z,178537629088908
"Your hand is J♠, J♣",2026-07-30T01:51:30.889Z,178537629088907
"Player stacks: #1 ""Spenny @ S8ENkJ8OQS"" (510) | #2 ""arash @ 21jHaBYWIi"" (1160) | #3 ""peelic @ vOeqrOXpLT"" (2040) | #6 ""Jonah @ xrBY5OZYCv"" (1620) | #7 ""Stevo @ kI2bCqDOyl"" (1000) | #8 ""eogeorgoe @ _sqcLETZ0C"" (1670)",2026-07-30T01:51:30.889Z,178537629088901
"-- starting hand #71 (id: u7omywvqmd5r)  No Limit Texas Hold'em (dealer: ""Stevo @ kI2bCqDOyl"") --",2026-07-30T01:51:30.889Z,178537629088900
"-- ending hand #70 --",2026-07-30T01:51:24.861Z,178537628486104
"""Jonah @ xrBY5OZYCv"" collected 60 from pot with Pair, K's (combination: 7♣, 8♣, Q♣, K♦, K♠)",2026-07-30T01:51:24.861Z,178537628486103
"""Jonah @ xrBY5OZYCv"" shows a K♦, 2♥.",2026-07-30T01:51:24.861Z,178537628486102
"""eogeorgoe @ _sqcLETZ0C"" shows a 5♠, 5♣.",2026-07-30T01:51:24.861Z,178537628486101
"""Stevo @ kI2bCqDOyl"" shows a 6♦, 3♦.",2026-07-30T01:51:24.861Z,178537628486100
"""Jonah @ xrBY5OZYCv"" checks",2026-07-30T01:51:24.044Z,178537628404400
"""eogeorgoe @ _sqcLETZ0C"" checks",2026-07-30T01:51:22.648Z,178537628264800
"""Stevo @ kI2bCqDOyl"" checks",2026-07-30T01:51:21.617Z,178537628161700
"River: 7♣, 3♠, 8♣, Q♣ [K♠]",2026-07-30T01:51:19.799Z,178537627979900
"""Jonah @ xrBY5OZYCv"" checks",2026-07-30T01:51:18.888Z,178537627888800
"""eogeorgoe @ _sqcLETZ0C"" checks",2026-07-30T01:51:18.022Z,178537627802200
"""Stevo @ kI2bCqDOyl"" checks",2026-07-30T01:51:17.059Z,178537627705900
"Turn: 7♣, 3♠, 8♣ [Q♣]",2026-07-30T01:51:16.000Z,178537627600000
"""Jonah @ xrBY5OZYCv"" checks",2026-07-30T01:51:15.099Z,178537627509900
"""eogeorgoe @ _sqcLETZ0C"" checks",2026-07-30T01:51:14.253Z,178537627425300
"""Stevo @ kI2bCqDOyl"" checks",2026-07-30T01:51:13.387Z,178537627338700
"Flop:  [7♣, 3♠, 8♣]",2026-07-30T01:51:10.998Z,178537627099800
"""eogeorgoe @ _sqcLETZ0C"" checks",2026-07-30T01:51:10.085Z,178537627008500
"""Stevo @ kI2bCqDOyl"" calls 20",2026-07-30T01:51:09.238Z,178537626923800
"""Jonah @ xrBY5OZYCv"" calls 20",2026-07-30T01:51:08.282Z,178537626828200
"""peelic @ vOeqrOXpLT"" folds",2026-07-30T01:51:07.424Z,178537626742400
"""arash @ 21jHaBYWIi"" folds",2026-07-30T01:51:03.195Z,178537626319500
"""Spenny @ S8ENkJ8OQS"" folds",2026-07-30T01:51:02.273Z,178537626227300
"""eogeorgoe @ _sqcLETZ0C"" posts a big blind of 20",2026-07-30T01:51:00.580Z,178537626058009
"""Stevo @ kI2bCqDOyl"" posts a small blind of 10",2026-07-30T01:51:00.580Z,178537626058008
"Your hand is 5♠, 5♣",2026-07-30T01:51:00.580Z,178537626058007
"Player stacks: #1 ""Spenny @ S8ENkJ8OQS"" (510) | #2 ""arash @ 21jHaBYWIi"" (1160) | #3 ""peelic @ vOeqrOXpLT"" (2040) | #6 ""Jonah @ xrBY5OZYCv"" (1580) | #7 ""Stevo @ kI2bCqDOyl"" (1020) | #8 ""eogeorgoe @ _sqcLETZ0C"" (1690)",2026-07-30T01:51:00.580Z,178537626058001
"-- starting hand #70 (id: wht5mi9d27b6)  No Limit Texas Hold'em (dealer: ""Jonah @ xrBY5OZYCv"") --",2026-07-30T01:51:00.580Z,178537626058000
"""Jonah @ xrBY5OZYCv"" shows a 8♠, 2♠.",2026-07-30T01:50:56.564Z,178537625656400
"""eogeorgoe @ _sqcLETZ0C"" shows a 6♥, 5♠.",2026-07-30T01:50:55.956Z,178537625595600
"Undealt cards:  [K♣, 2♣, 2♥, 7♦, 4♦]",2026-07-30T01:50:54.452Z,178537625445200
"-- ending hand #69 --",2026-07-30T01:50:53.212Z,178537625321202
"""Stevo @ kI2bCqDOyl"" collected 60 from pot",2026-07-30T01:50:53.212Z,178537625321201
"Uncalled bet of 60 returned to ""Stevo @ kI2bCqDOyl""",2026-07-30T01:50:53.212Z,178537625321200
"""Jonah @ xrBY5OZYCv"" folds",2026-07-30T01:50:52.402Z,178537625240200
"""Spenny @ S8ENkJ8OQS"" folds",2026-07-30T01:50:51.554Z,178537625155400
"""Stevo @ kI2bCqDOyl"" raises to 80",2026-07-30T01:50:42.865Z,178537624286500
"""Jonah @ xrBY5OZYCv"" calls 20",2026-07-30T01:50:37.048Z,178537623704800
"""peelic @ vOeqrOXpLT"" folds",2026-07-30T01:50:36.196Z,178537623619600
"""arash @ 21jHaBYWIi"" folds",2026-07-30T01:50:35.244Z,178537623524400
"""Spenny @ S8ENkJ8OQS"" calls 20",2026-07-30T01:50:34.305Z,178537623430500
"""eogeorgoe @ _sqcLETZ0C"" folds",2026-07-30T01:50:31.669Z,178537623166900
"""Stevo @ kI2bCqDOyl"" posts a big blind of 20",2026-07-30T01:50:29.754Z,178537622975409
"""Jonah @ xrBY5OZYCv"" posts a small blind of 10",2026-07-30T01:50:29.754Z,178537622975408
"Your hand is 6♥, 5♠",2026-07-30T01:50:29.754Z,178537622975407
"Player stacks: #1 ""Spenny @ S8ENkJ8OQS"" (530) | #2 ""arash @ 21jHaBYWIi"" (1160) | #3 ""peelic @ vOeqrOXpLT"" (2040) | #6 ""Jonah @ xrBY5OZYCv"" (1600) | #7 ""Stevo @ kI2bCqDOyl"" (980) | #8 ""eogeorgoe @ _sqcLETZ0C"" (1690)",2026-07-30T01:50:29.754Z,178537622975401
"-- starting hand #69 (id: gbcbpqgjirsk)  No Limit Texas Hold'em (dealer: ""peelic @ vOeqrOXpLT"") --",2026-07-30T01:50:29.754Z,178537622975400
"-- ending hand #68 --",2026-07-30T01:50:23.783Z,178537622378302
"""arash @ 21jHaBYWIi"" collected 140 from pot",2026-07-30T01:50:23.783Z,178537622378301
"Uncalled bet of 30 returned to ""arash @ 21jHaBYWIi""",2026-07-30T01:50:23.783Z,178537622378300
"""Jonah @ xrBY5OZYCv"" folds",2026-07-30T01:50:22.966Z,178537622296600
"""peelic @ vOeqrOXpLT"" folds",2026-07-30T01:50:19.008Z,178537621900800
"""arash @ 21jHaBYWIi"" raises to 60",2026-07-30T01:50:18.161Z,178537621816100
"""Stevo @ kI2bCqDOyl"" folds",2026-07-30T01:50:15.417Z,178537621541700
"""Jonah @ xrBY5OZYCv"" bets 30",2026-07-30T01:50:12.125Z,178537621212500
"""peelic @ vOeqrOXpLT"" checks",2026-07-30T01:50:09.091Z,178537620909100
"Flop:  [A♦, 6♠, Q♦]",2026-07-30T01:50:07.143Z,178537620714300
"""Jonah @ xrBY5OZYCv"" checks",2026-07-30T01:50:06.323Z,178537620632300
"""peelic @ vOeqrOXpLT"" calls 20",2026-07-30T01:50:05.410Z,178537620541000
"""arash @ 21jHaBYWIi"" calls 20",2026-07-30T01:50:04.572Z,178537620457200
"""Spenny @ S8ENkJ8OQS"" folds",2026-07-30T01:50:03.597Z,178537620359700
"""eogeorgoe @ _sqcLETZ0C"" folds",2026-07-30T01:50:02.677Z,178537620267700
"""Stevo @ kI2bCqDOyl"" calls 20",2026-07-30T01:50:01.040Z,178537620104000
"""Jonah @ xrBY5OZYCv"" posts a big blind of 20",2026-07-30T01:49:58.529Z,178537619852911
"""peelic @ vOeqrOXpLT"" posts a small blind of 10",2026-07-30T01:49:58.529Z,178537619852910
"Your hand is 4♦, 10♥",2026-07-30T01:49:58.529Z,178537619852909
"Player stacks: #1 ""Spenny @ S8ENkJ8OQS"" (530) | #2 ""arash @ 21jHaBYWIi"" (1070) | #3 ""peelic @ vOeqrOXpLT"" (2060) | #6 ""Jonah @ xrBY5OZYCv"" (1650) | #7 ""Stevo @ kI2bCqDOyl"" (1000) | #8 ""eogeorgoe @ _sqcLETZ0C"" (1690)",2026-07-30T01:49:58.529Z,178537619852903
"-- starting hand #68 (id: 04gr7dgeiei7)  No Limit Texas Hold'em (dealer: ""arash @ 21jHaBYWIi"") --",2026-07-30T01:49:58.529Z,178537619852902
"The player ""Stevo @ kI2bCqDOyl"" rebought. New stack 1000.",2026-07-30T01:49:58.529Z,178537619852901
"The player ""Stevo @ kI2bCqDOyl"" requested a rebuy of 1000.",2026-07-30T01:49:58.529Z,178537619852900
"Asking to busted players the rebuy decision.",2026-07-30T01:49:55.941Z,178537619594100
"""eogeorgoe @ _sqcLETZ0C"" shows a 7♥, 9♦.",2026-07-30T01:49:51.725Z,178537619172500
"""arash @ 21jHaBYWIi"" shows a 8♥, 7♠.",2026-07-30T01:49:50.400Z,178537619040000
"-- ending hand #67 --",2026-07-30T01:49:48.936Z,178537618893603
"""peelic @ vOeqrOXpLT"" collected 880 from pot with Full House, 4's over 5's (combination: 5♠, 5♦, 4♥, 4♣, 4♦)",2026-07-30T01:49:48.936Z,178537618893602
"""peelic @ vOeqrOXpLT"" shows a 4♥, 4♣.",2026-07-30T01:49:48.936Z,178537618893601
"""Stevo @ kI2bCqDOyl"" shows a K♦, 7♦.",2026-07-30T01:49:48.936Z,178537618893600
"""peelic @ vOeqrOXpLT"" calls 350",2026-07-30T01:49:48.080Z,178537618808000
"""arash @ 21jHaBYWIi"" folds",2026-07-30T01:49:47.203Z,178537618720300
"""Stevo @ kI2bCqDOyl"" raises to 350 and go all in",2026-07-30T01:49:40.593Z,178537618059300
"""peelic @ vOeqrOXpLT"" bets 130",2026-07-30T01:49:38.604Z,178537617860400
"""arash @ 21jHaBYWIi"" checks",2026-07-30T01:49:34.452Z,178537617445200
"River: 5♠, J♥, 4♦, 6♦ [5♦]",2026-07-30T01:49:31.108Z,178537617110800
"""arash @ 21jHaBYWIi"" calls 40",2026-07-30T01:49:30.302Z,178537617030200
"""Stevo @ kI2bCqDOyl"" calls 40",2026-07-30T01:49:27.309Z,178537616730900
"""peelic @ vOeqrOXpLT"" bets 40",2026-07-30T01:49:26.396Z,178537616639600
"""arash @ 21jHaBYWIi"" checks",2026-07-30T01:49:24.388Z,178537616438800
"Turn: 5♠, J♥, 4♦ [6♦]",2026-07-30T01:49:22.598Z,178537616259800
"""Stevo @ kI2bCqDOyl"" checks",2026-07-30T01:49:21.741Z,178537616174100
"""peelic @ vOeqrOXpLT"" checks",2026-07-30T01:49:20.828Z,178537616082800
"""arash @ 21jHaBYWIi"" checks",2026-07-30T01:49:19.175Z,178537615917500
"Flop:  [5♠, J♥, 4♦]",2026-07-30T01:49:16.899Z,178537615689900
"""peelic @ vOeqrOXpLT"" checks",2026-07-30T01:49:16.030Z,178537615603000
"""arash @ 21jHaBYWIi"" calls 20",2026-07-30T01:49:15.112Z,178537615511200
"""Spenny @ S8ENkJ8OQS"" folds",2026-07-30T01:49:14.168Z,178537615416800
"""eogeorgoe @ _sqcLETZ0C"" folds",2026-07-30T01:49:13.215Z,178537615321500
"""Stevo @ kI2bCqDOyl"" calls 20",2026-07-30T01:49:12.350Z,178537615235000
"""Jonah @ xrBY5OZYCv"" folds",2026-07-30T01:49:11.490Z,178537615149000
"""peelic @ vOeqrOXpLT"" posts a big blind of 20",2026-07-30T01:49:01.425Z,178537614142509
"""arash @ 21jHaBYWIi"" posts a small blind of 10",2026-07-30T01:49:01.425Z,178537614142508
"Your hand is 7♥, 9♦",2026-07-30T01:49:01.425Z,178537614142507
"Player stacks: #1 ""Spenny @ S8ENkJ8OQS"" (530) | #2 ""arash @ 21jHaBYWIi"" (1130) | #3 ""peelic @ vOeqrOXpLT"" (1590) | #6 ""Jonah @ xrBY5OZYCv"" (1650) | #7 ""Stevo @ kI2bCqDOyl"" (410) | #8 ""eogeorgoe @ _sqcLETZ0C"" (1690)",2026-07-30T01:49:01.425Z,178537614142501
"-- starting hand #67 (id: g5s6nhqra14g)  No Limit Texas Hold'em (dealer: ""Spenny @ S8ENkJ8OQS"") --",2026-07-30T01:49:01.425Z,178537614142500
"""Spenny @ S8ENkJ8OQS"" shows a Q♣, 7♦.",2026-07-30T01:48:58.942Z,178537613894200
"-- ending hand #66 --",2026-07-30T01:48:57.783Z,178537613778302
"""Jonah @ xrBY5OZYCv"" collected 600 from pot",2026-07-30T01:48:57.783Z,178537613778301
"Uncalled bet of 100 returned to ""Jonah @ xrBY5OZYCv""",2026-07-30T01:48:57.783Z,178537613778300
"""arash @ 21jHaBYWIi"" folds",2026-07-30T01:48:56.972Z,178537613697200
"""Spenny @ S8ENkJ8OQS"" folds",2026-07-30T01:48:56.051Z,178537613605100
"""Stevo @ kI2bCqDOyl"" folds",2026-07-30T01:48:55.162Z,178537613516200
"""Jonah @ xrBY5OZYCv"" bets 100",2026-07-30T01:48:51.610Z,178537613161000
"""arash @ 21jHaBYWIi"" checks",2026-07-30T01:48:49.167Z,178537612916700
"""Spenny @ S8ENkJ8OQS"" checks",2026-07-30T01:48:48.198Z,178537612819800
"River: K♠, 9♥, 6♣, 8♠ [A♣]",2026-07-30T01:48:46.153Z,178537612615300
"""Jonah @ xrBY5OZYCv"" calls 100",2026-07-30T01:48:45.337Z,178537612533700
"""peelic @ vOeqrOXpLT"" folds",2026-07-30T01:48:43.271Z,178537612327100
"""arash @ 21jHaBYWIi"" calls 100",2026-07-30T01:48:38.412Z,178537611841200
"""Spenny @ S8ENkJ8OQS"" calls 100",2026-07-30T01:48:37.455Z,178537611745500
"""Stevo @ kI2bCqDOyl"" raises to 100",2026-07-30T01:48:27.528Z,178537610752800
"""Jonah @ xrBY5OZYCv"" bets 50",2026-07-30T01:48:24.724Z,178537610472400
"""peelic @ vOeqrOXpLT"" checks",2026-07-30T01:48:21.328Z,178537610132800
"""arash @ 21jHaBYWIi"" checks",2026-07-30T01:48:20.448Z,178537610044800
"""Spenny @ S8ENkJ8OQS"" checks",2026-07-30T01:48:19.489Z,178537609948900
"Turn: K♠, 9♥, 6♣ [8♠]",2026-07-30T01:48:17.050Z,178537609705000
"""Stevo @ kI2bCqDOyl"" checks",2026-07-30T01:48:16.186Z,178537609618600
"""Jonah @ xrBY5OZYCv"" checks",2026-07-30T01:48:12.401Z,178537609240100
"""peelic @ vOeqrOXpLT"" checks",2026-07-30T01:48:11.547Z,178537609154700
"""arash @ 21jHaBYWIi"" checks",2026-07-30T01:48:05.872Z,178537608587200
"""Spenny @ S8ENkJ8OQS"" checks",2026-07-30T01:48:03.810Z,178537608381000
"Flop:  [K♠, 9♥, 6♣]",2026-07-30T01:47:59.853Z,178537607985300
"""Jonah @ xrBY5OZYCv"" calls 40",2026-07-30T01:47:59.016Z,178537607901600
"""peelic @ vOeqrOXpLT"" calls 40",2026-07-30T01:47:58.141Z,178537607814100
"""arash @ 21jHaBYWIi"" calls 40",2026-07-30T01:47:55.572Z,178537607557200
"""Spenny @ S8ENkJ8OQS"" calls 40",2026-07-30T01:47:49.043Z,178537606904300
"""eogeorgoe @ _sqcLETZ0C"" folds",2026-07-30T01:47:48.144Z,178537606814400
"""Stevo @ kI2bCqDOyl"" raises to 40",2026-07-30T01:47:44.016Z,178537606401600
"""Jonah @ xrBY5OZYCv"" calls 20",2026-07-30T01:47:42.253Z,178537606225300
"""peelic @ vOeqrOXpLT"" calls 20",2026-07-30T01:47:41.374Z,178537606137400
"""arash @ 21jHaBYWIi"" posts a big blind of 20",2026-07-30T01:47:38.006Z,178537605800609
"""Spenny @ S8ENkJ8OQS"" posts a small blind of 10",2026-07-30T01:47:38.006Z,178537605800608
"Your hand is 9♣, 5♥",2026-07-30T01:47:38.006Z,178537605800607
"Player stacks: #1 ""Spenny @ S8ENkJ8OQS"" (670) | #2 ""arash @ 21jHaBYWIi"" (1270) | #3 ""peelic @ vOeqrOXpLT"" (1630) | #6 ""Jonah @ xrBY5OZYCv"" (1190) | #7 ""Stevo @ kI2bCqDOyl"" (550) | #8 ""eogeorgoe @ _sqcLETZ0C"" (1690)",2026-07-30T01:47:38.006Z,178537605800601
"-- starting hand #66 (id: k6ynhepb99t2)  No Limit Texas Hold'em (dealer: ""eogeorgoe @ _sqcLETZ0C"") --",2026-07-30T01:47:38.006Z,178537605800600
"-- ending hand #65 --",2026-07-30T01:47:31.953Z,178537605195304
"""Spenny @ S8ENkJ8OQS"" collected 670 from pot with Two Pair, J's & 4's (combination: A♦, 4♥, 4♣, J♣, J♠)",2026-07-30T01:47:31.953Z,178537605195303
"""Spenny @ S8ENkJ8OQS"" shows a J♣, 4♥.",2026-07-30T01:47:31.953Z,178537605195302
"""Stevo @ kI2bCqDOyl"" shows a Q♦, Q♠.",2026-07-30T01:47:31.953Z,178537605195301
"Uncalled bet of 550 returned to ""Stevo @ kI2bCqDOyl""",2026-07-30T01:47:31.953Z,178537605195300
"""Spenny @ S8ENkJ8OQS"" calls 190 and go all in",2026-07-30T01:47:31.022Z,178537605102200
"""Stevo @ kI2bCqDOyl"" raises to 740 and go all in",2026-07-30T01:47:27.541Z,178537604754100
"""Spenny @ S8ENkJ8OQS"" bets 60",2026-07-30T01:47:23.602Z,178537604360200
"River: K♠, 4♣, J♠, 7♠ [A♦]",2026-07-30T01:47:15.773Z,178537603577300
"""Spenny @ S8ENkJ8OQS"" calls 40",2026-07-30T01:47:14.916Z,178537603491600
"""Stevo @ kI2bCqDOyl"" raises to 40",2026-07-30T01:47:10.191Z,178537603019100
"""Spenny @ S8ENkJ8OQS"" bets 20",2026-07-30T01:47:05.840Z,178537602584000
"Turn: K♠, 4♣, J♠ [7♠]",2026-07-30T01:46:58.328Z,178537601832800
"""arash @ 21jHaBYWIi"" folds",2026-07-30T01:46:57.496Z,178537601749600
"""Spenny @ S8ENkJ8OQS"" calls 40",2026-07-30T01:46:56.230Z,178537601623000
"""Stevo @ kI2bCqDOyl"" bets 40",2026-07-30T01:46:52.302Z,178537601230200
"""arash @ 21jHaBYWIi"" checks",2026-07-30T01:46:49.751Z,178537600975100
"""Spenny @ S8ENkJ8OQS"" checks",2026-07-30T01:46:44.266Z,178537600426600
"Flop:  [K♠, 4♣, J♠]",2026-07-30T01:46:41.279Z,178537600127900
"""arash @ 21jHaBYWIi"" calls 40",2026-07-30T01:46:40.370Z,178537600037000
"""Spenny @ S8ENkJ8OQS"" calls 40",2026-07-30T01:46:39.443Z,178537599944300
"""eogeorgoe @ _sqcLETZ0C"" folds",2026-07-30T01:46:34.705Z,178537599470500
"""Stevo @ kI2bCqDOyl"" raises to 40",2026-07-30T01:46:33.763Z,178537599376300
"""Jonah @ xrBY5OZYCv"" folds",2026-07-30T01:46:31.553Z,178537599155300
"""peelic @ vOeqrOXpLT"" folds",2026-07-30T01:46:30.678Z,178537599067800
"""arash @ 21jHaBYWIi"" calls 20",2026-07-30T01:46:27.730Z,178537598773000
"""Spenny @ S8ENkJ8OQS"" posts a big blind of 20",2026-07-30T01:46:26.273Z,178537598627309
"""eogeorgoe @ _sqcLETZ0C"" posts a small blind of 10",2026-07-30T01:46:26.273Z,178537598627308
"Your hand is 4♦, 8♣",2026-07-30T01:46:26.273Z,178537598627307
"Player stacks: #1 ""Spenny @ S8ENkJ8OQS"" (310) | #2 ""arash @ 21jHaBYWIi"" (1310) | #3 ""peelic @ vOeqrOXpLT"" (1630) | #6 ""Jonah @ xrBY5OZYCv"" (1190) | #7 ""Stevo @ kI2bCqDOyl"" (860) | #8 ""eogeorgoe @ _sqcLETZ0C"" (1700)",2026-07-30T01:46:26.273Z,178537598627301
"-- starting hand #65 (id: mxj8zy1suuqc)  No Limit Texas Hold'em (dealer: ""Stevo @ kI2bCqDOyl"") --",2026-07-30T01:46:26.273Z,178537598627300
"""eogeorgoe @ _sqcLETZ0C"" shows a K♥.",2026-07-30T01:46:23.297Z,178537598329700
"""eogeorgoe @ _sqcLETZ0C"" shows a 8♠.",2026-07-30T01:46:22.814Z,178537598281400
"-- ending hand #64 --",2026-07-30T01:46:22.667Z,178537598266702
"""arash @ 21jHaBYWIi"" collected 210 from pot",2026-07-30T01:46:22.667Z,178537598266701
"Uncalled bet of 100 returned to ""arash @ 21jHaBYWIi""",2026-07-30T01:46:22.667Z,178537598266700
"""Jonah @ xrBY5OZYCv"" folds",2026-07-30T01:46:21.791Z,178537598179100
"""arash @ 21jHaBYWIi"" bets 100",2026-07-30T01:46:20.816Z,178537598081600
"River: 9♦, J♦, 8♥, 4♣ [K♣]",2026-07-30T01:46:12.461Z,178537597246100
"""Jonah @ xrBY5OZYCv"" checks",2026-07-30T01:46:11.496Z,178537597149600
"""arash @ 21jHaBYWIi"" checks",2026-07-30T01:46:10.577Z,178537597057700
"Turn: 9♦, J♦, 8♥ [4♣]",2026-07-30T01:46:09.251Z,178537596925100
"""Spenny @ S8ENkJ8OQS"" folds",2026-07-30T01:46:08.291Z,178537596829100
"""eogeorgoe @ _sqcLETZ0C"" folds",2026-07-30T01:46:03.977Z,178537596397700
"""Jonah @ xrBY5OZYCv"" calls 50",2026-07-30T01:45:59.985Z,178537595998500
"""peelic @ vOeqrOXpLT"" folds",2026-07-30T01:45:54.964Z,178537595496400
"""arash @ 21jHaBYWIi"" bets 50",2026-07-30T01:45:45.822Z,178537594582200
"""Spenny @ S8ENkJ8OQS"" checks",2026-07-30T01:45:43.168Z,178537594316800
"""eogeorgoe @ _sqcLETZ0C"" checks",2026-07-30T01:45:38.752Z,178537593875200
"Flop:  [9♦, J♦, 8♥]",2026-07-30T01:45:34.653Z,178537593465300
"""eogeorgoe @ _sqcLETZ0C"" checks",2026-07-30T01:45:33.849Z,178537593384900
"""Stevo @ kI2bCqDOyl"" folds",2026-07-30T01:45:32.319Z,178537593231900
"""Jonah @ xrBY5OZYCv"" calls 20",2026-07-30T01:45:29.806Z,178537592980600
"""peelic @ vOeqrOXpLT"" calls 20",2026-07-30T01:45:28.937Z,178537592893700
"""arash @ 21jHaBYWIi"" calls 20",2026-07-30T01:45:25.536Z,178537592553600
"""Spenny @ S8ENkJ8OQS"" calls 20",2026-07-30T01:45:24.641Z,178537592464100
"""eogeorgoe @ _sqcLETZ0C"" posts a big blind of 20",2026-07-30T01:45:19.360Z,178537591936009
"""Stevo @ kI2bCqDOyl"" posts a small blind of 10",2026-07-30T01:45:19.360Z,178537591936008
"Your hand is K♥, 8♠",2026-07-30T01:45:19.360Z,178537591936007
"Player stacks: #1 ""Spenny @ S8ENkJ8OQS"" (330) | #2 ""arash @ 21jHaBYWIi"" (1170) | #3 ""peelic @ vOeqrOXpLT"" (1650) | #6 ""Jonah @ xrBY5OZYCv"" (1260) | #7 ""Stevo @ kI2bCqDOyl"" (870) | #8 ""eogeorgoe @ _sqcLETZ0C"" (1720)",2026-07-30T01:45:19.360Z,178537591936001
"-- starting hand #64 (id: 3waxwxiagmec)  No Limit Texas Hold'em (dealer: ""Jonah @ xrBY5OZYCv"") --",2026-07-30T01:45:19.360Z,178537591936000
"""Stevo @ kI2bCqDOyl"" shows a A♦, 6♣.",2026-07-30T01:45:17.743Z,178537591774300
"""arash @ 21jHaBYWIi"" shows a 9♣, 8♦.",2026-07-30T01:45:15.964Z,178537591596400
"-- ending hand #63 --",2026-07-30T01:45:14.955Z,178537591495502
"""arash @ 21jHaBYWIi"" collected 310 from pot",2026-07-30T01:45:14.955Z,178537591495501
"Uncalled bet of 120 returned to ""arash @ 21jHaBYWIi""",2026-07-30T01:45:14.955Z,178537591495500
"""Stevo @ kI2bCqDOyl"" folds",2026-07-30T01:45:14.070Z,178537591407000
"""arash @ 21jHaBYWIi"" bets 120",2026-07-30T01:45:12.626Z,178537591262600
"""Stevo @ kI2bCqDOyl"" checks",2026-07-30T01:45:09.727Z,178537590972700
"River: J♦, 10♦, K♣, 6♦ [5♥]",2026-07-30T01:45:08.355Z,178537590835500
"""Stevo @ kI2bCqDOyl"" calls 60",2026-07-30T01:45:07.534Z,178537590753400
"""arash @ 21jHaBYWIi"" raises to 60",2026-07-30T01:45:06.251Z,178537590625100
"""Stevo @ kI2bCqDOyl"" bets 20",2026-07-30T01:44:59.142Z,178537589914200
"Turn: J♦, 10♦, K♣ [6♦]",2026-07-30T01:44:58.173Z,178537589817300
"""Stevo @ kI2bCqDOyl"" calls 60",2026-07-30T01:44:57.328Z,178537589732800
"""arash @ 21jHaBYWIi"" raises to 60",2026-07-30T01:44:54.588Z,178537589458800
"""eogeorgoe @ _sqcLETZ0C"" folds",2026-07-30T01:44:49.481Z,178537588948100
"""Stevo @ kI2bCqDOyl"" bets 20",2026-07-30T01:44:48.046Z,178537588804600
"Flop:  [J♦, 10♦, K♣]",2026-07-30T01:44:45.450Z,178537588545000
"""Stevo @ kI2bCqDOyl"" checks",2026-07-30T01:44:44.610Z,178537588461000
"""Jonah @ xrBY5OZYCv"" folds",2026-07-30T01:44:43.710Z,178537588371000
"""peelic @ vOeqrOXpLT"" folds",2026-07-30T01:44:42.849Z,178537588284900
"""arash @ 21jHaBYWIi"" calls 20",2026-07-30T01:44:31.943Z,178537587194300
"""Spenny @ S8ENkJ8OQS"" folds",2026-07-30T01:44:31.034Z,178537587103400
"""eogeorgoe @ _sqcLETZ0C"" calls 20",2026-07-30T01:44:30.102Z,178537587010200
"""Stevo @ kI2bCqDOyl"" posts a big blind of 20",2026-07-30T01:44:27.156Z,178537586715609
"""Jonah @ xrBY5OZYCv"" posts a small blind of 10",2026-07-30T01:44:27.156Z,178537586715608
"Your hand is 5♠, 4♠",2026-07-30T01:44:27.156Z,178537586715607
"Player stacks: #1 ""Spenny @ S8ENkJ8OQS"" (330) | #2 ""arash @ 21jHaBYWIi"" (1000) | #3 ""peelic @ vOeqrOXpLT"" (1650) | #6 ""Jonah @ xrBY5OZYCv"" (1270) | #7 ""Stevo @ kI2bCqDOyl"" (1010) | #8 ""eogeorgoe @ _sqcLETZ0C"" (1740)",2026-07-30T01:44:27.156Z,178537586715601
"-- starting hand #63 (id: ss9giszpslbr)  No Limit Texas Hold'em (dealer: ""peelic @ vOeqrOXpLT"") --",2026-07-30T01:44:27.156Z,178537586715600
"""arash @ 21jHaBYWIi"" shows a 7♦.",2026-07-30T01:44:24.669Z,178537586466900
"""Stevo @ kI2bCqDOyl"" shows a 5♥.",2026-07-30T01:44:22.880Z,178537586288000
"Undealt cards: 5♣, A♣, 3♦ [A♥, 5♠]",2026-07-30T01:44:21.072Z,178537586107200
"-- ending hand #62 --",2026-07-30T01:44:19.782Z,178537585978202
"""arash @ 21jHaBYWIi"" collected 110 from pot",2026-07-30T01:44:19.782Z,178537585978201
"Uncalled bet of 80 returned to ""arash @ 21jHaBYWIi""",2026-07-30T01:44:19.782Z,178537585978200
"""Jonah @ xrBY5OZYCv"" folds",2026-07-30T01:44:18.959Z,178537585895900
"""arash @ 21jHaBYWIi"" bets 80",2026-07-30T01:44:17.470Z,178537585747000
"""Jonah @ xrBY5OZYCv"" checks",2026-07-30T01:44:14.400Z,178537585440000
"Flop:  [5♣, A♣, 3♦]",2026-07-30T01:44:13.167Z,178537585316700
"""Jonah @ xrBY5OZYCv"" calls 50",2026-07-30T01:44:12.348Z,178537585234800
"""peelic @ vOeqrOXpLT"" folds",2026-07-30T01:44:10.483Z,178537585048300
"""arash @ 21jHaBYWIi"" raises to 50",2026-07-30T01:44:08.953Z,178537584895300
"""Spenny @ S8ENkJ8OQS"" folds",2026-07-30T01:44:03.901Z,178537584390100
"""eogeorgoe @ _sqcLETZ0C"" folds",2026-07-30T01:43:54.279Z,178537583427900
"""Stevo @ kI2bCqDOyl"" folds",2026-07-30T01:43:50.898Z,178537583089800
"""Jonah @ xrBY5OZYCv"" posts a big blind of 20",2026-07-30T01:43:47.063Z,178537582706309
"""peelic @ vOeqrOXpLT"" posts a small blind of 10",2026-07-30T01:43:47.063Z,178537582706308
"Your hand is 8♥, 4♣",2026-07-30T01:43:47.063Z,178537582706307
"Player stacks: #1 ""Spenny @ S8ENkJ8OQS"" (330) | #2 ""arash @ 21jHaBYWIi"" (940) | #3 ""peelic @ vOeqrOXpLT"" (1660) | #6 ""Jonah @ xrBY5OZYCv"" (1320) | #7 ""Stevo @ kI2bCqDOyl"" (1010) | #8 ""eogeorgoe @ _sqcLETZ0C"" (1740)",2026-07-30T01:43:47.063Z,178537582706301
"-- starting hand #62 (id: wiczyy3rqhlm)  No Limit Texas Hold'em (dealer: ""arash @ 21jHaBYWIi"") --",2026-07-30T01:43:47.063Z,178537582706300
"-- ending hand #61 --",2026-07-30T01:43:40.972Z,178537582097203
"""Spenny @ S8ENkJ8OQS"" collected 120 from pot with Pair, 7's (combination: 5♠, 6♣, 9♠, 7♠, 7♥)",2026-07-30T01:43:40.972Z,178537582097202
"""Spenny @ S8ENkJ8OQS"" shows a 7♠, 9♠.",2026-07-30T01:43:40.972Z,178537582097201
"""arash @ 21jHaBYWIi"" shows a 8♥, 2♦.",2026-07-30T01:43:40.972Z,178537582097200
"""Spenny @ S8ENkJ8OQS"" checks",2026-07-30T01:43:40.168Z,178537582016800
"""arash @ 21jHaBYWIi"" checks",2026-07-30T01:43:39.285Z,178537581928500
"River: 6♣, 5♠, 3♦, 2♣ [7♥]",2026-07-30T01:43:30.413Z,178537581041300
"""Spenny @ S8ENkJ8OQS"" calls 20",2026-07-30T01:43:29.600Z,178537580960000
"""Stevo @ kI2bCqDOyl"" folds",2026-07-30T01:43:23.456Z,178537580345600
"""peelic @ vOeqrOXpLT"" folds",2026-07-30T01:43:22.553Z,178537580255300
"""arash @ 21jHaBYWIi"" bets 20",2026-07-30T01:43:13.127Z,178537579312700
"Turn: 6♣, 5♠, 3♦ [2♣]",2026-07-30T01:43:10.794Z,178537579079400
"""Spenny @ S8ENkJ8OQS"" checks",2026-07-30T01:43:09.948Z,178537578994800
"""Stevo @ kI2bCqDOyl"" checks",2026-07-30T01:43:08.993Z,178537578899300
"""peelic @ vOeqrOXpLT"" checks",2026-07-30T01:43:08.072Z,178537578807200
"""arash @ 21jHaBYWIi"" checks",2026-07-30T01:42:57.209Z,178537577720900
"Flop:  [6♣, 5♠, 3♦]",2026-07-30T01:42:55.830Z,178537577583000
"""peelic @ vOeqrOXpLT"" checks",2026-07-30T01:42:55.007Z,178537577500700
"""arash @ 21jHaBYWIi"" calls 20",2026-07-30T01:42:54.080Z,178537577408000
"""Spenny @ S8ENkJ8OQS"" calls 20",2026-07-30T01:42:51.448Z,178537577144800
"""eogeorgoe @ _sqcLETZ0C"" folds",2026-07-30T01:42:50.548Z,178537577054800
"""Stevo @ kI2bCqDOyl"" calls 20",2026-07-30T01:42:47.792Z,178537576779200
"""Jonah @ xrBY5OZYCv"" folds",2026-07-30T01:42:43.242Z,178537576324200
"""peelic @ vOeqrOXpLT"" posts a big blind of 20",2026-07-30T01:42:42.060Z,178537576206009
"""arash @ 21jHaBYWIi"" posts a small blind of 10",2026-07-30T01:42:42.060Z,178537576206008
"Your hand is 10♦, 8♠",2026-07-30T01:42:42.060Z,178537576206007
"Player stacks: #1 ""Spenny @ S8ENkJ8OQS"" (250) | #2 ""arash @ 21jHaBYWIi"" (980) | #3 ""peelic @ vOeqrOXpLT"" (1680) | #6 ""Jonah @ xrBY5OZYCv"" (1320) | #7 ""Stevo @ kI2bCqDOyl"" (1030) | #8 ""eogeorgoe @ _sqcLETZ0C"" (1740)",2026-07-30T01:42:42.060Z,178537576206001
"-- starting hand #61 (id: wv4cbjwnomph)  No Limit Texas Hold'em (dealer: ""Spenny @ S8ENkJ8OQS"") --",2026-07-30T01:42:42.060Z,178537576206000
"-- ending hand #60 --",2026-07-30T01:42:36.046Z,178537575604603
"""arash @ 21jHaBYWIi"" collected 80 from pot with Pair, 4's (combination: J♥, Q♠, K♥, 4♠, 4♥)",2026-07-30T01:42:36.046Z,178537575604602
"""arash @ 21jHaBYWIi"" shows a K♥, 4♠.",2026-07-30T01:42:36.046Z,178537575604601
"""Spenny @ S8ENkJ8OQS"" shows a 8♠, K♣.",2026-07-30T01:42:36.046Z,178537575604600
"""Jonah @ xrBY5OZYCv"" checks",2026-07-30T01:42:35.211Z,178537575521100
"""peelic @ vOeqrOXpLT"" checks",2026-07-30T01:42:34.326Z,178537575432600
"""arash @ 21jHaBYWIi"" checks",2026-07-30T01:42:31.867Z,178537575186700
"""Spenny @ S8ENkJ8OQS"" checks",2026-07-30T01:42:26.983Z,178537574698300
"River: 6♣, Q♠, 4♥, 3♠ [J♥]",2026-07-30T01:42:24.555Z,178537574455500
"""Jonah @ xrBY5OZYCv"" checks",2026-07-30T01:42:23.659Z,178537574365900
"""peelic @ vOeqrOXpLT"" checks",2026-07-30T01:42:22.779Z,178537574277900
"""arash @ 21jHaBYWIi"" checks",2026-07-30T01:42:17.192Z,178537573719200
"""Spenny @ S8ENkJ8OQS"" checks",2026-07-30T01:42:12.520Z,178537573252000
"Turn: 6♣, Q♠, 4♥ [3♠]",2026-07-30T01:42:07.702Z,178537572770200
"""Jonah @ xrBY5OZYCv"" checks",2026-07-30T01:42:06.842Z,178537572684200
"""peelic @ vOeqrOXpLT"" checks",2026-07-30T01:42:05.935Z,178537572593500
"""arash @ 21jHaBYWIi"" checks",2026-07-30T01:42:05.096Z,178537572509600
"""Spenny @ S8ENkJ8OQS"" checks",2026-07-30T01:42:04.113Z,178537572411300
"Flop:  [6♣, Q♠, 4♥]",2026-07-30T01:41:59.092Z,178537571909200
"""arash @ 21jHaBYWIi"" checks",2026-07-30T01:41:58.270Z,178537571827000
"""Spenny @ S8ENkJ8OQS"" calls 20",2026-07-30T01:41:57.368Z,178537571736800
"""eogeorgoe @ _sqcLETZ0C"" folds",2026-07-30T01:41:56.404Z,178537571640400
"""Stevo @ kI2bCqDOyl"" folds",2026-07-30T01:41:55.554Z,178537571555400
"""Jonah @ xrBY5OZYCv"" calls 20",2026-07-30T01:41:52.617Z,178537571261700
"""peelic @ vOeqrOXpLT"" calls 20",2026-07-30T01:41:51.677Z,178537571167700
"""arash @ 21jHaBYWIi"" posts a big blind of 20",2026-07-30T01:41:50.570Z,178537571057009
"""Spenny @ S8ENkJ8OQS"" posts a small blind of 10",2026-07-30T01:41:50.570Z,178537571057008
"Your hand is 7♥, 9♠",2026-07-30T01:41:50.570Z,178537571057007
"Player stacks: #1 ""Spenny @ S8ENkJ8OQS"" (270) | #2 ""arash @ 21jHaBYWIi"" (920) | #3 ""peelic @ vOeqrOXpLT"" (1700) | #6 ""Jonah @ xrBY5OZYCv"" (1340) | #7 ""Stevo @ kI2bCqDOyl"" (1030) | #8 ""eogeorgoe @ _sqcLETZ0C"" (1740)",2026-07-30T01:41:50.570Z,178537571057001
"-- starting hand #60 (id: 09pchb7dzcff)  No Limit Texas Hold'em (dealer: ""eogeorgoe @ _sqcLETZ0C"") --",2026-07-30T01:41:50.570Z,178537571057000
"""eogeorgoe @ _sqcLETZ0C"" shows a A♥, 3♥.",2026-07-30T01:41:45.155Z,178537570515500
"-- ending hand #59 --",2026-07-30T01:41:44.056Z,178537570405602
"""peelic @ vOeqrOXpLT"" collected 380 from pot with Two Pair, 7's & 2's (combination: A♦, 2♦, 2♥, 7♠, 7♥)",2026-07-30T01:41:44.056Z,178537570405601
"""peelic @ vOeqrOXpLT"" shows a 7♠, A♦.",2026-07-30T01:41:44.056Z,178537570405600
"""eogeorgoe @ _sqcLETZ0C"" calls 80",2026-07-30T01:41:43.204Z,178537570320400
"""peelic @ vOeqrOXpLT"" bets 80",2026-07-30T01:41:41.382Z,178537570138200
"""eogeorgoe @ _sqcLETZ0C"" checks",2026-07-30T01:41:37.703Z,178537569770300
"River: 2♦, 3♠, 7♥, 2♥ [4♦]",2026-07-30T01:41:31.363Z,178537569136300
"""eogeorgoe @ _sqcLETZ0C"" calls 60",2026-07-30T01:41:30.530Z,178537569053000
"""Stevo @ kI2bCqDOyl"" folds",2026-07-30T01:41:24.790Z,178537568479000
"""peelic @ vOeqrOXpLT"" raises to 60",2026-07-30T01:41:22.753Z,178537568275300
"""arash @ 21jHaBYWIi"" folds",2026-07-30T01:41:19.253Z,178537567925300
"""Spenny @ S8ENkJ8OQS"" folds",2026-07-30T01:41:18.272Z,178537567827200
"""eogeorgoe @ _sqcLETZ0C"" bets 20",2026-07-30T01:41:08.458Z,178537566845800
"Turn: 2♦, 3♠, 7♥ [2♥]",2026-07-30T01:41:04.950Z,178537566495000
"""Stevo @ kI2bCqDOyl"" checks",2026-07-30T01:41:04.052Z,178537566405200
"""peelic @ vOeqrOXpLT"" checks",2026-07-30T01:41:03.179Z,178537566317900
"""arash @ 21jHaBYWIi"" checks",2026-07-30T01:41:02.271Z,178537566227100
"""Spenny @ S8ENkJ8OQS"" checks",2026-07-30T01:41:01.252Z,178537566125200
"""eogeorgoe @ _sqcLETZ0C"" checks",2026-07-30T01:40:54.235Z,178537565423500
"Flop:  [2♦, 3♠, 7♥]",2026-07-30T01:40:48.792Z,178537564879200
"""Spenny @ S8ENkJ8OQS"" checks",2026-07-30T01:40:47.974Z,178537564797400
"""eogeorgoe @ _sqcLETZ0C"" calls 20",2026-07-30T01:40:47.009Z,178537564700900
"""Stevo @ kI2bCqDOyl"" calls 20",2026-07-30T01:40:46.168Z,178537564616800
"""Jonah @ xrBY5OZYCv"" folds",2026-07-30T01:40:45.196Z,178537564519600
"""peelic @ vOeqrOXpLT"" calls 20",2026-07-30T01:40:44.348Z,178537564434800
"""arash @ 21jHaBYWIi"" calls 20",2026-07-30T01:40:41.235Z,178537564123500
"""Spenny @ S8ENkJ8OQS"" posts a big blind of 20",2026-07-30T01:40:33.585Z,178537563358509
"""eogeorgoe @ _sqcLETZ0C"" posts a small blind of 10",2026-07-30T01:40:33.585Z,178537563358508
"Your hand is A♥, 3♥",2026-07-30T01:40:33.585Z,178537563358507
"Player stacks: #1 ""Spenny @ S8ENkJ8OQS"" (290) | #2 ""arash @ 21jHaBYWIi"" (940) | #3 ""peelic @ vOeqrOXpLT"" (1480) | #6 ""Jonah @ xrBY5OZYCv"" (1340) | #7 ""Stevo @ kI2bCqDOyl"" (1050) | #8 ""eogeorgoe @ _sqcLETZ0C"" (1900)",2026-07-30T01:40:33.585Z,178537563358501
"-- starting hand #59 (id: rr7qfb0t2bgf)  No Limit Texas Hold'em (dealer: ""Stevo @ kI2bCqDOyl"") --",2026-07-30T01:40:33.585Z,178537563358500
"""eogeorgoe @ _sqcLETZ0C"" shows a 8♥, K♦.",2026-07-30T01:40:30.551Z,178537563055100
"-- ending hand #58 --",2026-07-30T01:40:29.951Z,178537562995102
"""eogeorgoe @ _sqcLETZ0C"" collected 220 from pot",2026-07-30T01:40:29.951Z,178537562995101
"Uncalled bet of 80 returned to ""eogeorgoe @ _sqcLETZ0C""",2026-07-30T01:40:29.951Z,178537562995100
"""Jonah @ xrBY5OZYCv"" folds",2026-07-30T01:40:29.139Z,178537562913900
"""eogeorgoe @ _sqcLETZ0C"" bets 80",2026-07-30T01:40:27.847Z,178537562784700
"River: 5♣, 7♣, 9♣, 6♦ [4♠]",2026-07-30T01:40:22.093Z,178537562209300
"""Jonah @ xrBY5OZYCv"" calls 40",2026-07-30T01:40:21.265Z,178537562126500
"""eogeorgoe @ _sqcLETZ0C"" bets 40",2026-07-30T01:40:20.009Z,178537562000900
"Turn: 5♣, 7♣, 9♣ [6♦]",2026-07-30T01:40:17.287Z,178537561728700
"""arash @ 21jHaBYWIi"" folds",2026-07-30T01:40:16.403Z,178537561640300
"""eogeorgoe @ _sqcLETZ0C"" calls 30",2026-07-30T01:40:13.903Z,178537561390300
"""Stevo @ kI2bCqDOyl"" folds",2026-07-30T01:40:06.708Z,178537560670800
"""Jonah @ xrBY5OZYCv"" bets 30",2026-07-30T01:40:04.654Z,178537560465400
"""arash @ 21jHaBYWIi"" checks",2026-07-30T01:39:58.894Z,178537559889400
"""eogeorgoe @ _sqcLETZ0C"" checks",2026-07-30T01:39:57.982Z,178537559798200
"""Stevo @ kI2bCqDOyl"" checks",2026-07-30T01:39:55.825Z,178537559582500
"Flop:  [5♣, 7♣, 9♣]",2026-07-30T01:39:54.476Z,178537559447600
"""eogeorgoe @ _sqcLETZ0C"" checks",2026-07-30T01:39:53.599Z,178537559359900
"""Stevo @ kI2bCqDOyl"" calls 20",2026-07-30T01:39:52.714Z,178537559271400
"""Jonah @ xrBY5OZYCv"" calls 20",2026-07-30T01:39:51.818Z,178537559181800
"""peelic @ vOeqrOXpLT"" folds",2026-07-30T01:39:50.953Z,178537559095300
"""arash @ 21jHaBYWIi"" calls 20",2026-07-30T01:39:48.660Z,178537558866000
"""Spenny @ S8ENkJ8OQS"" folds",2026-07-30T01:39:47.699Z,178537558769900
"""eogeorgoe @ _sqcLETZ0C"" posts a big blind of 20",2026-07-30T01:39:43.867Z,178537558386709
"""Stevo @ kI2bCqDOyl"" posts a small blind of 10",2026-07-30T01:39:43.867Z,178537558386708
"Your hand is 8♥, K♦",2026-07-30T01:39:43.867Z,178537558386707
"Player stacks: #1 ""Spenny @ S8ENkJ8OQS"" (290) | #2 ""arash @ 21jHaBYWIi"" (960) | #3 ""peelic @ vOeqrOXpLT"" (1480) | #6 ""Jonah @ xrBY5OZYCv"" (1430) | #7 ""Stevo @ kI2bCqDOyl"" (1070) | #8 ""eogeorgoe @ _sqcLETZ0C"" (1770)",2026-07-30T01:39:43.867Z,178537558386701
"-- starting hand #58 (id: l6a3zezimhci)  No Limit Texas Hold'em (dealer: ""Jonah @ xrBY5OZYCv"") --",2026-07-30T01:39:43.867Z,178537558386700
"""arash @ 21jHaBYWIi"" shows a 7♠.",2026-07-30T01:39:41.580Z,178537558158000
"Undealt cards: 6♠, 9♠, 3♣, A♠ [Q♠]",2026-07-30T01:39:38.145Z,178537557814500
"-- ending hand #57 --",2026-07-30T01:39:37.194Z,178537557719402
"""peelic @ vOeqrOXpLT"" collected 200 from pot",2026-07-30T01:39:37.194Z,178537557719401
"Uncalled bet of 60 returned to ""peelic @ vOeqrOXpLT""",2026-07-30T01:39:37.194Z,178537557719400
"""arash @ 21jHaBYWIi"" folds",2026-07-30T01:39:36.370Z,178537557637000
"""eogeorgoe @ _sqcLETZ0C"" folds",2026-07-30T01:39:35.434Z,178537557543400
"""Stevo @ kI2bCqDOyl"" folds",2026-07-30T01:39:33.504Z,178537557350400
"""Jonah @ xrBY5OZYCv"" folds",2026-07-30T01:39:32.591Z,178537557259100
"""peelic @ vOeqrOXpLT"" bets 60",2026-07-30T01:39:30.537Z,178537557053700
"""arash @ 21jHaBYWIi"" checks",2026-07-30T01:39:21.550Z,178537556155000
"""eogeorgoe @ _sqcLETZ0C"" checks",2026-07-30T01:39:20.581Z,178537556058100
"""Stevo @ kI2bCqDOyl"" checks",2026-07-30T01:39:19.668Z,178537555966800
"""Jonah @ xrBY5OZYCv"" checks",2026-07-30T01:39:17.960Z,178537555796000
"Turn: 6♠, 9♠, 3♣ [A♠]",2026-07-30T01:39:16.853Z,178537555685300
"""Stevo @ kI2bCqDOyl"" calls 20",2026-07-30T01:39:16.000Z,178537555600000
"""Jonah @ xrBY5OZYCv"" calls 20",2026-07-30T01:39:13.040Z,178537555304000
"""peelic @ vOeqrOXpLT"" calls 20",2026-07-30T01:39:11.257Z,178537555125700
"""arash @ 21jHaBYWIi"" calls 20",2026-07-30T01:39:08.648Z,178537554864800
"""eogeorgoe @ _sqcLETZ0C"" bets 20",2026-07-30T01:39:04.228Z,178537554422800
"""Stevo @ kI2bCqDOyl"" checks",2026-07-30T01:39:01.419Z,178537554141900
"""Jonah @ xrBY5OZYCv"" checks",2026-07-30T01:39:00.384Z,178537554038400
"Flop:  [6♠, 9♠, 3♣]",2026-07-30T01:38:59.093Z,178537553909300
"""Stevo @ kI2bCqDOyl"" checks",2026-07-30T01:38:58.165Z,178537553816500
"""Jonah @ xrBY5OZYCv"" calls 20",2026-07-30T01:38:57.172Z,178537553717200
"""peelic @ vOeqrOXpLT"" calls 20",2026-07-30T01:38:56.319Z,178537553631900
"""arash @ 21jHaBYWIi"" calls 20",2026-07-30T01:38:55.387Z,178537553538700
"""Spenny @ S8ENkJ8OQS"" folds",2026-07-30T01:38:54.383Z,178537553438300
"""eogeorgoe @ _sqcLETZ0C"" calls 20",2026-07-30T01:38:49.105Z,178537552910500
"""Stevo @ kI2bCqDOyl"" posts a big blind of 20",2026-07-30T01:38:40.083Z,178537552008309
"""Jonah @ xrBY5OZYCv"" posts a small blind of 10",2026-07-30T01:38:40.083Z,178537552008308
"Your hand is 5♣, 7♣",2026-07-30T01:38:40.083Z,178537552008307
"Player stacks: #1 ""Spenny @ S8ENkJ8OQS"" (290) | #2 ""arash @ 21jHaBYWIi"" (1000) | #3 ""peelic @ vOeqrOXpLT"" (1320) | #6 ""Jonah @ xrBY5OZYCv"" (1470) | #7 ""Stevo @ kI2bCqDOyl"" (1110) | #8 ""eogeorgoe @ _sqcLETZ0C"" (1810)",2026-07-30T01:38:40.083Z,178537552008301
"-- starting hand #57 (id: zh9sitvs1shn)  No Limit Texas Hold'em (dealer: ""peelic @ vOeqrOXpLT"") --",2026-07-30T01:38:40.083Z,178537552008300
"-- ending hand #56 --",2026-07-30T01:38:37.079Z,178537551707902
"""Jonah @ xrBY5OZYCv"" collected 100 from pot",2026-07-30T01:38:37.079Z,178537551707901
"Uncalled bet of 20 returned to ""Jonah @ xrBY5OZYCv""",2026-07-30T01:38:37.079Z,178537551707900
"""peelic @ vOeqrOXpLT"" folds",2026-07-30T01:38:36.190Z,178537551619000
"""Spenny @ S8ENkJ8OQS"" folds",2026-07-30T01:38:28.465Z,178537550846500
"""eogeorgoe @ _sqcLETZ0C"" folds",2026-07-30T01:38:21.158Z,178537550115800
"""Stevo @ kI2bCqDOyl"" folds",2026-07-30T01:38:13.727Z,178537549372700
"""Jonah @ xrBY5OZYCv"" bets 20",2026-07-30T01:38:10.776Z,178537549077600
"""peelic @ vOeqrOXpLT"" checks",2026-07-30T01:38:05.885Z,178537548588500
"River: 7♦, 3♦, 4♠, 9♣ [J♣]",2026-07-30T01:38:01.653Z,178537548165300
"""Spenny @ S8ENkJ8OQS"" checks",2026-07-30T01:38:00.788Z,178537548078800
"""eogeorgoe @ _sqcLETZ0C"" checks",2026-07-30T01:37:55.888Z,178537547588800
"""Stevo @ kI2bCqDOyl"" checks",2026-07-30T01:37:55.023Z,178537547502300
"""Jonah @ xrBY5OZYCv"" checks",2026-07-30T01:37:51.935Z,178537547193500
"""peelic @ vOeqrOXpLT"" checks",2026-07-30T01:37:50.371Z,178537547037100
"Turn: 7♦, 3♦, 4♠ [9♣]",2026-07-30T01:37:45.763Z,178537546576300
"""Spenny @ S8ENkJ8OQS"" checks",2026-07-30T01:37:44.901Z,178537546490100
"""eogeorgoe @ _sqcLETZ0C"" checks",2026-07-30T01:37:43.990Z,178537546399000
"""Stevo @ kI2bCqDOyl"" checks",2026-07-30T01:37:43.062Z,178537546306200
"""Jonah @ xrBY5OZYCv"" checks",2026-07-30T01:37:40.495Z,178537546049500
"""peelic @ vOeqrOXpLT"" checks",2026-07-30T01:37:38.316Z,178537545831600
"Flop:  [7♦, 3♦, 4♠]",2026-07-30T01:37:30.157Z,178537545015700
"""Jonah @ xrBY5OZYCv"" checks",2026-07-30T01:37:29.262Z,178537544926200
"""peelic @ vOeqrOXpLT"" calls 20",2026-07-30T01:37:28.388Z,178537544838800
"""arash @ 21jHaBYWIi"" folds",2026-07-30T01:37:27.451Z,178537544745100
"""Spenny @ S8ENkJ8OQS"" calls 20",2026-07-30T01:37:26.431Z,178537544643100
"""eogeorgoe @ _sqcLETZ0C"" calls 20",2026-07-30T01:37:25.539Z,178537544553900
"""Stevo @ kI2bCqDOyl"" calls 20",2026-07-30T01:37:20.017Z,178537544001700
"""Jonah @ xrBY5OZYCv"" posts a big blind of 20",2026-07-30T01:37:18.871Z,178537543887110
"""peelic @ vOeqrOXpLT"" posts a small blind of 10",2026-07-30T01:37:18.871Z,178537543887109
"Your hand is K♣, A♥",2026-07-30T01:37:18.871Z,178537543887108
"Player stacks: #1 ""Spenny @ S8ENkJ8OQS"" (310) | #2 ""arash @ 21jHaBYWIi"" (1000) | #3 ""peelic @ vOeqrOXpLT"" (1340) | #6 ""Jonah @ xrBY5OZYCv"" (1390) | #7 ""Stevo @ kI2bCqDOyl"" (1130) | #8 ""eogeorgoe @ _sqcLETZ0C"" (1830)",2026-07-30T01:37:18.871Z,178537543887102
"-- starting hand #56 (id: i3bviog3xk34)  No Limit Texas Hold'em (dealer: ""arash @ 21jHaBYWIi"") --",2026-07-30T01:37:18.871Z,178537543887101
"The player ""arash @ 21jHaBYWIi"" rebought. New stack 1000.",2026-07-30T01:37:18.871Z,178537543887100
"Waiting for the game owner to approve or reject pending rebuy requests.",2026-07-30T01:37:15.201Z,178537543520101
"The player ""arash @ 21jHaBYWIi"" requested a rebuy of 1000.",2026-07-30T01:37:15.201Z,178537543520100
"Asking to busted players the rebuy decision.",2026-07-30T01:37:12.312Z,178537543231200
"""eogeorgoe @ _sqcLETZ0C"" shows a 2♠, Q♠.",2026-07-30T01:37:06.218Z,178537542621800
"-- ending hand #55 --",2026-07-30T01:37:05.738Z,178537542573801
"""Stevo @ kI2bCqDOyl"" collected 740 from pot with Two Pair, K's & 8's (combination: Q♣, 8♦, 8♣, K♣, K♠)",2026-07-30T01:37:05.738Z,178537542573800
"River: 6♠, K♠, 5♦, 8♣ [Q♣]",2026-07-30T01:37:01.715Z,178537542171500
"""Stevo @ kI2bCqDOyl"" shows a K♣, 8♦.",2026-07-30T01:36:57.671Z,178537541767102
"""arash @ 21jHaBYWIi"" shows a 7♦, 3♦.",2026-07-30T01:36:57.671Z,178537541767101
"Uncalled bet of 390 returned to ""Stevo @ kI2bCqDOyl""",2026-07-30T01:36:57.671Z,178537541767100
"""eogeorgoe @ _sqcLETZ0C"" folds",2026-07-30T01:36:56.793Z,178537541679300
"""Stevo @ kI2bCqDOyl"" bets 390 and go all in",2026-07-30T01:36:50.038Z,178537541003800
"Turn: 6♠, K♠, 5♦ [8♣]",2026-07-30T01:36:46.289Z,178537540628900
"""eogeorgoe @ _sqcLETZ0C"" calls 220",2026-07-30T01:36:45.481Z,178537540548100
"""Stevo @ kI2bCqDOyl"" calls 220",2026-07-30T01:36:44.601Z,178537540460100
"""peelic @ vOeqrOXpLT"" folds",2026-07-30T01:36:43.006Z,178537540300600
"""arash @ 21jHaBYWIi"" raises to 220 and go all in",2026-07-30T01:36:40.129Z,178537540012900
"""eogeorgoe @ _sqcLETZ0C"" calls 80",2026-07-30T01:36:35.987Z,178537539598700
"""Stevo @ kI2bCqDOyl"" bets 80",2026-07-30T01:36:31.877Z,178537539187700
"""peelic @ vOeqrOXpLT"" checks",2026-07-30T01:36:26.062Z,178537538606200
"""arash @ 21jHaBYWIi"" checks",2026-07-30T01:36:18.349Z,178537537834900
"Flop:  [6♠, K♠, 5♦]",2026-07-30T01:36:16.470Z,178537537647000
"""peelic @ vOeqrOXpLT"" checks",2026-07-30T01:36:15.619Z,178537537561900
"""arash @ 21jHaBYWIi"" calls 20",2026-07-30T01:36:10.254Z,178537537025400
"""Spenny @ S8ENkJ8OQS"" folds",2026-07-30T01:36:09.355Z,178537536935500
"""eogeorgoe @ _sqcLETZ0C"" calls 20",2026-07-30T01:36:04.774Z,178537536477400
"""Stevo @ kI2bCqDOyl"" calls 20",2026-07-30T01:36:03.922Z,178537536392200
"""Jonah @ xrBY5OZYCv"" folds",2026-07-30T01:36:02.907Z,178537536290700
"""peelic @ vOeqrOXpLT"" posts a big blind of 20",2026-07-30T01:35:59.403Z,178537535940309
"""arash @ 21jHaBYWIi"" posts a small blind of 10",2026-07-30T01:35:59.403Z,178537535940308
"Your hand is 2♠, Q♠",2026-07-30T01:35:59.403Z,178537535940307
"Player stacks: #1 ""Spenny @ S8ENkJ8OQS"" (310) | #2 ""arash @ 21jHaBYWIi"" (240) | #3 ""peelic @ vOeqrOXpLT"" (1360) | #6 ""Jonah @ xrBY5OZYCv"" (1390) | #7 ""Stevo @ kI2bCqDOyl"" (630) | #8 ""eogeorgoe @ _sqcLETZ0C"" (2070)",2026-07-30T01:35:59.403Z,178537535940301
"-- starting hand #55 (id: hxpv6a7rxp4l)  No Limit Texas Hold'em (dealer: ""Spenny @ S8ENkJ8OQS"") --",2026-07-30T01:35:59.403Z,178537535940300
"""eogeorgoe @ _sqcLETZ0C"" shows a 7♦, A♥.",2026-07-30T01:35:57.643Z,178537535764300
"-- ending hand #54 --",2026-07-30T01:35:52.851Z,178537535285104
"""Stevo @ kI2bCqDOyl"" collected 630 from pot with Two Pair, K's & 5's (combination: J♠, 5♥, 5♣, K♣, K♦)",2026-07-30T01:35:52.851Z,178537535285103
"""Stevo @ kI2bCqDOyl"" shows a 4♣, K♣.",2026-07-30T01:35:52.851Z,178537535285102
"""Jonah @ xrBY5OZYCv"" shows a J♦, A♣.",2026-07-30T01:35:52.851Z,178537535285101
"""arash @ 21jHaBYWIi"" shows a 9♣, Q♦.",2026-07-30T01:35:52.851Z,178537535285100
"""Jonah @ xrBY5OZYCv"" checks",2026-07-30T01:35:52.012Z,178537535201200
"""arash @ 21jHaBYWIi"" checks",2026-07-30T01:35:50.224Z,178537535022400
"River: J♠, K♦, 5♥, 5♣ [7♠]",2026-07-30T01:35:48.002Z,178537534800200
"""Jonah @ xrBY5OZYCv"" checks",2026-07-30T01:35:47.123Z,178537534712300
"""arash @ 21jHaBYWIi"" checks",2026-07-30T01:35:45.580Z,178537534558000
"Turn: J♠, K♦, 5♥ [5♣]",2026-07-30T01:35:44.002Z,178537534400200
"""Jonah @ xrBY5OZYCv"" calls 130",2026-07-30T01:35:43.192Z,178537534319200
"""peelic @ vOeqrOXpLT"" folds",2026-07-30T01:35:40.032Z,178537534003200
"""arash @ 21jHaBYWIi"" calls 130",2026-07-30T01:35:34.402Z,178537533440200
"""Spenny @ S8ENkJ8OQS"" folds",2026-07-30T01:35:33.434Z,178537533343400
"""eogeorgoe @ _sqcLETZ0C"" folds",2026-07-30T01:35:30.373Z,178537533037300
"""Stevo @ kI2bCqDOyl"" bets 130 and go all in",2026-07-30T01:35:23.657Z,178537532365700
"""Jonah @ xrBY5OZYCv"" checks",2026-07-30T01:35:21.019Z,178537532101900
"""peelic @ vOeqrOXpLT"" checks",2026-07-30T01:35:20.016Z,178537532001600
"""arash @ 21jHaBYWIi"" checks",2026-07-30T01:35:15.506Z,178537531550600
"""Spenny @ S8ENkJ8OQS"" checks",2026-07-30T01:35:13.666Z,178537531366600
"Flop:  [J♠, K♦, 5♥]",2026-07-30T01:35:06.969Z,178537530696900
"""peelic @ vOeqrOXpLT"" calls 40",2026-07-30T01:35:06.110Z,178537530611000
"""arash @ 21jHaBYWIi"" calls 40",2026-07-30T01:34:59.034Z,178537529903400
"""Spenny @ S8ENkJ8OQS"" calls 40",2026-07-30T01:34:55.649Z,178537529564900
"""eogeorgoe @ _sqcLETZ0C"" calls 40",2026-07-30T01:34:48.529Z,178537528852900
"""Stevo @ kI2bCqDOyl"" calls 40",2026-07-30T01:34:45.109Z,178537528510900
"""Jonah @ xrBY5OZYCv"" raises to 40",2026-07-30T01:34:43.237Z,178537528323700
"""peelic @ vOeqrOXpLT"" calls 20",2026-07-30T01:34:41.522Z,178537528152200
"""arash @ 21jHaBYWIi"" posts a big blind of 20",2026-07-30T01:34:40.602Z,178537528060209
"""Spenny @ S8ENkJ8OQS"" posts a small blind of 10",2026-07-30T01:34:40.602Z,178537528060208
"Your hand is 7♦, A♥",2026-07-30T01:34:40.602Z,178537528060207
"Player stacks: #1 ""Spenny @ S8ENkJ8OQS"" (350) | #2 ""arash @ 21jHaBYWIi"" (410) | #3 ""peelic @ vOeqrOXpLT"" (1400) | #6 ""Jonah @ xrBY5OZYCv"" (1560) | #7 ""Stevo @ kI2bCqDOyl"" (170) | #8 ""eogeorgoe @ _sqcLETZ0C"" (2110)",2026-07-30T01:34:40.602Z,178537528060201
"-- starting hand #54 (id: zilmryymnifg)  No Limit Texas Hold'em (dealer: ""eogeorgoe @ _sqcLETZ0C"") --",2026-07-30T01:34:40.602Z,178537528060200
"""eogeorgoe @ _sqcLETZ0C"" shows a 4♦, 8♥.",2026-07-30T01:34:35.350Z,178537527535000
"""Spenny @ S8ENkJ8OQS"" shows a 2♥, A♠.",2026-07-30T01:34:34.801Z,178537527480100
"-- ending hand #53 --",2026-07-30T01:34:33.596Z,178537527359602
"""peelic @ vOeqrOXpLT"" collected 700 from pot with Three of a Kind, 5's (combination: 10♦, A♦, 5♥, 5♠, 5♣)",2026-07-30T01:34:33.596Z,178537527359601
"""peelic @ vOeqrOXpLT"" shows a 10♦, 5♥.",2026-07-30T01:34:33.596Z,178537527359600
"""Spenny @ S8ENkJ8OQS"" calls 160",2026-07-30T01:34:32.783Z,178537527278300
"""eogeorgoe @ _sqcLETZ0C"" folds",2026-07-30T01:34:29.011Z,178537526901100
"""peelic @ vOeqrOXpLT"" raises to 160",2026-07-30T01:34:25.301Z,178537526530100
"""Spenny @ S8ENkJ8OQS"" calls 20",2026-07-30T01:34:21.987Z,178537526198700
"""eogeorgoe @ _sqcLETZ0C"" bets 20",2026-07-30T01:34:18.261Z,178537525826100
"River: 5♠, 2♠, 8♣, 5♣ [A♦]",2026-07-30T01:34:10.705Z,178537525070500
"""arash @ 21jHaBYWIi"" folds",2026-07-30T01:34:09.877Z,178537524987700
"""Spenny @ S8ENkJ8OQS"" calls 80",2026-07-30T01:34:08.980Z,178537524898000
"""eogeorgoe @ _sqcLETZ0C"" calls 80",2026-07-30T01:34:00.075Z,178537524007500
"""Stevo @ kI2bCqDOyl"" folds",2026-07-30T01:33:55.346Z,178537523534600
"""peelic @ vOeqrOXpLT"" raises to 80",2026-07-30T01:33:49.349Z,178537522934900
"""arash @ 21jHaBYWIi"" calls 20",2026-07-30T01:33:44.208Z,178537522420800
"""Spenny @ S8ENkJ8OQS"" calls 20",2026-07-30T01:33:41.389Z,178537522138900
"""eogeorgoe @ _sqcLETZ0C"" bets 20",2026-07-30T01:33:39.140Z,178537521914000
"Turn: 5♠, 2♠, 8♣ [5♣]",2026-07-30T01:33:38.478Z,178537521847800
"""Stevo @ kI2bCqDOyl"" checks",2026-07-30T01:33:37.604Z,178537521760400
"""peelic @ vOeqrOXpLT"" checks",2026-07-30T01:33:36.713Z,178537521671300
"""arash @ 21jHaBYWIi"" checks",2026-07-30T01:33:35.850Z,178537521585000
"""Spenny @ S8ENkJ8OQS"" checks",2026-07-30T01:33:33.190Z,178537521319000
"""eogeorgoe @ _sqcLETZ0C"" checks",2026-07-30T01:33:28.494Z,178537520849400
"Flop:  [5♠, 2♠, 8♣]",2026-07-30T01:33:23.065Z,178537520306500
"""Spenny @ S8ENkJ8OQS"" checks",2026-07-30T01:33:22.174Z,178537520217400
"""eogeorgoe @ _sqcLETZ0C"" calls 20",2026-07-30T01:33:19.072Z,178537519907200
"""Stevo @ kI2bCqDOyl"" calls 20",2026-07-30T01:33:11.595Z,178537519159500
"""Jonah @ xrBY5OZYCv"" folds",2026-07-30T01:33:08.265Z,178537518826500
"""peelic @ vOeqrOXpLT"" calls 20",2026-07-30T01:33:07.385Z,178537518738500
"""arash @ 21jHaBYWIi"" calls 20",2026-07-30T01:33:06.535Z,178537518653500
"""Spenny @ S8ENkJ8OQS"" posts a big blind of 20",2026-07-30T01:33:03.490Z,178537518349009
"""eogeorgoe @ _sqcLETZ0C"" posts a small blind of 10",2026-07-30T01:33:03.490Z,178537518349008
"Your hand is 4♦, 8♥",2026-07-30T01:33:03.490Z,178537518349007
"Player stacks: #1 ""Spenny @ S8ENkJ8OQS"" (610) | #2 ""arash @ 21jHaBYWIi"" (450) | #3 ""peelic @ vOeqrOXpLT"" (960) | #6 ""Jonah @ xrBY5OZYCv"" (1560) | #7 ""Stevo @ kI2bCqDOyl"" (190) | #8 ""eogeorgoe @ _sqcLETZ0C"" (2230)",2026-07-30T01:33:03.490Z,178537518349001
"-- starting hand #53 (id: pma0ur1ffmhs)  No Limit Texas Hold'em (dealer: ""Stevo @ kI2bCqDOyl"") --",2026-07-30T01:33:03.490Z,178537518349000
"-- ending hand #52 --",2026-07-30T01:32:57.485Z,178537517748502
"""Spenny @ S8ENkJ8OQS"" collected 260 from pot with Two Pair, 10's & 4's (combination: A♣, 4♥, 4♠, 10♦, 10♥)",2026-07-30T01:32:57.485Z,178537517748501
"""Spenny @ S8ENkJ8OQS"" shows a A♣, 10♦.",2026-07-30T01:32:57.485Z,178537517748500
"""Stevo @ kI2bCqDOyl"" calls 20",2026-07-30T01:32:56.679Z,178537517667900
"""Jonah @ xrBY5OZYCv"" folds",2026-07-30T01:32:53.324Z,178537517332400
"""peelic @ vOeqrOXpLT"" folds",2026-07-30T01:32:50.425Z,178537517042500
"""arash @ 21jHaBYWIi"" folds",2026-07-30T01:32:43.053Z,178537516305300
"""Spenny @ S8ENkJ8OQS"" bets 20",2026-07-30T01:32:42.140Z,178537516214000
"""Stevo @ kI2bCqDOyl"" checks",2026-07-30T01:32:36.650Z,178537515665000
"River: 10♥, 4♥, 3♣, 4♠ [5♥]",2026-07-30T01:32:34.551Z,178537515455100
"""Jonah @ xrBY5OZYCv"" checks",2026-07-30T01:32:33.740Z,178537515374000
"""peelic @ vOeqrOXpLT"" checks",2026-07-30T01:32:32.897Z,178537515289700
"""arash @ 21jHaBYWIi"" checks",2026-07-30T01:32:25.272Z,178537514527200
"""Spenny @ S8ENkJ8OQS"" checks",2026-07-30T01:32:23.538Z,178537514353800
"""Stevo @ kI2bCqDOyl"" checks",2026-07-30T01:32:20.714Z,178537514071400
"Turn: 10♥, 4♥, 3♣ [4♠]",2026-07-30T01:32:18.913Z,178537513891300
"""eogeorgoe @ _sqcLETZ0C"" folds",2026-07-30T01:32:18.086Z,178537513808600
"""Stevo @ kI2bCqDOyl"" calls 20",2026-07-30T01:32:17.124Z,178537513712400
"""Jonah @ xrBY5OZYCv"" calls 20",2026-07-30T01:32:13.529Z,178537513352900
"""peelic @ vOeqrOXpLT"" calls 20",2026-07-30T01:32:12.601Z,178537513260100
"""arash @ 21jHaBYWIi"" calls 20",2026-07-30T01:32:05.575Z,178537512557500
"""Spenny @ S8ENkJ8OQS"" bets 20",2026-07-30T01:32:03.050Z,178537512305000
"""eogeorgoe @ _sqcLETZ0C"" checks",2026-07-30T01:31:59.791Z,178537511979100
"""Stevo @ kI2bCqDOyl"" checks",2026-07-30T01:31:58.924Z,178537511892400
"Flop:  [10♥, 4♥, 3♣]",2026-07-30T01:31:55.361Z,178537511536100
"""eogeorgoe @ _sqcLETZ0C"" checks",2026-07-30T01:31:54.466Z,178537511446600
"""Stevo @ kI2bCqDOyl"" calls 20",2026-07-30T01:31:53.564Z,178537511356400
"""Jonah @ xrBY5OZYCv"" calls 20",2026-07-30T01:31:52.490Z,178537511249000
"""peelic @ vOeqrOXpLT"" calls 20",2026-07-30T01:31:51.613Z,178537511161300
"""arash @ 21jHaBYWIi"" calls 20",2026-07-30T01:31:48.526Z,178537510852600
"""Spenny @ S8ENkJ8OQS"" calls 20",2026-07-30T01:31:43.934Z,178537510393400
"""eogeorgoe @ _sqcLETZ0C"" posts a big blind of 20",2026-07-30T01:31:38.751Z,178537509875109
"""Stevo @ kI2bCqDOyl"" posts a small blind of 10",2026-07-30T01:31:38.751Z,178537509875108
"Your hand is K♣, 5♠",2026-07-30T01:31:38.751Z,178537509875107
"Player stacks: #1 ""Spenny @ S8ENkJ8OQS"" (410) | #2 ""arash @ 21jHaBYWIi"" (490) | #3 ""peelic @ vOeqrOXpLT"" (1000) | #6 ""Jonah @ xrBY5OZYCv"" (1600) | #7 ""Stevo @ kI2bCqDOyl"" (250) | #8 ""eogeorgoe @ _sqcLETZ0C"" (2250)",2026-07-30T01:31:38.751Z,178537509875101
"-- starting hand #52 (id: we3cdktt17u5)  No Limit Texas Hold'em (dealer: ""Jonah @ xrBY5OZYCv"") --",2026-07-30T01:31:38.751Z,178537509875100
"-- ending hand #51 --",2026-07-30T01:31:32.702Z,178537509270203
"""Stevo @ kI2bCqDOyl"" shows a 5♥, A♠.",2026-07-30T01:31:32.702Z,178537509270202
"""arash @ 21jHaBYWIi"" collected 490 from pot with Flush, Q High (combination: 2♠, 5♠, 6♠, 8♠, Q♠)",2026-07-30T01:31:32.702Z,178537509270201
"""arash @ 21jHaBYWIi"" shows a 8♠, Q♠.",2026-07-30T01:31:32.702Z,178537509270200
"""Stevo @ kI2bCqDOyl"" calls 60",2026-07-30T01:31:31.845Z,178537509184500
"""arash @ 21jHaBYWIi"" raises to 60 and go all in",2026-07-30T01:31:29.050Z,178537508905000
"""Stevo @ kI2bCqDOyl"" bets 20",2026-07-30T01:31:26.786Z,178537508678600
"River: 2♠, 6♠, 3♣, 3♦ [5♠]",2026-07-30T01:31:25.620Z,178537508562000
"""Stevo @ kI2bCqDOyl"" calls 50",2026-07-30T01:31:24.803Z,178537508480300
"""peelic @ vOeqrOXpLT"" folds",2026-07-30T01:31:23.742Z,178537508374200
"""arash @ 21jHaBYWIi"" bets 50",2026-07-30T01:31:16.260Z,178537507626000
"""Stevo @ kI2bCqDOyl"" checks",2026-07-30T01:31:10.939Z,178537507093900
"Turn: 2♠, 6♠, 3♣ [3♦]",2026-07-30T01:31:07.175Z,178537506717500
"""peelic @ vOeqrOXpLT"" calls 20",2026-07-30T01:31:06.318Z,178537506631800
"""arash @ 21jHaBYWIi"" calls 20",2026-07-30T01:30:57.833Z,178537505783300
"""Spenny @ S8ENkJ8OQS"" folds",2026-07-30T01:30:54.822Z,178537505482200
"""eogeorgoe @ _sqcLETZ0C"" folds",2026-07-30T01:30:47.122Z,178537504712200
"""Stevo @ kI2bCqDOyl"" bets 20",2026-07-30T01:30:42.966Z,178537504296600
"Flop:  [2♠, 6♠, 3♣]",2026-07-30T01:30:39.475Z,178537503947500
"""peelic @ vOeqrOXpLT"" calls 40",2026-07-30T01:30:38.624Z,178537503862400
"""arash @ 21jHaBYWIi"" calls 40",2026-07-30T01:30:34.001Z,178537503400100
"""Spenny @ S8ENkJ8OQS"" calls 40",2026-07-30T01:30:33.086Z,178537503308600
"""eogeorgoe @ _sqcLETZ0C"" calls 40",2026-07-30T01:30:30.201Z,178537503020100
"""Stevo @ kI2bCqDOyl"" raises to 40",2026-07-30T01:30:24.349Z,178537502434900
"""Jonah @ xrBY5OZYCv"" folds",2026-07-30T01:30:19.306Z,178537501930600
"""peelic @ vOeqrOXpLT"" calls 20",2026-07-30T01:30:18.297Z,178537501829700
"""arash @ 21jHaBYWIi"" calls 20",2026-07-30T01:30:17.374Z,178537501737400
"""Spenny @ S8ENkJ8OQS"" calls 20",2026-07-30T01:30:16.376Z,178537501637600
"""eogeorgoe @ _sqcLETZ0C"" calls 20",2026-07-30T01:30:10.143Z,178537501014300
"""Stevo @ kI2bCqDOyl"" posts a big blind of 20",2026-07-30T01:30:08.661Z,178537500866109
"""Jonah @ xrBY5OZYCv"" posts a small blind of 10",2026-07-30T01:30:08.661Z,178537500866108
"Your hand is 8♣, Q♣",2026-07-30T01:30:08.661Z,178537500866107
"Player stacks: #1 ""Spenny @ S8ENkJ8OQS"" (450) | #2 ""arash @ 21jHaBYWIi"" (170) | #3 ""peelic @ vOeqrOXpLT"" (1060) | #6 ""Jonah @ xrBY5OZYCv"" (1610) | #7 ""Stevo @ kI2bCqDOyl"" (420) | #8 ""eogeorgoe @ _sqcLETZ0C"" (2290)",2026-07-30T01:30:08.661Z,178537500866101
"-- starting hand #51 (id: 6empv4dspurj)  No Limit Texas Hold'em (dealer: ""peelic @ vOeqrOXpLT"") --",2026-07-30T01:30:08.661Z,178537500866100
"-- ending hand #50 --",2026-07-30T01:30:02.753Z,178537500275302
"""Stevo @ kI2bCqDOyl"" collected 260 from pot",2026-07-30T01:30:02.753Z,178537500275301
"Uncalled bet of 120 returned to ""Stevo @ kI2bCqDOyl""",2026-07-30T01:30:02.753Z,178537500275300
"""Jonah @ xrBY5OZYCv"" folds",2026-07-30T01:30:01.904Z,178537500190400
"""peelic @ vOeqrOXpLT"" folds",2026-07-30T01:30:00.818Z,178537500081800
"""arash @ 21jHaBYWIi"" folds",2026-07-30T01:29:54.874Z,178537499487400
"""Stevo @ kI2bCqDOyl"" bets 120",2026-07-30T01:29:51.039Z,178537499103900
"""Jonah @ xrBY5OZYCv"" checks",2026-07-30T01:29:45.849Z,178537498584900
"""peelic @ vOeqrOXpLT"" checks",2026-07-30T01:29:44.979Z,178537498497900
"Turn: K♦, Q♣, J♥ [2♦]",2026-07-30T01:29:35.959Z,178537497595900
"""Jonah @ xrBY5OZYCv"" calls 40",2026-07-30T01:29:35.016Z,178537497501600
"""peelic @ vOeqrOXpLT"" calls 40",2026-07-30T01:29:24.475Z,178537496447500
"""arash @ 21jHaBYWIi"" calls 40",2026-07-30T01:29:15.853Z,178537495585300
"""Spenny @ S8ENkJ8OQS"" folds",2026-07-30T01:29:14.896Z,178537495489600
"""Stevo @ kI2bCqDOyl"" bets 40",2026-07-30T01:29:08.565Z,178537494856500
"""Jonah @ xrBY5OZYCv"" checks",2026-07-30T01:29:04.755Z,178537494475500
"""peelic @ vOeqrOXpLT"" checks",2026-07-30T01:29:03.808Z,178537494380800
"Flop:  [K♦, Q♣, J♥]",2026-07-30T01:28:55.863Z,178537493586300
"""Jonah @ xrBY5OZYCv"" checks",2026-07-30T01:28:55.013Z,178537493501300
"""peelic @ vOeqrOXpLT"" calls 20",2026-07-30T01:28:54.134Z,178537493413400
"""arash @ 21jHaBYWIi"" calls 20",2026-07-30T01:28:48.885Z,178537492888500
"""Spenny @ S8ENkJ8OQS"" calls 20",2026-07-30T01:28:47.134Z,178537492713400
"""eogeorgoe @ _sqcLETZ0C"" folds",2026-07-30T01:28:46.194Z,178537492619400
"""Stevo @ kI2bCqDOyl"" calls 20",2026-07-30T01:28:45.342Z,178537492534200
"""Jonah @ xrBY5OZYCv"" posts a big blind of 20",2026-07-30T01:28:42.905Z,178537492290509
"""peelic @ vOeqrOXpLT"" posts a small blind of 10",2026-07-30T01:28:42.905Z,178537492290508
"Your hand is 7♣, 9♠",2026-07-30T01:28:42.905Z,178537492290507
"Player stacks: #1 ""Spenny @ S8ENkJ8OQS"" (470) | #2 ""arash @ 21jHaBYWIi"" (230) | #3 ""peelic @ vOeqrOXpLT"" (1120) | #6 ""Jonah @ xrBY5OZYCv"" (1670) | #7 ""Stevo @ kI2bCqDOyl"" (220) | #8 ""eogeorgoe @ _sqcLETZ0C"" (2290)",2026-07-30T01:28:42.905Z,178537492290501
"-- starting hand #50 (id: b54wfsnmjupk)  No Limit Texas Hold'em (dealer: ""arash @ 21jHaBYWIi"") --",2026-07-30T01:28:42.905Z,178537492290500
"""eogeorgoe @ _sqcLETZ0C"" shows a 6♣, 4♦.",2026-07-30T01:28:40.413Z,178537492041300
"-- ending hand #49 --",2026-07-30T01:28:36.359Z,178537491635903
"""peelic @ vOeqrOXpLT"" collected 140 from pot with Pair, 3's (combination: 6♥, 8♥, 10♣, 3♦, 3♠)",2026-07-30T01:28:36.359Z,178537491635902
"""peelic @ vOeqrOXpLT"" shows a 3♦, 6♥.",2026-07-30T01:28:36.359Z,178537491635901
"""arash @ 21jHaBYWIi"" shows a 7♣, 6♠.",2026-07-30T01:28:36.359Z,178537491635900
"""Stevo @ kI2bCqDOyl"" checks",2026-07-30T01:28:35.543Z,178537491554300
"""peelic @ vOeqrOXpLT"" checks",2026-07-30T01:28:34.686Z,178537491468600
"""arash @ 21jHaBYWIi"" checks",2026-07-30T01:28:24.961Z,178537490496100
"River: 8♥, 4♥, 2♥, 3♠ [10♣]",2026-07-30T01:28:23.355Z,178537490335500
"""Stevo @ kI2bCqDOyl"" checks",2026-07-30T01:28:22.533Z,178537490253300
"""peelic @ vOeqrOXpLT"" checks",2026-07-30T01:28:21.686Z,178537490168600
"""arash @ 21jHaBYWIi"" checks",2026-07-30T01:28:12.297Z,178537489229700
"Turn: 8♥, 4♥, 2♥ [3♠]",2026-07-30T01:28:10.044Z,178537489004400
"""Jonah @ xrBY5OZYCv"" folds",2026-07-30T01:28:09.208Z,178537488920800
"""peelic @ vOeqrOXpLT"" calls 20",2026-07-30T01:28:05.670Z,178537488567000
"""arash @ 21jHaBYWIi"" calls 20",2026-07-30T01:28:03.694Z,178537488369400
"""Stevo @ kI2bCqDOyl"" bets 20",2026-07-30T01:27:57.787Z,178537487778700
"""Jonah @ xrBY5OZYCv"" checks",2026-07-30T01:27:51.443Z,178537487144300
"""peelic @ vOeqrOXpLT"" checks",2026-07-30T01:27:50.586Z,178537487058600
"""arash @ 21jHaBYWIi"" checks",2026-07-30T01:27:47.508Z,178537486750800
"Flop:  [8♥, 4♥, 2♥]",2026-07-30T01:27:45.659Z,178537486565900
"""peelic @ vOeqrOXpLT"" checks",2026-07-30T01:27:44.840Z,178537486484000
"""arash @ 21jHaBYWIi"" calls 20",2026-07-30T01:27:34.421Z,178537485442100
"""Spenny @ S8ENkJ8OQS"" folds",2026-07-30T01:27:33.467Z,178537485346700
"""eogeorgoe @ _sqcLETZ0C"" folds",2026-07-30T01:27:32.553Z,178537485255300
"""Stevo @ kI2bCqDOyl"" calls 20",2026-07-30T01:27:24.698Z,178537484469800
"""Jonah @ xrBY5OZYCv"" calls 20",2026-07-30T01:27:20.596Z,178537484059600
"""peelic @ vOeqrOXpLT"" posts a big blind of 20",2026-07-30T01:27:19.603Z,178537483960309
"""arash @ 21jHaBYWIi"" posts a small blind of 10",2026-07-30T01:27:19.603Z,178537483960308
"Your hand is 6♣, 4♦",2026-07-30T01:27:19.603Z,178537483960307
"Player stacks: #1 ""Spenny @ S8ENkJ8OQS"" (470) | #2 ""arash @ 21jHaBYWIi"" (270) | #3 ""peelic @ vOeqrOXpLT"" (1020) | #6 ""Jonah @ xrBY5OZYCv"" (1690) | #7 ""Stevo @ kI2bCqDOyl"" (260) | #8 ""eogeorgoe @ _sqcLETZ0C"" (2290)",2026-07-30T01:27:19.603Z,178537483960301
"-- starting hand #49 (id: 8vd5qd8kjj6d)  No Limit Texas Hold'em (dealer: ""Spenny @ S8ENkJ8OQS"") --",2026-07-30T01:27:19.603Z,178537483960300
"""Spenny @ S8ENkJ8OQS"" shows a 6♥, K♠.",2026-07-30T01:27:17.399Z,178537483739900
"-- ending hand #48 --",2026-07-30T01:27:12.984Z,178537483298402
"""Spenny @ S8ENkJ8OQS"" collected 120 from pot",2026-07-30T01:27:12.984Z,178537483298401
"Uncalled bet of 40 returned to ""Spenny @ S8ENkJ8OQS""",2026-07-30T01:27:12.984Z,178537483298400
"""eogeorgoe @ _sqcLETZ0C"" folds",2026-07-30T01:27:12.152Z,178537483215200
"""Stevo @ kI2bCqDOyl"" folds",2026-07-30T01:27:11.203Z,178537483120300
"""Jonah @ xrBY5OZYCv"" folds",2026-07-30T01:27:05.830Z,178537482583000
"""peelic @ vOeqrOXpLT"" folds",2026-07-30T01:27:04.975Z,178537482497500
"""arash @ 21jHaBYWIi"" folds",2026-07-30T01:26:55.033Z,178537481503300
"""Spenny @ S8ENkJ8OQS"" bets 40",2026-07-30T01:26:52.188Z,178537481218800
"Flop:  [K♣, 2♠, 6♣]",2026-07-30T01:26:47.697Z,178537480769700
"""arash @ 21jHaBYWIi"" checks",2026-07-30T01:26:46.789Z,178537480678900
"""Spenny @ S8ENkJ8OQS"" calls 20",2026-07-30T01:26:45.769Z,178537480576900
"""eogeorgoe @ _sqcLETZ0C"" calls 20",2026-07-30T01:26:44.772Z,178537480477200
"""Stevo @ kI2bCqDOyl"" calls 20",2026-07-30T01:26:43.888Z,178537480388800
"""Jonah @ xrBY5OZYCv"" calls 20",2026-07-30T01:26:42.874Z,178537480287400
"""peelic @ vOeqrOXpLT"" calls 20",2026-07-30T01:26:41.208Z,178537480120800
"""arash @ 21jHaBYWIi"" posts a big blind of 20",2026-07-30T01:26:38.286Z,178537479828609
"""Spenny @ S8ENkJ8OQS"" posts a small blind of 10",2026-07-30T01:26:38.286Z,178537479828608
"Your hand is 5♣, 5♥",2026-07-30T01:26:38.286Z,178537479828607
"Player stacks: #1 ""Spenny @ S8ENkJ8OQS"" (370) | #2 ""arash @ 21jHaBYWIi"" (290) | #3 ""peelic @ vOeqrOXpLT"" (1040) | #6 ""Jonah @ xrBY5OZYCv"" (1710) | #7 ""Stevo @ kI2bCqDOyl"" (280) | #8 ""eogeorgoe @ _sqcLETZ0C"" (2310)",2026-07-30T01:26:38.286Z,178537479828601
"-- starting hand #48 (id: prf0ujz1ng5u)  No Limit Texas Hold'em (dealer: ""eogeorgoe @ _sqcLETZ0C"") --",2026-07-30T01:26:38.286Z,178537479828600
"-- ending hand #47 --",2026-07-30T01:26:35.287Z,178537479528702
"""Stevo @ kI2bCqDOyl"" collected 100 from pot",2026-07-30T01:26:35.287Z,178537479528701
"Uncalled bet of 180 returned to ""Stevo @ kI2bCqDOyl""",2026-07-30T01:26:35.287Z,178537479528700
"""peelic @ vOeqrOXpLT"" folds",2026-07-30T01:26:34.361Z,178537479436100
"""arash @ 21jHaBYWIi"" folds",2026-07-30T01:26:23.970Z,178537478397000
"""Spenny @ S8ENkJ8OQS"" folds",2026-07-30T01:26:22.971Z,178537478297100
"""eogeorgoe @ _sqcLETZ0C"" folds",2026-07-30T01:26:17.353Z,178537477735300
"""Stevo @ kI2bCqDOyl"" bets 180 and go all in",2026-07-30T01:26:14.001Z,178537477400100
"""peelic @ vOeqrOXpLT"" checks",2026-07-30T01:26:04.513Z,178537476451300
"""arash @ 21jHaBYWIi"" checks",2026-07-30T01:26:00.708Z,178537476070800
"""Spenny @ S8ENkJ8OQS"" checks",2026-07-30T01:25:56.745Z,178537475674500
"""eogeorgoe @ _sqcLETZ0C"" checks",2026-07-30T01:25:52.746Z,178537475274600
"River: 4♣, A♥, 8♠, 10♦ [K♠]",2026-07-30T01:25:48.409Z,178537474840900
"""Stevo @ kI2bCqDOyl"" checks",2026-07-30T01:25:47.526Z,178537474752600
"""peelic @ vOeqrOXpLT"" checks",2026-07-30T01:25:46.640Z,178537474664000
"""arash @ 21jHaBYWIi"" checks",2026-07-30T01:25:45.763Z,178537474576300
"""Spenny @ S8ENkJ8OQS"" checks",2026-07-30T01:25:41.762Z,178537474176200
"""eogeorgoe @ _sqcLETZ0C"" checks",2026-07-30T01:25:35.844Z,178537473584400
"Turn: 4♣, A♥, 8♠ [10♦]",2026-07-30T01:25:25.803Z,178537472580300
"""Stevo @ kI2bCqDOyl"" checks",2026-07-30T01:25:24.964Z,178537472496400
"""peelic @ vOeqrOXpLT"" checks",2026-07-30T01:25:19.848Z,178537471984800
"""arash @ 21jHaBYWIi"" checks",2026-07-30T01:25:16.536Z,178537471653600
"""Spenny @ S8ENkJ8OQS"" checks",2026-07-30T01:25:14.574Z,178537471457400
"""eogeorgoe @ _sqcLETZ0C"" checks",2026-07-30T01:25:10.288Z,178537471028800
"Flop:  [4♣, A♥, 8♠]",2026-07-30T01:25:08.591Z,178537470859100
"""Spenny @ S8ENkJ8OQS"" checks",2026-07-30T01:25:07.703Z,178537470770300
"""eogeorgoe @ _sqcLETZ0C"" calls 20",2026-07-30T01:25:06.813Z,178537470681300
"""Stevo @ kI2bCqDOyl"" calls 20",2026-07-30T01:25:05.977Z,178537470597700
"""Jonah @ xrBY5OZYCv"" folds",2026-07-30T01:25:02.658Z,178537470265800
"""peelic @ vOeqrOXpLT"" calls 20",2026-07-30T01:25:01.631Z,178537470163100
"""arash @ 21jHaBYWIi"" calls 20",2026-07-30T01:24:51.807Z,178537469180700
"""Spenny @ S8ENkJ8OQS"" posts a big blind of 20",2026-07-30T01:24:49.188Z,178537468918809
"""eogeorgoe @ _sqcLETZ0C"" posts a small blind of 10",2026-07-30T01:24:49.188Z,178537468918808
"Your hand is J♦, 8♥",2026-07-30T01:24:49.188Z,178537468918807
"Player stacks: #1 ""Spenny @ S8ENkJ8OQS"" (390) | #2 ""arash @ 21jHaBYWIi"" (310) | #3 ""peelic @ vOeqrOXpLT"" (1060) | #6 ""Jonah @ xrBY5OZYCv"" (1710) | #7 ""Stevo @ kI2bCqDOyl"" (200) | #8 ""eogeorgoe @ _sqcLETZ0C"" (2330)",2026-07-30T01:24:49.188Z,178537468918801
"-- starting hand #47 (id: guy0shloeqcz)  No Limit Texas Hold'em (dealer: ""Stevo @ kI2bCqDOyl"") --",2026-07-30T01:24:49.188Z,178537468918800
"-- ending hand #46 --",2026-07-30T01:24:43.185Z,178537468318501
"""arash @ 21jHaBYWIi"" collected 310 from pot with Pair, J's (combination: 5♠, 6♥, K♣, J♥, J♠)",2026-07-30T01:24:43.185Z,178537468318500
"River: 3♥, 2♦, J♠, K♣ [6♥]",2026-07-30T01:24:39.181Z,178537467918100
"""arash @ 21jHaBYWIi"" shows a 5♠, J♥.",2026-07-30T01:24:35.161Z,178537467516101
"""Spenny @ S8ENkJ8OQS"" shows a A♦, Q♣.",2026-07-30T01:24:35.161Z,178537467516100
"""Spenny @ S8ENkJ8OQS"" calls 80",2026-07-30T01:24:34.358Z,178537467435800
"""arash @ 21jHaBYWIi"" raises to 80 and go all in",2026-07-30T01:24:32.283Z,178537467228300
"""Spenny @ S8ENkJ8OQS"" bets 20",2026-07-30T01:24:30.019Z,178537467001900
"Turn: 3♥, 2♦, J♠ [K♣]",2026-07-30T01:24:24.955Z,178537466495500
"""Spenny @ S8ENkJ8OQS"" calls 20",2026-07-30T01:24:24.143Z,178537466414300
"""eogeorgoe @ _sqcLETZ0C"" folds",2026-07-30T01:24:15.094Z,178537465509400
"""Jonah @ xrBY5OZYCv"" folds",2026-07-30T01:24:04.840Z,178537464484000
"""peelic @ vOeqrOXpLT"" folds",2026-07-30T01:24:02.453Z,178537464245300
"""arash @ 21jHaBYWIi"" bets 20",2026-07-30T01:23:51.538Z,178537463153800
"""Spenny @ S8ENkJ8OQS"" checks",2026-07-30T01:23:49.775Z,178537462977500
"""eogeorgoe @ _sqcLETZ0C"" checks",2026-07-30T01:23:47.592Z,178537462759200
"Flop:  [3♥, 2♦, J♠]",2026-07-30T01:23:45.577Z,178537462557700
"""eogeorgoe @ _sqcLETZ0C"" checks",2026-07-30T01:23:44.771Z,178537462477100
"""Stevo @ kI2bCqDOyl"" folds",2026-07-30T01:23:41.896Z,178537462189600
"""Jonah @ xrBY5OZYCv"" calls 20",2026-07-30T01:23:32.009Z,178537461200900
"""peelic @ vOeqrOXpLT"" calls 20",2026-07-30T01:23:31.131Z,178537461113100
"""arash @ 21jHaBYWIi"" calls 20",2026-07-30T01:23:30.254Z,178537461025400
"""Spenny @ S8ENkJ8OQS"" calls 20",2026-07-30T01:23:29.341Z,178537460934100
"""eogeorgoe @ _sqcLETZ0C"" posts a big blind of 20",2026-07-30T01:23:23.612Z,178537460361209
"""Stevo @ kI2bCqDOyl"" posts a small blind of 10",2026-07-30T01:23:23.612Z,178537460361208
"Your hand is 10♥, 8♣",2026-07-30T01:23:23.612Z,178537460361207
"Player stacks: #1 ""Spenny @ S8ENkJ8OQS"" (510) | #2 ""arash @ 21jHaBYWIi"" (120) | #3 ""peelic @ vOeqrOXpLT"" (1080) | #6 ""Jonah @ xrBY5OZYCv"" (1730) | #7 ""Stevo @ kI2bCqDOyl"" (210) | #8 ""eogeorgoe @ _sqcLETZ0C"" (2350)",2026-07-30T01:23:23.612Z,178537460361201
"-- starting hand #46 (id: ch1vjrrok9s1)  No Limit Texas Hold'em (dealer: ""Jonah @ xrBY5OZYCv"") --",2026-07-30T01:23:23.612Z,178537460361200
"""eogeorgoe @ _sqcLETZ0C"" shows a 4♦, 2♥.",2026-07-30T01:23:18.648Z,178537459864800
"-- ending hand #45 --",2026-07-30T01:23:17.090Z,178537459709003
"""peelic @ vOeqrOXpLT"" collected 1080 from pot with Three of a Kind, J's (combination: 8♠, 9♦, J♣, J♥, J♦)",2026-07-30T01:23:17.090Z,178537459709002
"""peelic @ vOeqrOXpLT"" shows a J♣, J♥.",2026-07-30T01:23:17.090Z,178537459709001
"""Stevo @ kI2bCqDOyl"" shows a K♣, K♠.",2026-07-30T01:23:17.090Z,178537459709000
"""peelic @ vOeqrOXpLT"" calls 360 and go all in",2026-07-30T01:23:16.273Z,178537459627300
"""Stevo @ kI2bCqDOyl"" bets 360",2026-07-30T01:23:14.973Z,178537459497300
"River: J♦, 4♥, 7♦, 8♠ [9♦]",2026-07-30T01:23:09.800Z,178537458980000
"""Spenny @ S8ENkJ8OQS"" folds",2026-07-30T01:23:08.998Z,178537458899800
"""Stevo @ kI2bCqDOyl"" calls 80",2026-07-30T01:23:05.228Z,178537458522800
"""peelic @ vOeqrOXpLT"" bets 80",2026-07-30T01:23:00.951Z,178537458095100
"""Spenny @ S8ENkJ8OQS"" checks",2026-07-30T01:22:58.588Z,178537457858800
"""Stevo @ kI2bCqDOyl"" checks",2026-07-30T01:22:56.073Z,178537457607300
"Turn: J♦, 4♥, 7♦ [8♠]",2026-07-30T01:22:52.977Z,178537457297700
"""Spenny @ S8ENkJ8OQS"" calls 40",2026-07-30T01:22:52.147Z,178537457214700
"""Stevo @ kI2bCqDOyl"" calls 40",2026-07-30T01:22:42.625Z,178537456262500
"""Jonah @ xrBY5OZYCv"" folds",2026-07-30T01:22:40.600Z,178537456060000
"""peelic @ vOeqrOXpLT"" bets 40",2026-07-30T01:22:38.060Z,178537455806000
"""Spenny @ S8ENkJ8OQS"" checks",2026-07-30T01:22:34.361Z,178537455436100
"""Stevo @ kI2bCqDOyl"" checks",2026-07-30T01:22:31.480Z,178537455148000
"""Jonah @ xrBY5OZYCv"" checks",2026-07-30T01:22:30.545Z,178537455054500
"Flop:  [J♦, 4♥, 7♦]",2026-07-30T01:22:29.041Z,178537454904100
"""Stevo @ kI2bCqDOyl"" checks",2026-07-30T01:22:28.168Z,178537454816800
"""Jonah @ xrBY5OZYCv"" calls 20",2026-07-30T01:22:27.314Z,178537454731400
"""peelic @ vOeqrOXpLT"" calls 20",2026-07-30T01:22:26.469Z,178537454646900
"""arash @ 21jHaBYWIi"" folds",2026-07-30T01:22:25.566Z,178537454556600
"""Spenny @ S8ENkJ8OQS"" calls 20",2026-07-30T01:22:24.666Z,178537454466600
"""eogeorgoe @ _sqcLETZ0C"" folds",2026-07-30T01:22:16.813Z,178537453681300
"""Stevo @ kI2bCqDOyl"" posts a big blind of 20",2026-07-30T01:22:07.429Z,178537452742909
"""Jonah @ xrBY5OZYCv"" posts a small blind of 10",2026-07-30T01:22:07.429Z,178537452742908
"Your hand is 4♦, 2♥",2026-07-30T01:22:07.429Z,178537452742907
"Player stacks: #1 ""Spenny @ S8ENkJ8OQS"" (570) | #2 ""arash @ 21jHaBYWIi"" (120) | #3 ""peelic @ vOeqrOXpLT"" (500) | #6 ""Jonah @ xrBY5OZYCv"" (1750) | #7 ""Stevo @ kI2bCqDOyl"" (710) | #8 ""eogeorgoe @ _sqcLETZ0C"" (2350)",2026-07-30T01:22:07.429Z,178537452742901
"-- starting hand #45 (id: pgyny8bxn1to)  No Limit Texas Hold'em (dealer: ""peelic @ vOeqrOXpLT"") --",2026-07-30T01:22:07.429Z,178537452742900
"""eogeorgoe @ _sqcLETZ0C"" shows a J♦, 6♠.",2026-07-30T01:22:05.375Z,178537452537500
"""arash @ 21jHaBYWIi"" shows a 10♦, A♠.",2026-07-30T01:22:03.587Z,178537452358700
"-- ending hand #44 --",2026-07-30T01:22:00.396Z,178537452039603
"""Jonah @ xrBY5OZYCv"" collected 580 from pot with Flush, A High (combination: 2♦, 7♦, 9♦, Q♦, A♦)",2026-07-30T01:22:00.396Z,178537452039602
"""Jonah @ xrBY5OZYCv"" shows a Q♦, 9♦.",2026-07-30T01:22:00.396Z,178537452039601
"""peelic @ vOeqrOXpLT"" shows a 10♥, K♥.",2026-07-30T01:22:00.396Z,178537452039600
"""arash @ 21jHaBYWIi"" calls 100",2026-07-30T01:21:59.580Z,178537451958000
"""Jonah @ xrBY5OZYCv"" calls 100",2026-07-30T01:21:58.687Z,178537451868700
"""peelic @ vOeqrOXpLT"" bets 100",2026-07-30T01:21:55.471Z,178537451547100
"River: A♦, 2♦, 4♣, K♣ [7♦]",2026-07-30T01:21:52.490Z,178537451249000
"""arash @ 21jHaBYWIi"" calls 30",2026-07-30T01:21:51.679Z,178537451167900
"""Jonah @ xrBY5OZYCv"" calls 30",2026-07-30T01:21:47.816Z,178537450781600
"""peelic @ vOeqrOXpLT"" bets 30",2026-07-30T01:21:46.042Z,178537450604200
"Turn: A♦, 2♦, 4♣ [K♣]",2026-07-30T01:21:42.159Z,178537450215900
"""peelic @ vOeqrOXpLT"" calls 30",2026-07-30T01:21:41.324Z,178537450132400
"""arash @ 21jHaBYWIi"" calls 30",2026-07-30T01:21:33.664Z,178537449366400
"""eogeorgoe @ _sqcLETZ0C"" folds",2026-07-30T01:21:27.191Z,178537448719100
"""Stevo @ kI2bCqDOyl"" folds",2026-07-30T01:21:23.111Z,178537448311100
"""Jonah @ xrBY5OZYCv"" bets 30",2026-07-30T01:21:22.196Z,178537448219600
"""peelic @ vOeqrOXpLT"" checks",2026-07-30T01:21:18.237Z,178537447823700
"Flop:  [A♦, 2♦, 4♣]",2026-07-30T01:21:13.512Z,178537447351200
"""Jonah @ xrBY5OZYCv"" checks",2026-07-30T01:21:12.695Z,178537447269500
"""peelic @ vOeqrOXpLT"" calls 20",2026-07-30T01:21:11.811Z,178537447181100
"""arash @ 21jHaBYWIi"" calls 20",2026-07-30T01:21:10.941Z,178537447094100
"""Spenny @ S8ENkJ8OQS"" folds",2026-07-30T01:21:09.979Z,178537446997900
"""eogeorgoe @ _sqcLETZ0C"" calls 20",2026-07-30T01:21:07.335Z,178537446733500
"""Stevo @ kI2bCqDOyl"" calls 20",2026-07-30T01:21:06.488Z,178537446648800
"""Jonah @ xrBY5OZYCv"" posts a big blind of 20",2026-07-30T01:21:05.367Z,178537446536709
"""peelic @ vOeqrOXpLT"" posts a small blind of 10",2026-07-30T01:21:05.367Z,178537446536708
"Your hand is J♦, 6♠",2026-07-30T01:21:05.367Z,178537446536707
"Player stacks: #1 ""Spenny @ S8ENkJ8OQS"" (570) | #2 ""arash @ 21jHaBYWIi"" (300) | #3 ""peelic @ vOeqrOXpLT"" (680) | #6 ""Jonah @ xrBY5OZYCv"" (1350) | #7 ""Stevo @ kI2bCqDOyl"" (730) | #8 ""eogeorgoe @ _sqcLETZ0C"" (2370)",2026-07-30T01:21:05.367Z,178537446536701
"-- starting hand #44 (id: xbmqfenbsvtu)  No Limit Texas Hold'em (dealer: ""arash @ 21jHaBYWIi"") --",2026-07-30T01:21:05.367Z,178537446536700
"""Stevo @ kI2bCqDOyl"" shows a 2♦.",2026-07-30T01:21:03.132Z,178537446313200
"-- ending hand #43 --",2026-07-30T01:21:01.722Z,178537446172202
"""peelic @ vOeqrOXpLT"" collected 80 from pot",2026-07-30T01:21:01.722Z,178537446172201
"Uncalled bet of 40 returned to ""peelic @ vOeqrOXpLT""",2026-07-30T01:21:01.722Z,178537446172200
"""arash @ 21jHaBYWIi"" folds",2026-07-30T01:21:00.781Z,178537446078100
"""Spenny @ S8ENkJ8OQS"" folds",2026-07-30T01:20:59.759Z,178537445975900
"""eogeorgoe @ _sqcLETZ0C"" folds",2026-07-30T01:20:52.153Z,178537445215300
"""peelic @ vOeqrOXpLT"" bets 40",2026-07-30T01:20:41.317Z,178537444131700
"""arash @ 21jHaBYWIi"" checks",2026-07-30T01:20:32.393Z,178537443239300
"River: 2♣, Q♣, 4♦, 7♣ [2♠]",2026-07-30T01:20:28.857Z,178537442885700
"""Spenny @ S8ENkJ8OQS"" checks",2026-07-30T01:20:27.983Z,178537442798300
"""eogeorgoe @ _sqcLETZ0C"" checks",2026-07-30T01:20:27.090Z,178537442709000
"""peelic @ vOeqrOXpLT"" checks",2026-07-30T01:20:26.253Z,178537442625300
"""arash @ 21jHaBYWIi"" checks",2026-07-30T01:20:20.715Z,178537442071500
"Turn: 2♣, Q♣, 4♦ [7♣]",2026-07-30T01:20:15.253Z,178537441525300
"""Spenny @ S8ENkJ8OQS"" checks",2026-07-30T01:20:14.327Z,178537441432700
"""eogeorgoe @ _sqcLETZ0C"" checks",2026-07-30T01:20:13.285Z,178537441328500
"""peelic @ vOeqrOXpLT"" checks",2026-07-30T01:20:12.314Z,178537441231400
"""arash @ 21jHaBYWIi"" checks",2026-07-30T01:20:03.276Z,178537440327600
"Flop:  [2♣, Q♣, 4♦]",2026-07-30T01:19:59.082Z,178537439908200
"""peelic @ vOeqrOXpLT"" checks",2026-07-30T01:19:58.225Z,178537439822500
"""arash @ 21jHaBYWIi"" calls 20",2026-07-30T01:19:57.290Z,178537439729000
"""Spenny @ S8ENkJ8OQS"" calls 20",2026-07-30T01:19:56.348Z,178537439634800
"""eogeorgoe @ _sqcLETZ0C"" calls 20",2026-07-30T01:19:50.877Z,178537439087700
"""Stevo @ kI2bCqDOyl"" folds",2026-07-30T01:19:46.044Z,178537438604400
"""Jonah @ xrBY5OZYCv"" folds",2026-07-30T01:19:43.437Z,178537438343700
"""peelic @ vOeqrOXpLT"" posts a big blind of 20",2026-07-30T01:19:41.982Z,178537438198209
"""arash @ 21jHaBYWIi"" posts a small blind of 10",2026-07-30T01:19:41.982Z,178537438198208
"Your hand is K♠, 8♥",2026-07-30T01:19:41.982Z,178537438198207
"Player stacks: #1 ""Spenny @ S8ENkJ8OQS"" (590) | #2 ""arash @ 21jHaBYWIi"" (320) | #3 ""peelic @ vOeqrOXpLT"" (620) | #6 ""Jonah @ xrBY5OZYCv"" (1350) | #7 ""Stevo @ kI2bCqDOyl"" (730) | #8 ""eogeorgoe @ _sqcLETZ0C"" (2390)",2026-07-30T01:19:41.982Z,178537438198201
"-- starting hand #43 (id: 607n9mkxwhqj)  No Limit Texas Hold'em (dealer: ""Spenny @ S8ENkJ8OQS"") --",2026-07-30T01:19:41.982Z,178537438198200
"""eogeorgoe @ _sqcLETZ0C"" shows a K♣, A♠.",2026-07-30T01:19:39.206Z,178537437920600
"-- ending hand #42 --",2026-07-30T01:19:38.268Z,178537437826802
"""eogeorgoe @ _sqcLETZ0C"" collected 200 from pot",2026-07-30T01:19:38.268Z,178537437826801
"Uncalled bet of 60 returned to ""eogeorgoe @ _sqcLETZ0C""",2026-07-30T01:19:38.268Z,178537437826800
"""arash @ 21jHaBYWIi"" folds",2026-07-30T01:19:37.446Z,178537437744600
"""Spenny @ S8ENkJ8OQS"" folds",2026-07-30T01:19:31.942Z,178537437194200
"""eogeorgoe @ _sqcLETZ0C"" bets 60",2026-07-30T01:19:25.172Z,178537436517200
"""arash @ 21jHaBYWIi"" checks",2026-07-30T01:19:20.653Z,178537436065300
"""Spenny @ S8ENkJ8OQS"" checks",2026-07-30T01:19:19.731Z,178537435973100
"River: 7♠, A♦, 5♣, K♠ [3♥]",2026-07-30T01:19:13.958Z,178537435395800
"""arash @ 21jHaBYWIi"" calls 40",2026-07-30T01:19:13.075Z,178537435307500
"""Spenny @ S8ENkJ8OQS"" calls 40",2026-07-30T01:19:09.389Z,178537434938900
"""eogeorgoe @ _sqcLETZ0C"" raises to 40",2026-07-30T01:19:00.151Z,178537434015100
"""Stevo @ kI2bCqDOyl"" folds",2026-07-30T01:18:56.857Z,178537433685700
"""arash @ 21jHaBYWIi"" calls 20",2026-07-30T01:18:55.939Z,178537433593900
"""Spenny @ S8ENkJ8OQS"" bets 20",2026-07-30T01:18:47.630Z,178537432763000
"Turn: 7♠, A♦, 5♣ [K♠]",2026-07-30T01:18:40.912Z,178537432091200
"""eogeorgoe @ _sqcLETZ0C"" checks",2026-07-30T01:18:40.096Z,178537432009600
"""Stevo @ kI2bCqDOyl"" checks",2026-07-30T01:18:39.245Z,178537431924500
"""arash @ 21jHaBYWIi"" checks",2026-07-30T01:18:38.374Z,178537431837400
"""Spenny @ S8ENkJ8OQS"" checks",2026-07-30T01:18:35.471Z,178537431547100
"Flop:  [7♠, A♦, 5♣]",2026-07-30T01:18:31.509Z,178537431150900
"""arash @ 21jHaBYWIi"" checks",2026-07-30T01:18:30.692Z,178537431069200
"""Spenny @ S8ENkJ8OQS"" calls 20",2026-07-30T01:18:29.741Z,178537430974100
"""eogeorgoe @ _sqcLETZ0C"" calls 20",2026-07-30T01:18:28.819Z,178537430881900
"""Stevo @ kI2bCqDOyl"" calls 20",2026-07-30T01:18:27.907Z,178537430790700
"""Jonah @ xrBY5OZYCv"" folds",2026-07-30T01:18:27.049Z,178537430704900
"""peelic @ vOeqrOXpLT"" folds",2026-07-30T01:18:26.154Z,178537430615400
"""arash @ 21jHaBYWIi"" posts a big blind of 20",2026-07-30T01:18:17.593Z,178537429759309
"""Spenny @ S8ENkJ8OQS"" posts a small blind of 10",2026-07-30T01:18:17.593Z,178537429759308
"Your hand is K♣, A♠",2026-07-30T01:18:17.593Z,178537429759307
"Player stacks: #1 ""Spenny @ S8ENkJ8OQS"" (650) | #2 ""arash @ 21jHaBYWIi"" (380) | #3 ""peelic @ vOeqrOXpLT"" (620) | #6 ""Jonah @ xrBY5OZYCv"" (1350) | #7 ""Stevo @ kI2bCqDOyl"" (750) | #8 ""eogeorgoe @ _sqcLETZ0C"" (2250)",2026-07-30T01:18:17.593Z,178537429759301
"-- starting hand #42 (id: j7akjqcrxppb)  No Limit Texas Hold'em (dealer: ""eogeorgoe @ _sqcLETZ0C"") --",2026-07-30T01:18:17.593Z,178537429759300
"-- ending hand #41 --",2026-07-30T01:18:14.652Z,178537429465202
"""peelic @ vOeqrOXpLT"" collected 280 from pot",2026-07-30T01:18:14.652Z,178537429465201
"Uncalled bet of 140 returned to ""peelic @ vOeqrOXpLT""",2026-07-30T01:18:14.652Z,178537429465200
"""Spenny @ S8ENkJ8OQS"" folds",2026-07-30T01:18:13.790Z,178537429379000
"""eogeorgoe @ _sqcLETZ0C"" folds",2026-07-30T01:18:06.257Z,178537428625700
"""Jonah @ xrBY5OZYCv"" folds",2026-07-30T01:18:03.066Z,178537428306600
"""peelic @ vOeqrOXpLT"" bets 140",2026-07-30T01:18:02.130Z,178537428213000
"""Spenny @ S8ENkJ8OQS"" checks",2026-07-30T01:17:57.846Z,178537427784600
"""eogeorgoe @ _sqcLETZ0C"" checks",2026-07-30T01:17:52.558Z,178537427255800
"River: 8♥, 10♥, 7♦, J♣ [2♠]",2026-07-30T01:17:49.424Z,178537426942400
"""arash @ 21jHaBYWIi"" folds",2026-07-30T01:17:48.595Z,178537426859500
"""Spenny @ S8ENkJ8OQS"" calls 40",2026-07-30T01:17:47.682Z,178537426768200
"""eogeorgoe @ _sqcLETZ0C"" calls 40",2026-07-30T01:17:38.723Z,178537425872300
"""Stevo @ kI2bCqDOyl"" folds",2026-07-30T01:17:30.357Z,178537425035700
"""Jonah @ xrBY5OZYCv"" calls 40",2026-07-30T01:17:26.002Z,178537424600200
"""peelic @ vOeqrOXpLT"" bets 40",2026-07-30T01:17:20.464Z,178537424046400
"""arash @ 21jHaBYWIi"" checks",2026-07-30T01:17:17.694Z,178537423769400
"""Spenny @ S8ENkJ8OQS"" checks",2026-07-30T01:17:16.790Z,178537423679000
"""eogeorgoe @ _sqcLETZ0C"" checks",2026-07-30T01:17:11.150Z,178537423115000
"Turn: 8♥, 10♥, 7♦ [J♣]",2026-07-30T01:17:10.073Z,178537423007300
"""Stevo @ kI2bCqDOyl"" checks",2026-07-30T01:17:09.189Z,178537422918900
"""Jonah @ xrBY5OZYCv"" checks",2026-07-30T01:17:08.314Z,178537422831400
"""peelic @ vOeqrOXpLT"" checks",2026-07-30T01:17:07.404Z,178537422740400
"""arash @ 21jHaBYWIi"" checks",2026-07-30T01:17:06.563Z,178537422656300
"""Spenny @ S8ENkJ8OQS"" checks",2026-07-30T01:17:05.603Z,178537422560300
"""eogeorgoe @ _sqcLETZ0C"" checks",2026-07-30T01:17:04.702Z,178537422470200
"Flop:  [8♥, 10♥, 7♦]",2026-07-30T01:17:01.108Z,178537422110800
"""Spenny @ S8ENkJ8OQS"" checks",2026-07-30T01:17:00.298Z,178537422029800
"""eogeorgoe @ _sqcLETZ0C"" calls 20",2026-07-30T01:16:59.373Z,178537421937300
"""Stevo @ kI2bCqDOyl"" calls 20",2026-07-30T01:16:58.541Z,178537421854100
"""Jonah @ xrBY5OZYCv"" calls 20",2026-07-30T01:16:57.607Z,178537421760700
"""peelic @ vOeqrOXpLT"" calls 20",2026-07-30T01:16:56.729Z,178537421672900
"""arash @ 21jHaBYWIi"" calls 20",2026-07-30T01:16:55.832Z,178537421583200
"""Spenny @ S8ENkJ8OQS"" posts a big blind of 20",2026-07-30T01:16:54.204Z,178537421420409
"""eogeorgoe @ _sqcLETZ0C"" posts a small blind of 10",2026-07-30T01:16:54.204Z,178537421420408
"Your hand is A♠, K♥",2026-07-30T01:16:54.204Z,178537421420407
"Player stacks: #1 ""Spenny @ S8ENkJ8OQS"" (710) | #2 ""arash @ 21jHaBYWIi"" (400) | #3 ""peelic @ vOeqrOXpLT"" (400) | #6 ""Jonah @ xrBY5OZYCv"" (1410) | #7 ""Stevo @ kI2bCqDOyl"" (770) | #8 ""eogeorgoe @ _sqcLETZ0C"" (2310)",2026-07-30T01:16:54.204Z,178537421420401
"-- starting hand #41 (id: eus9ajz36ykp)  No Limit Texas Hold'em (dealer: ""Stevo @ kI2bCqDOyl"") --",2026-07-30T01:16:54.204Z,178537421420400
"-- ending hand #40 --",2026-07-30T01:16:48.149Z,178537420814903
"""eogeorgoe @ _sqcLETZ0C"" collected 620 from pot with Pair, A's (combination: 6♦, 8♠, 9♥, A♦, A♠)",2026-07-30T01:16:48.149Z,178537420814902
"""eogeorgoe @ _sqcLETZ0C"" shows a A♦, A♠.",2026-07-30T01:16:48.149Z,178537420814901
"""peelic @ vOeqrOXpLT"" shows a 10♣, 10♦.",2026-07-30T01:16:48.149Z,178537420814900
"""arash @ 21jHaBYWIi"" folds",2026-07-30T01:16:47.294Z,178537420729400
"""eogeorgoe @ _sqcLETZ0C"" calls 80",2026-07-30T01:16:36.408Z,178537419640800
"""peelic @ vOeqrOXpLT"" bets 80",2026-07-30T01:16:34.570Z,178537419457000
"""arash @ 21jHaBYWIi"" checks",2026-07-30T01:16:31.130Z,178537419113000
"""eogeorgoe @ _sqcLETZ0C"" checks",2026-07-30T01:16:29.567Z,178537418956700
"River: 6♦, 9♥, 8♠, 2♣ [5♥]",2026-07-30T01:16:28.078Z,178537418807800
"""eogeorgoe @ _sqcLETZ0C"" calls 60",2026-07-30T01:16:27.172Z,178537418717200
"""peelic @ vOeqrOXpLT"" calls 60",2026-07-30T01:16:21.707Z,178537418170700
"""arash @ 21jHaBYWIi"" bets 60",2026-07-30T01:16:12.553Z,178537417255300
"""eogeorgoe @ _sqcLETZ0C"" checks",2026-07-30T01:16:05.794Z,178537416579400
"Turn: 6♦, 9♥, 8♠ [2♣]",2026-07-30T01:16:03.074Z,178537416307400
"""arash @ 21jHaBYWIi"" calls 60",2026-07-30T01:16:02.256Z,178537416225600
"""eogeorgoe @ _sqcLETZ0C"" calls 60",2026-07-30T01:15:59.839Z,178537415983900
"""Stevo @ kI2bCqDOyl"" folds",2026-07-30T01:15:54.367Z,178537415436700
"""Jonah @ xrBY5OZYCv"" folds",2026-07-30T01:15:49.449Z,178537414944900
"""peelic @ vOeqrOXpLT"" raises to 60",2026-07-30T01:15:48.503Z,178537414850300
"""arash @ 21jHaBYWIi"" calls 20",2026-07-30T01:15:44.779Z,178537414477900
"""eogeorgoe @ _sqcLETZ0C"" bets 20",2026-07-30T01:15:41.772Z,178537414177200
"""Stevo @ kI2bCqDOyl"" checks",2026-07-30T01:15:34.845Z,178537413484500
"Flop:  [6♦, 9♥, 8♠]",2026-07-30T01:15:33.399Z,178537413339900
"""eogeorgoe @ _sqcLETZ0C"" checks",2026-07-30T01:15:32.496Z,178537413249600
"""Stevo @ kI2bCqDOyl"" calls 20",2026-07-30T01:15:31.668Z,178537413166800
"""Jonah @ xrBY5OZYCv"" calls 20",2026-07-30T01:15:30.689Z,178537413068900
"""peelic @ vOeqrOXpLT"" calls 20",2026-07-30T01:15:29.836Z,178537412983600
"""arash @ 21jHaBYWIi"" calls 20",2026-07-30T01:15:28.890Z,178537412889000
"""Spenny @ S8ENkJ8OQS"" folds",2026-07-30T01:15:27.928Z,178537412792800
"""eogeorgoe @ _sqcLETZ0C"" posts a big blind of 20",2026-07-30T01:15:24.594Z,178537412459409
"""Stevo @ kI2bCqDOyl"" posts a small blind of 10",2026-07-30T01:15:24.594Z,178537412459408
"Your hand is A♦, A♠",2026-07-30T01:15:24.594Z,178537412459407
"Player stacks: #1 ""Spenny @ S8ENkJ8OQS"" (710) | #2 ""arash @ 21jHaBYWIi"" (540) | #3 ""peelic @ vOeqrOXpLT"" (620) | #6 ""Jonah @ xrBY5OZYCv"" (1430) | #7 ""Stevo @ kI2bCqDOyl"" (790) | #8 ""eogeorgoe @ _sqcLETZ0C"" (1910)",2026-07-30T01:15:24.594Z,178537412459401
"-- starting hand #40 (id: iecqkedijhy8)  No Limit Texas Hold'em (dealer: ""Jonah @ xrBY5OZYCv"") --",2026-07-30T01:15:24.594Z,178537412459400
"""arash @ 21jHaBYWIi"" shows a Q♠, 6♠.",2026-07-30T01:15:22.144Z,178537412214400
"""Jonah @ xrBY5OZYCv"" shows a 7♦, 10♥.",2026-07-30T01:15:20.424Z,178537412042400
"Undealt cards: 10♣, 10♠, J♣, 3♦ [10♦]",2026-07-30T01:15:17.720Z,178537411772000
"""eogeorgoe @ _sqcLETZ0C"" shows a A♦, 3♥.",2026-07-30T01:15:16.964Z,178537411696400
"-- ending hand #39 --",2026-07-30T01:15:16.590Z,178537411659002
"""arash @ 21jHaBYWIi"" collected 90 from pot",2026-07-30T01:15:16.590Z,178537411659001
"Uncalled bet of 60 returned to ""arash @ 21jHaBYWIi""",2026-07-30T01:15:16.590Z,178537411659000
"""eogeorgoe @ _sqcLETZ0C"" folds",2026-07-30T01:15:15.777Z,178537411577700
"""Stevo @ kI2bCqDOyl"" folds",2026-07-30T01:15:11.214Z,178537411121400
"""peelic @ vOeqrOXpLT"" folds",2026-07-30T01:15:06.853Z,178537410685300
"""arash @ 21jHaBYWIi"" bets 60",2026-07-30T01:15:02.342Z,178537410234200
"""eogeorgoe @ _sqcLETZ0C"" checks",2026-07-30T01:14:56.086Z,178537409608600
"""Stevo @ kI2bCqDOyl"" checks",2026-07-30T01:14:49.247Z,178537408924700
"Turn: 10♣, 10♠, J♣ [3♦]",2026-07-30T01:14:47.682Z,178537408768200
"""peelic @ vOeqrOXpLT"" checks",2026-07-30T01:14:46.868Z,178537408686800
"""arash @ 21jHaBYWIi"" checks",2026-07-30T01:14:39.512Z,178537407951200
"""eogeorgoe @ _sqcLETZ0C"" checks",2026-07-30T01:14:34.592Z,178537407459200
"""Stevo @ kI2bCqDOyl"" checks",2026-07-30T01:14:33.681Z,178537407368100
"Flop:  [10♣, 10♠, J♣]",2026-07-30T01:14:32.562Z,178537407256200
"""Stevo @ kI2bCqDOyl"" checks",2026-07-30T01:14:31.718Z,178537407171800
"""Jonah @ xrBY5OZYCv"" folds",2026-07-30T01:14:30.802Z,178537407080200
"""peelic @ vOeqrOXpLT"" calls 20",2026-07-30T01:14:29.894Z,178537406989400
"""arash @ 21jHaBYWIi"" calls 20",2026-07-30T01:14:24.956Z,178537406495600
"""Spenny @ S8ENkJ8OQS"" folds",2026-07-30T01:14:20.230Z,178537406023000
"""eogeorgoe @ _sqcLETZ0C"" calls 20",2026-07-30T01:14:19.297Z,178537405929700
"""Stevo @ kI2bCqDOyl"" posts a big blind of 20",2026-07-30T01:14:16.863Z,178537405686309
"""Jonah @ xrBY5OZYCv"" posts a small blind of 10",2026-07-30T01:14:16.863Z,178537405686308
"Your hand is A♦, 3♥",2026-07-30T01:14:16.863Z,178537405686307
"Player stacks: #1 ""Spenny @ S8ENkJ8OQS"" (710) | #2 ""arash @ 21jHaBYWIi"" (470) | #3 ""peelic @ vOeqrOXpLT"" (640) | #6 ""Jonah @ xrBY5OZYCv"" (1440) | #7 ""Stevo @ kI2bCqDOyl"" (810) | #8 ""eogeorgoe @ _sqcLETZ0C"" (1930)",2026-07-30T01:14:16.863Z,178537405686301
"-- starting hand #39 (id: mwqkvyay7xjb)  No Limit Texas Hold'em (dealer: ""peelic @ vOeqrOXpLT"") --",2026-07-30T01:14:16.863Z,178537405686300
"""eogeorgoe @ _sqcLETZ0C"" shows a 10♦, 4♠.",2026-07-30T01:14:11.310Z,178537405131000
"-- ending hand #38 --",2026-07-30T01:14:10.331Z,178537405033103
"""Spenny @ S8ENkJ8OQS"" collected 260 from pot with Three of a Kind, 7's (combination: K♣, A♣, 7♣, 7♠, 7♦)",2026-07-30T01:14:10.331Z,178537405033102
"""Spenny @ S8ENkJ8OQS"" shows a 7♣, A♣.",2026-07-30T01:14:10.331Z,178537405033101
"""Stevo @ kI2bCqDOyl"" shows a 2♥, 10♠.",2026-07-30T01:14:10.331Z,178537405033100
"""Spenny @ S8ENkJ8OQS"" calls 20",2026-07-30T01:14:09.458Z,178537404945800
"""Stevo @ kI2bCqDOyl"" bets 20",2026-07-30T01:14:05.058Z,178537404505800
"River: 7♠, 10♥, 7♦, K♣ [4♦]",2026-07-30T01:14:02.058Z,178537404205800
"""Spenny @ S8ENkJ8OQS"" calls 20",2026-07-30T01:14:01.118Z,178537404111800
"""Stevo @ kI2bCqDOyl"" bets 20",2026-07-30T01:13:57.091Z,178537403709100
"Turn: 7♠, 10♥, 7♦ [K♣]",2026-07-30T01:13:55.590Z,178537403559000
"""Stevo @ kI2bCqDOyl"" calls 40",2026-07-30T01:13:54.674Z,178537403467400
"""Jonah @ xrBY5OZYCv"" folds",2026-07-30T01:13:53.759Z,178537403375900
"""peelic @ vOeqrOXpLT"" folds",2026-07-30T01:13:48.952Z,178537402895200
"""arash @ 21jHaBYWIi"" folds",2026-07-30T01:13:47.375Z,178537402737500
"""Spenny @ S8ENkJ8OQS"" raises to 40",2026-07-30T01:13:42.578Z,178537402257800
"""Stevo @ kI2bCqDOyl"" bets 20",2026-07-30T01:13:37.921Z,178537401792100
"""Jonah @ xrBY5OZYCv"" checks",2026-07-30T01:13:31.928Z,178537401192800
"""peelic @ vOeqrOXpLT"" checks",2026-07-30T01:13:28.698Z,178537400869800
"Flop:  [7♠, 10♥, 7♦]",2026-07-30T01:13:26.368Z,178537400636800
"""Jonah @ xrBY5OZYCv"" checks",2026-07-30T01:13:25.462Z,178537400546200
"""peelic @ vOeqrOXpLT"" calls 20",2026-07-30T01:13:24.595Z,178537400459500
"""arash @ 21jHaBYWIi"" calls 20",2026-07-30T01:13:23.662Z,178537400366200
"""Spenny @ S8ENkJ8OQS"" calls 20",2026-07-30T01:13:22.667Z,178537400266700
"""eogeorgoe @ _sqcLETZ0C"" folds",2026-07-30T01:13:21.767Z,178537400176700
"""Stevo @ kI2bCqDOyl"" calls 20",2026-07-30T01:13:10.950Z,178537399095000
"""Jonah @ xrBY5OZYCv"" posts a big blind of 20",2026-07-30T01:13:06.361Z,178537398636109
"""peelic @ vOeqrOXpLT"" posts a small blind of 10",2026-07-30T01:13:06.361Z,178537398636108
"Your hand is 10♦, 4♠",2026-07-30T01:13:06.361Z,178537398636107
"Player stacks: #1 ""Spenny @ S8ENkJ8OQS"" (550) | #2 ""arash @ 21jHaBYWIi"" (490) | #3 ""peelic @ vOeqrOXpLT"" (660) | #6 ""Jonah @ xrBY5OZYCv"" (1460) | #7 ""Stevo @ kI2bCqDOyl"" (910) | #8 ""eogeorgoe @ _sqcLETZ0C"" (1930)",2026-07-30T01:13:06.361Z,178537398636101
"-- starting hand #38 (id: vmuph65qhwgv)  No Limit Texas Hold'em (dealer: ""arash @ 21jHaBYWIi"") --",2026-07-30T01:13:06.361Z,178537398636100
"-- ending hand #37 --",2026-07-30T01:13:03.399Z,178537398339902
"""arash @ 21jHaBYWIi"" collected 80 from pot",2026-07-30T01:13:03.399Z,178537398339901
"Uncalled bet of 50 returned to ""arash @ 21jHaBYWIi""",2026-07-30T01:13:03.399Z,178537398339900
"""eogeorgoe @ _sqcLETZ0C"" folds",2026-07-30T01:13:02.527Z,178537398252700
"""Jonah @ xrBY5OZYCv"" folds",2026-07-30T01:12:59.309Z,178537397930900
"""arash @ 21jHaBYWIi"" bets 50",2026-07-30T01:12:57.410Z,178537397741000
"Turn: 3♣, 10♦, 10♥ [5♦]",2026-07-30T01:12:55.165Z,178537397516500
"""eogeorgoe @ _sqcLETZ0C"" checks",2026-07-30T01:12:54.323Z,178537397432300
"""Jonah @ xrBY5OZYCv"" checks",2026-07-30T01:12:45.799Z,178537396579900
"""peelic @ vOeqrOXpLT"" folds",2026-07-30T01:12:44.925Z,178537396492500
"""arash @ 21jHaBYWIi"" checks",2026-07-30T01:12:41.816Z,178537396181600
"Flop:  [3♣, 10♦, 10♥]",2026-07-30T01:12:38.098Z,178537395809800
"""peelic @ vOeqrOXpLT"" checks",2026-07-30T01:12:37.290Z,178537395729000
"""arash @ 21jHaBYWIi"" calls 20",2026-07-30T01:12:36.408Z,178537395640800
"""Spenny @ S8ENkJ8OQS"" folds",2026-07-30T01:12:34.138Z,178537395413800
"""eogeorgoe @ _sqcLETZ0C"" calls 20",2026-07-30T01:12:33.247Z,178537395324700
"""Stevo @ kI2bCqDOyl"" folds",2026-07-30T01:12:30.792Z,178537395079200
"""Jonah @ xrBY5OZYCv"" calls 20",2026-07-30T01:12:27.021Z,178537394702100
"""peelic @ vOeqrOXpLT"" posts a big blind of 20",2026-07-30T01:12:24.653Z,178537394465309
"""arash @ 21jHaBYWIi"" posts a small blind of 10",2026-07-30T01:12:24.653Z,178537394465308
"Your hand is 8♣, K♣",2026-07-30T01:12:24.653Z,178537394465307
"Player stacks: #1 ""Spenny @ S8ENkJ8OQS"" (550) | #2 ""arash @ 21jHaBYWIi"" (430) | #3 ""peelic @ vOeqrOXpLT"" (680) | #6 ""Jonah @ xrBY5OZYCv"" (1480) | #7 ""Stevo @ kI2bCqDOyl"" (910) | #8 ""eogeorgoe @ _sqcLETZ0C"" (1950)",2026-07-30T01:12:24.653Z,178537394465301
"-- starting hand #37 (id: ixmknqnwgzmh)  No Limit Texas Hold'em (dealer: ""Spenny @ S8ENkJ8OQS"") --",2026-07-30T01:12:24.653Z,178537394465300
"""eogeorgoe @ _sqcLETZ0C"" shows a 6♣, 6♥.",2026-07-30T01:12:22.428Z,178537394242800
"-- ending hand #36 --",2026-07-30T01:12:20.957Z,178537394095702
"""eogeorgoe @ _sqcLETZ0C"" collected 180 from pot",2026-07-30T01:12:20.957Z,178537394095701
"Uncalled bet of 60 returned to ""eogeorgoe @ _sqcLETZ0C""",2026-07-30T01:12:20.957Z,178537394095700
"""Stevo @ kI2bCqDOyl"" folds",2026-07-30T01:12:20.097Z,178537394009700
"""eogeorgoe @ _sqcLETZ0C"" bets 60",2026-07-30T01:12:15.365Z,178537393536500
"""Stevo @ kI2bCqDOyl"" checks",2026-07-30T01:12:09.609Z,178537392960900
"River: 10♠, A♣, 6♠, J♦ [3♥]",2026-07-30T01:12:00.665Z,178537392066500
"""Stevo @ kI2bCqDOyl"" calls 20",2026-07-30T01:11:59.841Z,178537391984100
"""eogeorgoe @ _sqcLETZ0C"" bets 20",2026-07-30T01:11:56.608Z,178537391660800
"""Stevo @ kI2bCqDOyl"" checks",2026-07-30T01:11:54.787Z,178537391478700
"Turn: 10♠, A♣, 6♠ [J♦]",2026-07-30T01:11:46.580Z,178537390658000
"""Stevo @ kI2bCqDOyl"" calls 20",2026-07-30T01:11:45.693Z,178537390569300
"""peelic @ vOeqrOXpLT"" folds",2026-07-30T01:11:44.682Z,178537390468200
"""arash @ 21jHaBYWIi"" folds",2026-07-30T01:11:42.263Z,178537390226300
"""Spenny @ S8ENkJ8OQS"" folds",2026-07-30T01:11:36.961Z,178537389696100
"""eogeorgoe @ _sqcLETZ0C"" bets 20",2026-07-30T01:11:30.387Z,178537389038700
"""Stevo @ kI2bCqDOyl"" checks",2026-07-30T01:11:28.463Z,178537388846300
"""peelic @ vOeqrOXpLT"" checks",2026-07-30T01:11:27.603Z,178537388760300
"""arash @ 21jHaBYWIi"" checks",2026-07-30T01:11:26.619Z,178537388661900
"""Spenny @ S8ENkJ8OQS"" checks",2026-07-30T01:11:22.031Z,178537388203100
"Flop:  [10♠, A♣, 6♠]",2026-07-30T01:11:16.165Z,178537387616500
"""arash @ 21jHaBYWIi"" checks",2026-07-30T01:11:15.258Z,178537387525800
"""Spenny @ S8ENkJ8OQS"" calls 20",2026-07-30T01:11:14.272Z,178537387427200
"""eogeorgoe @ _sqcLETZ0C"" calls 20",2026-07-30T01:11:07.384Z,178537386738400
"""Stevo @ kI2bCqDOyl"" calls 20",2026-07-30T01:11:06.496Z,178537386649600
"""Jonah @ xrBY5OZYCv"" folds",2026-07-30T01:11:02.174Z,178537386217400
"""peelic @ vOeqrOXpLT"" calls 20",2026-07-30T01:11:01.145Z,178537386114500
"""arash @ 21jHaBYWIi"" posts a big blind of 20",2026-07-30T01:10:58.940Z,178537385894009
"""Spenny @ S8ENkJ8OQS"" posts a small blind of 10",2026-07-30T01:10:58.940Z,178537385894008
"Your hand is 6♣, 6♥",2026-07-30T01:10:58.940Z,178537385894007
"Player stacks: #1 ""Spenny @ S8ENkJ8OQS"" (570) | #2 ""arash @ 21jHaBYWIi"" (450) | #3 ""peelic @ vOeqrOXpLT"" (700) | #6 ""Jonah @ xrBY5OZYCv"" (1480) | #7 ""Stevo @ kI2bCqDOyl"" (970) | #8 ""eogeorgoe @ _sqcLETZ0C"" (1830)",2026-07-30T01:10:58.940Z,178537385894001
"-- starting hand #36 (id: oqx1qsmz6fsn)  No Limit Texas Hold'em (dealer: ""eogeorgoe @ _sqcLETZ0C"") --",2026-07-30T01:10:58.940Z,178537385894000
"-- ending hand #35 --",2026-07-30T01:10:52.936Z,178537385293602
"""Spenny @ S8ENkJ8OQS"" collected 240 from pot with Pair, Q's (combination: 9♠, 10♣, J♦, Q♥, Q♣)",2026-07-30T01:10:52.936Z,178537385293601
"""Spenny @ S8ENkJ8OQS"" shows a J♦, Q♥.",2026-07-30T01:10:52.936Z,178537385293600
"""arash @ 21jHaBYWIi"" calls 20",2026-07-30T01:10:52.099Z,178537385209900
"""Spenny @ S8ENkJ8OQS"" bets 20",2026-07-30T01:10:45.784Z,178537384578400
"River: 10♣, 5♦, Q♣, 2♠ [9♠]",2026-07-30T01:10:40.370Z,178537384037000
"""eogeorgoe @ _sqcLETZ0C"" folds",2026-07-30T01:10:39.528Z,178537383952800
"""arash @ 21jHaBYWIi"" calls 20",2026-07-30T01:10:38.680Z,178537383868000
"""Spenny @ S8ENkJ8OQS"" bets 20",2026-07-30T01:10:33.873Z,178537383387300
"""eogeorgoe @ _sqcLETZ0C"" checks",2026-07-30T01:10:26.302Z,178537382630200
"Turn: 10♣, 5♦, Q♣ [2♠]",2026-07-30T01:10:23.349Z,178537382334900
"""Spenny @ S8ENkJ8OQS"" calls 20",2026-07-30T01:10:22.511Z,178537382251100
"""eogeorgoe @ _sqcLETZ0C"" calls 20",2026-07-30T01:10:16.114Z,178537381611400
"""Stevo @ kI2bCqDOyl"" folds",2026-07-30T01:10:11.724Z,178537381172400
"""Jonah @ xrBY5OZYCv"" folds",2026-07-30T01:10:10.833Z,178537381083300
"""arash @ 21jHaBYWIi"" bets 20",2026-07-30T01:10:05.124Z,178537380512400
"""Spenny @ S8ENkJ8OQS"" checks",2026-07-30T01:09:59.429Z,178537379942900
"""eogeorgoe @ _sqcLETZ0C"" checks",2026-07-30T01:09:55.031Z,178537379503100
"Flop:  [10♣, 5♦, Q♣]",2026-07-30T01:09:45.025Z,178537378502500
"""Spenny @ S8ENkJ8OQS"" checks",2026-07-30T01:09:44.171Z,178537378417100
"""eogeorgoe @ _sqcLETZ0C"" calls 20",2026-07-30T01:09:43.257Z,178537378325700
"""Stevo @ kI2bCqDOyl"" calls 20",2026-07-30T01:09:38.868Z,178537377886800
"""Jonah @ xrBY5OZYCv"" calls 20",2026-07-30T01:09:35.053Z,178537377505300
"""peelic @ vOeqrOXpLT"" folds",2026-07-30T01:09:34.191Z,178537377419100
"""arash @ 21jHaBYWIi"" calls 20",2026-07-30T01:09:33.341Z,178537377334100
"""Spenny @ S8ENkJ8OQS"" posts a big blind of 20",2026-07-30T01:09:28.810Z,178537376881009
"""eogeorgoe @ _sqcLETZ0C"" posts a small blind of 10",2026-07-30T01:09:28.810Z,178537376881008
"Your hand is 5♣, J♥",2026-07-30T01:09:28.810Z,178537376881007
"Player stacks: #1 ""Spenny @ S8ENkJ8OQS"" (410) | #2 ""arash @ 21jHaBYWIi"" (530) | #3 ""peelic @ vOeqrOXpLT"" (700) | #6 ""Jonah @ xrBY5OZYCv"" (1500) | #7 ""Stevo @ kI2bCqDOyl"" (990) | #8 ""eogeorgoe @ _sqcLETZ0C"" (1870)",2026-07-30T01:09:28.810Z,178537376881001
"-- starting hand #35 (id: eytia6go7s2o)  No Limit Texas Hold'em (dealer: ""Stevo @ kI2bCqDOyl"") --",2026-07-30T01:09:28.810Z,178537376881000
"-- ending hand #34 --",2026-07-30T01:09:22.802Z,178537376280203
"""arash @ 21jHaBYWIi"" collected 80 from pot with Pair, A's (combination: 5♠, 7♥, Q♠, A♠, A♣)",2026-07-30T01:09:22.802Z,178537376280202
"""arash @ 21jHaBYWIi"" shows a 4♥, Q♠.",2026-07-30T01:09:22.802Z,178537376280201
"""Stevo @ kI2bCqDOyl"" shows a 10♣, J♥.",2026-07-30T01:09:22.802Z,178537376280200
"""Jonah @ xrBY5OZYCv"" checks",2026-07-30T01:09:21.992Z,178537376199200
"""arash @ 21jHaBYWIi"" checks",2026-07-30T01:09:21.093Z,178537376109300
"""eogeorgoe @ _sqcLETZ0C"" checks",2026-07-30T01:09:20.168Z,178537376016800
"""Stevo @ kI2bCqDOyl"" checks",2026-07-30T01:09:18.161Z,178537375816100
"River: 2♣, A♠, A♣, 7♥ [5♠]",2026-07-30T01:09:13.490Z,178537375349000
"""Jonah @ xrBY5OZYCv"" checks",2026-07-30T01:09:12.636Z,178537375263600
"""arash @ 21jHaBYWIi"" checks",2026-07-30T01:09:11.774Z,178537375177400
"""eogeorgoe @ _sqcLETZ0C"" checks",2026-07-30T01:09:07.514Z,178537374751400
"""Stevo @ kI2bCqDOyl"" checks",2026-07-30T01:09:04.144Z,178537374414400
"Turn: 2♣, A♠, A♣ [7♥]",2026-07-30T01:09:02.488Z,178537374248800
"""Jonah @ xrBY5OZYCv"" checks",2026-07-30T01:09:01.624Z,178537374162400
"""arash @ 21jHaBYWIi"" checks",2026-07-30T01:09:00.646Z,178537374064600
"""eogeorgoe @ _sqcLETZ0C"" checks",2026-07-30T01:08:54.202Z,178537373420200
"""Stevo @ kI2bCqDOyl"" checks",2026-07-30T01:08:49.683Z,178537372968300
"Flop:  [2♣, A♠, A♣]",2026-07-30T01:08:47.195Z,178537372719500
"""eogeorgoe @ _sqcLETZ0C"" checks",2026-07-30T01:08:46.369Z,178537372636900
"""Stevo @ kI2bCqDOyl"" calls 20",2026-07-30T01:08:42.509Z,178537372250900
"""Jonah @ xrBY5OZYCv"" calls 20",2026-07-30T01:08:41.578Z,178537372157800
"""peelic @ vOeqrOXpLT"" folds",2026-07-30T01:08:35.823Z,178537371582300
"""arash @ 21jHaBYWIi"" calls 20",2026-07-30T01:08:34.986Z,178537371498600
"""Spenny @ S8ENkJ8OQS"" folds",2026-07-30T01:08:34.071Z,178537371407100
"""eogeorgoe @ _sqcLETZ0C"" posts a big blind of 20",2026-07-30T01:08:29.790Z,178537370979009
"""Stevo @ kI2bCqDOyl"" posts a small blind of 10",2026-07-30T01:08:29.790Z,178537370979008
"Your hand is 8♥, 9♣",2026-07-30T01:08:29.790Z,178537370979007
"Player stacks: #1 ""Spenny @ S8ENkJ8OQS"" (410) | #2 ""arash @ 21jHaBYWIi"" (470) | #3 ""peelic @ vOeqrOXpLT"" (700) | #6 ""Jonah @ xrBY5OZYCv"" (1520) | #7 ""Stevo @ kI2bCqDOyl"" (1010) | #8 ""eogeorgoe @ _sqcLETZ0C"" (1890)",2026-07-30T01:08:29.790Z,178537370979001
"-- starting hand #34 (id: rquk0cxtdhji)  No Limit Texas Hold'em (dealer: ""Jonah @ xrBY5OZYCv"") --",2026-07-30T01:08:29.790Z,178537370979000
"-- ending hand #33 --",2026-07-30T01:08:23.784Z,178537370378402
"""Jonah @ xrBY5OZYCv"" collected 180 from pot with Pair, 7's (combination: J♥, K♠, A♠, 7♣, 7♦)",2026-07-30T01:08:23.784Z,178537370378401
"""Jonah @ xrBY5OZYCv"" shows a A♠, 7♣.",2026-07-30T01:08:23.784Z,178537370378400
"""Stevo @ kI2bCqDOyl"" calls 20",2026-07-30T01:08:22.892Z,178537370289200
"""Jonah @ xrBY5OZYCv"" bets 20",2026-07-30T01:08:20.586Z,178537370058600
"River: 7♦, 6♣, 2♦, J♥ [K♠]",2026-07-30T01:08:19.254Z,178537369925400
"""Stevo @ kI2bCqDOyl"" calls 20",2026-07-30T01:08:18.394Z,178537369839400
"""Jonah @ xrBY5OZYCv"" bets 20",2026-07-30T01:08:16.330Z,178537369633000
"Turn: 7♦, 6♣, 2♦ [J♥]",2026-07-30T01:08:13.250Z,178537369325000
"""peelic @ vOeqrOXpLT"" folds",2026-07-30T01:08:12.392Z,178537369239200
"""Stevo @ kI2bCqDOyl"" calls 20",2026-07-30T01:08:06.860Z,178537368686000
"""Jonah @ xrBY5OZYCv"" bets 20",2026-07-30T01:08:02.276Z,178537368227600
"Flop:  [7♦, 6♣, 2♦]",2026-07-30T01:07:59.502Z,178537367950200
"""Stevo @ kI2bCqDOyl"" checks",2026-07-30T01:07:58.696Z,178537367869600
"""Jonah @ xrBY5OZYCv"" calls 20",2026-07-30T01:07:57.803Z,178537367780300
"""peelic @ vOeqrOXpLT"" calls 20",2026-07-30T01:07:56.934Z,178537367693400
"""arash @ 21jHaBYWIi"" folds",2026-07-30T01:07:56.087Z,178537367608700
"""Spenny @ S8ENkJ8OQS"" folds",2026-07-30T01:07:45.297Z,178537366529700
"""eogeorgoe @ _sqcLETZ0C"" folds",2026-07-30T01:07:39.369Z,178537365936900
"""Stevo @ kI2bCqDOyl"" posts a big blind of 20",2026-07-30T01:07:36.885Z,178537365688509
"""Jonah @ xrBY5OZYCv"" posts a small blind of 10",2026-07-30T01:07:36.885Z,178537365688508
"Your hand is 9♥, 3♣",2026-07-30T01:07:36.885Z,178537365688507
"Player stacks: #1 ""Spenny @ S8ENkJ8OQS"" (410) | #2 ""arash @ 21jHaBYWIi"" (470) | #3 ""peelic @ vOeqrOXpLT"" (720) | #6 ""Jonah @ xrBY5OZYCv"" (1420) | #7 ""Stevo @ kI2bCqDOyl"" (1090) | #8 ""eogeorgoe @ _sqcLETZ0C"" (1890)",2026-07-30T01:07:36.885Z,178537365688501
"-- starting hand #33 (id: qmjsat2nssjx)  No Limit Texas Hold'em (dealer: ""peelic @ vOeqrOXpLT"") --",2026-07-30T01:07:36.885Z,178537365688500
"-- ending hand #32 --",2026-07-30T01:07:30.784Z,178537365078402
"""Stevo @ kI2bCqDOyl"" collected 240 from pot with Pair, 10's (combination: 7♠, 8♦, K♥, 10♦, 10♥)",2026-07-30T01:07:30.784Z,178537365078401
"""Stevo @ kI2bCqDOyl"" shows a 10♦, 10♥.",2026-07-30T01:07:30.784Z,178537365078400
"""Jonah @ xrBY5OZYCv"" calls 20",2026-07-30T01:07:29.938Z,178537364993800
"""peelic @ vOeqrOXpLT"" folds",2026-07-30T01:07:23.942Z,178537364394200
"""arash @ 21jHaBYWIi"" calls 20",2026-07-30T01:07:16.751Z,178537363675100
"""Stevo @ kI2bCqDOyl"" bets 20",2026-07-30T01:07:08.692Z,178537362869200
"""Jonah @ xrBY5OZYCv"" checks",2026-07-30T01:07:05.506Z,178537362550600
"""peelic @ vOeqrOXpLT"" checks",2026-07-30T01:07:04.155Z,178537362415500
"River: 6♠, 7♠, 8♦, K♥ [2♣]",2026-07-30T01:06:59.569Z,178537361956900
"""arash @ 21jHaBYWIi"" checks",2026-07-30T01:06:58.745Z,178537361874500
"""Stevo @ kI2bCqDOyl"" checks",2026-07-30T01:06:55.231Z,178537361523100
"""Jonah @ xrBY5OZYCv"" checks",2026-07-30T01:06:54.328Z,178537361432800
"""peelic @ vOeqrOXpLT"" checks",2026-07-30T01:06:49.283Z,178537360928300
"Turn: 6♠, 7♠, 8♦ [K♥]",2026-07-30T01:06:41.679Z,178537360167900
"""Jonah @ xrBY5OZYCv"" calls 20",2026-07-30T01:06:40.854Z,178537360085400
"""peelic @ vOeqrOXpLT"" calls 20",2026-07-30T01:06:39.993Z,178537359999300
"""arash @ 21jHaBYWIi"" calls 20",2026-07-30T01:06:39.132Z,178537359913200
"""eogeorgoe @ _sqcLETZ0C"" folds",2026-07-30T01:06:30.116Z,178537359011600
"""Stevo @ kI2bCqDOyl"" bets 20",2026-07-30T01:06:26.298Z,178537358629800
"""Jonah @ xrBY5OZYCv"" checks",2026-07-30T01:06:25.107Z,178537358510700
"""peelic @ vOeqrOXpLT"" checks",2026-07-30T01:06:24.191Z,178537358419100
"Flop:  [6♠, 7♠, 8♦]",2026-07-30T01:06:14.152Z,178537357415200
"""Jonah @ xrBY5OZYCv"" checks",2026-07-30T01:06:13.303Z,178537357330300
"""peelic @ vOeqrOXpLT"" calls 20",2026-07-30T01:06:12.455Z,178537357245500
"""arash @ 21jHaBYWIi"" calls 20",2026-07-30T01:06:08.798Z,178537356879800
"""Spenny @ S8ENkJ8OQS"" folds",2026-07-30T01:06:07.856Z,178537356785600
"""eogeorgoe @ _sqcLETZ0C"" calls 20",2026-07-30T01:06:06.932Z,178537356693200
"""Stevo @ kI2bCqDOyl"" calls 20",2026-07-30T01:06:06.099Z,178537356609900
"""Jonah @ xrBY5OZYCv"" posts a big blind of 20",2026-07-30T01:06:03.518Z,178537356351809
"""peelic @ vOeqrOXpLT"" posts a small blind of 10",2026-07-30T01:06:03.518Z,178537356351808
"Your hand is 3♠, A♣",2026-07-30T01:06:03.518Z,178537356351807
"Player stacks: #1 ""Spenny @ S8ENkJ8OQS"" (410) | #2 ""arash @ 21jHaBYWIi"" (530) | #3 ""peelic @ vOeqrOXpLT"" (760) | #6 ""Jonah @ xrBY5OZYCv"" (1480) | #7 ""Stevo @ kI2bCqDOyl"" (910) | #8 ""eogeorgoe @ _sqcLETZ0C"" (1910)",2026-07-30T01:06:03.518Z,178537356351801
"-- starting hand #32 (id: t418phqrju3s)  No Limit Texas Hold'em (dealer: ""arash @ 21jHaBYWIi"") --",2026-07-30T01:06:03.518Z,178537356351800
"""Spenny @ S8ENkJ8OQS"" shows a 2♦.",2026-07-30T01:05:59.342Z,178537355934200
"-- ending hand #31 --",2026-07-30T01:05:56.887Z,178537355688702
"""arash @ 21jHaBYWIi"" collected 60 from pot",2026-07-30T01:05:56.887Z,178537355688701
"Uncalled bet of 60 returned to ""arash @ 21jHaBYWIi""",2026-07-30T01:05:56.887Z,178537355688700
"""Stevo @ kI2bCqDOyl"" folds",2026-07-30T01:05:56.064Z,178537355606400
"""peelic @ vOeqrOXpLT"" folds",2026-07-30T01:05:52.472Z,178537355247200
"""arash @ 21jHaBYWIi"" bets 60",2026-07-30T01:05:47.717Z,178537354771700
"Turn: 2♥, Q♦, 2♠ [K♣]",2026-07-30T01:05:45.087Z,178537354508700
"""Stevo @ kI2bCqDOyl"" checks",2026-07-30T01:05:44.269Z,178537354426900
"""peelic @ vOeqrOXpLT"" checks",2026-07-30T01:05:43.400Z,178537354340000
"""arash @ 21jHaBYWIi"" checks",2026-07-30T01:05:33.771Z,178537353377100
"Flop:  [2♥, Q♦, 2♠]",2026-07-30T01:05:32.211Z,178537353221100
"""peelic @ vOeqrOXpLT"" checks",2026-07-30T01:05:31.393Z,178537353139300
"""arash @ 21jHaBYWIi"" calls 20",2026-07-30T01:05:30.499Z,178537353049900
"""Spenny @ S8ENkJ8OQS"" folds",2026-07-30T01:05:29.569Z,178537352956900
"""eogeorgoe @ _sqcLETZ0C"" folds",2026-07-30T01:05:23.662Z,178537352366200
"""Stevo @ kI2bCqDOyl"" calls 20",2026-07-30T01:05:12.827Z,178537351282700
"""Jonah @ xrBY5OZYCv"" folds",2026-07-30T01:05:11.966Z,178537351196600
"""peelic @ vOeqrOXpLT"" posts a big blind of 20",2026-07-30T01:05:10.855Z,178537351085509
"""arash @ 21jHaBYWIi"" posts a small blind of 10",2026-07-30T01:05:10.855Z,178537351085508
"Your hand is 7♥, 9♠",2026-07-30T01:05:10.855Z,178537351085507
"Player stacks: #1 ""Spenny @ S8ENkJ8OQS"" (410) | #2 ""arash @ 21jHaBYWIi"" (490) | #3 ""peelic @ vOeqrOXpLT"" (780) | #6 ""Jonah @ xrBY5OZYCv"" (1480) | #7 ""Stevo @ kI2bCqDOyl"" (930) | #8 ""eogeorgoe @ _sqcLETZ0C"" (1910)",2026-07-30T01:05:10.855Z,178537351085501
"-- starting hand #31 (id: jxbxvph7wqrr)  No Limit Texas Hold'em (dealer: ""Spenny @ S8ENkJ8OQS"") --",2026-07-30T01:05:10.855Z,178537351085500
"""eogeorgoe @ _sqcLETZ0C"" shows a 10♣, 10♠.",2026-07-30T01:05:05.291Z,178537350529100
"-- ending hand #30 --",2026-07-30T01:05:04.344Z,178537350434402
"""Jonah @ xrBY5OZYCv"" collected 360 from pot with Two Pair, K's & 8's (combination: 7♦, 8♠, 8♦, K♦, K♥)",2026-07-30T01:05:04.344Z,178537350434401
"""Jonah @ xrBY5OZYCv"" shows a K♦, 7♦.",2026-07-30T01:05:04.344Z,178537350434400
"""peelic @ vOeqrOXpLT"" folds",2026-07-30T01:05:03.485Z,178537350348500
"""arash @ 21jHaBYWIi"" folds",2026-07-30T01:04:56.357Z,178537349635700
"""eogeorgoe @ _sqcLETZ0C"" calls 40",2026-07-30T01:04:54.332Z,178537349433200
"""Jonah @ xrBY5OZYCv"" bets 40",2026-07-30T01:04:53.158Z,178537349315800
"""peelic @ vOeqrOXpLT"" checks",2026-07-30T01:04:50.222Z,178537349022200
"""arash @ 21jHaBYWIi"" checks",2026-07-30T01:04:45.509Z,178537348550900
"River: 8♠, 8♦, 6♠, K♥ [4♥]",2026-07-30T01:04:42.077Z,178537348207700
"""peelic @ vOeqrOXpLT"" calls 20",2026-07-30T01:04:41.266Z,178537348126600
"""arash @ 21jHaBYWIi"" calls 20",2026-07-30T01:04:39.290Z,178537347929000
"""eogeorgoe @ _sqcLETZ0C"" calls 20",2026-07-30T01:04:33.259Z,178537347325900
"""Jonah @ xrBY5OZYCv"" bets 20",2026-07-30T01:04:30.848Z,178537347084800
"""peelic @ vOeqrOXpLT"" checks",2026-07-30T01:04:28.018Z,178537346801800
"""arash @ 21jHaBYWIi"" checks",2026-07-30T01:04:26.730Z,178537346673000
"Turn: 8♠, 8♦, 6♠ [K♥]",2026-07-30T01:04:17.372Z,178537345737200
"""Stevo @ kI2bCqDOyl"" folds",2026-07-30T01:04:16.511Z,178537345651100
"""Jonah @ xrBY5OZYCv"" calls 20",2026-07-30T01:04:15.509Z,178537345550900
"""peelic @ vOeqrOXpLT"" calls 20",2026-07-30T01:04:13.254Z,178537345325400
"""arash @ 21jHaBYWIi"" calls 20",2026-07-30T01:04:11.440Z,178537345144000
"""Spenny @ S8ENkJ8OQS"" folds",2026-07-30T01:04:10.500Z,178537345050000
"""eogeorgoe @ _sqcLETZ0C"" bets 20",2026-07-30T01:04:05.083Z,178537344508300
"""Stevo @ kI2bCqDOyl"" checks",2026-07-30T01:04:01.562Z,178537344156200
"""Jonah @ xrBY5OZYCv"" checks",2026-07-30T01:04:00.632Z,178537344063200
"""peelic @ vOeqrOXpLT"" checks",2026-07-30T01:03:59.757Z,178537343975700
"""arash @ 21jHaBYWIi"" checks",2026-07-30T01:03:58.878Z,178537343887800
"""Spenny @ S8ENkJ8OQS"" checks",2026-07-30T01:03:57.897Z,178537343789700
"Flop:  [8♠, 8♦, 6♠]",2026-07-30T01:03:54.385Z,178537343438500
"""arash @ 21jHaBYWIi"" checks",2026-07-30T01:03:53.575Z,178537343357500
"""Spenny @ S8ENkJ8OQS"" calls 20",2026-07-30T01:03:52.655Z,178537343265500
"""eogeorgoe @ _sqcLETZ0C"" calls 20",2026-07-30T01:03:51.722Z,178537343172200
"""Stevo @ kI2bCqDOyl"" calls 20",2026-07-30T01:03:46.526Z,178537342652600
"""Jonah @ xrBY5OZYCv"" calls 20",2026-07-30T01:03:45.643Z,178537342564300
"""peelic @ vOeqrOXpLT"" calls 20",2026-07-30T01:03:44.792Z,178537342479200
"""arash @ 21jHaBYWIi"" posts a big blind of 20",2026-07-30T01:03:42.804Z,178537342280409
"""Spenny @ S8ENkJ8OQS"" posts a small blind of 10",2026-07-30T01:03:42.804Z,178537342280408
"Your hand is 10♣, 10♠",2026-07-30T01:03:42.804Z,178537342280407
"Player stacks: #1 ""Spenny @ S8ENkJ8OQS"" (430) | #2 ""arash @ 21jHaBYWIi"" (550) | #3 ""peelic @ vOeqrOXpLT"" (840) | #6 ""Jonah @ xrBY5OZYCv"" (1220) | #7 ""Stevo @ kI2bCqDOyl"" (950) | #8 ""eogeorgoe @ _sqcLETZ0C"" (2010)",2026-07-30T01:03:42.804Z,178537342280401
"-- starting hand #30 (id: bq9tzpofutkb)  No Limit Texas Hold'em (dealer: ""eogeorgoe @ _sqcLETZ0C"") --",2026-07-30T01:03:42.804Z,178537342280400
"-- ending hand #29 --",2026-07-30T01:03:36.875Z,178537341687502
"""peelic @ vOeqrOXpLT"" collected 100 from pot",2026-07-30T01:03:36.875Z,178537341687501
"Uncalled bet of 60 returned to ""peelic @ vOeqrOXpLT""",2026-07-30T01:03:36.875Z,178537341687500
"""arash @ 21jHaBYWIi"" folds",2026-07-30T01:03:36.042Z,178537341604200
"""Spenny @ S8ENkJ8OQS"" folds",2026-07-30T01:03:35.097Z,178537341509700
"""eogeorgoe @ _sqcLETZ0C"" folds",2026-07-30T01:03:25.809Z,178537340580900
"""Stevo @ kI2bCqDOyl"" folds",2026-07-30T01:03:24.387Z,178537340438700
"""peelic @ vOeqrOXpLT"" bets 60",2026-07-30T01:03:23.518Z,178537340351800
"""arash @ 21jHaBYWIi"" checks",2026-07-30T01:03:16.078Z,178537339607800
"""Spenny @ S8ENkJ8OQS"" checks",2026-07-30T01:03:08.378Z,178537338837800
"""eogeorgoe @ _sqcLETZ0C"" checks",2026-07-30T01:03:03.780Z,178537338378000
"Turn: 5♥, 9♠, 9♥ [2♥]",2026-07-30T01:02:59.061Z,178537337906100
"""Stevo @ kI2bCqDOyl"" checks",2026-07-30T01:02:58.231Z,178537337823100
"""peelic @ vOeqrOXpLT"" checks",2026-07-30T01:02:57.346Z,178537337734600
"""arash @ 21jHaBYWIi"" checks",2026-07-30T01:02:52.349Z,178537337234900
"""Spenny @ S8ENkJ8OQS"" checks",2026-07-30T01:02:51.388Z,178537337138800
"""eogeorgoe @ _sqcLETZ0C"" checks",2026-07-30T01:02:49.036Z,178537336903600
"Flop:  [5♥, 9♠, 9♥]",2026-07-30T01:02:40.282Z,178537336028200
"""Spenny @ S8ENkJ8OQS"" checks",2026-07-30T01:02:39.448Z,178537335944800
"""eogeorgoe @ _sqcLETZ0C"" calls 20",2026-07-30T01:02:38.503Z,178537335850300
"""Stevo @ kI2bCqDOyl"" calls 20",2026-07-30T01:02:37.614Z,178537335761400
"""Jonah @ xrBY5OZYCv"" folds",2026-07-30T01:02:36.649Z,178537335664900
"""peelic @ vOeqrOXpLT"" calls 20",2026-07-30T01:02:35.804Z,178537335580400
"""arash @ 21jHaBYWIi"" calls 20",2026-07-30T01:02:34.910Z,178537335491000
"""Spenny @ S8ENkJ8OQS"" posts a big blind of 20",2026-07-30T01:02:27.365Z,178537334736509
"""eogeorgoe @ _sqcLETZ0C"" posts a small blind of 10",2026-07-30T01:02:27.365Z,178537334736508
"Your hand is 5♣, 3♣",2026-07-30T01:02:27.365Z,178537334736507
"Player stacks: #1 ""Spenny @ S8ENkJ8OQS"" (450) | #2 ""arash @ 21jHaBYWIi"" (570) | #3 ""peelic @ vOeqrOXpLT"" (760) | #6 ""Jonah @ xrBY5OZYCv"" (1220) | #7 ""Stevo @ kI2bCqDOyl"" (970) | #8 ""eogeorgoe @ _sqcLETZ0C"" (2030)",2026-07-30T01:02:27.365Z,178537334736501
"-- starting hand #29 (id: kijpc9xzpbbm)  No Limit Texas Hold'em (dealer: ""Stevo @ kI2bCqDOyl"") --",2026-07-30T01:02:27.365Z,178537334736500
"-- ending hand #28 --",2026-07-30T01:02:21.273Z,178537334127303
"""Jonah @ xrBY5OZYCv"" collected 200 from pot with Pair, 3's (combination: 7♠, 8♥, 9♣, 3♦, 3♥)",2026-07-30T01:02:21.273Z,178537334127302
"""Jonah @ xrBY5OZYCv"" shows a 2♦, 3♦.",2026-07-30T01:02:21.273Z,178537334127301
"""Spenny @ S8ENkJ8OQS"" shows a 2♣, 2♠.",2026-07-30T01:02:21.273Z,178537334127300
"""Jonah @ xrBY5OZYCv"" checks",2026-07-30T01:02:20.435Z,178537334043500
"""peelic @ vOeqrOXpLT"" checks",2026-07-30T01:02:19.575Z,178537333957500
"""arash @ 21jHaBYWIi"" checks",2026-07-30T01:02:16.626Z,178537333662600
"""Spenny @ S8ENkJ8OQS"" checks",2026-07-30T01:02:11.801Z,178537333180100
"River: 3♥, 5♠, 8♥, 7♠ [9♣]",2026-07-30T01:02:03.191Z,178537332319100
"""Jonah @ xrBY5OZYCv"" checks",2026-07-30T01:02:02.376Z,178537332237600
"""peelic @ vOeqrOXpLT"" checks",2026-07-30T01:02:01.450Z,178537332145000
"""arash @ 21jHaBYWIi"" checks",2026-07-30T01:01:56.175Z,178537331617500
"""Spenny @ S8ENkJ8OQS"" checks",2026-07-30T01:01:45.280Z,178537330528000
"Turn: 3♥, 5♠, 8♥ [7♠]",2026-07-30T01:01:43.670Z,178537330367000
"""Spenny @ S8ENkJ8OQS"" calls 20",2026-07-30T01:01:42.843Z,178537330284300
"""eogeorgoe @ _sqcLETZ0C"" folds",2026-07-30T01:01:37.869Z,178537329786900
"""Stevo @ kI2bCqDOyl"" folds",2026-07-30T01:01:33.706Z,178537329370600
"""Jonah @ xrBY5OZYCv"" calls 20",2026-07-30T01:01:32.812Z,178537329281200
"""peelic @ vOeqrOXpLT"" calls 20",2026-07-30T01:01:30.420Z,178537329042000
"""arash @ 21jHaBYWIi"" bets 20",2026-07-30T01:01:27.882Z,178537328788200
"""Spenny @ S8ENkJ8OQS"" checks",2026-07-30T01:01:23.020Z,178537328302000
"""eogeorgoe @ _sqcLETZ0C"" checks",2026-07-30T01:01:20.015Z,178537328001500
"""Stevo @ kI2bCqDOyl"" checks",2026-07-30T01:01:16.889Z,178537327688900
"Flop:  [3♥, 5♠, 8♥]",2026-07-30T01:01:15.444Z,178537327544400
"""eogeorgoe @ _sqcLETZ0C"" checks",2026-07-30T01:01:14.625Z,178537327462500
"""Stevo @ kI2bCqDOyl"" calls 20",2026-07-30T01:01:12.512Z,178537327251200
"""Jonah @ xrBY5OZYCv"" calls 20",2026-07-30T01:01:11.195Z,178537327119500
"""peelic @ vOeqrOXpLT"" calls 20",2026-07-30T01:01:09.716Z,178537326971600
"""arash @ 21jHaBYWIi"" calls 20",2026-07-30T01:01:06.329Z,178537326632900
"""Spenny @ S8ENkJ8OQS"" calls 20",2026-07-30T01:01:05.391Z,178537326539100
"""eogeorgoe @ _sqcLETZ0C"" posts a big blind of 20",2026-07-30T01:01:03.836Z,178537326383609
"""Stevo @ kI2bCqDOyl"" posts a small blind of 10",2026-07-30T01:01:03.836Z,178537326383608
"Your hand is 6♣, K♣",2026-07-30T01:01:03.836Z,178537326383607
"Player stacks: #1 ""Spenny @ S8ENkJ8OQS"" (490) | #2 ""arash @ 21jHaBYWIi"" (610) | #3 ""peelic @ vOeqrOXpLT"" (800) | #6 ""Jonah @ xrBY5OZYCv"" (1060) | #7 ""Stevo @ kI2bCqDOyl"" (990) | #8 ""eogeorgoe @ _sqcLETZ0C"" (2050)",2026-07-30T01:01:03.836Z,178537326383601
"-- starting hand #28 (id: zksih10pl6vd)  No Limit Texas Hold'em (dealer: ""Jonah @ xrBY5OZYCv"") --",2026-07-30T01:01:03.836Z,178537326383600
"-- ending hand #27 --",2026-07-30T01:00:57.879Z,178537325787902
"""Jonah @ xrBY5OZYCv"" collected 360 from pot",2026-07-30T01:00:57.879Z,178537325787901
"Uncalled bet of 100 returned to ""Jonah @ xrBY5OZYCv""",2026-07-30T01:00:57.879Z,178537325787900
"""arash @ 21jHaBYWIi"" folds",2026-07-30T01:00:57.005Z,178537325700500
"""Jonah @ xrBY5OZYCv"" bets 100",2026-07-30T01:00:52.550Z,178537325255000
"Turn: Q♠, 5♠, 9♥ [K♥]",2026-07-30T01:00:49.075Z,178537324907500
"""peelic @ vOeqrOXpLT"" folds",2026-07-30T01:00:48.246Z,178537324824600
"""arash @ 21jHaBYWIi"" calls 60",2026-07-30T01:00:46.272Z,178537324627200
"""Stevo @ kI2bCqDOyl"" folds",2026-07-30T01:00:41.595Z,178537324159500
"""Jonah @ xrBY5OZYCv"" bets 60",2026-07-30T01:00:40.445Z,178537324044500
"Flop:  [Q♠, 5♠, 9♥]",2026-07-30T01:00:36.969Z,178537323696900
"""peelic @ vOeqrOXpLT"" calls 60",2026-07-30T01:00:36.115Z,178537323611500
"""arash @ 21jHaBYWIi"" calls 60",2026-07-30T01:00:29.552Z,178537322955200
"""Stevo @ kI2bCqDOyl"" calls 60",2026-07-30T01:00:28.643Z,178537322864300
"""Jonah @ xrBY5OZYCv"" raises to 60",2026-07-30T01:00:26.452Z,178537322645200
"""peelic @ vOeqrOXpLT"" calls 20",2026-07-30T01:00:22.285Z,178537322228500
"""arash @ 21jHaBYWIi"" calls 20",2026-07-30T01:00:21.445Z,178537322144500
"""Spenny @ S8ENkJ8OQS"" folds",2026-07-30T01:00:20.490Z,178537322049000
"""eogeorgoe @ _sqcLETZ0C"" folds",2026-07-30T01:00:19.474Z,178537321947400
"""Stevo @ kI2bCqDOyl"" posts a big blind of 20",2026-07-30T01:00:17.557Z,178537321755709
"""Jonah @ xrBY5OZYCv"" posts a small blind of 10",2026-07-30T01:00:17.557Z,178537321755708
"Your hand is 10♠, 7♥",2026-07-30T01:00:17.557Z,178537321755707
"Player stacks: #1 ""Spenny @ S8ENkJ8OQS"" (490) | #2 ""arash @ 21jHaBYWIi"" (730) | #3 ""peelic @ vOeqrOXpLT"" (860) | #6 ""Jonah @ xrBY5OZYCv"" (820) | #7 ""Stevo @ kI2bCqDOyl"" (1050) | #8 ""eogeorgoe @ _sqcLETZ0C"" (2050)",2026-07-30T01:00:17.557Z,178537321755701
"-- starting hand #27 (id: fpxeufyw4w4r)  No Limit Texas Hold'em (dealer: ""peelic @ vOeqrOXpLT"") --",2026-07-30T01:00:17.557Z,178537321755700
"-- ending hand #26 --",2026-07-30T01:00:11.550Z,178537321155002
"""Jonah @ xrBY5OZYCv"" collected 320 from pot with Two Pair, A's & 4's (combination: 9♠, 4♦, 4♥, A♠, A♥)",2026-07-30T01:00:11.550Z,178537321155001
"""Jonah @ xrBY5OZYCv"" shows a A♠, 5♠.",2026-07-30T01:00:11.550Z,178537321155000
"""arash @ 21jHaBYWIi"" calls 50",2026-07-30T01:00:10.705Z,178537321070500
"""Jonah @ xrBY5OZYCv"" bets 50",2026-07-30T01:00:02.209Z,178537320220900
"River: 3♠, 9♠, 4♦, A♥ [4♥]",2026-07-30T00:59:57.435Z,178537319743500
"""arash @ 21jHaBYWIi"" calls 40",2026-07-30T00:59:56.613Z,178537319661300
"""Stevo @ kI2bCqDOyl"" folds",2026-07-30T00:59:50.969Z,178537319096900
"""Jonah @ xrBY5OZYCv"" bets 40",2026-07-30T00:59:49.670Z,178537318967000
"Turn: 3♠, 9♠, 4♦ [A♥]",2026-07-30T00:59:46.231Z,178537318623100
"""peelic @ vOeqrOXpLT"" folds",2026-07-30T00:59:45.412Z,178537318541200
"""arash @ 21jHaBYWIi"" calls 20",2026-07-30T00:59:40.294Z,178537318029400
"""Stevo @ kI2bCqDOyl"" calls 20",2026-07-30T00:59:31.621Z,178537317162100
"""Jonah @ xrBY5OZYCv"" bets 20",2026-07-30T00:59:29.985Z,178537316998500
"""peelic @ vOeqrOXpLT"" checks",2026-07-30T00:59:28.045Z,178537316804500
"Flop:  [3♠, 9♠, 4♦]",2026-07-30T00:59:22.738Z,178537316273800
"""Jonah @ xrBY5OZYCv"" checks",2026-07-30T00:59:21.832Z,178537316183200
"""peelic @ vOeqrOXpLT"" calls 20",2026-07-30T00:59:20.969Z,178537316096900
"""arash @ 21jHaBYWIi"" calls 20",2026-07-30T00:59:20.093Z,178537316009300
"""Spenny @ S8ENkJ8OQS"" folds",2026-07-30T00:59:13.775Z,178537315377500
"""eogeorgoe @ _sqcLETZ0C"" folds",2026-07-30T00:59:06.936Z,178537314693600
"""Stevo @ kI2bCqDOyl"" calls 20",2026-07-30T00:59:02.439Z,178537314243900
"""Jonah @ xrBY5OZYCv"" posts a big blind of 20",2026-07-30T00:59:01.317Z,178537314131709
"""peelic @ vOeqrOXpLT"" posts a small blind of 10",2026-07-30T00:59:01.317Z,178537314131708
"Your hand is 7♥, 8♣",2026-07-30T00:59:01.317Z,178537314131707
"Player stacks: #1 ""Spenny @ S8ENkJ8OQS"" (490) | #2 ""arash @ 21jHaBYWIi"" (860) | #3 ""peelic @ vOeqrOXpLT"" (880) | #6 ""Jonah @ xrBY5OZYCv"" (630) | #7 ""Stevo @ kI2bCqDOyl"" (1090) | #8 ""eogeorgoe @ _sqcLETZ0C"" (2050)",2026-07-30T00:59:01.317Z,178537314131701
"-- starting hand #26 (id: dc8ya0j56s1b)  No Limit Texas Hold'em (dealer: ""arash @ 21jHaBYWIi"") --",2026-07-30T00:59:01.317Z,178537314131700
"-- ending hand #25 --",2026-07-30T00:58:58.270Z,178537313827002
"""peelic @ vOeqrOXpLT"" collected 280 from pot",2026-07-30T00:58:58.270Z,178537313827001
"Uncalled bet of 100 returned to ""peelic @ vOeqrOXpLT""",2026-07-30T00:58:58.270Z,178537313827000
"""Stevo @ kI2bCqDOyl"" folds",2026-07-30T00:58:57.421Z,178537313742100
"""peelic @ vOeqrOXpLT"" bets 100",2026-07-30T00:58:55.053Z,178537313505300
"River: J♠, 3♦, Q♥, Q♣ [5♥]",2026-07-30T00:58:48.464Z,178537312846400
"""arash @ 21jHaBYWIi"" folds",2026-07-30T00:58:47.651Z,178537312765100
"""Stevo @ kI2bCqDOyl"" calls 50",2026-07-30T00:58:44.322Z,178537312432200
"""peelic @ vOeqrOXpLT"" bets 50",2026-07-30T00:58:43.405Z,178537312340500
"""arash @ 21jHaBYWIi"" checks",2026-07-30T00:58:39.404Z,178537311940400
"Turn: J♠, 3♦, Q♥ [Q♣]",2026-07-30T00:58:31.057Z,178537311105700
"""arash @ 21jHaBYWIi"" calls 20",2026-07-30T00:58:30.158Z,178537311015800
"""Spenny @ S8ENkJ8OQS"" folds",2026-07-30T00:58:29.225Z,178537310922500
"""eogeorgoe @ _sqcLETZ0C"" folds",2026-07-30T00:58:28.279Z,178537310827900
"""Stevo @ kI2bCqDOyl"" calls 20",2026-07-30T00:58:27.388Z,178537310738800
"""Jonah @ xrBY5OZYCv"" folds",2026-07-30T00:58:26.508Z,178537310650800
"""peelic @ vOeqrOXpLT"" bets 20",2026-07-30T00:58:21.456Z,178537310145600
"""arash @ 21jHaBYWIi"" checks",2026-07-30T00:58:15.827Z,178537309582700
"Flop:  [J♠, 3♦, Q♥]",2026-07-30T00:58:13.118Z,178537309311800
"""peelic @ vOeqrOXpLT"" checks",2026-07-30T00:58:12.282Z,178537309228200
"""arash @ 21jHaBYWIi"" calls 20",2026-07-30T00:58:11.415Z,178537309141500
"""Spenny @ S8ENkJ8OQS"" calls 20",2026-07-30T00:58:10.448Z,178537309044800
"""eogeorgoe @ _sqcLETZ0C"" calls 20",2026-07-30T00:58:05.333Z,178537308533300
"""Stevo @ kI2bCqDOyl"" calls 20",2026-07-30T00:58:04.484Z,178537308448400
"""Jonah @ xrBY5OZYCv"" calls 20",2026-07-30T00:58:03.564Z,178537308356400
"""peelic @ vOeqrOXpLT"" posts a big blind of 20",2026-07-30T00:58:02.424Z,178537308242409
"""arash @ 21jHaBYWIi"" posts a small blind of 10",2026-07-30T00:58:02.424Z,178537308242408
"Your hand is 10♠, 3♠",2026-07-30T00:58:02.424Z,178537308242407
"Player stacks: #1 ""Spenny @ S8ENkJ8OQS"" (510) | #2 ""arash @ 21jHaBYWIi"" (900) | #3 ""peelic @ vOeqrOXpLT"" (690) | #6 ""Jonah @ xrBY5OZYCv"" (650) | #7 ""Stevo @ kI2bCqDOyl"" (1180) | #8 ""eogeorgoe @ _sqcLETZ0C"" (2070)",2026-07-30T00:58:02.424Z,178537308242401
"-- starting hand #25 (id: holkrfh1qikw)  No Limit Texas Hold'em (dealer: ""Spenny @ S8ENkJ8OQS"") --",2026-07-30T00:58:02.424Z,178537308242400
"""eogeorgoe @ _sqcLETZ0C"" shows a Q♠, 6♣.",2026-07-30T00:58:01.081Z,178537308108100
"-- ending hand #24 --",2026-07-30T00:57:55.766Z,178537307576602
"""Stevo @ kI2bCqDOyl"" collected 260 from pot with Pair, A's (combination: 7♠, Q♦, K♥, A♣, A♦)",2026-07-30T00:57:55.766Z,178537307576601
"""Stevo @ kI2bCqDOyl"" shows a A♣, Q♦.",2026-07-30T00:57:55.766Z,178537307576600
"""arash @ 21jHaBYWIi"" calls 60",2026-07-30T00:57:54.915Z,178537307491500
"""Spenny @ S8ENkJ8OQS"" folds",2026-07-30T00:57:49.417Z,178537306941700
"""Stevo @ kI2bCqDOyl"" bets 60",2026-07-30T00:57:43.403Z,178537306340300
"""arash @ 21jHaBYWIi"" checks",2026-07-30T00:57:41.101Z,178537306110100
"""Spenny @ S8ENkJ8OQS"" checks",2026-07-30T00:57:35.122Z,178537305512200
"River: 3♥, K♥, 4♣, A♦ [7♠]",2026-07-30T00:57:32.144Z,178537305214400
"""peelic @ vOeqrOXpLT"" folds",2026-07-30T00:57:31.307Z,178537305130700
"""arash @ 21jHaBYWIi"" calls 20",2026-07-30T00:57:26.985Z,178537304698500
"""Spenny @ S8ENkJ8OQS"" calls 20",2026-07-30T00:57:23.599Z,178537304359900
"""Stevo @ kI2bCqDOyl"" bets 20",2026-07-30T00:57:17.827Z,178537303782700
"""peelic @ vOeqrOXpLT"" checks",2026-07-30T00:57:16.601Z,178537303660100
"""arash @ 21jHaBYWIi"" checks",2026-07-30T00:57:14.942Z,178537303494200
"""Spenny @ S8ENkJ8OQS"" checks",2026-07-30T00:57:12.993Z,178537303299300
"Turn: 3♥, K♥, 4♣ [A♦]",2026-07-30T00:57:10.552Z,178537303055200
"""Stevo @ kI2bCqDOyl"" checks",2026-07-30T00:57:09.740Z,178537302974000
"""peelic @ vOeqrOXpLT"" checks",2026-07-30T00:57:08.783Z,178537302878300
"""arash @ 21jHaBYWIi"" checks",2026-07-30T00:57:07.937Z,178537302793700
"""Spenny @ S8ENkJ8OQS"" checks",2026-07-30T00:57:00.547Z,178537302054700
"Flop:  [3♥, K♥, 4♣]",2026-07-30T00:56:57.128Z,178537301712800
"""arash @ 21jHaBYWIi"" checks",2026-07-30T00:56:56.304Z,178537301630400
"""Spenny @ S8ENkJ8OQS"" calls 20",2026-07-30T00:56:49.539Z,178537300953900
"""eogeorgoe @ _sqcLETZ0C"" folds",2026-07-30T00:56:48.564Z,178537300856400
"""Stevo @ kI2bCqDOyl"" calls 20",2026-07-30T00:56:43.748Z,178537300374800
"""Jonah @ xrBY5OZYCv"" folds",2026-07-30T00:56:42.755Z,178537300275500
"""peelic @ vOeqrOXpLT"" calls 20",2026-07-30T00:56:41.710Z,178537300171000
"""arash @ 21jHaBYWIi"" posts a big blind of 20",2026-07-30T00:56:39.856Z,178537299985609
"""Spenny @ S8ENkJ8OQS"" posts a small blind of 10",2026-07-30T00:56:39.856Z,178537299985608
"Your hand is Q♠, 6♣",2026-07-30T00:56:39.856Z,178537299985607
"Player stacks: #1 ""Spenny @ S8ENkJ8OQS"" (550) | #2 ""arash @ 21jHaBYWIi"" (1000) | #3 ""peelic @ vOeqrOXpLT"" (710) | #6 ""Jonah @ xrBY5OZYCv"" (650) | #7 ""Stevo @ kI2bCqDOyl"" (1020) | #8 ""eogeorgoe @ _sqcLETZ0C"" (2070)",2026-07-30T00:56:39.856Z,178537299985601
"-- starting hand #24 (id: kc730cr2vry5)  No Limit Texas Hold'em (dealer: ""eogeorgoe @ _sqcLETZ0C"") --",2026-07-30T00:56:39.856Z,178537299985600
"""Spenny @ S8ENkJ8OQS"" shows a 3♣, 4♥.",2026-07-30T00:56:36.788Z,178537299678800
"-- ending hand #23 --",2026-07-30T00:56:33.204Z,178537299320403
"""Stevo @ kI2bCqDOyl"" collected 160 from pot with Two Pair, 10's & 7's (combination: K♥, 7♠, 7♦, 10♥, 10♠)",2026-07-30T00:56:33.204Z,178537299320402
"""Stevo @ kI2bCqDOyl"" shows a 7♠, 8♦.",2026-07-30T00:56:33.204Z,178537299320401
"""eogeorgoe @ _sqcLETZ0C"" shows a 3♠, 4♣.",2026-07-30T00:56:33.204Z,178537299320400
"""Stevo @ kI2bCqDOyl"" calls 40",2026-07-30T00:56:32.297Z,178537299229700
"""Jonah @ xrBY5OZYCv"" folds",2026-07-30T00:56:31.446Z,178537299144600
"""Spenny @ S8ENkJ8OQS"" folds",2026-07-30T00:56:30.481Z,178537299048100
"""eogeorgoe @ _sqcLETZ0C"" bets 40",2026-07-30T00:56:20.209Z,178537298020900
"River: 10♥, K♥, 10♠, 4♦ [7♦]",2026-07-30T00:56:17.988Z,178537297798800
"""Stevo @ kI2bCqDOyl"" checks",2026-07-30T00:56:17.083Z,178537297708300
"""Jonah @ xrBY5OZYCv"" checks",2026-07-30T00:56:16.230Z,178537297623000
"""Spenny @ S8ENkJ8OQS"" checks",2026-07-30T00:56:15.288Z,178537297528800
"""eogeorgoe @ _sqcLETZ0C"" checks",2026-07-30T00:56:14.397Z,178537297439700
"Turn: 10♥, K♥, 10♠ [4♦]",2026-07-30T00:56:04.377Z,178537296437700
"""Stevo @ kI2bCqDOyl"" checks",2026-07-30T00:56:03.430Z,178537296343000
"""Jonah @ xrBY5OZYCv"" checks",2026-07-30T00:56:02.518Z,178537296251800
"""Spenny @ S8ENkJ8OQS"" checks",2026-07-30T00:56:01.480Z,178537296148000
"""eogeorgoe @ _sqcLETZ0C"" checks",2026-07-30T00:55:58.253Z,178537295825300
"Flop:  [10♥, K♥, 10♠]",2026-07-30T00:55:56.321Z,178537295632100
"""Spenny @ S8ENkJ8OQS"" checks",2026-07-30T00:55:55.440Z,178537295544000
"""eogeorgoe @ _sqcLETZ0C"" calls 20",2026-07-30T00:55:54.551Z,178537295455100
"""Stevo @ kI2bCqDOyl"" calls 20",2026-07-30T00:55:53.661Z,178537295366100
"""Jonah @ xrBY5OZYCv"" calls 20",2026-07-30T00:55:52.773Z,178537295277300
"""peelic @ vOeqrOXpLT"" folds",2026-07-30T00:55:51.849Z,178537295184900
"""arash @ 21jHaBYWIi"" folds",2026-07-30T00:55:51.009Z,178537295100900
"""Spenny @ S8ENkJ8OQS"" posts a big blind of 20",2026-07-30T00:55:47.916Z,178537294791610
"""eogeorgoe @ _sqcLETZ0C"" posts a small blind of 10",2026-07-30T00:55:47.916Z,178537294791609
"Your hand is 3♠, 4♣",2026-07-30T00:55:47.916Z,178537294791608
"Player stacks: #1 ""Spenny @ S8ENkJ8OQS"" (570) | #2 ""arash @ 21jHaBYWIi"" (1000) | #3 ""peelic @ vOeqrOXpLT"" (710) | #6 ""Jonah @ xrBY5OZYCv"" (670) | #7 ""Stevo @ kI2bCqDOyl"" (920) | #8 ""eogeorgoe @ _sqcLETZ0C"" (2130)",2026-07-30T00:55:47.916Z,178537294791602
"-- starting hand #23 (id: bqo7rmggrzdq)  No Limit Texas Hold'em (dealer: ""Stevo @ kI2bCqDOyl"") --",2026-07-30T00:55:47.916Z,178537294791601
"The player ""arash @ 21jHaBYWIi"" joined the game with a stack of 1000.",2026-07-30T00:55:47.916Z,178537294791600
"""Stevo @ kI2bCqDOyl"" shows a Q♥, 2♠.",2026-07-30T00:55:43.474Z,178537294347400
"-- ending hand #22 --",2026-07-30T00:55:41.314Z,178537294131402
"""eogeorgoe @ _sqcLETZ0C"" collected 430 from pot with Straight, A High (combination: 10♣, J♥, Q♣, K♣, A♣)",2026-07-30T00:55:41.314Z,178537294131401
"""eogeorgoe @ _sqcLETZ0C"" shows a A♣, K♣.",2026-07-30T00:55:41.314Z,178537294131400
"""Stevo @ kI2bCqDOyl"" folds",2026-07-30T00:55:40.453Z,178537294045300
"""peelic @ vOeqrOXpLT"" calls 80",2026-07-30T00:55:38.998Z,178537293899800
"""eogeorgoe @ _sqcLETZ0C"" bets 80",2026-07-30T00:55:36.496Z,178537293649600
"""Stevo @ kI2bCqDOyl"" checks",2026-07-30T00:55:33.084Z,178537293308400
"River: Q♣, 9♦, J♥, 5♥ [10♣]",2026-07-30T00:55:31.310Z,178537293131000
"""peelic @ vOeqrOXpLT"" calls 50",2026-07-30T00:55:30.485Z,178537293048500
"""eogeorgoe @ _sqcLETZ0C"" calls 50",2026-07-30T00:55:24.374Z,178537292437400
"""Stevo @ kI2bCqDOyl"" bets 50",2026-07-30T00:55:21.270Z,178537292127000
"Turn: Q♣, 9♦, J♥ [5♥]",2026-07-30T00:55:19.299Z,178537291929900
"""peelic @ vOeqrOXpLT"" calls 20",2026-07-30T00:55:18.444Z,178537291844400
"""eogeorgoe @ _sqcLETZ0C"" calls 20",2026-07-30T00:55:10.756Z,178537291075600
"""Stevo @ kI2bCqDOyl"" bets 20",2026-07-30T00:55:08.697Z,178537290869700
"Flop:  [Q♣, 9♦, J♥]",2026-07-30T00:55:07.497Z,178537290749700
"The admin approved the player ""arash @ 21jHaBYWIi"" participation with a stack of 1000.",2026-07-30T00:55:07.201Z,178537290720100
"""eogeorgoe @ _sqcLETZ0C"" checks",2026-07-30T00:55:06.616Z,178537290661600
"""Stevo @ kI2bCqDOyl"" calls 20",2026-07-30T00:55:05.735Z,178537290573500
"The player ""arash @ 21jHaBYWIi"" requested a seat.",2026-07-30T00:55:05.489Z,178537290548900
"""Jonah @ xrBY5OZYCv"" folds",2026-07-30T00:55:04.829Z,178537290482900
"""peelic @ vOeqrOXpLT"" calls 20",2026-07-30T00:55:02.479Z,178537290247900
"""Spenny @ S8ENkJ8OQS"" folds",2026-07-30T00:55:00.678Z,178537290067800
"""eogeorgoe @ _sqcLETZ0C"" posts a big blind of 20",2026-07-30T00:54:57.936Z,178537289793608
"""Stevo @ kI2bCqDOyl"" posts a small blind of 10",2026-07-30T00:54:57.936Z,178537289793607
"Your hand is A♣, K♣",2026-07-30T00:54:57.936Z,178537289793606
"Player stacks: #1 ""Spenny @ S8ENkJ8OQS"" (570) | #3 ""peelic @ vOeqrOXpLT"" (880) | #6 ""Jonah @ xrBY5OZYCv"" (670) | #7 ""Stevo @ kI2bCqDOyl"" (1010) | #8 ""eogeorgoe @ _sqcLETZ0C"" (1870)",2026-07-30T00:54:57.936Z,178537289793601
"-- starting hand #22 (id: msb7oqljas1c)  No Limit Texas Hold'em (dealer: ""Jonah @ xrBY5OZYCv"") --",2026-07-30T00:54:57.936Z,178537289793600
"""Stevo @ kI2bCqDOyl"" shows a 10♥, K♦.",2026-07-30T00:54:52.636Z,178537289263600
"-- ending hand #21 --",2026-07-30T00:54:51.396Z,178537289139602
"""eogeorgoe @ _sqcLETZ0C"" collected 550 from pot with Full House, 5's over 10's (combination: 10♠, 10♦, 5♠, 5♥, 5♦)",2026-07-30T00:54:51.396Z,178537289139601
"""eogeorgoe @ _sqcLETZ0C"" shows a 5♠, 10♠.",2026-07-30T00:54:51.396Z,178537289139600
"""Stevo @ kI2bCqDOyl"" calls 160",2026-07-30T00:54:50.523Z,178537289052300
"""peelic @ vOeqrOXpLT"" folds",2026-07-30T00:54:49.604Z,178537288960400
"""eogeorgoe @ _sqcLETZ0C"" raises to 160",2026-07-30T00:54:45.409Z,178537288540900
"""Stevo @ kI2bCqDOyl"" bets 80",2026-07-30T00:54:38.777Z,178537287877700
"River: 9♦, 6♦, 10♦, 5♥ [5♦]",2026-07-30T00:54:35.078Z,178537287507800
"""peelic @ vOeqrOXpLT"" calls 20",2026-07-30T00:54:34.231Z,178537287423100
"""Spenny @ S8ENkJ8OQS"" folds",2026-07-30T00:54:27.027Z,178537286702700
"""eogeorgoe @ _sqcLETZ0C"" calls 20",2026-07-30T00:54:20.016Z,178537286001600
"""Stevo @ kI2bCqDOyl"" bets 20",2026-07-30T00:54:15.554Z,178537285555400
"Turn: 9♦, 6♦, 10♦ [5♥]",2026-07-30T00:54:14.182Z,178537285418200
"""peelic @ vOeqrOXpLT"" calls 20",2026-07-30T00:54:13.312Z,178537285331200
"""Spenny @ S8ENkJ8OQS"" calls 20",2026-07-30T00:54:04.675Z,178537284467500
"""eogeorgoe @ _sqcLETZ0C"" calls 20",2026-07-30T00:53:55.487Z,178537283548700
"""Stevo @ kI2bCqDOyl"" bets 20",2026-07-30T00:53:50.895Z,178537283089500
"Flop:  [9♦, 6♦, 10♦]",2026-07-30T00:53:49.505Z,178537282950500
"""Stevo @ kI2bCqDOyl"" checks",2026-07-30T00:53:48.640Z,178537282864000
"""Jonah @ xrBY5OZYCv"" folds",2026-07-30T00:53:47.625Z,178537282762500
"""peelic @ vOeqrOXpLT"" calls 20",2026-07-30T00:53:46.784Z,178537282678400
"""Spenny @ S8ENkJ8OQS"" calls 20",2026-07-30T00:53:45.916Z,178537282591600
"""eogeorgoe @ _sqcLETZ0C"" calls 20",2026-07-30T00:53:41.031Z,178537282103100
"""Stevo @ kI2bCqDOyl"" posts a big blind of 20",2026-07-30T00:53:39.943Z,178537281994308
"""Jonah @ xrBY5OZYCv"" posts a small blind of 10",2026-07-30T00:53:39.943Z,178537281994307
"Your hand is 5♠, 10♠",2026-07-30T00:53:39.943Z,178537281994306
"Player stacks: #1 ""Spenny @ S8ENkJ8OQS"" (610) | #3 ""peelic @ vOeqrOXpLT"" (940) | #6 ""Jonah @ xrBY5OZYCv"" (680) | #7 ""Stevo @ kI2bCqDOyl"" (1230) | #8 ""eogeorgoe @ _sqcLETZ0C"" (1540)",2026-07-30T00:53:39.943Z,178537281994301
"-- starting hand #21 (id: osi1e5zbxvsm)  No Limit Texas Hold'em (dealer: ""peelic @ vOeqrOXpLT"") --",2026-07-30T00:53:39.943Z,178537281994300
"-- ending hand #20 --",2026-07-30T00:53:33.938Z,178537281393802
"""eogeorgoe @ _sqcLETZ0C"" collected 460 from pot with Three of a Kind, K's (combination: 9♠, J♠, K♠, K♣, K♥)",2026-07-30T00:53:33.938Z,178537281393801
"""eogeorgoe @ _sqcLETZ0C"" shows a K♠, 6♥.",2026-07-30T00:53:33.938Z,178537281393800
"""Jonah @ xrBY5OZYCv"" calls 80",2026-07-30T00:53:33.132Z,178537281313200
"""eogeorgoe @ _sqcLETZ0C"" bets 80",2026-07-30T00:53:23.454Z,178537280345400
"""Jonah @ xrBY5OZYCv"" checks",2026-07-30T00:53:20.753Z,178537280075300
"River: 9♠, K♣, 7♦, K♥ [J♠]",2026-07-30T00:53:17.916Z,178537279791600
"""Jonah @ xrBY5OZYCv"" calls 20",2026-07-30T00:53:17.074Z,178537279707400
"""eogeorgoe @ _sqcLETZ0C"" bets 20",2026-07-30T00:53:16.014Z,178537279601400
"""Jonah @ xrBY5OZYCv"" checks",2026-07-30T00:53:10.165Z,178537279016500
"Turn: 9♠, K♣, 7♦ [K♥]",2026-07-30T00:53:08.258Z,178537278825800
"""Spenny @ S8ENkJ8OQS"" folds",2026-07-30T00:53:07.358Z,178537278735800
"""eogeorgoe @ _sqcLETZ0C"" calls 40",2026-07-30T00:53:00.139Z,178537278013900
"""Stevo @ kI2bCqDOyl"" folds",2026-07-30T00:52:55.941Z,178537277594100
"""Jonah @ xrBY5OZYCv"" bets 40",2026-07-30T00:52:55.061Z,178537277506100
"Flop:  [9♠, K♣, 7♦]",2026-07-30T00:52:51.265Z,178537277126500
"""peelic @ vOeqrOXpLT"" folds",2026-07-30T00:52:50.424Z,178537277042400
"""Spenny @ S8ENkJ8OQS"" calls 40",2026-07-30T00:52:45.322Z,178537276532200
"""eogeorgoe @ _sqcLETZ0C"" calls 40",2026-07-30T00:52:40.074Z,178537276007400
"""Stevo @ kI2bCqDOyl"" calls 40",2026-07-30T00:52:39.248Z,178537275924800
"""Jonah @ xrBY5OZYCv"" raises to 40",2026-07-30T00:52:38.006Z,178537275800600
"""peelic @ vOeqrOXpLT"" calls 20",2026-07-30T00:52:35.218Z,178537275521800
"""Spenny @ S8ENkJ8OQS"" calls 20",2026-07-30T00:52:34.332Z,178537275433200
"""eogeorgoe @ _sqcLETZ0C"" calls 20",2026-07-30T00:52:30.291Z,178537275029100
"""Stevo @ kI2bCqDOyl"" calls 20",2026-07-30T00:52:29.465Z,178537274946500
"""Jonah @ xrBY5OZYCv"" posts a big blind of 20",2026-07-30T00:52:27.673Z,178537274767308
"""peelic @ vOeqrOXpLT"" posts a small blind of 10",2026-07-30T00:52:27.673Z,178537274767307
"Your hand is K♠, 6♥",2026-07-30T00:52:27.673Z,178537274767306
"Player stacks: #1 ""Spenny @ S8ENkJ8OQS"" (650) | #3 ""peelic @ vOeqrOXpLT"" (960) | #6 ""Jonah @ xrBY5OZYCv"" (860) | #7 ""Stevo @ kI2bCqDOyl"" (1270) | #8 ""eogeorgoe @ _sqcLETZ0C"" (1260)",2026-07-30T00:52:27.673Z,178537274767301
"-- starting hand #20 (id: gu6mrpngci6e)  No Limit Texas Hold'em (dealer: ""Spenny @ S8ENkJ8OQS"") --",2026-07-30T00:52:27.673Z,178537274767300
"""eogeorgoe @ _sqcLETZ0C"" shows a A♠, 4♦.",2026-07-30T00:52:24.668Z,178537274466800
"-- ending hand #19 --",2026-07-30T00:52:24.041Z,178537274404102
"""eogeorgoe @ _sqcLETZ0C"" collected 160 from pot",2026-07-30T00:52:24.041Z,178537274404101
"Uncalled bet of 60 returned to ""eogeorgoe @ _sqcLETZ0C""",2026-07-30T00:52:24.041Z,178537274404100
"""Jonah @ xrBY5OZYCv"" folds",2026-07-30T00:52:23.217Z,178537274321700
"""peelic @ vOeqrOXpLT"" folds",2026-07-30T00:52:12.956Z,178537273295600
"""eogeorgoe @ _sqcLETZ0C"" bets 60",2026-07-30T00:52:08.287Z,178537272828700
"""Jonah @ xrBY5OZYCv"" checks",2026-07-30T00:52:05.209Z,178537272520900
"""peelic @ vOeqrOXpLT"" checks",2026-07-30T00:52:04.262Z,178537272426200
"River: 3♥, 4♠, 3♦, 10♦ [8♠]",2026-07-30T00:51:54.995Z,178537271499500
"""eogeorgoe @ _sqcLETZ0C"" checks",2026-07-30T00:51:54.186Z,178537271418600
"""Jonah @ xrBY5OZYCv"" checks",2026-07-30T00:51:50.539Z,178537271053900
"""peelic @ vOeqrOXpLT"" checks",2026-07-30T00:51:49.486Z,178537270948600
"Turn: 3♥, 4♠, 3♦ [10♦]",2026-07-30T00:51:48.357Z,178537270835700
"""Stevo @ kI2bCqDOyl"" folds",2026-07-30T00:51:47.520Z,178537270752000
"""Jonah @ xrBY5OZYCv"" calls 20",2026-07-30T00:51:46.583Z,178537270658300
"""peelic @ vOeqrOXpLT"" calls 20",2026-07-30T00:51:43.255Z,178537270325500
"""Spenny @ S8ENkJ8OQS"" folds",2026-07-30T00:51:37.417Z,178537269741700
"""eogeorgoe @ _sqcLETZ0C"" bets 20",2026-07-30T00:51:33.596Z,178537269359600
"""Stevo @ kI2bCqDOyl"" checks",2026-07-30T00:51:28.821Z,178537268882100
"""Jonah @ xrBY5OZYCv"" checks",2026-07-30T00:51:27.965Z,178537268796500
"""peelic @ vOeqrOXpLT"" checks",2026-07-30T00:51:27.013Z,178537268701300
"""Spenny @ S8ENkJ8OQS"" checks",2026-07-30T00:51:25.600Z,178537268560000
"Flop:  [3♥, 4♠, 3♦]",2026-07-30T00:51:20.710Z,178537268071000
"""peelic @ vOeqrOXpLT"" checks",2026-07-30T00:51:19.779Z,178537267977900
"""Spenny @ S8ENkJ8OQS"" calls 20",2026-07-30T00:51:15.833Z,178537267583300
"""eogeorgoe @ _sqcLETZ0C"" calls 20",2026-07-30T00:51:14.929Z,178537267492900
"""Stevo @ kI2bCqDOyl"" calls 20",2026-07-30T00:51:14.001Z,178537267400100
"""Jonah @ xrBY5OZYCv"" calls 20",2026-07-30T00:51:13.127Z,178537267312700
"""peelic @ vOeqrOXpLT"" posts a big blind of 20",2026-07-30T00:51:11.707Z,178537267170708
"""Spenny @ S8ENkJ8OQS"" posts a small blind of 10",2026-07-30T00:51:11.707Z,178537267170707
"Your hand is A♠, 4♦",2026-07-30T00:51:11.707Z,178537267170706
"Player stacks: #1 ""Spenny @ S8ENkJ8OQS"" (670) | #3 ""peelic @ vOeqrOXpLT"" (1000) | #6 ""Jonah @ xrBY5OZYCv"" (900) | #7 ""Stevo @ kI2bCqDOyl"" (1290) | #8 ""eogeorgoe @ _sqcLETZ0C"" (1140)",2026-07-30T00:51:11.707Z,178537267170701
"-- starting hand #19 (id: cun9py2y4zf8)  No Limit Texas Hold'em (dealer: ""eogeorgoe @ _sqcLETZ0C"") --",2026-07-30T00:51:11.707Z,178537267170700
"-- ending hand #18 --",2026-07-30T00:51:05.699Z,178537266569903
"""Jonah @ xrBY5OZYCv"" collected 120 from pot with Pair, 3's (combination: 10♠, J♠, Q♣, 3♣, 3♥)",2026-07-30T00:51:05.699Z,178537266569902
"""Jonah @ xrBY5OZYCv"" shows a 3♣, Q♣.",2026-07-30T00:51:05.699Z,178537266569901
"""Spenny @ S8ENkJ8OQS"" shows a K♣, Q♠.",2026-07-30T00:51:05.699Z,178537266569900
"""Jonah @ xrBY5OZYCv"" checks",2026-07-30T00:51:04.745Z,178537266474500
"""Spenny @ S8ENkJ8OQS"" checks",2026-07-30T00:51:03.802Z,178537266380200
"River: J♠, 2♠, 3♥, 8♣ [10♠]",2026-07-30T00:50:59.898Z,178537265989800
"""Spenny @ S8ENkJ8OQS"" calls 20",2026-07-30T00:50:59.088Z,178537265908800
"""eogeorgoe @ _sqcLETZ0C"" folds",2026-07-30T00:50:53.949Z,178537265394900
"""Stevo @ kI2bCqDOyl"" folds",2026-07-30T00:50:51.590Z,178537265159000
"""Jonah @ xrBY5OZYCv"" bets 20",2026-07-30T00:50:50.018Z,178537265001800
"""Spenny @ S8ENkJ8OQS"" checks",2026-07-30T00:50:48.157Z,178537264815700
"""eogeorgoe @ _sqcLETZ0C"" checks",2026-07-30T00:50:45.845Z,178537264584500
"Turn: J♠, 2♠, 3♥ [8♣]",2026-07-30T00:50:44.397Z,178537264439700
"""Stevo @ kI2bCqDOyl"" checks",2026-07-30T00:50:43.572Z,178537264357200
"""Jonah @ xrBY5OZYCv"" checks",2026-07-30T00:50:42.634Z,178537264263400
"""Spenny @ S8ENkJ8OQS"" checks",2026-07-30T00:50:41.754Z,178537264175400
"""eogeorgoe @ _sqcLETZ0C"" checks",2026-07-30T00:50:40.850Z,178537264085000
"Flop:  [J♠, 2♠, 3♥]",2026-07-30T00:50:30.791Z,178537263079100
"""Spenny @ S8ENkJ8OQS"" checks",2026-07-30T00:50:29.890Z,178537262989000
"""eogeorgoe @ _sqcLETZ0C"" calls 20",2026-07-30T00:50:29.013Z,178537262901300
"""Stevo @ kI2bCqDOyl"" calls 20",2026-07-30T00:50:28.111Z,178537262811100
"""Jonah @ xrBY5OZYCv"" calls 20",2026-07-30T00:50:27.230Z,178537262723000
"""peelic @ vOeqrOXpLT"" folds",2026-07-30T00:50:26.294Z,178537262629400
"""Spenny @ S8ENkJ8OQS"" posts a big blind of 20",2026-07-30T00:50:23.981Z,178537262398108
"""eogeorgoe @ _sqcLETZ0C"" posts a small blind of 10",2026-07-30T00:50:23.981Z,178537262398107
"Your hand is 6♣, K♠",2026-07-30T00:50:23.981Z,178537262398106
"Player stacks: #1 ""Spenny @ S8ENkJ8OQS"" (710) | #3 ""peelic @ vOeqrOXpLT"" (1000) | #6 ""Jonah @ xrBY5OZYCv"" (820) | #7 ""Stevo @ kI2bCqDOyl"" (1310) | #8 ""eogeorgoe @ _sqcLETZ0C"" (1160)",2026-07-30T00:50:23.981Z,178537262398101
"-- starting hand #18 (id: mbqhwxdkuem7)  No Limit Texas Hold'em (dealer: ""Stevo @ kI2bCqDOyl"") --",2026-07-30T00:50:23.981Z,178537262398100
"""Spenny @ S8ENkJ8OQS"" shows a 2♠, A♣.",2026-07-30T00:50:19.047Z,178537261904700
"-- ending hand #17 --",2026-07-30T00:50:17.445Z,178537261744502
"""Stevo @ kI2bCqDOyl"" collected 450 from pot with Straight, 5 High (combination: A♥, 2♦, 3♦, 4♥, 5♠)",2026-07-30T00:50:17.445Z,178537261744501
"""Stevo @ kI2bCqDOyl"" shows a 3♦, 9♥.",2026-07-30T00:50:17.445Z,178537261744500
"""peelic @ vOeqrOXpLT"" calls 90",2026-07-30T00:50:16.608Z,178537261660800
"""Spenny @ S8ENkJ8OQS"" calls 90",2026-07-30T00:50:15.730Z,178537261573000
"""eogeorgoe @ _sqcLETZ0C"" folds",2026-07-30T00:50:08.271Z,178537260827100
"""Stevo @ kI2bCqDOyl"" bets 90",2026-07-30T00:50:07.386Z,178537260738600
"River: 10♦, 4♥, 5♠, 2♦ [A♥]",2026-07-30T00:50:00.514Z,178537260051400
"""eogeorgoe @ _sqcLETZ0C"" calls 20",2026-07-30T00:49:59.705Z,178537259970500
"""Stevo @ kI2bCqDOyl"" calls 20",2026-07-30T00:49:53.415Z,178537259341500
"""Jonah @ xrBY5OZYCv"" folds",2026-07-30T00:49:52.553Z,178537259255300
"""peelic @ vOeqrOXpLT"" calls 20",2026-07-30T00:49:51.684Z,178537259168400
"""Spenny @ S8ENkJ8OQS"" bets 20",2026-07-30T00:49:48.776Z,178537258877600
"""eogeorgoe @ _sqcLETZ0C"" checks",2026-07-30T00:49:44.764Z,178537258476400
"""Stevo @ kI2bCqDOyl"" checks",2026-07-30T00:49:41.280Z,178537258128000
"Turn: 10♦, 4♥, 5♠ [2♦]",2026-07-30T00:49:39.807Z,178537257980700
"""Jonah @ xrBY5OZYCv"" checks",2026-07-30T00:49:39.004Z,178537257900400
"""peelic @ vOeqrOXpLT"" checks",2026-07-30T00:49:38.141Z,178537257814100
"""Spenny @ S8ENkJ8OQS"" checks",2026-07-30T00:49:35.925Z,178537257592500
"""eogeorgoe @ _sqcLETZ0C"" checks",2026-07-30T00:49:32.632Z,178537257263200
"""Stevo @ kI2bCqDOyl"" checks",2026-07-30T00:49:31.211Z,178537257121100
"Flop:  [10♦, 4♥, 5♠]",2026-07-30T00:49:30.004Z,178537257000400
"""eogeorgoe @ _sqcLETZ0C"" checks",2026-07-30T00:49:29.177Z,178537256917700
"""Stevo @ kI2bCqDOyl"" calls 20",2026-07-30T00:49:28.343Z,178537256834300
"""Jonah @ xrBY5OZYCv"" calls 20",2026-07-30T00:49:27.443Z,178537256744300
"""peelic @ vOeqrOXpLT"" calls 20",2026-07-30T00:49:26.585Z,178537256658500
"""Spenny @ S8ENkJ8OQS"" calls 20",2026-07-30T00:49:25.688Z,178537256568800
"""eogeorgoe @ _sqcLETZ0C"" posts a big blind of 20",2026-07-30T00:49:23.950Z,178537256395008
"""Stevo @ kI2bCqDOyl"" posts a small blind of 10",2026-07-30T00:49:23.950Z,178537256395007
"Your hand is J♠, 5♥",2026-07-30T00:49:23.950Z,178537256395006
"Player stacks: #1 ""Spenny @ S8ENkJ8OQS"" (840) | #3 ""peelic @ vOeqrOXpLT"" (1130) | #6 ""Jonah @ xrBY5OZYCv"" (840) | #7 ""Stevo @ kI2bCqDOyl"" (990) | #8 ""eogeorgoe @ _sqcLETZ0C"" (1200)",2026-07-30T00:49:23.950Z,178537256395001
"-- starting hand #17 (id: ben02gfjdbft)  No Limit Texas Hold'em (dealer: ""Jonah @ xrBY5OZYCv"") --",2026-07-30T00:49:23.950Z,178537256395000
"""Spenny @ S8ENkJ8OQS"" shows a 3♥, 6♥.",2026-07-30T00:49:21.484Z,178537256148400
"""eogeorgoe @ _sqcLETZ0C"" shows a 6♣, 7♦.",2026-07-30T00:49:20.421Z,178537256042100
"-- ending hand #16 --",2026-07-30T00:49:19.598Z,178537255959802
"""Spenny @ S8ENkJ8OQS"" collected 270 from pot",2026-07-30T00:49:19.598Z,178537255959801
"Uncalled bet of 80 returned to ""Spenny @ S8ENkJ8OQS""",2026-07-30T00:49:19.598Z,178537255959800
"""peelic @ vOeqrOXpLT"" folds",2026-07-30T00:49:18.716Z,178537255871600
"""Spenny @ S8ENkJ8OQS"" bets 80",2026-07-30T00:49:11.848Z,178537255184800
"River: 4♥, J♣, 2♠, 5♣ [3♠]",2026-07-30T00:49:06.284Z,178537254628400
"""peelic @ vOeqrOXpLT"" calls 80",2026-07-30T00:49:05.447Z,178537254544700
"""Spenny @ S8ENkJ8OQS"" bets 80",2026-07-30T00:49:01.376Z,178537254137600
"Turn: 4♥, J♣, 2♠ [5♣]",2026-07-30T00:48:56.175Z,178537253617500
"""Stevo @ kI2bCqDOyl"" folds",2026-07-30T00:48:55.332Z,178537253533200
"""peelic @ vOeqrOXpLT"" calls 20",2026-07-30T00:48:54.470Z,178537253447000
"""Spenny @ S8ENkJ8OQS"" bets 20",2026-07-30T00:48:51.558Z,178537253155800
"""Stevo @ kI2bCqDOyl"" checks",2026-07-30T00:48:47.859Z,178537252785900
"Flop:  [4♥, J♣, 2♠]",2026-07-30T00:48:46.766Z,178537252676600
"""Stevo @ kI2bCqDOyl"" checks",2026-07-30T00:48:45.901Z,178537252590100
"""Jonah @ xrBY5OZYCv"" folds",2026-07-30T00:48:45.008Z,178537252500800
"""peelic @ vOeqrOXpLT"" calls 20",2026-07-30T00:48:44.118Z,178537252411800
"""Spenny @ S8ENkJ8OQS"" calls 20",2026-07-30T00:48:43.250Z,178537252325000
"""eogeorgoe @ _sqcLETZ0C"" folds",2026-07-30T00:48:39.082Z,178537251908200
"""Stevo @ kI2bCqDOyl"" posts a big blind of 20",2026-07-30T00:48:33.279Z,178537251327908
"""Jonah @ xrBY5OZYCv"" posts a small blind of 10",2026-07-30T00:48:33.279Z,178537251327907
"Your hand is 6♣, 7♦",2026-07-30T00:48:33.279Z,178537251327906
"Player stacks: #1 ""Spenny @ S8ENkJ8OQS"" (690) | #3 ""peelic @ vOeqrOXpLT"" (1250) | #6 ""Jonah @ xrBY5OZYCv"" (850) | #7 ""Stevo @ kI2bCqDOyl"" (1010) | #8 ""eogeorgoe @ _sqcLETZ0C"" (1200)",2026-07-30T00:48:33.279Z,178537251327901
"-- starting hand #16 (id: nb3yn8q5fdfo)  No Limit Texas Hold'em (dealer: ""peelic @ vOeqrOXpLT"") --",2026-07-30T00:48:33.279Z,178537251327900
"-- ending hand #15 --",2026-07-30T00:48:27.270Z,178537250727003
"""Stevo @ kI2bCqDOyl"" collected 200 from pot with Pair, 8's (combination: J♣, Q♥, A♠, 8♠, 8♦)",2026-07-30T00:48:27.270Z,178537250727002
"""Stevo @ kI2bCqDOyl"" shows a J♣, 8♠.",2026-07-30T00:48:27.270Z,178537250727001
"""Jonah @ xrBY5OZYCv"" shows a 3♥, K♠.",2026-07-30T00:48:27.270Z,178537250727000
"""Stevo @ kI2bCqDOyl"" checks",2026-07-30T00:48:26.439Z,178537250643900
"""Jonah @ xrBY5OZYCv"" checks",2026-07-30T00:48:25.576Z,178537250557600
"River: 3♠, 2♥, 8♦, A♠ [Q♥]",2026-07-30T00:48:24.069Z,178537250406900
"""Jonah @ xrBY5OZYCv"" calls 20",2026-07-30T00:48:23.197Z,178537250319700
"""Spenny @ S8ENkJ8OQS"" folds",2026-07-30T00:48:21.676Z,178537250167600
"""Stevo @ kI2bCqDOyl"" bets 20",2026-07-30T00:48:13.449Z,178537249344900
"""Jonah @ xrBY5OZYCv"" checks",2026-07-30T00:48:12.247Z,178537249224700
"Turn: 3♠, 2♥, 8♦ [A♠]",2026-07-30T00:48:10.196Z,178537249019600
"""Jonah @ xrBY5OZYCv"" calls 20",2026-07-30T00:48:09.299Z,178537248929900
"""peelic @ vOeqrOXpLT"" folds",2026-07-30T00:48:08.409Z,178537248840900
"""Spenny @ S8ENkJ8OQS"" calls 20",2026-07-30T00:48:07.542Z,178537248754200
"""eogeorgoe @ _sqcLETZ0C"" folds",2026-07-30T00:48:00.536Z,178537248053600
"""Stevo @ kI2bCqDOyl"" bets 20",2026-07-30T00:47:55.605Z,178537247560500
"""Jonah @ xrBY5OZYCv"" checks",2026-07-30T00:47:54.185Z,178537247418500
"""peelic @ vOeqrOXpLT"" checks",2026-07-30T00:47:53.335Z,178537247333500
"Flop:  [3♠, 2♥, 8♦]",2026-07-30T00:47:48.179Z,178537246817900
"""Jonah @ xrBY5OZYCv"" checks",2026-07-30T00:47:47.369Z,178537246736900
"""peelic @ vOeqrOXpLT"" calls 20",2026-07-30T00:47:46.394Z,178537246639400
"""Spenny @ S8ENkJ8OQS"" calls 20",2026-07-30T00:47:45.054Z,178537246505400
"""eogeorgoe @ _sqcLETZ0C"" calls 20",2026-07-30T00:47:44.144Z,178537246414400
"""Stevo @ kI2bCqDOyl"" calls 20",2026-07-30T00:47:43.213Z,178537246321300
"""Jonah @ xrBY5OZYCv"" posts a big blind of 20",2026-07-30T00:47:42.140Z,178537246214008
"""peelic @ vOeqrOXpLT"" posts a small blind of 10",2026-07-30T00:47:42.140Z,178537246214007
"Your hand is K♥, 4♥",2026-07-30T00:47:42.140Z,178537246214006
"Player stacks: #1 ""Spenny @ S8ENkJ8OQS"" (730) | #3 ""peelic @ vOeqrOXpLT"" (1270) | #6 ""Jonah @ xrBY5OZYCv"" (910) | #7 ""Stevo @ kI2bCqDOyl"" (870) | #8 ""eogeorgoe @ _sqcLETZ0C"" (1220)",2026-07-30T00:47:42.140Z,178537246214001
"-- starting hand #15 (id: hsrf76h0vdxm)  No Limit Texas Hold'em (dealer: ""Spenny @ S8ENkJ8OQS"") --",2026-07-30T00:47:42.140Z,178537246214000
"""Spenny @ S8ENkJ8OQS"" shows a Q♦.",2026-07-30T00:47:39.855Z,178537245985500
"-- ending hand #14 --",2026-07-30T00:47:38.520Z,178537245852002
"""peelic @ vOeqrOXpLT"" collected 320 from pot",2026-07-30T00:47:38.520Z,178537245852001
"Uncalled bet of 50 returned to ""peelic @ vOeqrOXpLT""",2026-07-30T00:47:38.520Z,178537245852000
"""Stevo @ kI2bCqDOyl"" folds",2026-07-30T00:47:37.635Z,178537245763500
"""peelic @ vOeqrOXpLT"" bets 50",2026-07-30T00:47:36.229Z,178537245622900
"River: 9♥, J♣, 4♦, 10♠ [K♠]",2026-07-30T00:47:30.317Z,178537245031700
"""Stevo @ kI2bCqDOyl"" calls 40",2026-07-30T00:47:29.486Z,178537244948600
"""peelic @ vOeqrOXpLT"" bets 40",2026-07-30T00:47:27.953Z,178537244795300
"Turn: 9♥, J♣, 4♦ [10♠]",2026-07-30T00:47:25.112Z,178537244511200
"""Spenny @ S8ENkJ8OQS"" folds",2026-07-30T00:47:24.289Z,178537244428900
"""eogeorgoe @ _sqcLETZ0C"" folds",2026-07-30T00:47:14.743Z,178537243474300
"""Stevo @ kI2bCqDOyl"" calls 20",2026-07-30T00:47:11.943Z,178537243194300
"""Jonah @ xrBY5OZYCv"" folds",2026-07-30T00:47:11.005Z,178537243100500
"""peelic @ vOeqrOXpLT"" bets 20",2026-07-30T00:47:09.205Z,178537242920500
"""Spenny @ S8ENkJ8OQS"" checks",2026-07-30T00:47:05.705Z,178537242570500
"Flop:  [9♥, J♣, 4♦]",2026-07-30T00:47:03.703Z,178537242370300
"""Jonah @ xrBY5OZYCv"" calls 40",2026-07-30T00:47:02.816Z,178537242281600
"""peelic @ vOeqrOXpLT"" calls 40",2026-07-30T00:47:01.115Z,178537242111500
"""Spenny @ S8ENkJ8OQS"" calls 40",2026-07-30T00:47:00.246Z,178537242024600
"""eogeorgoe @ _sqcLETZ0C"" calls 40",2026-07-30T00:46:54.278Z,178537241427800
"""Stevo @ kI2bCqDOyl"" raises to 40",2026-07-30T00:46:51.470Z,178537241147000
"""Jonah @ xrBY5OZYCv"" calls 20",2026-07-30T00:46:49.691Z,178537240969100
"""peelic @ vOeqrOXpLT"" posts a big blind of 20",2026-07-30T00:46:45.107Z,178537240510708
"""Spenny @ S8ENkJ8OQS"" posts a small blind of 10",2026-07-30T00:46:45.107Z,178537240510707
"Your hand is Q♠, 3♦",2026-07-30T00:46:45.107Z,178537240510706
"Player stacks: #1 ""Spenny @ S8ENkJ8OQS"" (770) | #3 ""peelic @ vOeqrOXpLT"" (1050) | #6 ""Jonah @ xrBY5OZYCv"" (950) | #7 ""Stevo @ kI2bCqDOyl"" (970) | #8 ""eogeorgoe @ _sqcLETZ0C"" (1260)",2026-07-30T00:46:45.107Z,178537240510701
"-- starting hand #14 (id: lhjkpotgpzjp)  No Limit Texas Hold'em (dealer: ""eogeorgoe @ _sqcLETZ0C"") --",2026-07-30T00:46:45.107Z,178537240510700
"-- ending hand #13 --",2026-07-30T00:46:39.083Z,178537239908303
"""peelic @ vOeqrOXpLT"" collected 240 from pot with Flush, A High (combination: 5♠, 10♠, Q♠, K♠, A♠)",2026-07-30T00:46:39.083Z,178537239908302
"""peelic @ vOeqrOXpLT"" shows a 5♣, 10♠.",2026-07-30T00:46:39.083Z,178537239908301
"""Spenny @ S8ENkJ8OQS"" shows a 3♠, 5♦.",2026-07-30T00:46:39.083Z,178537239908300
"""eogeorgoe @ _sqcLETZ0C"" folds",2026-07-30T00:46:38.242Z,178537239824200
"""peelic @ vOeqrOXpLT"" calls 60",2026-07-30T00:46:37.337Z,178537239733700
"""Spenny @ S8ENkJ8OQS"" bets 60",2026-07-30T00:46:35.881Z,178537239588100
"""eogeorgoe @ _sqcLETZ0C"" checks",2026-07-30T00:46:30.155Z,178537239015500
"River: A♠, Q♠, 6♥, 5♠ [K♠]",2026-07-30T00:46:28.808Z,178537238880800
"""eogeorgoe @ _sqcLETZ0C"" calls 20",2026-07-30T00:46:27.996Z,178537238799600
"""peelic @ vOeqrOXpLT"" calls 20",2026-07-30T00:46:23.895Z,178537238389500
"""Spenny @ S8ENkJ8OQS"" bets 20",2026-07-30T00:46:20.342Z,178537238034200
"""eogeorgoe @ _sqcLETZ0C"" checks",2026-07-30T00:46:17.836Z,178537237783600
"Turn: A♠, Q♠, 6♥ [5♠]",2026-07-30T00:46:12.888Z,178537237288800
"""peelic @ vOeqrOXpLT"" checks",2026-07-30T00:46:12.046Z,178537237204600
"""Spenny @ S8ENkJ8OQS"" checks",2026-07-30T00:46:11.193Z,178537237119300
"""eogeorgoe @ _sqcLETZ0C"" checks",2026-07-30T00:46:08.342Z,178537236834200
"Flop:  [A♠, Q♠, 6♥]",2026-07-30T00:46:03.793Z,178537236379300
"""Spenny @ S8ENkJ8OQS"" checks",2026-07-30T00:46:02.950Z,178537236295000
"""eogeorgoe @ _sqcLETZ0C"" calls 20",2026-07-30T00:46:02.018Z,178537236201800
"""Stevo @ kI2bCqDOyl"" folds",2026-07-30T00:46:01.038Z,178537236103800
"""Jonah @ xrBY5OZYCv"" folds",2026-07-30T00:46:00.154Z,178537236015400
"""peelic @ vOeqrOXpLT"" calls 20",2026-07-30T00:45:54.521Z,178537235452100
"""Spenny @ S8ENkJ8OQS"" posts a big blind of 20",2026-07-30T00:45:53.227Z,178537235322708
"""eogeorgoe @ _sqcLETZ0C"" posts a small blind of 10",2026-07-30T00:45:53.227Z,178537235322707
"Your hand is 9♦, 5♥",2026-07-30T00:45:53.227Z,178537235322706
"Player stacks: #1 ""Spenny @ S8ENkJ8OQS"" (870) | #3 ""peelic @ vOeqrOXpLT"" (910) | #6 ""Jonah @ xrBY5OZYCv"" (950) | #7 ""Stevo @ kI2bCqDOyl"" (970) | #8 ""eogeorgoe @ _sqcLETZ0C"" (1300)",2026-07-30T00:45:53.227Z,178537235322701
"-- starting hand #13 (id: qk5kgj9fmxwo)  No Limit Texas Hold'em (dealer: ""Stevo @ kI2bCqDOyl"") --",2026-07-30T00:45:53.227Z,178537235322700
"-- ending hand #12 --",2026-07-30T00:45:47.218Z,178537234721804
"""eogeorgoe @ _sqcLETZ0C"" collected 240 from pot with Straight, 5 High (combination: A♣, 2♣, 3♠, 4♣, 5♠)",2026-07-30T00:45:47.218Z,178537234721803
"""Stevo @ kI2bCqDOyl"" collected 240 from pot with Straight, 5 High (combination: A♣, 2♣, 3♠, 4♥, 5♠)",2026-07-30T00:45:47.218Z,178537234721802
"""Stevo @ kI2bCqDOyl"" shows a 4♥, A♦.",2026-07-30T00:45:47.218Z,178537234721801
"""eogeorgoe @ _sqcLETZ0C"" shows a 4♣, 9♦.",2026-07-30T00:45:47.218Z,178537234721800
"""Stevo @ kI2bCqDOyl"" calls 160",2026-07-30T00:45:46.397Z,178537234639700
"""eogeorgoe @ _sqcLETZ0C"" raises to 160",2026-07-30T00:45:42.177Z,178537234217700
"""Stevo @ kI2bCqDOyl"" bets 80",2026-07-30T00:45:39.909Z,178537233990900
"River: 3♠, A♣, 9♠, 5♠ [2♣]",2026-07-30T00:45:36.604Z,178537233660400
"""eogeorgoe @ _sqcLETZ0C"" calls 20",2026-07-30T00:45:35.798Z,178537233579800
"""Stevo @ kI2bCqDOyl"" bets 20",2026-07-30T00:45:34.296Z,178537233429600
"Turn: 3♠, A♣, 9♠ [5♠]",2026-07-30T00:45:33.772Z,178537233377200
"""Jonah @ xrBY5OZYCv"" folds",2026-07-30T00:45:32.817Z,178537233281700
"""peelic @ vOeqrOXpLT"" folds",2026-07-30T00:45:31.942Z,178537233194200
"""eogeorgoe @ _sqcLETZ0C"" calls 20",2026-07-30T00:45:26.595Z,178537232659500
"""Stevo @ kI2bCqDOyl"" bets 20",2026-07-30T00:45:25.331Z,178537232533100
"Flop:  [3♠, A♣, 9♠]",2026-07-30T00:45:24.330Z,178537232433000
"""eogeorgoe @ _sqcLETZ0C"" checks",2026-07-30T00:45:23.420Z,178537232342000
"""Stevo @ kI2bCqDOyl"" calls 20",2026-07-30T00:45:22.573Z,178537232257300
"""Jonah @ xrBY5OZYCv"" calls 20",2026-07-30T00:45:21.635Z,178537232163500
"""peelic @ vOeqrOXpLT"" calls 20",2026-07-30T00:45:20.768Z,178537232076800
"""Spenny @ S8ENkJ8OQS"" folds",2026-07-30T00:45:19.892Z,178537231989200
"""eogeorgoe @ _sqcLETZ0C"" posts a big blind of 20",2026-07-30T00:45:18.328Z,178537231832808
"""Stevo @ kI2bCqDOyl"" posts a small blind of 10",2026-07-30T00:45:18.328Z,178537231832807
"Your hand is 4♣, 9♦",2026-07-30T00:45:18.328Z,178537231832806
"Player stacks: #1 ""Spenny @ S8ENkJ8OQS"" (870) | #3 ""peelic @ vOeqrOXpLT"" (930) | #6 ""Jonah @ xrBY5OZYCv"" (970) | #7 ""Stevo @ kI2bCqDOyl"" (950) | #8 ""eogeorgoe @ _sqcLETZ0C"" (1280)",2026-07-30T00:45:18.328Z,178537231832801
"-- starting hand #12 (id: hpaxr5va1et8)  No Limit Texas Hold'em (dealer: ""Jonah @ xrBY5OZYCv"") --",2026-07-30T00:45:18.328Z,178537231832800
"""Stevo @ kI2bCqDOyl"" shows a 4♥, 6♥.",2026-07-30T00:45:12.775Z,178537231277500
"-- ending hand #11 --",2026-07-30T00:45:11.726Z,178537231172602
"""eogeorgoe @ _sqcLETZ0C"" collected 750 from pot with Flush, A High (combination: 5♥, 7♥, 10♥, J♥, A♥)",2026-07-30T00:45:11.726Z,178537231172601
"""eogeorgoe @ _sqcLETZ0C"" shows a 10♥, J♥.",2026-07-30T00:45:11.726Z,178537231172600
"""Stevo @ kI2bCqDOyl"" calls 220",2026-07-30T00:45:10.871Z,178537231087100
"""Spenny @ S8ENkJ8OQS"" folds",2026-07-30T00:45:07.597Z,178537230759700
"""eogeorgoe @ _sqcLETZ0C"" raises to 220",2026-07-30T00:45:05.307Z,178537230530700
"""Stevo @ kI2bCqDOyl"" bets 90",2026-07-30T00:45:02.648Z,178537230264800
"River: 7♥, Q♣, A♥, 9♠ [5♥]",2026-07-30T00:44:58.750Z,178537229875000
"""Stevo @ kI2bCqDOyl"" calls 60",2026-07-30T00:44:57.879Z,178537229787900
"""Spenny @ S8ENkJ8OQS"" calls 60",2026-07-30T00:44:56.479Z,178537229647900
"""eogeorgoe @ _sqcLETZ0C"" raises to 60",2026-07-30T00:44:51.485Z,178537229148500
"""Stevo @ kI2bCqDOyl"" calls 40",2026-07-30T00:44:49.554Z,178537228955400
"""Spenny @ S8ENkJ8OQS"" raises to 40",2026-07-30T00:44:48.012Z,178537228801200
"""eogeorgoe @ _sqcLETZ0C"" calls 20",2026-07-30T00:44:43.522Z,178537228352200
"""Stevo @ kI2bCqDOyl"" bets 20",2026-07-30T00:44:41.700Z,178537228170000
"Turn: 7♥, Q♣, A♥ [9♠]",2026-07-30T00:44:40.692Z,178537228069200
"""Spenny @ S8ENkJ8OQS"" calls 20",2026-07-30T00:44:39.882Z,178537227988200
"""eogeorgoe @ _sqcLETZ0C"" calls 20",2026-07-30T00:44:38.973Z,178537227897300
"""Stevo @ kI2bCqDOyl"" bets 20",2026-07-30T00:44:33.226Z,178537227322600
"Flop:  [7♥, Q♣, A♥]",2026-07-30T00:44:31.802Z,178537227180200
"""Stevo @ kI2bCqDOyl"" checks",2026-07-30T00:44:30.897Z,178537227089700
"""Jonah @ xrBY5OZYCv"" folds",2026-07-30T00:44:30.048Z,178537227004800
"""peelic @ vOeqrOXpLT"" folds",2026-07-30T00:44:29.108Z,178537226910800
"""Spenny @ S8ENkJ8OQS"" calls 20",2026-07-30T00:44:23.275Z,178537226327500
"""eogeorgoe @ _sqcLETZ0C"" calls 20",2026-07-30T00:44:22.368Z,178537226236800
"""Stevo @ kI2bCqDOyl"" posts a big blind of 20",2026-07-30T00:44:21.086Z,178537226108608
"""Jonah @ xrBY5OZYCv"" posts a small blind of 10",2026-07-30T00:44:21.086Z,178537226108607
"Your hand is 10♥, J♥",2026-07-30T00:44:21.086Z,178537226108606
"Player stacks: #1 ""Spenny @ S8ENkJ8OQS"" (970) | #3 ""peelic @ vOeqrOXpLT"" (930) | #6 ""Jonah @ xrBY5OZYCv"" (980) | #7 ""Stevo @ kI2bCqDOyl"" (1270) | #8 ""eogeorgoe @ _sqcLETZ0C"" (850)",2026-07-30T00:44:21.086Z,178537226108601
"-- starting hand #11 (id: b9dddts8v5pk)  No Limit Texas Hold'em (dealer: ""peelic @ vOeqrOXpLT"") --",2026-07-30T00:44:21.086Z,178537226108600
"""eogeorgoe @ _sqcLETZ0C"" shows a A♥, K♠.",2026-07-30T00:44:17.395Z,178537225739500
"Undealt cards: 5♥, J♥, 3♠, K♦ [6♦]",2026-07-30T00:44:16.095Z,178537225609500
"-- ending hand #10 --",2026-07-30T00:44:14.470Z,178537225447002
"""eogeorgoe @ _sqcLETZ0C"" collected 130 from pot",2026-07-30T00:44:14.470Z,178537225447001
"Uncalled bet of 40 returned to ""eogeorgoe @ _sqcLETZ0C""",2026-07-30T00:44:14.470Z,178537225447000
"""Spenny @ S8ENkJ8OQS"" folds",2026-07-30T00:44:13.655Z,178537225365500
"""eogeorgoe @ _sqcLETZ0C"" bets 40",2026-07-30T00:44:06.379Z,178537224637900
"Turn: 5♥, J♥, 3♠ [K♦]",2026-07-30T00:44:03.387Z,178537224338700
"""Stevo @ kI2bCqDOyl"" folds",2026-07-30T00:44:02.520Z,178537224252000
"""Jonah @ xrBY5OZYCv"" folds",2026-07-30T00:44:01.307Z,178537224130700
"""Spenny @ S8ENkJ8OQS"" calls 20",2026-07-30T00:44:00.416Z,178537224041600
"""eogeorgoe @ _sqcLETZ0C"" bets 20",2026-07-30T00:43:53.931Z,178537223393100
"""Stevo @ kI2bCqDOyl"" checks",2026-07-30T00:43:52.803Z,178537223280300
"""Jonah @ xrBY5OZYCv"" checks",2026-07-30T00:43:51.963Z,178537223196300
"Flop:  [5♥, J♥, 3♠]",2026-07-30T00:43:50.564Z,178537223056400
"""Jonah @ xrBY5OZYCv"" checks",2026-07-30T00:43:49.620Z,178537222962000
"""peelic @ vOeqrOXpLT"" folds",2026-07-30T00:43:48.761Z,178537222876100
"""Spenny @ S8ENkJ8OQS"" calls 20",2026-07-30T00:43:47.822Z,178537222782200
"""eogeorgoe @ _sqcLETZ0C"" calls 20",2026-07-30T00:43:43.836Z,178537222383600
"""Stevo @ kI2bCqDOyl"" calls 20",2026-07-30T00:43:37.684Z,178537221768400
"""Jonah @ xrBY5OZYCv"" posts a big blind of 20",2026-07-30T00:43:36.754Z,178537221675408
"""peelic @ vOeqrOXpLT"" posts a small blind of 10",2026-07-30T00:43:36.754Z,178537221675407
"Your hand is A♥, K♠",2026-07-30T00:43:36.754Z,178537221675406
"Player stacks: #1 ""Spenny @ S8ENkJ8OQS"" (1010) | #3 ""peelic @ vOeqrOXpLT"" (940) | #6 ""Jonah @ xrBY5OZYCv"" (1000) | #7 ""Stevo @ kI2bCqDOyl"" (1290) | #8 ""eogeorgoe @ _sqcLETZ0C"" (760)",2026-07-30T00:43:36.754Z,178537221675401
"-- starting hand #10 (id: chyeh7lukkfc)  No Limit Texas Hold'em (dealer: ""Spenny @ S8ENkJ8OQS"") --",2026-07-30T00:43:36.754Z,178537221675400
"""Spenny @ S8ENkJ8OQS"" shows a 10♥, 8♥.",2026-07-30T00:43:31.442Z,178537221144200
"""Jonah @ xrBY5OZYCv"" shows a 9♠, Q♦.",2026-07-30T00:43:30.466Z,178537221046600
"""Stevo @ kI2bCqDOyl"" shows a 10♣, 6♥.",2026-07-30T00:43:29.608Z,178537220960800
"-- ending hand #9 --",2026-07-30T00:43:28.739Z,178537220873902
"""Spenny @ S8ENkJ8OQS"" collected 100 from pot",2026-07-30T00:43:28.739Z,178537220873901
"Uncalled bet of 40 returned to ""Spenny @ S8ENkJ8OQS""",2026-07-30T00:43:28.739Z,178537220873900
"""Jonah @ xrBY5OZYCv"" folds",2026-07-30T00:43:27.892Z,178537220789200
"""Spenny @ S8ENkJ8OQS"" bets 40",2026-07-30T00:43:21.382Z,178537220138200
"Turn: 10♦, K♠, 6♦ [2♣]",2026-07-30T00:43:15.774Z,178537219577400
"""Jonah @ xrBY5OZYCv"" calls 20",2026-07-30T00:43:14.947Z,178537219494700
"""peelic @ vOeqrOXpLT"" folds",2026-07-30T00:43:13.687Z,178537219368700
"""Spenny @ S8ENkJ8OQS"" bets 20",2026-07-30T00:43:12.787Z,178537219278700
"Flop:  [10♦, K♠, 6♦]",2026-07-30T00:43:08.886Z,178537218888600
"""peelic @ vOeqrOXpLT"" checks",2026-07-30T00:43:07.969Z,178537218796900
"""Spenny @ S8ENkJ8OQS"" calls 20",2026-07-30T00:43:07.128Z,178537218712800
"""eogeorgoe @ _sqcLETZ0C"" folds",2026-07-30T00:43:03.513Z,178537218351300
"""Stevo @ kI2bCqDOyl"" folds",2026-07-30T00:43:02.616Z,178537218261600
"""Jonah @ xrBY5OZYCv"" calls 20",2026-07-30T00:43:01.633Z,178537218163300
"""peelic @ vOeqrOXpLT"" posts a big blind of 20",2026-07-30T00:43:00.635Z,178537218063508
"""Spenny @ S8ENkJ8OQS"" posts a small blind of 10",2026-07-30T00:43:00.635Z,178537218063507
"Your hand is 9♣, 2♦",2026-07-30T00:43:00.635Z,178537218063506
"Player stacks: #1 ""Spenny @ S8ENkJ8OQS"" (950) | #3 ""peelic @ vOeqrOXpLT"" (960) | #6 ""Jonah @ xrBY5OZYCv"" (1040) | #7 ""Stevo @ kI2bCqDOyl"" (1290) | #8 ""eogeorgoe @ _sqcLETZ0C"" (760)",2026-07-30T00:43:00.635Z,178537218063501
"-- starting hand #9 (id: 16qfg0zcy3zp)  No Limit Texas Hold'em (dealer: ""eogeorgoe @ _sqcLETZ0C"") --",2026-07-30T00:43:00.635Z,178537218063500
"""Stevo @ kI2bCqDOyl"" shows a 8♠, A♠.",2026-07-30T00:42:57.874Z,178537217787400
"-- ending hand #8 --",2026-07-30T00:42:57.027Z,178537217702702
"""Stevo @ kI2bCqDOyl"" collected 50 from pot",2026-07-30T00:42:57.027Z,178537217702701
"Uncalled bet of 50 returned to ""Stevo @ kI2bCqDOyl""",2026-07-30T00:42:57.027Z,178537217702700
"""Spenny @ S8ENkJ8OQS"" folds",2026-07-30T00:42:56.207Z,178537217620700
"""Stevo @ kI2bCqDOyl"" bets 50",2026-07-30T00:42:51.947Z,178537217194700
"""Spenny @ S8ENkJ8OQS"" checks",2026-07-30T00:42:50.034Z,178537217003400
"River: 8♥, 7♠, A♥, 6♣ [J♥]",2026-07-30T00:42:47.074Z,178537216707400
"""Stevo @ kI2bCqDOyl"" checks",2026-07-30T00:42:46.266Z,178537216626600
"""Spenny @ S8ENkJ8OQS"" checks",2026-07-30T00:42:45.086Z,178537216508600
"Turn: 8♥, 7♠, A♥ [6♣]",2026-07-30T00:42:42.874Z,178537216287400
"""Stevo @ kI2bCqDOyl"" checks",2026-07-30T00:42:42.064Z,178537216206400
"""Spenny @ S8ENkJ8OQS"" checks",2026-07-30T00:42:41.206Z,178537216120600
"Flop:  [8♥, 7♠, A♥]",2026-07-30T00:42:32.414Z,178537215241400
"""Spenny @ S8ENkJ8OQS"" checks",2026-07-30T00:42:31.473Z,178537215147300
"""eogeorgoe @ _sqcLETZ0C"" folds",2026-07-30T00:42:23.264Z,178537214326400
"""Stevo @ kI2bCqDOyl"" calls 20",2026-07-30T00:42:22.428Z,178537214242800
"""Jonah @ xrBY5OZYCv"" folds",2026-07-30T00:42:21.057Z,178537214105700
"""peelic @ vOeqrOXpLT"" folds",2026-07-30T00:42:19.631Z,178537213963109
"""Spenny @ S8ENkJ8OQS"" posts a big blind of 20",2026-07-30T00:42:19.631Z,178537213963108
"""eogeorgoe @ _sqcLETZ0C"" posts a small blind of 10",2026-07-30T00:42:19.631Z,178537213963107
"Your hand is 7♣, 4♦",2026-07-30T00:42:19.631Z,178537213963106
"Player stacks: #1 ""Spenny @ S8ENkJ8OQS"" (970) | #3 ""peelic @ vOeqrOXpLT"" (960) | #6 ""Jonah @ xrBY5OZYCv"" (1040) | #7 ""Stevo @ kI2bCqDOyl"" (1260) | #8 ""eogeorgoe @ _sqcLETZ0C"" (770)",2026-07-30T00:42:19.631Z,178537213963101
"-- starting hand #8 (id: agdi7nzwo6yv)  No Limit Texas Hold'em (dealer: ""Stevo @ kI2bCqDOyl"") --",2026-07-30T00:42:19.631Z,178537213963100
"""Stevo @ kI2bCqDOyl"" shows a J♦, Q♥.",2026-07-30T00:42:17.310Z,178537213731000
"-- ending hand #7 --",2026-07-30T00:42:16.002Z,178537213600202
"""Stevo @ kI2bCqDOyl"" collected 220 from pot",2026-07-30T00:42:16.002Z,178537213600201
"Uncalled bet of 80 returned to ""Stevo @ kI2bCqDOyl""",2026-07-30T00:42:16.002Z,178537213600200
"""peelic @ vOeqrOXpLT"" folds",2026-07-30T00:42:15.160Z,178537213516000
"""Stevo @ kI2bCqDOyl"" bets 80",2026-07-30T00:42:12.399Z,178537213239900
"River: 10♦, 7♦, 3♣, Q♦ [A♦]",2026-07-30T00:42:09.452Z,178537212945200
"""Jonah @ xrBY5OZYCv"" folds",2026-07-30T00:42:08.641Z,178537212864100
"""peelic @ vOeqrOXpLT"" calls 20",2026-07-30T00:42:07.680Z,178537212768000
"""Spenny @ S8ENkJ8OQS"" folds",2026-07-30T00:42:06.829Z,178537212682900
"""Stevo @ kI2bCqDOyl"" bets 20",2026-07-30T00:42:02.978Z,178537212297800
"Turn: 10♦, 7♦, 3♣ [Q♦]",2026-07-30T00:42:01.527Z,178537212152700
"""Jonah @ xrBY5OZYCv"" calls 20",2026-07-30T00:42:00.664Z,178537212066400
"""peelic @ vOeqrOXpLT"" calls 20",2026-07-30T00:41:59.152Z,178537211915200
"""Spenny @ S8ENkJ8OQS"" calls 20",2026-07-30T00:41:58.302Z,178537211830200
"""eogeorgoe @ _sqcLETZ0C"" folds",2026-07-30T00:41:52.190Z,178537211219000
"""Stevo @ kI2bCqDOyl"" bets 20",2026-07-30T00:41:45.535Z,178537210553500
"Flop:  [10♦, 7♦, 3♣]",2026-07-30T00:41:44.480Z,178537210448000
"""eogeorgoe @ _sqcLETZ0C"" checks",2026-07-30T00:41:43.661Z,178537210366100
"""Stevo @ kI2bCqDOyl"" calls 20",2026-07-30T00:41:42.722Z,178537210272200
"""Jonah @ xrBY5OZYCv"" calls 20",2026-07-30T00:41:41.874Z,178537210187400
"""peelic @ vOeqrOXpLT"" calls 20",2026-07-30T00:41:41.028Z,178537210102800
"""Spenny @ S8ENkJ8OQS"" calls 20",2026-07-30T00:41:33.897Z,178537209389700
"""eogeorgoe @ _sqcLETZ0C"" posts a big blind of 20",2026-07-30T00:41:31.814Z,178537209181408
"""Stevo @ kI2bCqDOyl"" posts a small blind of 10",2026-07-30T00:41:31.814Z,178537209181407
"Your hand is J♥, 6♣",2026-07-30T00:41:31.814Z,178537209181406
"Player stacks: #1 ""Spenny @ S8ENkJ8OQS"" (1010) | #3 ""peelic @ vOeqrOXpLT"" (1020) | #6 ""Jonah @ xrBY5OZYCv"" (1080) | #7 ""Stevo @ kI2bCqDOyl"" (1100) | #8 ""eogeorgoe @ _sqcLETZ0C"" (790)",2026-07-30T00:41:31.814Z,178537209181401
"-- starting hand #7 (id: 4m0xhhriojhd)  No Limit Texas Hold'em (dealer: ""Jonah @ xrBY5OZYCv"") --",2026-07-30T00:41:31.814Z,178537209181400
"-- ending hand #6 --",2026-07-30T00:41:25.672Z,178537208567203
"""eogeorgoe @ _sqcLETZ0C"" collected 70 from pot with Pair, Q's (combination: 10♥, J♦, A♦, Q♠, Q♦)",2026-07-30T00:41:25.672Z,178537208567202
"""eogeorgoe @ _sqcLETZ0C"" shows a Q♠, Q♦.",2026-07-30T00:41:25.672Z,178537208567201
"""Stevo @ kI2bCqDOyl"" shows a 8♣, 5♣.",2026-07-30T00:41:25.672Z,178537208567200
"""peelic @ vOeqrOXpLT"" checks",2026-07-30T00:41:24.859Z,178537208485900
"""eogeorgoe @ _sqcLETZ0C"" checks",2026-07-30T00:41:21.894Z,178537208189400
"""Stevo @ kI2bCqDOyl"" checks",2026-07-30T00:41:18.809Z,178537207880900
"River: 10♥, A♦, 4♣, J♦ [2♦]",2026-07-30T00:41:18.008Z,178537207800800
"""peelic @ vOeqrOXpLT"" checks",2026-07-30T00:41:17.139Z,178537207713900
"""eogeorgoe @ _sqcLETZ0C"" checks",2026-07-30T00:41:15.230Z,178537207523000
"""Stevo @ kI2bCqDOyl"" checks",2026-07-30T00:41:14.342Z,178537207434200
"Turn: 10♥, A♦, 4♣ [J♦]",2026-07-30T00:41:13.064Z,178537207306400
"""peelic @ vOeqrOXpLT"" checks",2026-07-30T00:41:12.260Z,178537207226000
"""eogeorgoe @ _sqcLETZ0C"" checks",2026-07-30T00:41:09.770Z,178537206977000
"""Stevo @ kI2bCqDOyl"" checks",2026-07-30T00:41:06.866Z,178537206686600
"Flop:  [10♥, A♦, 4♣]",2026-07-30T00:41:05.259Z,178537206525900
"""Stevo @ kI2bCqDOyl"" checks",2026-07-30T00:41:04.456Z,178537206445600
"""Jonah @ xrBY5OZYCv"" folds",2026-07-30T00:41:03.494Z,178537206349400
"""peelic @ vOeqrOXpLT"" calls 20",2026-07-30T00:41:02.643Z,178537206264300
"""Spenny @ S8ENkJ8OQS"" folds",2026-07-30T00:40:57.847Z,178537205784700
"""eogeorgoe @ _sqcLETZ0C"" calls 20",2026-07-30T00:40:52.423Z,178537205242300
"""Stevo @ kI2bCqDOyl"" posts a big blind of 20",2026-07-30T00:40:49.805Z,178537204980508
"""Jonah @ xrBY5OZYCv"" posts a small blind of 10",2026-07-30T00:40:49.805Z,178537204980507
"Your hand is Q♠, Q♦",2026-07-30T00:40:49.805Z,178537204980506
"Player stacks: #1 ""Spenny @ S8ENkJ8OQS"" (1010) | #3 ""peelic @ vOeqrOXpLT"" (1040) | #6 ""Jonah @ xrBY5OZYCv"" (1090) | #7 ""Stevo @ kI2bCqDOyl"" (1120) | #8 ""eogeorgoe @ _sqcLETZ0C"" (740)",2026-07-30T00:40:49.805Z,178537204980501
"-- starting hand #6 (id: ynlh89yj5a1r)  No Limit Texas Hold'em (dealer: ""peelic @ vOeqrOXpLT"") --",2026-07-30T00:40:49.805Z,178537204980500
"""Spenny @ S8ENkJ8OQS"" shows a Q♥.",2026-07-30T00:40:46.280Z,178537204628000
"""Spenny @ S8ENkJ8OQS"" shows a K♥.",2026-07-30T00:40:45.082Z,178537204508200
"-- ending hand #5 --",2026-07-30T00:40:43.290Z,178537204329002
"""peelic @ vOeqrOXpLT"" collected 340 from pot with Three of a Kind, 5's (combination: 8♥, J♣, 5♠, 5♥, 5♣)",2026-07-30T00:40:43.290Z,178537204329001
"""peelic @ vOeqrOXpLT"" shows a 4♦, 5♠.",2026-07-30T00:40:43.290Z,178537204329000
"""Spenny @ S8ENkJ8OQS"" calls 90",2026-07-30T00:40:42.468Z,178537204246800
"""eogeorgoe @ _sqcLETZ0C"" folds",2026-07-30T00:40:33.506Z,178537203350600
"""peelic @ vOeqrOXpLT"" bets 90",2026-07-30T00:40:32.626Z,178537203262600
"River: 8♥, 2♦, 5♥, J♣ [5♣]",2026-07-30T00:40:27.749Z,178537202774900
"""Spenny @ S8ENkJ8OQS"" checks",2026-07-30T00:40:26.907Z,178537202690700
"""eogeorgoe @ _sqcLETZ0C"" checks",2026-07-30T00:40:24.611Z,178537202461100
"""peelic @ vOeqrOXpLT"" checks",2026-07-30T00:40:20.428Z,178537202042800
"Turn: 8♥, 2♦, 5♥ [J♣]",2026-07-30T00:40:18.866Z,178537201886600
"""eogeorgoe @ _sqcLETZ0C"" calls 20",2026-07-30T00:40:18.035Z,178537201803500
"""Stevo @ kI2bCqDOyl"" folds",2026-07-30T00:40:11.627Z,178537201162700
"""Jonah @ xrBY5OZYCv"" folds",2026-07-30T00:40:10.299Z,178537201029900
"""peelic @ vOeqrOXpLT"" calls 20",2026-07-30T00:40:09.437Z,178537200943700
"""Spenny @ S8ENkJ8OQS"" bets 20",2026-07-30T00:40:07.948Z,178537200794800
"""eogeorgoe @ _sqcLETZ0C"" checks",2026-07-30T00:40:06.089Z,178537200608900
"""Stevo @ kI2bCqDOyl"" checks",2026-07-30T00:40:05.164Z,178537200516400
"""Jonah @ xrBY5OZYCv"" checks",2026-07-30T00:40:04.302Z,178537200430200
"""peelic @ vOeqrOXpLT"" checks",2026-07-30T00:40:03.321Z,178537200332100
"Flop:  [8♥, 2♦, 5♥]",2026-07-30T00:40:01.078Z,178537200107800
"""Jonah @ xrBY5OZYCv"" checks",2026-07-30T00:40:00.248Z,178537200024800
"""peelic @ vOeqrOXpLT"" calls 20",2026-07-30T00:39:59.291Z,178537199929100
"""Spenny @ S8ENkJ8OQS"" calls 20",2026-07-30T00:39:58.455Z,178537199845500
"""eogeorgoe @ _sqcLETZ0C"" calls 20",2026-07-30T00:39:57.540Z,178537199754000
"""Stevo @ kI2bCqDOyl"" calls 20",2026-07-30T00:39:52.269Z,178537199226900
"""Jonah @ xrBY5OZYCv"" posts a big blind of 20",2026-07-30T00:39:49.865Z,178537198986508
"""peelic @ vOeqrOXpLT"" posts a small blind of 10",2026-07-30T00:39:49.865Z,178537198986507
"Your hand is A♣, 3♥",2026-07-30T00:39:49.865Z,178537198986506
"Player stacks: #1 ""Spenny @ S8ENkJ8OQS"" (1140) | #3 ""peelic @ vOeqrOXpLT"" (830) | #6 ""Jonah @ xrBY5OZYCv"" (1110) | #7 ""Stevo @ kI2bCqDOyl"" (1140) | #8 ""eogeorgoe @ _sqcLETZ0C"" (780)",2026-07-30T00:39:49.865Z,178537198986501
"-- starting hand #5 (id: qnre3sfhnruz)  No Limit Texas Hold'em (dealer: ""Spenny @ S8ENkJ8OQS"") --",2026-07-30T00:39:49.865Z,178537198986500
"-- ending hand #4 --",2026-07-30T00:39:43.861Z,178537198386102
"""Jonah @ xrBY5OZYCv"" collected 340 from pot with Two Pair, A's & K's (combination: J♥, K♥, K♦, A♣, A♠)",2026-07-30T00:39:43.861Z,178537198386101
"""Jonah @ xrBY5OZYCv"" shows a K♥, A♣.",2026-07-30T00:39:43.861Z,178537198386100
"""peelic @ vOeqrOXpLT"" calls 30",2026-07-30T00:39:43.002Z,178537198300200
"""Spenny @ S8ENkJ8OQS"" folds",2026-07-30T00:39:42.160Z,178537198216000
"""Jonah @ xrBY5OZYCv"" bets 30",2026-07-30T00:39:35.687Z,178537197568700
"""peelic @ vOeqrOXpLT"" checks",2026-07-30T00:39:29.907Z,178537196990700
"""Spenny @ S8ENkJ8OQS"" checks",2026-07-30T00:39:28.464Z,178537196846400
"River: J♥, A♠, 5♠, K♦ [8♠]",2026-07-30T00:39:22.754Z,178537196275400
"""peelic @ vOeqrOXpLT"" calls 40",2026-07-30T00:39:21.941Z,178537196194100
"""Spenny @ S8ENkJ8OQS"" calls 40",2026-07-30T00:39:20.257Z,178537196025700
"""eogeorgoe @ _sqcLETZ0C"" folds",2026-07-30T00:39:15.491Z,178537195549100
"""Jonah @ xrBY5OZYCv"" bets 40",2026-07-30T00:39:10.318Z,178537195031800
"""peelic @ vOeqrOXpLT"" checks",2026-07-30T00:39:08.220Z,178537194822000
"""Spenny @ S8ENkJ8OQS"" checks",2026-07-30T00:39:06.019Z,178537194601900
"Turn: J♥, A♠, 5♠ [K♦]",2026-07-30T00:39:01.935Z,178537194193500
"""Spenny @ S8ENkJ8OQS"" calls 20",2026-07-30T00:39:01.076Z,178537194107600
"""eogeorgoe @ _sqcLETZ0C"" calls 20",2026-07-30T00:39:00.184Z,178537194018400
"""Jonah @ xrBY5OZYCv"" calls 20",2026-07-30T00:38:56.504Z,178537193650400
"""peelic @ vOeqrOXpLT"" bets 20",2026-07-30T00:38:54.663Z,178537193466300
"""Spenny @ S8ENkJ8OQS"" checks",2026-07-30T00:38:48.085Z,178537192808500
"Flop:  [J♥, A♠, 5♠]",2026-07-30T00:38:45.883Z,178537192588300
"""peelic @ vOeqrOXpLT"" checks",2026-07-30T00:38:45.023Z,178537192502300
"""Spenny @ S8ENkJ8OQS"" calls 20",2026-07-30T00:38:44.158Z,178537192415800
"""eogeorgoe @ _sqcLETZ0C"" calls 20",2026-07-30T00:38:43.213Z,178537192321300
"""Stevo @ kI2bCqDOyl"" folds",2026-07-30T00:38:42.363Z,178537192236300
"""Jonah @ xrBY5OZYCv"" calls 20",2026-07-30T00:38:41.493Z,178537192149300
"""peelic @ vOeqrOXpLT"" posts a big blind of 20",2026-07-30T00:38:37.281Z,178537191728108
"""Spenny @ S8ENkJ8OQS"" posts a small blind of 10",2026-07-30T00:38:37.281Z,178537191728107
"Your hand is 5♦, 3♦",2026-07-30T00:38:37.281Z,178537191728106
"Player stacks: #1 ""Spenny @ S8ENkJ8OQS"" (1220) | #3 ""peelic @ vOeqrOXpLT"" (940) | #6 ""Jonah @ xrBY5OZYCv"" (880) | #7 ""Stevo @ kI2bCqDOyl"" (1140) | #8 ""eogeorgoe @ _sqcLETZ0C"" (820)",2026-07-30T00:38:37.281Z,178537191728101
"-- starting hand #4 (id: visyshouykvl)  No Limit Texas Hold'em (dealer: ""eogeorgoe @ _sqcLETZ0C"") --",2026-07-30T00:38:37.281Z,178537191728100
"""Stevo @ kI2bCqDOyl"" shows a A♠, Q♠.",2026-07-30T00:38:34.450Z,178537191445000
"-- ending hand #3 --",2026-07-30T00:38:33.583Z,178537191358302
"""Stevo @ kI2bCqDOyl"" collected 380 from pot",2026-07-30T00:38:33.583Z,178537191358301
"Uncalled bet of 120 returned to ""Stevo @ kI2bCqDOyl""",2026-07-30T00:38:33.583Z,178537191358300
"""eogeorgoe @ _sqcLETZ0C"" folds",2026-07-30T00:38:32.771Z,178537191277100
"""Stevo @ kI2bCqDOyl"" bets 120",2026-07-30T00:38:26.728Z,178537190672800
"""eogeorgoe @ _sqcLETZ0C"" checks",2026-07-30T00:38:24.332Z,178537190433200
"River: 9♦, K♣, A♦, J♠ [10♠]",2026-07-30T00:38:18.855Z,178537189885500
"""Jonah @ xrBY5OZYCv"" folds",2026-07-30T00:38:17.952Z,178537189795200
"""Spenny @ S8ENkJ8OQS"" folds",2026-07-30T00:38:17.079Z,178537189707900
"""eogeorgoe @ _sqcLETZ0C"" calls 60",2026-07-30T00:38:07.523Z,178537188752300
"""Stevo @ kI2bCqDOyl"" bets 60",2026-07-30T00:38:04.933Z,178537188493300
"""Jonah @ xrBY5OZYCv"" checks",2026-07-30T00:38:02.681Z,178537188268100
"""Spenny @ S8ENkJ8OQS"" checks",2026-07-30T00:38:01.740Z,178537188174000
"""eogeorgoe @ _sqcLETZ0C"" checks",2026-07-30T00:38:00.750Z,178537188075000
"Turn: 9♦, K♣, A♦ [J♠]",2026-07-30T00:37:56.887Z,178537187688700
"""Spenny @ S8ENkJ8OQS"" calls 40",2026-07-30T00:37:56.056Z,178537187605600
"""eogeorgoe @ _sqcLETZ0C"" calls 40",2026-07-30T00:37:55.178Z,178537187517800
"""Stevo @ kI2bCqDOyl"" calls 40",2026-07-30T00:37:52.475Z,178537187247500
"""Jonah @ xrBY5OZYCv"" raises to 40",2026-07-30T00:37:51.336Z,178537187133600
"""peelic @ vOeqrOXpLT"" folds",2026-07-30T00:37:49.511Z,178537186951100
"""Spenny @ S8ENkJ8OQS"" calls 20",2026-07-30T00:37:43.587Z,178537186358700
"""eogeorgoe @ _sqcLETZ0C"" bets 20",2026-07-30T00:37:41.509Z,178537186150900
"Flop:  [9♦, K♣, A♦]",2026-07-30T00:37:39.070Z,178537185907000
"""Spenny @ S8ENkJ8OQS"" checks",2026-07-30T00:37:38.255Z,178537185825500
"""eogeorgoe @ _sqcLETZ0C"" calls 20",2026-07-30T00:37:34.176Z,178537185417600
"""Stevo @ kI2bCqDOyl"" calls 20",2026-07-30T00:37:31.914Z,178537185191400
"""Jonah @ xrBY5OZYCv"" calls 20",2026-07-30T00:37:31.047Z,178537185104700
"""peelic @ vOeqrOXpLT"" calls 20",2026-07-30T00:37:30.183Z,178537185018300
"""Spenny @ S8ENkJ8OQS"" posts a big blind of 20",2026-07-30T00:37:27.363Z,178537184736308
"""eogeorgoe @ _sqcLETZ0C"" posts a small blind of 10",2026-07-30T00:37:27.363Z,178537184736307
"Your hand is 4♠, A♥",2026-07-30T00:37:27.363Z,178537184736306
"Player stacks: #1 ""Spenny @ S8ENkJ8OQS"" (1280) | #3 ""peelic @ vOeqrOXpLT"" (960) | #6 ""Jonah @ xrBY5OZYCv"" (940) | #7 ""Stevo @ kI2bCqDOyl"" (880) | #8 ""eogeorgoe @ _sqcLETZ0C"" (940)",2026-07-30T00:37:27.363Z,178537184736301
"-- starting hand #3 (id: 25mvqklvyvon)  No Limit Texas Hold'em (dealer: ""Stevo @ kI2bCqDOyl"") --",2026-07-30T00:37:27.363Z,178537184736300
"Undealt cards: A♦, 5♥, 10♥, 6♥ [3♣]",2026-07-30T00:37:23.943Z,178537184394300
"-- ending hand #2 --",2026-07-30T00:37:21.361Z,178537184136102
"""Stevo @ kI2bCqDOyl"" collected 100 from pot",2026-07-30T00:37:21.361Z,178537184136101
"Uncalled bet of 20 returned to ""Stevo @ kI2bCqDOyl""",2026-07-30T00:37:21.361Z,178537184136100
"""Spenny @ S8ENkJ8OQS"" folds",2026-07-30T00:37:20.523Z,178537184052300
"""Stevo @ kI2bCqDOyl"" bets 20",2026-07-30T00:37:11.035Z,178537183103500
"Turn: A♦, 5♥, 10♥ [6♥]",2026-07-30T00:37:10.151Z,178537183015100
"""eogeorgoe @ _sqcLETZ0C"" folds",2026-07-30T00:37:09.254Z,178537182925400
"""Stevo @ kI2bCqDOyl"" calls 20",2026-07-30T00:37:06.741Z,178537182674100
"""Spenny @ S8ENkJ8OQS"" bets 20",2026-07-30T00:37:05.178Z,178537182517800
"""eogeorgoe @ _sqcLETZ0C"" checks",2026-07-30T00:36:59.833Z,178537181983300
"""Stevo @ kI2bCqDOyl"" checks",2026-07-30T00:36:58.352Z,178537181835200
"Flop:  [A♦, 5♥, 10♥]",2026-07-30T00:36:56.959Z,178537181695900
"""eogeorgoe @ _sqcLETZ0C"" checks",2026-07-30T00:36:56.121Z,178537181612100
"""Stevo @ kI2bCqDOyl"" calls 20",2026-07-30T00:36:55.213Z,178537181521300
"""Jonah @ xrBY5OZYCv"" folds",2026-07-30T00:36:54.195Z,178537181419500
"""peelic @ vOeqrOXpLT"" folds",2026-07-30T00:36:53.290Z,178537181329000
"""Spenny @ S8ENkJ8OQS"" calls 20",2026-07-30T00:36:52.398Z,178537181239800
"""eogeorgoe @ _sqcLETZ0C"" posts a big blind of 20",2026-07-30T00:36:45.686Z,178537180568608
"""Stevo @ kI2bCqDOyl"" posts a small blind of 10",2026-07-30T00:36:45.686Z,178537180568607
"Your hand is 8♠, 4♣",2026-07-30T00:36:45.686Z,178537180568606
"Player stacks: #1 ""Spenny @ S8ENkJ8OQS"" (1320) | #3 ""peelic @ vOeqrOXpLT"" (960) | #6 ""Jonah @ xrBY5OZYCv"" (940) | #7 ""Stevo @ kI2bCqDOyl"" (820) | #8 ""eogeorgoe @ _sqcLETZ0C"" (960)",2026-07-30T00:36:45.686Z,178537180568601
"-- starting hand #2 (id: sbugf6p4jlq2)  No Limit Texas Hold'em (dealer: ""Jonah @ xrBY5OZYCv"") --",2026-07-30T00:36:45.686Z,178537180568600
"""Stevo @ kI2bCqDOyl"" shows a K♣, K♥.",2026-07-30T00:36:40.747Z,178537180074700
"-- ending hand #1 --",2026-07-30T00:36:39.083Z,178537179908302
"""Spenny @ S8ENkJ8OQS"" collected 500 from pot with Full House, 8's over 2's (combination: 2♣, 2♦, 8♦, 8♠, 8♥)",2026-07-30T00:36:39.083Z,178537179908301
"""Spenny @ S8ENkJ8OQS"" shows a 8♦, 6♠.",2026-07-30T00:36:39.083Z,178537179908300
"""Stevo @ kI2bCqDOyl"" calls 80",2026-07-30T00:36:38.239Z,178537179823900
"""Spenny @ S8ENkJ8OQS"" raises to 80",2026-07-30T00:36:37.066Z,178537179706600
"""Stevo @ kI2bCqDOyl"" bets 20",2026-07-30T00:36:33.706Z,178537179370600
"River: 8♠, 2♣, 8♥, 2♦ [3♥]",2026-07-30T00:36:32.864Z,178537179286400
"""Stevo @ kI2bCqDOyl"" calls 40",2026-07-30T00:36:31.984Z,178537179198400
"""Jonah @ xrBY5OZYCv"" folds",2026-07-30T00:36:31.104Z,178537179110400
"""Spenny @ S8ENkJ8OQS"" raises to 40",2026-07-30T00:36:30.203Z,178537179020300
"""Stevo @ kI2bCqDOyl"" bets 20",2026-07-30T00:36:26.966Z,178537178696600
"""Jonah @ xrBY5OZYCv"" checks",2026-07-30T00:36:25.466Z,178537178546600
"Turn: 8♠, 2♣, 8♥ [2♦]",2026-07-30T00:36:23.935Z,178537178393500
"""Jonah @ xrBY5OZYCv"" calls 20",2026-07-30T00:36:23.098Z,178537178309800
"""peelic @ vOeqrOXpLT"" folds",2026-07-30T00:36:22.168Z,178537178216800
"""Spenny @ S8ENkJ8OQS"" calls 20",2026-07-30T00:36:18.531Z,178537177853100
"""eogeorgoe @ _sqcLETZ0C"" folds",2026-07-30T00:36:17.622Z,178537177762200
"""Stevo @ kI2bCqDOyl"" bets 20",2026-07-30T00:36:13.117Z,178537177311700
"""Jonah @ xrBY5OZYCv"" checks",2026-07-30T00:36:11.980Z,178537177198000
"Flop:  [8♠, 2♣, 8♥]",2026-07-30T00:36:10.249Z,178537177024900
"""Jonah @ xrBY5OZYCv"" calls 40",2026-07-30T00:36:09.374Z,178537176937400
"""peelic @ vOeqrOXpLT"" calls 40",2026-07-30T00:36:08.506Z,178537176850600
"""Spenny @ S8ENkJ8OQS"" calls 40",2026-07-30T00:36:06.184Z,178537176618400
"""eogeorgoe @ _sqcLETZ0C"" calls 40",2026-07-30T00:36:00.168Z,178537176016800
"""Stevo @ kI2bCqDOyl"" raises to 40",2026-07-30T00:35:58.429Z,178537175842900
"""Jonah @ xrBY5OZYCv"" calls 20",2026-07-30T00:35:56.697Z,178537175669700
"""peelic @ vOeqrOXpLT"" calls 20",2026-07-30T00:35:55.823Z,178537175582300
"""Spenny @ S8ENkJ8OQS"" calls 20",2026-07-30T00:35:52.897Z,178537175289700
"""eogeorgoe @ _sqcLETZ0C"" calls 20",2026-07-30T00:35:48.693Z,178537174869300
"""Stevo @ kI2bCqDOyl"" posts a big blind of 20",2026-07-30T00:35:46.649Z,178537174664913
"""Jonah @ xrBY5OZYCv"" posts a small blind of 10",2026-07-30T00:35:46.649Z,178537174664912
"Your hand is 9♦, K♦",2026-07-30T00:35:46.649Z,178537174664911
"Player stacks: #1 ""Spenny @ S8ENkJ8OQS"" (1000) | #3 ""peelic @ vOeqrOXpLT"" (1000) | #6 ""Jonah @ xrBY5OZYCv"" (1000) | #7 ""Stevo @ kI2bCqDOyl"" (1000) | #8 ""eogeorgoe @ _sqcLETZ0C"" (1000)",2026-07-30T00:35:46.649Z,178537174664906
"The player ""eogeorgoe @ _sqcLETZ0C"" joined the game with a stack of 1000.",2026-07-30T00:35:46.649Z,178537174664905
"The player ""Stevo @ kI2bCqDOyl"" joined the game with a stack of 1000.",2026-07-30T00:35:46.649Z,178537174664904
"The player ""Jonah @ xrBY5OZYCv"" joined the game with a stack of 1000.",2026-07-30T00:35:46.649Z,178537174664903
"The player ""peelic @ vOeqrOXpLT"" joined the game with a stack of 1000.",2026-07-30T00:35:46.649Z,178537174664902
"The player ""Spenny @ S8ENkJ8OQS"" joined the game with a stack of 1000.",2026-07-30T00:35:46.649Z,178537174664901
"-- starting hand #1 (id: 2bt7s1ncazy2)  No Limit Texas Hold'em (dealer: ""peelic @ vOeqrOXpLT"") --",2026-07-30T00:35:46.649Z,178537174664900
"The admin approved the player ""peelic @ vOeqrOXpLT"" participation with a stack of 1000.",2026-07-30T00:35:40.706Z,178537174070600
"The player ""peelic @ vOeqrOXpLT"" requested a seat.",2026-07-30T00:35:38.505Z,178537173850500
"The admin approved the player ""eogeorgoe @ _sqcLETZ0C"" participation with a stack of 1000.",2026-07-30T00:33:57.916Z,178537163791600
"The player ""eogeorgoe @ _sqcLETZ0C"" requested a seat.",2026-07-30T00:33:54.968Z,178537163496800
"The admin approved the player ""Spenny @ S8ENkJ8OQS"" participation with a stack of 1000.",2026-07-30T00:31:14.081Z,178537147408100
"The admin approved the player ""Jonah @ xrBY5OZYCv"" participation with a stack of 1000.",2026-07-30T00:31:12.601Z,178537147260100
"The player ""Spenny @ S8ENkJ8OQS"" requested a seat.",2026-07-30T00:31:12.027Z,178537147202700
"The player ""Jonah @ xrBY5OZYCv"" requested a seat.",2026-07-30T00:31:00.935Z,178537146093500
"Game Config Changes
* Allow Straddle: off » on
* Nit Minimum Players: off » 3
* Allow Rebuy: off » on
* Decision Limit Time: 20s » 9s
* Deal Cards to Away Players: off » on
* Rabbit Hunt: off » on
* Max Time Bank: 10s » 1s
* Hands to Full Refill Time Bank: 10 » 2",2026-07-30T00:30:41.111Z,178537144111100
"The admin approved the player ""Stevo @ kI2bCqDOyl"" participation with a stack of 1000.",2026-07-30T00:30:13.447Z,178537141344701
"The player ""Stevo @ kI2bCqDOyl"" requested a seat.",2026-07-30T00:30:13.447Z,178537141344700
